{"name": "awesome-autodl.awesome_autodl.utils.yaml.dump_yaml.NoAliasSafeDumper.ignore_aliases", "code": "def ignore_aliases(self, data): return True"}
{"name": "awesome-autodl.awesome_autodl.data_cls.paper.AutoDLpaper.__init__", "code": "def __init__(self, data: Dict[Text, Any]): self.check_raw_data(data) self.reset_value(data)"}
{"name": "awesome-autodl.awesome_autodl.data_cls.paper.AutoDLpaper.reset_value", "code": "def reset_value(self, data): # set the basic value for field in self.required_fields[:-1]: if not isinstance(data[field], str): raise TypeError( f\"Expect {field} is str instead of {type(data[field])}.\" ) self.title = data[\"title\"] self.venue = data[\"venue\"] date_pattern = re.compile(\"^([0-9]){4}.([0-9]){2}$\") if date_pattern.match(data[\"venue_date\"]) is None: raise ValueError(f\"Invalid venue date ({data['venue_date']}) :: {data}\") if date_pattern.match(data[\"online_date\"]) is None: raise ValueError(f\"Invalid online date ({data['online_date']}) :: {data}\") self.venue_date = data[\"venue_date\"] self.online_date = data[\"online_date\"]  # set the contact information if data[\"contacts\"] is not None: assert isinstance(data[\"contacts\"], dict) self.contacts = data[\"contacts\"] # TODO(xuanyidong): check the email address # regex = r'\\b[A-Za-z0-9._%+-]+@[A-Za-z0-9.-]+\\.[A-Z|a-z]{2,}\\b'  # set the AutoDL aspect fields for field in self.autodl_aspect_fields: if data[field] is None: continue assert isinstance(data[field], str) setattr(self, field, data[field])  # set the misc info if \"discussed\" in data: assert isinstance( data[\"discussed\"], bool ), f\"The discussed field must be a bool instead of a {type(data['discussed'])}\" self.discussed = data[\"discussed\"] if \"misc\" in data and data[\"misc\"] is not None: assert isinstance( data[\"misc\"], str ), f\"The misc field must be a str instead of a {type(data['discussed'])}\" self.misc = data[\"misc\"]"}
{"name": "awesome-autodl.awesome_autodl.data_cls.paper.AutoDLpaper.check_raw_data", "code": "def check_raw_data(self, data): \"\"\"Check whether the necessary field is included in `data`.\"\"\" if not isinstance(data, dict): raise TypeError(f\"Expect data to be a dict instead of {type(data)}\") for field in self.required_fields: if field not in data: raise ValueError(f\"Missing {field} in {data}\") for field in self.autodl_aspect_fields: if field not in data: raise ValueError( f\"Missing {field} in {data}\" + \"Please leave this field as blank if you are not sure about it.\" ) all_fields = ( list(self.required_fields) + list(self.autodl_aspect_fields) + [\"discussed\", \"misc\", \"links\"] ) for key in data.keys(): if key not in all_fields: raise ValueError(f\"Find unexpected field: {key} in {data}\")"}
{"name": "awesome-autodl.awesome_autodl.data_cls.paper.AutoDLpaper.author_email", "code": "def author_email(self): if self.contacts is None: return dict() else: return self.contacts"}
{"name": "awesome-autodl.awesome_autodl.data_cls.paper.AutoDLpaper.__repr__", "code": "def __repr__(self): return f\"{self.__class__.__name__}({self.title})\""}
{"name": "awesome-autodl.awesome_autodl.data_cls.abbrv.BibAbbreviations.__init__", "code": "def __init__(self, xfile): xfile = str(xfile) assert os.path.isfile(xfile) with open(xfile) as f: lines = f.readlines() lines = [x.strip() for x in lines]  pattern = r'^@STRING\\{([A-Z]|[a-z]|\\s|_)*=(\\s)*\"([A-Z]|[a-z]|\\s|\\(|\\)|\\/|\\,|\\:|\\-)*\"\\}$' self.prog = re.compile(pattern) self.abbrv2str = dict() for index, line in enumerate(lines): if line: if self.prog.match(line) is None: raise ValueError(f\"Incorrect line [{index}]: {line}\") key, value = self.decode(line) if key in self.abbrv2str: raise ValueError(f\"Already defined {key}\") self.abbrv2str[key] = value"}
{"name": "awesome-autodl.awesome_autodl.data_cls.abbrv.BibAbbreviations.__contains__", "code": "def __contains__(self, key): return key in self.abbrv2str"}
{"name": "awesome-autodl.awesome_autodl.data_cls.abbrv.BibAbbreviations.__getitem__", "code": "def __getitem__(self, key): return self.abbrv2str[key]"}
{"name": "awesome-autodl.awesome_autodl.data_cls.abbrv.BibAbbreviations.__len__", "code": "def __len__(self): return len(self.abbrv2str)"}
{"name": "awesome-autodl.awesome_autodl.data_cls.abbrv.BibAbbreviations.keys", "code": "def keys(self, sort=False): keys = list(self.abbrv2str.keys()) if sort: keys = sorted(keys) return keys"}
{"name": "awesome-autodl.awesome_autodl.data_cls.abbrv.BibAbbreviations.decode", "code": "def decode(self, line): head = \"@STRING{\" assert len(line) > len(head) assert line[: len(head)] == head and line[-1] == \"}\" line = line[len(head) : -1] key, value = line.split(\"=\") key, value = key.strip(\" \"), value.strip(\" \") return key, value"}
{"name": "awesome-autodl.awesome_autodl.data_cls.abbrv.BibAbbreviations.__repr__", "code": "def __repr__(self): return f\"{self.__class__.__name__}(\" + f\"{len(self)} abbrev pairs)\""}
{"name": "awesome-autodl.tests.test_abbrv.TestAbbrv.test_init", "code": "def test_init(self): xfile = str(get_bib_abbrv_file()) assert os.path.isfile(xfile) obj = BibAbbreviations(xfile) assert len(obj) == 58 print(obj)"}
{"name": "awesome-autodl.tests.test_format.TestFormat.test_simple", "code": "def test_simple(self): topic2papers = autodl_topic2papers()  bib_abbrev = get_bib_abbrv_obj() for topic, papers in topic2papers.items(): print(f'Collect {len(papers)} papers for \"{topic}\"') for paper in papers: if paper.venue not in bib_abbrev: raise ValueError(f\"Did not find {paper.venue} in {bib_abbrev}\")"}
