{"name": "bplustree.bplustree.entry.Entry.load", "code": "def load(self, data: bytes): \"\"\"Deserialize data into an object.\"\"\""}
{"name": "bplustree.bplustree.entry.Entry.dump", "code": "def dump(self) -> bytes: \"\"\"Serialize object to data.\"\"\""}
{"name": "bplustree.bplustree.entry.Entry.__eq__", "code": "def __eq__(self, other): return self.key == other.key"}
{"name": "bplustree.bplustree.entry.Entry.__lt__", "code": "def __lt__(self, other): return self.key < other.key"}
{"name": "bplustree.bplustree.entry.Entry.__le__", "code": "def __le__(self, other): return self.key <= other.key"}
{"name": "bplustree.bplustree.entry.Entry.__gt__", "code": "def __gt__(self, other): return self.key > other.key"}
{"name": "bplustree.bplustree.entry.Entry.__ge__", "code": "def __ge__(self, other): return self.key >= other.key"}
{"name": "bplustree.bplustree.entry.Record.__init__", "code": "def __init__(self, tree_conf: TreeConf, key=None, value: Optional[bytes]=None, data: Optional[bytes]=None, overflow_page: Optional[int]=None): self._tree_conf = tree_conf self.key = key self.value = value self.length = ( USED_KEY_LENGTH_BYTES + self._tree_conf.key_size + USED_VALUE_LENGTH_BYTES + self._tree_conf.value_size + PAGE_REFERENCE_BYTES ) self.overflow_page = overflow_page if data: self.load(data) if self.value: assert len(self.value) <= self._tree_conf.value_size"}
{"name": "bplustree.bplustree.entry.Record.load", "code": "def load(self, data: bytes): assert len(data) == self.length  end_used_key_length = USED_KEY_LENGTH_BYTES used_key_length = int.from_bytes(data[0:end_used_key_length], ENDIAN) assert 0 <= used_key_length <= self._tree_conf.key_size  end_key = end_used_key_length + used_key_length self.key = self._tree_conf.serializer.deserialize( data[end_used_key_length:end_key] )  start_used_value_length = ( end_used_key_length + self._tree_conf.key_size ) end_used_value_length = ( start_used_value_length + USED_VALUE_LENGTH_BYTES ) used_value_length = int.from_bytes( data[start_used_value_length:end_used_value_length], ENDIAN ) assert 0 <= used_value_length <= self._tree_conf.value_size  end_value = end_used_value_length + used_value_length  start_overflow = end_used_value_length + self._tree_conf.value_size end_overflow = start_overflow + PAGE_REFERENCE_BYTES overflow_page = int.from_bytes( data[start_overflow:end_overflow], ENDIAN )  if overflow_page: self.overflow_page = overflow_page self.value = None else: self.overflow_page = None self.value = data[end_used_value_length:end_value]"}
{"name": "bplustree.bplustree.entry.Record.dump", "code": "def dump(self) -> bytes: assert self.value is None or self.overflow_page is None key_as_bytes = self._tree_conf.serializer.serialize( self.key, self._tree_conf.key_size ) used_key_length = len(key_as_bytes) overflow_page = self.overflow_page or 0 if overflow_page: value = b'' else: value = self.value used_value_length = len(value)  data = ( used_key_length.to_bytes(USED_VALUE_LENGTH_BYTES, ENDIAN) + key_as_bytes + bytes(self._tree_conf.key_size - used_key_length) + used_value_length.to_bytes(USED_VALUE_LENGTH_BYTES, ENDIAN) + value + bytes(self._tree_conf.value_size - used_value_length) + overflow_page.to_bytes(PAGE_REFERENCE_BYTES, ENDIAN) ) return data"}
{"name": "bplustree.bplustree.entry.Record.__repr__", "code": "def __repr__(self): if self.overflow_page: return '<Record: {} overflowing value>'.format(self.key) if self.value: return '<Record: {} value={}>'.format( self.key, self.value[0:16] ) return '<Record: {} unknown value>'.format(self.key)"}
{"name": "bplustree.bplustree.entry.Reference.__init__", "code": "def __init__(self, tree_conf: TreeConf, key=None, before=None, after=None, data: bytes=None): self._tree_conf = tree_conf self.length = ( 2 * PAGE_REFERENCE_BYTES + USED_KEY_LENGTH_BYTES + self._tree_conf.key_size ) self.key = key self.before = before self.after = after if data: self.load(data)"}
{"name": "bplustree.bplustree.entry.Reference.load", "code": "def load(self, data: bytes): assert len(data) == self.length end_before = PAGE_REFERENCE_BYTES self.before = int.from_bytes(data[0:end_before], ENDIAN)  end_used_key_length = end_before + USED_KEY_LENGTH_BYTES used_key_length = int.from_bytes( data[end_before:end_used_key_length], ENDIAN ) assert 0 <= used_key_length <= self._tree_conf.key_size  end_key = end_used_key_length + used_key_length self.key = self._tree_conf.serializer.deserialize( data[end_used_key_length:end_key] )  start_after = end_used_key_length + self._tree_conf.key_size end_after = start_after + PAGE_REFERENCE_BYTES self.after = int.from_bytes(data[start_after:end_after], ENDIAN)"}
{"name": "bplustree.bplustree.entry.Reference.dump", "code": "def dump(self) -> bytes: assert isinstance(self.before, int) assert isinstance(self.after, int)  key_as_bytes = self._tree_conf.serializer.serialize( self.key, self._tree_conf.key_size ) used_key_length = len(key_as_bytes)  data = ( self.before.to_bytes(PAGE_REFERENCE_BYTES, ENDIAN) + used_key_length.to_bytes(USED_VALUE_LENGTH_BYTES, ENDIAN) + key_as_bytes + bytes(self._tree_conf.key_size - used_key_length) + self.after.to_bytes(PAGE_REFERENCE_BYTES, ENDIAN) ) return data"}
{"name": "bplustree.bplustree.entry.Reference.__repr__", "code": "def __repr__(self): return '<Reference: key={} before={} after={}>'.format( self.key, self.before, self.after )"}
{"name": "bplustree.bplustree.utils.pairwise", "code": "def pairwise(iterable: Iterable): \"\"\"Iterate over elements two by two.  s -> (s0,s1), (s1,s2), (s2, s3), ... \"\"\" a, b = itertools.tee(iterable) next(b, None) return zip(a, b)"}
{"name": "bplustree.bplustree.utils.iter_slice", "code": "def iter_slice(iterable: bytes, n: int): \"\"\"Yield slices of size n and says if each slice is the last one.  s -> (b'123', False), (b'45', True) \"\"\" start = 0 stop = start + n final_offset = len(iterable)  while True: if start >= final_offset: break  rv = iterable[start:stop] start = stop stop = start + n yield rv, start >= final_offset"}
{"name": "bplustree.bplustree.memory.open_file_in_dir", "code": "def open_file_in_dir(path: str) -> Tuple[io.FileIO, Optional[int]]: \"\"\"Open a file and its directory.  The file is opened in binary mode and created if it does not exist. Both file descriptors must be closed after use to prevent them from leaking.  On Windows, the directory is not opened, as it is useless. \"\"\" directory = os.path.dirname(path) if not os.path.isdir(directory): raise ValueError('No directory {}'.format(directory))  if not os.path.exists(path): file_fd = open(path, mode='x+b', buffering=0) else: file_fd = open(path, mode='r+b', buffering=0)  if platform.system() == 'Windows': # Opening a directory is not possible on Windows, but that is not # a problem since Windows does not need to fsync the directory in # order to persist metadata dir_fd = None else: dir_fd = os.open(directory, os.O_RDONLY)  return file_fd, dir_fd"}
{"name": "bplustree.bplustree.memory.write_to_file", "code": "def write_to_file(file_fd: io.FileIO, dir_fileno: Optional[int], data: bytes, fsync: bool=True): length_to_write = len(data) written = 0 while written < length_to_write: written = file_fd.write(data[written:]) if fsync: fsync_file_and_dir(file_fd.fileno(), dir_fileno)"}
{"name": "bplustree.bplustree.memory.fsync_file_and_dir", "code": "def fsync_file_and_dir(file_fileno: int, dir_fileno: Optional[int]): os.fsync(file_fileno) if dir_fileno is not None: os.fsync(dir_fileno)"}
{"name": "bplustree.bplustree.memory.read_from_file", "code": "def read_from_file(file_fd: io.FileIO, start: int, stop: int) -> bytes: length = stop - start assert length >= 0 file_fd.seek(start) data = bytes() while file_fd.tell() < stop: read_data = file_fd.read(stop - file_fd.tell()) if read_data == b'': raise ReachedEndOfFile('Read until the end of file') data += read_data assert len(data) == length return data"}
{"name": "bplustree.bplustree.memory.FakeCache.get", "code": "def get(self, k): pass"}
{"name": "bplustree.bplustree.memory.FakeCache.__setitem__", "code": "def __setitem__(self, key, value): pass"}
{"name": "bplustree.bplustree.memory.FakeCache.clear", "code": "def clear(self): pass"}
{"name": "bplustree.bplustree.memory.FileMemory.__init__", "code": "def __init__(self, filename: str, tree_conf: TreeConf, cache_size: int=512): self._filename = filename self._tree_conf = tree_conf self._lock = rwlock.RWLock()  if cache_size == 0: self._cache = FakeCache() else: self._cache = cachetools.LRUCache(maxsize=cache_size)  self._fd, self._dir_fd = open_file_in_dir(filename)  self._wal = WAL(filename, tree_conf.page_size) if self._wal.needs_recovery: self.perform_checkpoint(reopen_wal=True)  # Get the next available page self._fd.seek(0, io.SEEK_END) last_byte = self._fd.tell() self.last_page = int(last_byte / self._tree_conf.page_size)"}
{"name": "bplustree.bplustree.memory.FileMemory.get_node", "code": "def get_node(self, page: int): \"\"\"Get a node from storage.  The cache is not there to prevent hitting the disk, the OS is already very good at it. It is there to avoid paying the price of deserializing the data to create the Node object and its entry. This is a very expensive operation in Python.  Since we have at most a single writer we can write to cache on `set_node` if we invalidate the cache when a transaction is rolled back. \"\"\" node = self._cache.get(page) if node is not None: return node  data = self._wal.get_page(page) if not data: data = self._read_page(page)  node = Node.from_page_data(self._tree_conf, data=data, page=page) self._cache[node.page] = node return node"}
{"name": "bplustree.bplustree.memory.FileMemory.set_node", "code": "def set_node(self, node: Node): self._wal.set_page(node.page, node.dump()) self._cache[node.page] = node"}
{"name": "bplustree.bplustree.memory.FileMemory.set_page", "code": "def set_page(self, page: int, data: bytes): \"\"\"Set a raw page of data.  Used currently only for overflow pages. \"\"\" self._wal.set_page(page, data)"}
{"name": "bplustree.bplustree.memory.FileMemory.get_page", "code": "def get_page(self, page: int) -> bytes: data = self._wal.get_page(page) if not data: data = self._read_page(page) return data"}
{"name": "bplustree.bplustree.memory.FileMemory.read_transaction", "code": "def read_transaction(self):  class ReadTransaction:  def __enter__(self2): self._lock.reader_lock.acquire()  def __exit__(self2, exc_type, exc_val, exc_tb): self._lock.reader_lock.release()  return ReadTransaction()"}
{"name": "bplustree.bplustree.memory.FileMemory.read_transaction.ReadTransaction.__enter__", "code": "def __enter__(self2): self._lock.reader_lock.acquire()"}
{"name": "bplustree.bplustree.memory.FileMemory.read_transaction.ReadTransaction.__exit__", "code": "def __exit__(self2, exc_type, exc_val, exc_tb): self._lock.reader_lock.release()"}
{"name": "bplustree.bplustree.memory.FileMemory.write_transaction", "code": "def write_transaction(self):  class WriteTransaction:  def __enter__(self2): self._lock.writer_lock.acquire()  def __exit__(self2, exc_type, exc_val, exc_tb): if exc_type: # When an error happens in the middle of a write # transaction we must roll it back and clear the cache # because the writer may have partially modified the Nodes self._wal.rollback() self._cache.clear() else: self._wal.commit() self._lock.writer_lock.release()  return WriteTransaction()"}
{"name": "bplustree.bplustree.memory.FileMemory.write_transaction.WriteTransaction.__enter__", "code": "def __enter__(self2): self._lock.writer_lock.acquire()"}
{"name": "bplustree.bplustree.memory.FileMemory.write_transaction.WriteTransaction.__exit__", "code": "def __exit__(self2, exc_type, exc_val, exc_tb): if exc_type: # When an error happens in the middle of a write # transaction we must roll it back and clear the cache # because the writer may have partially modified the Nodes self._wal.rollback() self._cache.clear() else: self._wal.commit() self._lock.writer_lock.release()"}
{"name": "bplustree.bplustree.memory.FileMemory.next_available_page", "code": "def next_available_page(self) -> int: self.last_page += 1 return self.last_page"}
{"name": "bplustree.bplustree.memory.FileMemory.get_metadata", "code": "def get_metadata(self) -> tuple: try: data = self._read_page(0) except ReachedEndOfFile: raise ValueError('Metadata not set yet') end_root_node_page = PAGE_REFERENCE_BYTES root_node_page = int.from_bytes( data[0:end_root_node_page], ENDIAN ) end_page_size = end_root_node_page + OTHERS_BYTES page_size = int.from_bytes( data[end_root_node_page:end_page_size], ENDIAN ) end_order = end_page_size + OTHERS_BYTES order = int.from_bytes( data[end_page_size:end_order], ENDIAN ) end_key_size = end_order + OTHERS_BYTES key_size = int.from_bytes( data[end_order:end_key_size], ENDIAN ) end_value_size = end_key_size + OTHERS_BYTES value_size = int.from_bytes( data[end_key_size:end_value_size], ENDIAN ) self._tree_conf = TreeConf( page_size, order, key_size, value_size, self._tree_conf.serializer ) return root_node_page, self._tree_conf"}
{"name": "bplustree.bplustree.memory.FileMemory.set_metadata", "code": "def set_metadata(self, root_node_page: int, tree_conf: TreeConf): self._tree_conf = tree_conf length = PAGE_REFERENCE_BYTES + 4 * OTHERS_BYTES data = ( root_node_page.to_bytes(PAGE_REFERENCE_BYTES, ENDIAN) + self._tree_conf.page_size.to_bytes(OTHERS_BYTES, ENDIAN) + self._tree_conf.order.to_bytes(OTHERS_BYTES, ENDIAN) + self._tree_conf.key_size.to_bytes(OTHERS_BYTES, ENDIAN) + self._tree_conf.value_size.to_bytes(OTHERS_BYTES, ENDIAN) + bytes(self._tree_conf.page_size - length) ) self._write_page_in_tree(0, data, fsync=True)"}
{"name": "bplustree.bplustree.memory.FileMemory.close", "code": "def close(self): self.perform_checkpoint() self._fd.close() if self._dir_fd is not None: os.close(self._dir_fd)"}
{"name": "bplustree.bplustree.memory.FileMemory.perform_checkpoint", "code": "def perform_checkpoint(self, reopen_wal=False): logger.info('Performing checkpoint of %s', self._filename) for page, page_data in self._wal.checkpoint(): self._write_page_in_tree(page, page_data, fsync=False) fsync_file_and_dir(self._fd.fileno(), self._dir_fd) if reopen_wal: self._wal = WAL(self._filename, self._tree_conf.page_size)"}
{"name": "bplustree.bplustree.memory.FileMemory._read_page", "code": "def _read_page(self, page: int) -> bytes: start = page * self._tree_conf.page_size stop = start + self._tree_conf.page_size assert stop - start == self._tree_conf.page_size return read_from_file(self._fd, start, stop)"}
{"name": "bplustree.bplustree.memory.FileMemory._write_page_in_tree", "code": "def _write_page_in_tree(self, page: int, data: Union[bytes, bytearray], fsync: bool=True): \"\"\"Write a page of data in the tree file itself.  To be used during checkpoints and other non-standard uses. \"\"\" assert len(data) == self._tree_conf.page_size self._fd.seek(page * self._tree_conf.page_size) write_to_file(self._fd, self._dir_fd, data, fsync=fsync)"}
{"name": "bplustree.bplustree.memory.FileMemory.__repr__", "code": "def __repr__(self): return '<FileMemory: {}>'.format(self._filename)"}
{"name": "bplustree.bplustree.memory.WAL.__init__", "code": "def __init__(self, filename: str, page_size: int): self.filename = filename + '-wal' self._fd, self._dir_fd = open_file_in_dir(self.filename) self._page_size = page_size self._committed_pages = dict() self._not_committed_pages = dict()  self._fd.seek(0, io.SEEK_END) if self._fd.tell() == 0: self._create_header() self.needs_recovery = False else: logger.warning('Found an existing WAL file, ' 'the B+Tree was not closed properly') self.needs_recovery = True self._load_wal()"}
{"name": "bplustree.bplustree.memory.WAL.checkpoint", "code": "def checkpoint(self): \"\"\"Transfer the modified data back to the tree and close the WAL.\"\"\" if self._not_committed_pages: logger.warning('Closing WAL with uncommitted data, discarding it')  fsync_file_and_dir(self._fd.fileno(), self._dir_fd)  for page, page_start in self._committed_pages.items(): page_data = read_from_file( self._fd, page_start, page_start + self._page_size ) yield page, page_data  self._fd.close() os.unlink(self.filename) if self._dir_fd is not None: os.fsync(self._dir_fd) os.close(self._dir_fd)"}
{"name": "bplustree.bplustree.memory.WAL._create_header", "code": "def _create_header(self): data = self._page_size.to_bytes(OTHERS_BYTES, ENDIAN) self._fd.seek(0) write_to_file(self._fd, self._dir_fd, data, True)"}
{"name": "bplustree.bplustree.memory.WAL._load_wal", "code": "def _load_wal(self): self._fd.seek(0) header_data = read_from_file(self._fd, 0, OTHERS_BYTES) assert int.from_bytes(header_data, ENDIAN) == self._page_size  while True: try: self._load_next_frame() except ReachedEndOfFile: break if self._not_committed_pages: logger.warning('WAL has uncommitted data, discarding it') self._not_committed_pages = dict()"}
{"name": "bplustree.bplustree.memory.WAL._load_next_frame", "code": "def _load_next_frame(self): start = self._fd.tell() stop = start + self.FRAME_HEADER_LENGTH data = read_from_file(self._fd, start, stop)  frame_type = int.from_bytes(data[0:FRAME_TYPE_BYTES], ENDIAN) page = int.from_bytes( data[FRAME_TYPE_BYTES:FRAME_TYPE_BYTES+PAGE_REFERENCE_BYTES], ENDIAN )  frame_type = FrameType(frame_type) if frame_type is FrameType.PAGE: self._fd.seek(stop + self._page_size)  self._index_frame(frame_type, page, stop)"}
{"name": "bplustree.bplustree.memory.WAL._index_frame", "code": "def _index_frame(self, frame_type: FrameType, page: int, page_start: int): if frame_type is FrameType.PAGE: self._not_committed_pages[page] = page_start elif frame_type is FrameType.COMMIT: self._committed_pages.update(self._not_committed_pages) self._not_committed_pages = dict() elif frame_type is FrameType.ROLLBACK: self._not_committed_pages = dict() else: assert False"}
{"name": "bplustree.bplustree.memory.WAL._add_frame", "code": "def _add_frame(self, frame_type: FrameType, page: Optional[int]=None, page_data: Optional[bytes]=None): if frame_type is FrameType.PAGE and (not page or not page_data): raise ValueError('PAGE frame without page data') if page_data and len(page_data) != self._page_size: raise ValueError('Page data is different from page size') if not page: page = 0 if frame_type is not FrameType.PAGE: page_data = b'' data = ( frame_type.value.to_bytes(FRAME_TYPE_BYTES, ENDIAN) + page.to_bytes(PAGE_REFERENCE_BYTES, ENDIAN) + page_data ) self._fd.seek(0, io.SEEK_END) write_to_file(self._fd, self._dir_fd, data, fsync=frame_type != FrameType.PAGE) self._index_frame(frame_type, page, self._fd.tell() - self._page_size)"}
{"name": "bplustree.bplustree.memory.WAL.get_page", "code": "def get_page(self, page: int) -> Optional[bytes]: page_start = None for store in (self._not_committed_pages, self._committed_pages): page_start = store.get(page) if page_start: break  if not page_start: return None  return read_from_file(self._fd, page_start, page_start + self._page_size)"}
{"name": "bplustree.bplustree.memory.WAL.set_page", "code": "def set_page(self, page: int, page_data: bytes): self._add_frame(FrameType.PAGE, page, page_data)"}
{"name": "bplustree.bplustree.memory.WAL.commit", "code": "def commit(self): # Commit is a no-op when there is no uncommitted pages if self._not_committed_pages: self._add_frame(FrameType.COMMIT)"}
{"name": "bplustree.bplustree.memory.WAL.rollback", "code": "def rollback(self): # Rollback is a no-op when there is no uncommitted pages if self._not_committed_pages: self._add_frame(FrameType.ROLLBACK)"}
{"name": "bplustree.bplustree.memory.WAL.__repr__", "code": "def __repr__(self): return '<WAL: {}>'.format(self.filename)"}
{"name": "bplustree.bplustree.tree.BPlusTree.__init__", "code": "def __init__(self, filename: str, page_size: int= 4096, order: int=100, key_size: int=8, value_size: int=32, cache_size: int=64, serializer: Optional[Serializer]=None): self._filename = filename self._tree_conf = TreeConf( page_size, order, key_size, value_size, serializer or IntSerializer() ) self._create_partials() self._mem = FileMemory(filename, self._tree_conf, cache_size=cache_size) try: metadata = self._mem.get_metadata() except ValueError: self._initialize_empty_tree() else: self._root_node_page, self._tree_conf = metadata self._is_open = True"}
{"name": "bplustree.bplustree.tree.BPlusTree.close", "code": "def close(self): with self._mem.write_transaction: if not self._is_open: logger.info('Tree is already closed') return  self._mem.close() self._is_open = False"}
{"name": "bplustree.bplustree.tree.BPlusTree.__enter__", "code": "def __enter__(self): return self"}
{"name": "bplustree.bplustree.tree.BPlusTree.__exit__", "code": "def __exit__(self, exc_type, exc_val, exc_tb): self.close()"}
{"name": "bplustree.bplustree.tree.BPlusTree.checkpoint", "code": "def checkpoint(self): with self._mem.write_transaction: self._mem.perform_checkpoint(reopen_wal=True)"}
{"name": "bplustree.bplustree.tree.BPlusTree.insert", "code": "def insert(self, key, value: bytes, replace=False): \"\"\"Insert a value in the tree.  :param key: The key at which the value will be recorded, must be of the same type used by the Serializer :param value: The value to record in bytes :param replace: If True, already existing value will be overridden, otherwise a ValueError is raised. \"\"\" if not isinstance(value, bytes): ValueError('Values must be bytes objects')  with self._mem.write_transaction: node = self._search_in_tree(key, self._root_node)  # Check if a record with the key already exist try: existing_record = node.get_entry(key) except ValueError: pass else: if not replace: raise ValueError('Key {} already exists'.format(key))  # TODO: collect previously used overflow pages if len(value) <= self._tree_conf.value_size: existing_record.value = value existing_record.overflow_page = None else: existing_record.value = None existing_record.overflow_page = self._create_overflow( value ) self._mem.set_node(node) return  if len(value) <= self._tree_conf.value_size: record = self.Record(key, value=value) else: # Record values exceeding the max value_size must be placed # into overflow pages first_overflow_page = self._create_overflow(value) record = self.Record(key, value=None, overflow_page=first_overflow_page)  if node.can_add_entry: node.insert_entry(record) self._mem.set_node(node) else: node.insert_entry(record) self._split_leaf(node)"}
{"name": "bplustree.bplustree.tree.BPlusTree.batch_insert", "code": "def batch_insert(self, iterable: Iterable): \"\"\"Insert many elements in the tree at once.  The iterable object must yield tuples (key, value) in ascending order. All keys to insert must be bigger than all keys currently in the tree. All inserts happen in a single transaction. This is way faster than manually inserting in a loop. \"\"\" node = None with self._mem.write_transaction:  for key, value in iterable:  if node is None: node = self._search_in_tree(key, self._root_node)  try: biggest_entry = node.biggest_entry except IndexError: biggest_entry = None if biggest_entry and key <= biggest_entry.key: raise ValueError('Keys to batch insert must be sorted and ' 'bigger than keys currently in the tree')  if len(value) <= self._tree_conf.value_size: record = self.Record(key, value=value) else: # Record values exceeding the max value_size must be placed # into overflow pages first_overflow_page = self._create_overflow(value) record = self.Record(key, value=None, overflow_page=first_overflow_page)  if node.can_add_entry: node.insert_entry_at_the_end(record) else: node.insert_entry_at_the_end(record) self._split_leaf(node) node = None  if node is not None: self._mem.set_node(node)"}
{"name": "bplustree.bplustree.tree.BPlusTree.get", "code": "def get(self, key, default=None) -> bytes: with self._mem.read_transaction: node = self._search_in_tree(key, self._root_node) try: record = node.get_entry(key) except ValueError: return default else: rv = self._get_value_from_record(record) assert isinstance(rv, bytes) return rv"}
{"name": "bplustree.bplustree.tree.BPlusTree.__contains__", "code": "def __contains__(self, item): with self._mem.read_transaction: o = object() return False if self.get(item, default=o) is o else True"}
{"name": "bplustree.bplustree.tree.BPlusTree.__setitem__", "code": "def __setitem__(self, key, value): self.insert(key, value, replace=True)"}
{"name": "bplustree.bplustree.tree.BPlusTree.__getitem__", "code": "def __getitem__(self, item): with self._mem.read_transaction:  if isinstance(item, slice): # Returning a dict is the most sensible thing to do # as a method cannot return a sometimes a generator # and sometimes a normal value rv = dict() for record in self._iter_slice(item): rv[record.key] = self._get_value_from_record(record) return rv  else: rv = self.get(item) if rv is None: raise KeyError(item) return rv"}
{"name": "bplustree.bplustree.tree.BPlusTree.__len__", "code": "def __len__(self): with self._mem.read_transaction: node = self._left_record_node rv = 0 while True: rv += len(node.entries) if not node.next_page: return rv node = self._mem.get_node(node.next_page)"}
{"name": "bplustree.bplustree.tree.BPlusTree.__length_hint__", "code": "def __length_hint__(self): with self._mem.read_transaction: node = self._root_node if isinstance(node, LonelyRootNode): # Assume that the lonely root node is half full return node.max_children // 2 # Assume that there are no holes in pages last_page = self._mem.last_page # Assume that 70% of nodes in a tree carry values num_leaf_nodes = int(last_page * 0.70) # Assume that every leaf node is half full num_records_per_leaf_node = int( (node.max_children + node.min_children) / 2 ) return num_leaf_nodes * num_records_per_leaf_node"}
{"name": "bplustree.bplustree.tree.BPlusTree.__iter__", "code": "def __iter__(self, slice_: Optional[slice]=None): if not slice_: slice_ = slice(None) with self._mem.read_transaction: for record in self._iter_slice(slice_): yield record.key"}
{"name": "bplustree.bplustree.tree.BPlusTree.items", "code": "def items(self, slice_: Optional[slice]=None) -> Iterator[tuple]: if not slice_: slice_ = slice(None) with self._mem.read_transaction: for record in self._iter_slice(slice_): yield record.key, self._get_value_from_record(record)"}
{"name": "bplustree.bplustree.tree.BPlusTree.values", "code": "def values(self, slice_: Optional[slice]=None) -> Iterator[bytes]: if not slice_: slice_ = slice(None) with self._mem.read_transaction: for record in self._iter_slice(slice_): yield self._get_value_from_record(record)"}
{"name": "bplustree.bplustree.tree.BPlusTree.__bool__", "code": "def __bool__(self): with self._mem.read_transaction: for _ in self: return True return False"}
{"name": "bplustree.bplustree.tree.BPlusTree.__repr__", "code": "def __repr__(self): return '<BPlusTree: {} {}>'.format(self._filename, self._tree_conf)"}
{"name": "bplustree.bplustree.tree.BPlusTree._initialize_empty_tree", "code": "def _initialize_empty_tree(self): self._root_node_page = self._mem.next_available_page with self._mem.write_transaction: self._mem.set_node(self.LonelyRootNode(page=self._root_node_page)) self._mem.set_metadata(self._root_node_page, self._tree_conf)"}
{"name": "bplustree.bplustree.tree.BPlusTree._create_partials", "code": "def _create_partials(self): self.LonelyRootNode = partial(LonelyRootNode, self._tree_conf) self.RootNode = partial(RootNode, self._tree_conf) self.InternalNode = partial(InternalNode, self._tree_conf) self.LeafNode = partial(LeafNode, self._tree_conf) self.Record = partial(Record, self._tree_conf) self.Reference = partial(Reference, self._tree_conf)"}
{"name": "bplustree.bplustree.tree.BPlusTree._root_node", "code": "def _root_node(self) -> Union['LonelyRootNode', 'RootNode']: root_node = self._mem.get_node(self._root_node_page) assert isinstance(root_node, (LonelyRootNode, RootNode)) return root_node"}
{"name": "bplustree.bplustree.tree.BPlusTree._left_record_node", "code": "def _left_record_node(self) -> Union['LonelyRootNode', 'LeafNode']: node = self._root_node while not isinstance(node, (LonelyRootNode, LeafNode)): node = self._mem.get_node(node.smallest_entry.before) return node"}
{"name": "bplustree.bplustree.tree.BPlusTree._iter_slice", "code": "def _iter_slice(self, slice_: slice) -> Iterator[Record]: if slice_.step is not None: raise ValueError('Cannot iterate with a custom step')  if (slice_.start is not None and slice_.stop is not None and slice_.start >= slice_.stop): raise ValueError('Cannot iterate backwards')  if slice_.start is None: node = self._left_record_node else: node = self._search_in_tree(slice_.start, self._root_node)  while True: for entry in node.entries: if slice_.start is not None and entry.key < slice_.start: continue  if slice_.stop is not None and entry.key >= slice_.stop: raise StopIteration()  yield entry  if node.next_page: node = self._mem.get_node(node.next_page) else: raise StopIteration()"}
{"name": "bplustree.bplustree.tree.BPlusTree._search_in_tree", "code": "def _search_in_tree(self, key, node) -> 'Node': if isinstance(node, (LonelyRootNode, LeafNode)): return node  page = None  if key < node.smallest_key: page = node.smallest_entry.before  elif node.biggest_key <= key: page = node.biggest_entry.after  else: for ref_a, ref_b in utils.pairwise(node.entries): if ref_a.key <= key < ref_b.key: page = ref_a.after break  assert page is not None  child_node = self._mem.get_node(page) child_node.parent = node return self._search_in_tree(key, child_node)"}
{"name": "bplustree.bplustree.tree.BPlusTree._split_leaf", "code": "def _split_leaf(self, old_node: 'Node'): \"\"\"Split a leaf Node to allow the tree to grow.\"\"\" parent = old_node.parent new_node = self.LeafNode(page=self._mem.next_available_page, next_page=old_node.next_page) new_entries = old_node.split_entries() new_node.entries = new_entries ref = self.Reference(new_node.smallest_key, old_node.page, new_node.page)  if isinstance(old_node, LonelyRootNode): # Convert the LonelyRoot into a Leaf old_node = old_node.convert_to_leaf() self._create_new_root(ref) elif parent.can_add_entry: parent.insert_entry(ref) self._mem.set_node(parent) else: parent.insert_entry(ref) self._split_parent(parent)  old_node.next_page = new_node.page  self._mem.set_node(old_node) self._mem.set_node(new_node)"}
{"name": "bplustree.bplustree.tree.BPlusTree._split_parent", "code": "def _split_parent(self, old_node: Node): parent = old_node.parent new_node = self.InternalNode(page=self._mem.next_available_page) new_entries = old_node.split_entries() new_node.entries = new_entries  ref = new_node.pop_smallest() ref.before = old_node.page ref.after = new_node.page  if isinstance(old_node, RootNode): # Convert the Root into an Internal old_node = old_node.convert_to_internal() self._create_new_root(ref) elif parent.can_add_entry: parent.insert_entry(ref) self._mem.set_node(parent) else: parent.insert_entry(ref) self._split_parent(parent)  self._mem.set_node(old_node) self._mem.set_node(new_node)"}
{"name": "bplustree.bplustree.tree.BPlusTree._create_new_root", "code": "def _create_new_root(self, reference: Reference): new_root = self.RootNode(page=self._mem.next_available_page) new_root.insert_entry(reference) self._root_node_page = new_root.page self._mem.set_metadata(self._root_node_page, self._tree_conf) self._mem.set_node(new_root)"}
{"name": "bplustree.bplustree.tree.BPlusTree._create_overflow", "code": "def _create_overflow(self, value: bytes) -> int: overflow_max_payload = ( self._tree_conf.page_size - PAGE_REFERENCE_BYTES - USED_PAGE_LENGTH_BYTES ) first_overflow_page = self._mem.next_available_page next_overflow_page = first_overflow_page  iterator = utils.iter_slice(value, overflow_max_payload) for slice_value, is_last in iterator: current_overflow_page = next_overflow_page  if is_last: next_overflow_page = 0 else: next_overflow_page = self._mem.next_available_page  length_payload = len(slice_value) padding = ( self._tree_conf.page_size - length_payload - PAGE_REFERENCE_BYTES - USED_PAGE_LENGTH_BYTES )  overflow_page_data = ( next_overflow_page.to_bytes(PAGE_REFERENCE_BYTES, ENDIAN) + length_payload.to_bytes(USED_PAGE_LENGTH_BYTES, ENDIAN) + slice_value + bytes(padding) ) self._mem.set_page(current_overflow_page, overflow_page_data)  return first_overflow_page"}
{"name": "bplustree.bplustree.tree.BPlusTree._read_from_overflow", "code": "def _read_from_overflow(self, first_overflow_page) -> bytes: rv = bytearray() next_overflow_page = first_overflow_page while True: data = self._mem.get_page(next_overflow_page)  next_overflow_page = int.from_bytes( data[0:PAGE_REFERENCE_BYTES], ENDIAN ) end_length_payload = PAGE_REFERENCE_BYTES + USED_PAGE_LENGTH_BYTES length_payload = int.from_bytes( data[PAGE_REFERENCE_BYTES:end_length_payload], ENDIAN ) slice_value = data[end_length_payload: end_length_payload+length_payload] rv.extend(slice_value)  if next_overflow_page == 0: break  return bytes(rv)"}
{"name": "bplustree.bplustree.tree.BPlusTree._get_value_from_record", "code": "def _get_value_from_record(self, record: Record) -> bytes: if record.value is not None: return record.value return self._read_from_overflow(record.overflow_page)"}
{"name": "bplustree.bplustree.serializer.Serializer.serialize", "code": "def serialize(self, obj: object, key_size: int) -> bytes: \"\"\"Serialize a key to bytes.\"\"\""}
{"name": "bplustree.bplustree.serializer.Serializer.deserialize", "code": "def deserialize(self, data: bytes) -> object: \"\"\"Create a key object from bytes.\"\"\""}
{"name": "bplustree.bplustree.serializer.Serializer.__repr__", "code": "def __repr__(self): return '{}()'.format(self.__class__.__name__)"}
{"name": "bplustree.bplustree.serializer.IntSerializer.serialize", "code": "def serialize(self, obj: int, key_size: int) -> bytes: return obj.to_bytes(key_size, ENDIAN)"}
{"name": "bplustree.bplustree.serializer.IntSerializer.deserialize", "code": "def deserialize(self, data: bytes) -> int: return int.from_bytes(data, ENDIAN)"}
{"name": "bplustree.bplustree.serializer.StrSerializer.serialize", "code": "def serialize(self, obj: str, key_size: int) -> bytes: rv = obj.encode(encoding='utf-8') assert len(rv) <= key_size return rv"}
{"name": "bplustree.bplustree.serializer.StrSerializer.deserialize", "code": "def deserialize(self, data: bytes) -> str: return data.decode(encoding='utf-8')"}
{"name": "bplustree.bplustree.serializer.UUIDSerializer.serialize", "code": "def serialize(self, obj: UUID, key_size: int) -> bytes: return obj.bytes"}
{"name": "bplustree.bplustree.serializer.UUIDSerializer.deserialize", "code": "def deserialize(self, data: bytes) -> UUID: return UUID(bytes=data)"}
{"name": "bplustree.bplustree.serializer.DatetimeUTCSerializer.__init__", "code": "def __init__(self): if temporenc is None: raise RuntimeError('Serialization to/from datetime needs the ' 'third-party library \"temporenc\"')"}
{"name": "bplustree.bplustree.serializer.DatetimeUTCSerializer.serialize", "code": "def serialize(self, obj: datetime, key_size: int) -> bytes: if obj.tzinfo is None: raise ValueError('DatetimeUTCSerializer needs a timezone aware ' 'datetime') return temporenc.packb(obj, type='DTS')"}
{"name": "bplustree.bplustree.serializer.DatetimeUTCSerializer.deserialize", "code": "def deserialize(self, data: bytes) -> datetime: rv = temporenc.unpackb(data).datetime() rv = rv.replace(tzinfo=timezone.utc) return rv"}
{"name": "bplustree.bplustree.node.Node.__init__", "code": "def __init__(self, tree_conf: TreeConf, data: Optional[bytes]=None, page: int=None, parent: 'Node'=None, next_page: int=None): self._tree_conf = tree_conf self.entries = list() self.page = page self.parent = parent self.next_page = next_page if data: self.load(data)"}
{"name": "bplustree.bplustree.node.Node.load", "code": "def load(self, data: bytes): assert len(data) == self._tree_conf.page_size end_used_page_length = NODE_TYPE_BYTES + USED_PAGE_LENGTH_BYTES used_page_length = int.from_bytes( data[NODE_TYPE_BYTES:end_used_page_length], ENDIAN ) end_header = end_used_page_length + PAGE_REFERENCE_BYTES self.next_page = int.from_bytes( data[end_used_page_length:end_header], ENDIAN ) if self.next_page == 0: self.next_page = None  entry_length = self._entry_class(self._tree_conf).length for start_offset in range(end_header, used_page_length, entry_length): entry_data = data[start_offset:start_offset+entry_length] entry = self._entry_class(self._tree_conf, data=entry_data) self.entries.append(entry)"}
{"name": "bplustree.bplustree.node.Node.dump", "code": "def dump(self) -> bytearray: data = bytearray() for record in self.entries: data.extend(record.dump())  used_page_length = len(data) + 4 assert 0 <= used_page_length < self._tree_conf.page_size next_page = 0 if self.next_page is None else self.next_page header = ( self._node_type_int.to_bytes(1, ENDIAN) + used_page_length.to_bytes(3, ENDIAN) + next_page.to_bytes(PAGE_REFERENCE_BYTES, ENDIAN) )  data = bytearray(header) + data  padding = self._tree_conf.page_size - len(data) assert padding >= 0 data.extend(bytearray(padding)) assert len(data) == self._tree_conf.page_size  return data"}
{"name": "bplustree.bplustree.node.Node.can_add_entry", "code": "def can_add_entry(self) -> bool: return self.num_children < self.max_children"}
{"name": "bplustree.bplustree.node.Node.can_delete_entry", "code": "def can_delete_entry(self) -> bool: return self.num_children > self.min_children"}
{"name": "bplustree.bplustree.node.Node.smallest_key", "code": "def smallest_key(self): return self.smallest_entry.key"}
{"name": "bplustree.bplustree.node.Node.smallest_entry", "code": "def smallest_entry(self): return self.entries[0]"}
{"name": "bplustree.bplustree.node.Node.biggest_key", "code": "def biggest_key(self): return self.biggest_entry.key"}
{"name": "bplustree.bplustree.node.Node.biggest_entry", "code": "def biggest_entry(self): return self.entries[-1]"}
{"name": "bplustree.bplustree.node.Node.num_children", "code": "def num_children(self) -> int: \"\"\"Number of entries or other nodes connected to the node.\"\"\""}
{"name": "bplustree.bplustree.node.Node.pop_smallest", "code": "def pop_smallest(self) -> Entry: \"\"\"Remove and return the smallest entry.\"\"\" return self.entries.pop(0)"}
{"name": "bplustree.bplustree.node.Node.insert_entry", "code": "def insert_entry(self, entry: Entry): bisect.insort(self.entries, entry)"}
{"name": "bplustree.bplustree.node.Node.insert_entry_at_the_end", "code": "def insert_entry_at_the_end(self, entry: Entry): \"\"\"Insert an entry at the end of the entry list.  This is an optimized version of `insert_entry` when it is known that the key to insert is bigger than any other entries. \"\"\" self.entries.append(entry)"}
{"name": "bplustree.bplustree.node.Node.remove_entry", "code": "def remove_entry(self, key): self.entries.pop(self._find_entry_index(key))"}
{"name": "bplustree.bplustree.node.Node.get_entry", "code": "def get_entry(self, key) -> Entry: return self.entries[self._find_entry_index(key)]"}
{"name": "bplustree.bplustree.node.Node._find_entry_index", "code": "def _find_entry_index(self, key) -> int: entry = self._entry_class( self._tree_conf, key=key  # Hack to compare and order ) i = bisect.bisect_left(self.entries, entry) if i != len(self.entries) and self.entries[i] == entry: return i raise ValueError('No entry for key {}'.format(key))"}
{"name": "bplustree.bplustree.node.Node.split_entries", "code": "def split_entries(self) -> list: \"\"\"Split the entries in half.  Keep the lower part in the node and return the upper one. \"\"\" len_entries = len(self.entries) rv = self.entries[len_entries//2:] self.entries = self.entries[:len_entries//2] assert len(self.entries) + len(rv) == len_entries return rv"}
{"name": "bplustree.bplustree.node.Node.from_page_data", "code": "def from_page_data(cls, tree_conf: TreeConf, data: bytes, page: int=None) -> 'Node': node_type_byte = data[0:NODE_TYPE_BYTES] node_type_int = int.from_bytes(node_type_byte, ENDIAN) if node_type_int == 1: return LonelyRootNode(tree_conf, data, page) elif node_type_int == 2: return RootNode(tree_conf, data, page) elif node_type_int == 3: return InternalNode(tree_conf, data, page) elif node_type_int == 4: return LeafNode(tree_conf, data, page) else: assert False, 'No Node with type {} exists'.format(node_type_int)"}
{"name": "bplustree.bplustree.node.Node.__repr__", "code": "def __repr__(self): return '<{}: page={} entries={}>'.format( self.__class__.__name__, self.page, len(self.entries) )"}
{"name": "bplustree.bplustree.node.Node.__eq__", "code": "def __eq__(self, other): return ( self.__class__ is other.__class__ and self.page == other.page and self.entries == other.entries )"}
{"name": "bplustree.bplustree.node.RecordNode.__init__", "code": "def __init__(self, tree_conf: TreeConf, data: Optional[bytes]=None, page: int=None, parent: 'Node'=None, next_page: int=None): self._entry_class = Record super().__init__(tree_conf, data, page, parent, next_page)"}
{"name": "bplustree.bplustree.node.RecordNode.num_children", "code": "def num_children(self) -> int: return len(self.entries)"}
{"name": "bplustree.bplustree.node.LonelyRootNode.__init__", "code": "def __init__(self, tree_conf: TreeConf, data: Optional[bytes]=None, page: int=None, parent: 'Node'=None): self._node_type_int = 1 self.min_children = 0 self.max_children = tree_conf.order - 1 super().__init__(tree_conf, data, page, parent)"}
{"name": "bplustree.bplustree.node.LonelyRootNode.convert_to_leaf", "code": "def convert_to_leaf(self): leaf = LeafNode(self._tree_conf, page=self.page) leaf.entries = self.entries return leaf"}
{"name": "bplustree.bplustree.node.LeafNode.__init__", "code": "def __init__(self, tree_conf: TreeConf, data: Optional[bytes]=None, page: int=None, parent: 'Node'=None, next_page: int=None): self._node_type_int = 4 self.min_children = math.ceil(tree_conf.order / 2) - 1 self.max_children = tree_conf.order - 1 super().__init__(tree_conf, data, page, parent, next_page)"}
{"name": "bplustree.bplustree.node.ReferenceNode.__init__", "code": "def __init__(self, tree_conf: TreeConf, data: Optional[bytes]=None, page: int=None, parent: 'Node'=None): self._entry_class = Reference super().__init__(tree_conf, data, page, parent)"}
{"name": "bplustree.bplustree.node.ReferenceNode.num_children", "code": "def num_children(self) -> int: return len(self.entries) + 1 if self.entries else 0"}
{"name": "bplustree.bplustree.node.ReferenceNode.insert_entry", "code": "def insert_entry(self, entry: 'Reference'): \"\"\"Make sure that after of a reference matches before of the next one.  Probably very inefficient approach. \"\"\" super().insert_entry(entry) i = self.entries.index(entry) if i > 0: previous_entry = self.entries[i-1] previous_entry.after = entry.before try: next_entry = self.entries[i+1] except IndexError: pass else: next_entry.before = entry.after"}
{"name": "bplustree.bplustree.node.RootNode.__init__", "code": "def __init__(self, tree_conf: TreeConf, data: Optional[bytes]=None, page: int=None, parent: 'Node'=None): self._node_type_int = 2 self.min_children = 2 self.max_children = tree_conf.order super().__init__(tree_conf, data, page, parent)"}
{"name": "bplustree.bplustree.node.RootNode.convert_to_internal", "code": "def convert_to_internal(self): internal = InternalNode(self._tree_conf, page=self.page) internal.entries = self.entries return internal"}
{"name": "bplustree.bplustree.node.InternalNode.__init__", "code": "def __init__(self, tree_conf: TreeConf, data: Optional[bytes]=None, page: int=None, parent: 'Node'=None): self._node_type_int = 3 self.min_children = math.ceil(tree_conf.order / 2) self.max_children = tree_conf.order super().__init__(tree_conf, data, page, parent)"}
{"name": "bplustree.tests.test_node.test_node_limit_children", "code": "def test_node_limit_children(klass, order, min_children, max_children): node = klass(TreeConf(4096, order, 16, 16, IntSerializer())) assert node.min_children == min_children assert node.max_children == max_children"}
{"name": "bplustree.tests.test_node.test_empty_node_serialization", "code": "def test_empty_node_serialization(klass): n1 = klass(tree_conf) data = n1.dump()  n2 = klass(tree_conf, data=data) assert n1.entries == n2.entries  n3 = Node.from_page_data(tree_conf, data) assert isinstance(n3, klass) assert n1.entries == n3.entries"}
{"name": "bplustree.tests.test_node.test_leaf_node_serialization", "code": "def test_leaf_node_serialization(): n1 = LeafNode(tree_conf, next_page=66) n1.insert_entry(Record(tree_conf, 43, b'43')) n1.insert_entry(Record(tree_conf, 42, b'42')) assert n1.entries == [Record(tree_conf, 42, b'42'), Record(tree_conf, 43, b'43')] data = n1.dump()  n2 = LeafNode(tree_conf, data=data) assert n1.entries == n2.entries assert n1.next_page == n2.next_page == 66"}
{"name": "bplustree.tests.test_node.test_leaf_node_serialization_no_next_page", "code": "def test_leaf_node_serialization_no_next_page(): n1 = LeafNode(tree_conf) data = n1.dump()  n2 = LeafNode(tree_conf, data=data) assert n1.next_page is n2.next_page is None"}
{"name": "bplustree.tests.test_node.test_root_node_serialization", "code": "def test_root_node_serialization(): n1 = RootNode(tree_conf) n1.insert_entry(Reference(tree_conf, 43, 2, 3)) n1.insert_entry(Reference(tree_conf, 42, 1, 2)) assert n1.entries == [Reference(tree_conf, 42, 1, 2), Reference(tree_conf, 43, 2, 3)] data = n1.dump()  n2 = RootNode(tree_conf, data=data) assert n1.entries == n2.entries assert n1.next_page is n2.next_page is None"}
{"name": "bplustree.tests.test_node.test_node_slots", "code": "def test_node_slots(): n1 = RootNode(tree_conf) with pytest.raises(AttributeError): n1.foo = True"}
{"name": "bplustree.tests.test_node.test_get_node_from_page_data", "code": "def test_get_node_from_page_data(): data = (2).to_bytes(1, ENDIAN) + bytes(4096 - 1) tree_conf = TreeConf(4096, 7, 16, 16, IntSerializer()) assert isinstance( Node.from_page_data(tree_conf, data, 4), RootNode )"}
{"name": "bplustree.tests.test_node.test_insert_find_get_remove_entries", "code": "def test_insert_find_get_remove_entries(): node = RootNode(tree_conf)  # Test empty _find_entry_index, get and remove with pytest.raises(ValueError): node._find_entry_index(42) with pytest.raises(ValueError): node.get_entry(42) with pytest.raises(ValueError): node.remove_entry(42)  # Test insert_entry r42, r43 = Reference(tree_conf, 42, 1, 2), Reference(tree_conf, 43, 2, 3) node.insert_entry_at_the_end(r43) node.insert_entry(r42) assert sorted(node.entries) == node.entries  # Test _find_entry_index assert node._find_entry_index(42) == 0 assert node._find_entry_index(43) == 1  # Test _get_entry assert node.get_entry(42) == r42 assert node.get_entry(43) == r43  node.remove_entry(43) assert node.entries == [r42] node.remove_entry(42) assert node.entries == []"}
{"name": "bplustree.tests.test_node.test_smallest_biggest", "code": "def test_smallest_biggest(): node = RootNode(tree_conf)  with pytest.raises(IndexError): node.pop_smallest()  r42, r43 = Reference(tree_conf, 42, 1, 2), Reference(tree_conf, 43, 2, 3) node.insert_entry(r43) node.insert_entry(r42)  # Smallest assert node.smallest_entry == r42 assert node.smallest_key == 42  # Biggest assert node.biggest_entry == r43 assert node.biggest_key == 43  assert node.pop_smallest() == r42 assert node.entries == [r43]"}
{"name": "bplustree.tests.test_entry.test_record_int_serialization", "code": "def test_record_int_serialization(): r1 = Record(tree_conf, 42, b'foo') data = r1.dump()  r2 = Record(tree_conf, data=data) assert r1 == r2 assert r1.value == r2.value assert r1.overflow_page == r2.overflow_page"}
{"name": "bplustree.tests.test_entry.test_record_str_serialization", "code": "def test_record_str_serialization(): tree_conf = TreeConf(4096, 4, 40, 40, StrSerializer()) r1 = Record(tree_conf, '0', b'0') data = r1.dump()  r2 = Record(tree_conf, data=data) assert r1 == r2 assert r1.value == r2.value assert r1.overflow_page == r2.overflow_page"}
{"name": "bplustree.tests.test_entry.test_record_int_serialization_overflow_value", "code": "def test_record_int_serialization_overflow_value(): r1 = Record(tree_conf, 42, overflow_page=5) data = r1.dump()  r2 = Record(tree_conf, data=data) assert r1 == r2 assert r1.value == r2.value assert r1.overflow_page == r2.overflow_page"}
{"name": "bplustree.tests.test_entry.test_record_repr", "code": "def test_record_repr(): r1 = Record(tree_conf, 42, b'foo') assert repr(r1) == \"<Record: 42 value=b'foo'>\"  r1.value = None assert repr(r1) == \"<Record: 42 unknown value>\"  r1.overflow_page = 5 assert repr(r1) == \"<Record: 42 overflowing value>\""}
{"name": "bplustree.tests.test_entry.test_record_slots", "code": "def test_record_slots(): r1 = Record(tree_conf, 42, b'foo') with pytest.raises(AttributeError): r1.foo = True"}
{"name": "bplustree.tests.test_entry.test_reference_int_serialization", "code": "def test_reference_int_serialization(): r1 = Reference(tree_conf, 42, 1, 2) data = r1.dump()  r2 = Reference(tree_conf, data=data) assert r1 == r2 assert r1.before == r2.before assert r1.after == r2.after"}
{"name": "bplustree.tests.test_entry.test_reference_str_serialization", "code": "def test_reference_str_serialization(): tree_conf = TreeConf(4096, 4, 40, 40, StrSerializer()) r1 = Reference(tree_conf, 'foo', 1, 2) data = r1.dump()  r2 = Reference(tree_conf, data=data) assert r1 == r2 assert r1.before == r2.before assert r1.after == r2.after"}
{"name": "bplustree.tests.test_entry.test_reference_repr", "code": "def test_reference_repr(): r1 = Reference(tree_conf, 42, 1, 2) assert repr(r1) == '<Reference: key=42 before=1 after=2>'"}
{"name": "bplustree.tests.test_tree.b", "code": "def b(): b = BPlusTree(filename, key_size=16, value_size=16, order=4) yield b b.close()"}
{"name": "bplustree.tests.test_tree.test_create_and_load_file", "code": "def test_create_and_load_file(): b = BPlusTree(filename) assert isinstance(b._mem, FileMemory) b.insert(5, b'foo') b.close()  b = BPlusTree(filename) assert isinstance(b._mem, FileMemory) assert b.get(5) == b'foo' b.close()"}
{"name": "bplustree.tests.test_tree.test_closing_context_manager", "code": "def test_closing_context_manager(mock_close): with BPlusTree(filename, page_size=512, value_size=128) as b: pass mock_close.assert_called_once_with()"}
{"name": "bplustree.tests.test_tree.test_initial_values", "code": "def test_initial_values(): b = BPlusTree(filename, page_size=512, value_size=128) assert b._tree_conf.page_size == 512 assert b._tree_conf.order == 100 assert b._tree_conf.key_size == 8 assert b._tree_conf.value_size == 128 b.close()"}
{"name": "bplustree.tests.test_tree.test_partial_constructors", "code": "def test_partial_constructors(b): node = b.RootNode() record = b.Record() assert node._tree_conf == b._tree_conf assert record._tree_conf == b._tree_conf"}
{"name": "bplustree.tests.test_tree.test_insert_setitem_tree", "code": "def test_insert_setitem_tree(b): b.insert(1, b'foo')  with pytest.raises(ValueError): b.insert(1, b'bar') assert b.get(1) == b'foo'  b.insert(1, b'baz', replace=True) assert b.get(1) == b'baz'  b[1] = b'foo' assert b.get(1) == b'foo'"}
{"name": "bplustree.tests.test_tree.test_get_tree", "code": "def test_get_tree(b): b.insert(1, b'foo') assert b.get(1) == b'foo' assert b.get(2) is None assert b.get(2, 'bar') == 'bar'"}
{"name": "bplustree.tests.test_tree.test_getitem_tree", "code": "def test_getitem_tree(b): b.insert(1, b'foo') b.insert(2, b'bar') b.insert(5, b'baz')  assert b[1] == b'foo' with pytest.raises(KeyError): _ = b[4]  assert b[1:3] == {1: b'foo', 2: b'bar'} assert b[0:10] == {1: b'foo', 2: b'bar', 5: b'baz'}"}
{"name": "bplustree.tests.test_tree.test_contains_tree", "code": "def test_contains_tree(b): b.insert(1, b'foo') assert 1 in b assert 2 not in b"}
{"name": "bplustree.tests.test_tree.test_len_tree", "code": "def test_len_tree(b): assert len(b) == 0 b.insert(1, b'foo') assert len(b) == 1 for i in range(2, 101): b.insert(i, str(i).encode()) assert len(b) == 100"}
{"name": "bplustree.tests.test_tree.test_length_hint_tree", "code": "def test_length_hint_tree(): b = BPlusTree(filename, key_size=16, value_size=16, order=100) assert b.__length_hint__() == 49 b.insert(1, b'foo') assert b.__length_hint__() == 49 for i in range(2, 10001): b.insert(i, str(i).encode()) assert b.__length_hint__() == 7242 b.close()"}
{"name": "bplustree.tests.test_tree.test_bool_tree", "code": "def test_bool_tree(b): assert not b b.insert(1, b'foo') assert b"}
{"name": "bplustree.tests.test_tree.test_iter_keys_values_items_tree", "code": "def test_iter_keys_values_items_tree(b): # Empty tree iter = b.__iter__() with pytest.raises(StopIteration): next(iter)  # Insert in reverse... for i in range(1000, 0, -1): b.insert(i, str(i).encode()) # ...iter in order previous = 0 for i in b: assert i == previous + 1 previous += 1  # Test .keys() previous = 0 for i in b.keys(): assert i == previous + 1 previous += 1  # Test slice .keys() assert list(b.keys(slice(10, 13))) == [10, 11, 12]  # Test .values() previous = 0 for i in b.values(): assert int(i.decode()) == previous + 1 previous += 1  # Test slice .values() assert list(b.values(slice(10, 13))) == [b'10', b'11', b'12']  # Test .items() previous = 0 for k, v in b.items(): expected = previous + 1 assert (k, int(v.decode())) == (expected, expected) previous += 1  # Test slice .items() expected = [(10, b'10'), (11, b'11'), (12, b'12')] assert list(b.items(slice(10, 13))) == expected"}
{"name": "bplustree.tests.test_tree.test_iter_slice", "code": "def test_iter_slice(b): with pytest.raises(ValueError): next(b._iter_slice(slice(None, None, -1)))  with pytest.raises(ValueError): next(b._iter_slice(slice(10, 0, None)))  # Contains from 0 to 9 included for i in range(10): b.insert(i, str(i).encode())  iter = b._iter_slice(slice(None, 2)) assert next(iter).key == 0 assert next(iter).key == 1 with pytest.raises(StopIteration): next(iter)  iter = b._iter_slice(slice(5, 7)) assert next(iter).key == 5 assert next(iter).key == 6 with pytest.raises(StopIteration): next(iter)  iter = b._iter_slice(slice(8, 9)) assert next(iter).key == 8 with pytest.raises(StopIteration): next(iter)  iter = b._iter_slice(slice(9, 12)) assert next(iter).key == 9 with pytest.raises(StopIteration): next(iter)  iter = b._iter_slice(slice(15, 17)) with pytest.raises(StopIteration): next(iter)  iter = b._iter_slice(slice(-2, 17)) assert next(iter).key == 0  b.close()  # Contains from 10, 20, 30 .. 200 b = BPlusTree(filename, order=5) for i in range(10, 201, 10): b.insert(i, str(i).encode())  iter = b._iter_slice(slice(65, 85)) assert next(iter).key == 70 assert next(iter).key == 80 with pytest.raises(StopIteration): next(iter)"}
{"name": "bplustree.tests.test_tree.test_checkpoint", "code": "def test_checkpoint(b): b.checkpoint() b.insert(1, b'foo') assert not b._mem._wal._not_committed_pages assert b._mem._wal._committed_pages  b.checkpoint() assert not b._mem._wal._not_committed_pages assert not b._mem._wal._committed_pages"}
{"name": "bplustree.tests.test_tree.test_left_record_node_in_tree", "code": "def test_left_record_node_in_tree(): b = BPlusTree(filename, order=3) assert b._left_record_node == b._root_node assert isinstance(b._left_record_node, LonelyRootNode) b.insert(1, b'1') b.insert(2, b'2') b.insert(3, b'3') assert isinstance(b._left_record_node, LeafNode) b.close()"}
{"name": "bplustree.tests.test_tree.test_insert_split_in_tree", "code": "def test_insert_split_in_tree(iterator, order, page_size, k_size, v_size, serialize_class, cache_size):  inserted = list() for i in iterator: v = str(i).encode() k = i if serialize_class is StrSerializer: k = str(i) inserted.append((k, v))  b = BPlusTree(filename, order=order, page_size=page_size, key_size=k_size, value_size=v_size, cache_size=cache_size, serializer=serialize_class())  if sorted(inserted) == inserted: b.batch_insert(inserted) else: for k, v in inserted: b.insert(k, v)  # Reload tree from file before checking values b.close() b = BPlusTree(filename, order=order, page_size=page_size, key_size=k_size, value_size=v_size, cache_size=cache_size, serializer=serialize_class())  for k, v in inserted: assert b.get(k) == v  b.close()"}
{"name": "bplustree.tests.test_tree.test_insert_split_in_tree_uuid", "code": "def test_insert_split_in_tree_uuid(): # Not in the test matrix because the iterators don't really make sense test_insert_split_in_tree( [uuid.uuid4() for _ in range(1000)], 20, 4096, 16, 40, UUIDSerializer, 50 )"}
{"name": "bplustree.tests.test_tree.test_insert_split_in_tree_datetime_utc", "code": "def test_insert_split_in_tree_datetime_utc(): dt = datetime(2018, 1, 6, 21, 42, 2, 424739, tzinfo=timezone.utc) test_insert_split_in_tree( [dt + timedelta(minutes=i) for i in range(1000)], 20, 2048, 8, 40, DatetimeUTCSerializer, 50 )"}
{"name": "bplustree.tests.test_tree.test_overflow", "code": "def test_overflow(b): data = b'f' * 323343 with b._mem.write_transaction: first_overflow_page = b._create_overflow(data) assert b._read_from_overflow(first_overflow_page) == data  with b._mem.read_transaction: assert b._read_from_overflow(first_overflow_page) == data"}
{"name": "bplustree.tests.test_tree.test_batch_insert", "code": "def test_batch_insert(b): def generate(from_, to): for i in range(from_, to): yield i, str(i).encode()  b.batch_insert(generate(0, 1000)) b.batch_insert(generate(1000, 2000))  i = 0 for k, v in b.items(): assert k == i assert v == str(i).encode() i += 1 assert i == 2000"}
{"name": "bplustree.tests.test_tree.test_batch_insert.generate", "code": "def generate(from_, to): for i in range(from_, to): yield i, str(i).encode()"}
{"name": "bplustree.tests.test_tree.test_batch_insert_no_in_order", "code": "def test_batch_insert_no_in_order(b): with pytest.raises(ValueError): b.batch_insert([(2, b'2'), (1, b'1')]) assert b.get(1) is None assert b.get(2) is None  b.insert(2, b'2') with pytest.raises(ValueError): b.batch_insert([(1, b'1')])  with pytest.raises(ValueError): b.batch_insert([(2, b'2')])  assert b.get(1) is None assert b.get(2) == b'2'"}
{"name": "bplustree.tests.test_serializer.test_int_serializer", "code": "def test_int_serializer(): s = IntSerializer() assert s.serialize(42, 2) == b'*\\x00' assert s.deserialize(b'*\\x00') == 42 assert repr(s) == 'IntSerializer()'"}
{"name": "bplustree.tests.test_serializer.test_serializer_slots", "code": "def test_serializer_slots(): s = IntSerializer() with pytest.raises(AttributeError): s.foo = True"}
{"name": "bplustree.tests.test_serializer.test_str_serializer", "code": "def test_str_serializer(): s = StrSerializer() assert s.serialize('foo', 3) == b'foo' assert s.deserialize(b'foo') == 'foo' assert repr(s) == 'StrSerializer()'"}
{"name": "bplustree.tests.test_serializer.test_uuid_serializer", "code": "def test_uuid_serializer(): s = UUIDSerializer() id_ = uuid.uuid4() assert s.serialize(id_, 16) == id_.bytes assert s.deserialize(id_.bytes) == id_ assert repr(s) == 'UUIDSerializer()'"}
{"name": "bplustree.tests.test_serializer.test_datetime_utc_serializer", "code": "def test_datetime_utc_serializer(): s = DatetimeUTCSerializer() dt = datetime(2018, 1, 6, 21, 42, 2, 424739, tzinfo=timezone.utc) serialized = s.serialize(dt, 8) assert serialized == b'W\\xe2\\x02\\xd6\\xa0\\x99\\xec\\x8c' assert s.deserialize(serialized) == dt assert repr(s) == 'DatetimeUTCSerializer()'"}
{"name": "bplustree.tests.test_serializer.test_datetime_utc_serializer_no_temporenc", "code": "def test_datetime_utc_serializer_no_temporenc(): with pytest.raises(RuntimeError): DatetimeUTCSerializer()"}
{"name": "bplustree.tests.test_utils.test_pairwise", "code": "def test_pairwise(): i = pairwise([0, 1, 2, 3, 4]) assert next(i) == (0, 1) assert next(i) == (1, 2) assert next(i) == (2, 3) assert next(i) == (3, 4) with pytest.raises(StopIteration): next(i)"}
{"name": "bplustree.tests.test_utils.test_iter_slice", "code": "def test_iter_slice(): i = iter_slice(b'12345678', 3) assert next(i) == (b'123', False) assert next(i) == (b'456', False) assert next(i) == (b'78', True) with pytest.raises(StopIteration): next(i)  i = iter_slice(b'123456', 3) assert next(i) == (b'123', False) assert next(i) == (b'456', True) with pytest.raises(StopIteration): next(i)"}
{"name": "bplustree.tests.conftest.clean_file", "code": "def clean_file(): if os.path.isfile(filename): os.unlink(filename) if os.path.isfile(filename + '-wal'): os.unlink(filename + '-wal') yield if os.path.isfile(filename): os.unlink(filename) if os.path.isfile(filename + '-wal'): os.unlink(filename + '-wal')"}
{"name": "bplustree.tests.conftest.patch_fsync", "code": "def patch_fsync(): mock_fsync = mock.patch('os.fsync') mock_fsync.start() yield mock_fsync.stop()"}
{"name": "bplustree.tests.test_memory.test_file_memory_node", "code": "def test_file_memory_node(): mem = FileMemory(filename, tree_conf)  with pytest.raises(ReachedEndOfFile): mem.get_node(3)  mem.set_node(node) assert node == mem.get_node(3)  mem.close()"}
{"name": "bplustree.tests.test_memory.test_file_memory_metadata", "code": "def test_file_memory_metadata(): mem = FileMemory(filename, tree_conf) with pytest.raises(ValueError): mem.get_metadata() mem.set_metadata(6, tree_conf) assert mem.get_metadata() == (6, tree_conf)"}
{"name": "bplustree.tests.test_memory.test_file_memory_next_available_page", "code": "def test_file_memory_next_available_page(): mem = FileMemory(filename, tree_conf) for i in range(1, 100): assert mem.next_available_page == i"}
{"name": "bplustree.tests.test_memory.test_open_file_in_dir", "code": "def test_open_file_in_dir(): with pytest.raises(ValueError): open_file_in_dir('/foo/bar/does/not/exist')  # Create file and re-open for _ in range(2): file_fd, dir_fd = open_file_in_dir(filename)  assert isinstance(file_fd, io.FileIO) file_fd.close()  if platform.system() == 'Windows': assert dir_fd is None else: assert isinstance(dir_fd, int) os.close(dir_fd)"}
{"name": "bplustree.tests.test_memory.test_open_file_in_dir_windows", "code": "def test_open_file_in_dir_windows(_): file_fd, dir_fd = open_file_in_dir(filename) assert isinstance(file_fd, io.FileIO) file_fd.close() assert dir_fd is None"}
{"name": "bplustree.tests.test_memory.test_file_memory_write_transaction", "code": "def test_file_memory_write_transaction(): mem = FileMemory(filename, tree_conf) mem._lock = mock.Mock()  assert mem._wal._not_committed_pages == {} assert mem._wal._committed_pages == {}  with mem.write_transaction: mem.set_node(node) assert mem._wal._not_committed_pages == {3: 9} assert mem._wal._committed_pages == {} assert mem._lock.writer_lock.acquire.call_count == 1  assert mem._wal._not_committed_pages == {} assert mem._wal._committed_pages == {3: 9} assert mem._lock.writer_lock.release.call_count == 1 assert mem._lock.reader_lock.acquire.call_count == 0  with mem.read_transaction: assert mem._lock.reader_lock.acquire.call_count == 1 assert node == mem.get_node(3)  assert mem._lock.reader_lock.release.call_count == 1 mem.close()"}
{"name": "bplustree.tests.test_memory.test_file_memory_write_transaction_error", "code": "def test_file_memory_write_transaction_error(): mem = FileMemory(filename, tree_conf) mem._lock = mock.Mock() mem._cache[424242] = node  with pytest.raises(ValueError): with mem.write_transaction: mem.set_node(node) assert mem._wal._not_committed_pages == {3: 9} assert mem._wal._committed_pages == {} assert mem._lock.writer_lock.acquire.call_count == 1 raise ValueError('Foo')  assert mem._wal._not_committed_pages == {} assert mem._wal._committed_pages == {} assert mem._lock.writer_lock.release.call_count == 1 assert mem._cache.get(424242) is None"}
{"name": "bplustree.tests.test_memory.test_file_memory_repr", "code": "def test_file_memory_repr(): mem = FileMemory(filename, tree_conf) assert repr(mem) == '<FileMemory: {}>'.format(filename) mem.close()"}
{"name": "bplustree.tests.test_memory.test_wal_create_reopen_empty", "code": "def test_wal_create_reopen_empty(): WAL(filename, 64)  wal = WAL(filename, 64) assert wal._page_size == 64"}
{"name": "bplustree.tests.test_memory.test_wal_create_reopen_uncommitted", "code": "def test_wal_create_reopen_uncommitted(): wal = WAL(filename, 64) wal.set_page(1, b'1' * 64) wal.commit() wal.set_page(2, b'2' * 64) assert wal.get_page(1) == b'1' * 64 assert wal.get_page(2) == b'2' * 64  wal = WAL(filename, 64) assert wal.get_page(1) == b'1' * 64 assert wal.get_page(2) is None"}
{"name": "bplustree.tests.test_memory.test_wal_rollback", "code": "def test_wal_rollback(): wal = WAL(filename, 64) wal.set_page(1, b'1' * 64) wal.commit() wal.set_page(2, b'2' * 64) assert wal.get_page(1) == b'1' * 64 assert wal.get_page(2) == b'2' * 64  wal.rollback() assert wal.get_page(1) == b'1' * 64 assert wal.get_page(2) is None"}
{"name": "bplustree.tests.test_memory.test_wal_checkpoint", "code": "def test_wal_checkpoint(): wal = WAL(filename, 64) wal.set_page(1, b'1' * 64) wal.commit() wal.set_page(2, b'2' * 64)  rv = wal.checkpoint() assert list(rv) == [(1, b'1' * 64)]  with pytest.raises(ValueError): wal.set_page(3, b'3' * 64)  assert os.path.isfile(filename + '-wal') is False"}
{"name": "bplustree.tests.test_memory.test_wal_repr", "code": "def test_wal_repr(): wal = WAL(filename, 64) assert repr(wal) == '<WAL: {}-wal>'.format(filename)"}
