{"name": "bplustree.bplustree.entry.Entry", "code": "class Entry(metaclass=abc.ABCMeta):  __slots__ = []  @abc.abstractmethod def load(self, data: bytes): \"\"\"Deserialize data into an object.\"\"\"  @abc.abstractmethod def dump(self) -> bytes: \"\"\"Serialize object to data.\"\"\"  def __eq__(self, other): return self.key == other.key  def __lt__(self, other): return self.key < other.key  def __le__(self, other): return self.key <= other.key  def __gt__(self, other): return self.key > other.key  def __ge__(self, other): return self.key >= other.key"}
{"name": "bplustree.bplustree.entry.Record", "code": "class Record(Entry): \"\"\"A container for the actual data the tree stores.\"\"\"  __slots__ = ['_tree_conf', 'key', 'value', 'length', 'overflow_page']  def __init__(self, tree_conf: TreeConf, key=None, value: Optional[bytes]=None, data: Optional[bytes]=None, overflow_page: Optional[int]=None): self._tree_conf = tree_conf self.key = key self.value = value self.length = ( USED_KEY_LENGTH_BYTES + self._tree_conf.key_size + USED_VALUE_LENGTH_BYTES + self._tree_conf.value_size + PAGE_REFERENCE_BYTES ) self.overflow_page = overflow_page if data: self.load(data) if self.value: assert len(self.value) <= self._tree_conf.value_size  def load(self, data: bytes): assert len(data) == self.length  end_used_key_length = USED_KEY_LENGTH_BYTES used_key_length = int.from_bytes(data[0:end_used_key_length], ENDIAN) assert 0 <= used_key_length <= self._tree_conf.key_size  end_key = end_used_key_length + used_key_length self.key = self._tree_conf.serializer.deserialize( data[end_used_key_length:end_key] )  start_used_value_length = ( end_used_key_length + self._tree_conf.key_size ) end_used_value_length = ( start_used_value_length + USED_VALUE_LENGTH_BYTES ) used_value_length = int.from_bytes( data[start_used_value_length:end_used_value_length], ENDIAN ) assert 0 <= used_value_length <= self._tree_conf.value_size  end_value = end_used_value_length + used_value_length  start_overflow = end_used_value_length + self._tree_conf.value_size end_overflow = start_overflow + PAGE_REFERENCE_BYTES overflow_page = int.from_bytes( data[start_overflow:end_overflow], ENDIAN )  if overflow_page: self.overflow_page = overflow_page self.value = None else: self.overflow_page = None self.value = data[end_used_value_length:end_value]  def dump(self) -> bytes: assert self.value is None or self.overflow_page is None key_as_bytes = self._tree_conf.serializer.serialize( self.key, self._tree_conf.key_size ) used_key_length = len(key_as_bytes) overflow_page = self.overflow_page or 0 if overflow_page: value = b'' else: value = self.value used_value_length = len(value)  data = ( used_key_length.to_bytes(USED_VALUE_LENGTH_BYTES, ENDIAN) + key_as_bytes + bytes(self._tree_conf.key_size - used_key_length) + used_value_length.to_bytes(USED_VALUE_LENGTH_BYTES, ENDIAN) + value + bytes(self._tree_conf.value_size - used_value_length) + overflow_page.to_bytes(PAGE_REFERENCE_BYTES, ENDIAN) ) return data  def __repr__(self): if self.overflow_page: return '<Record: {} overflowing value>'.format(self.key) if self.value: return '<Record: {} value={}>'.format( self.key, self.value[0:16] ) return '<Record: {} unknown value>'.format(self.key)"}
{"name": "bplustree.bplustree.entry.Reference", "code": "class Reference(Entry): \"\"\"A container for a reference to other nodes.\"\"\"  __slots__ = ['_tree_conf', 'length', 'key', 'before', 'after']  def __init__(self, tree_conf: TreeConf, key=None, before=None, after=None, data: bytes=None): self._tree_conf = tree_conf self.length = ( 2 * PAGE_REFERENCE_BYTES + USED_KEY_LENGTH_BYTES + self._tree_conf.key_size ) self.key = key self.before = before self.after = after if data: self.load(data)  def load(self, data: bytes): assert len(data) == self.length end_before = PAGE_REFERENCE_BYTES self.before = int.from_bytes(data[0:end_before], ENDIAN)  end_used_key_length = end_before + USED_KEY_LENGTH_BYTES used_key_length = int.from_bytes( data[end_before:end_used_key_length], ENDIAN ) assert 0 <= used_key_length <= self._tree_conf.key_size  end_key = end_used_key_length + used_key_length self.key = self._tree_conf.serializer.deserialize( data[end_used_key_length:end_key] )  start_after = end_used_key_length + self._tree_conf.key_size end_after = start_after + PAGE_REFERENCE_BYTES self.after = int.from_bytes(data[start_after:end_after], ENDIAN)  def dump(self) -> bytes: assert isinstance(self.before, int) assert isinstance(self.after, int)  key_as_bytes = self._tree_conf.serializer.serialize( self.key, self._tree_conf.key_size ) used_key_length = len(key_as_bytes)  data = ( self.before.to_bytes(PAGE_REFERENCE_BYTES, ENDIAN) + used_key_length.to_bytes(USED_VALUE_LENGTH_BYTES, ENDIAN) + key_as_bytes + bytes(self._tree_conf.key_size - used_key_length) + self.after.to_bytes(PAGE_REFERENCE_BYTES, ENDIAN) ) return data  def __repr__(self): return '<Reference: key={} before={} after={}>'.format( self.key, self.before, self.after )"}
{"name": "bplustree.bplustree.memory.ReachedEndOfFile", "code": "class ReachedEndOfFile(Exception): \"\"\"Read a file until its end.\"\"\""}
{"name": "bplustree.bplustree.memory.FakeCache", "code": "class FakeCache: \"\"\"A cache that doesn't cache anything.  Because cachetools does not work with maxsize=0. \"\"\"  def get(self, k): pass  def __setitem__(self, key, value): pass  def clear(self): pass"}
{"name": "bplustree.bplustree.memory.FileMemory", "code": "class FileMemory:  __slots__ = ['_filename', '_tree_conf', '_lock', '_cache', '_fd', '_dir_fd', '_wal', 'last_page']  def __init__(self, filename: str, tree_conf: TreeConf, cache_size: int=512): self._filename = filename self._tree_conf = tree_conf self._lock = rwlock.RWLock()  if cache_size == 0: self._cache = FakeCache() else: self._cache = cachetools.LRUCache(maxsize=cache_size)  self._fd, self._dir_fd = open_file_in_dir(filename)  self._wal = WAL(filename, tree_conf.page_size) if self._wal.needs_recovery: self.perform_checkpoint(reopen_wal=True)  # Get the next available page self._fd.seek(0, io.SEEK_END) last_byte = self._fd.tell() self.last_page = int(last_byte / self._tree_conf.page_size)  def get_node(self, page: int): \"\"\"Get a node from storage.  The cache is not there to prevent hitting the disk, the OS is already very good at it. It is there to avoid paying the price of deserializing the data to create the Node object and its entry. This is a very expensive operation in Python.  Since we have at most a single writer we can write to cache on `set_node` if we invalidate the cache when a transaction is rolled back. \"\"\" node = self._cache.get(page) if node is not None: return node  data = self._wal.get_page(page) if not data: data = self._read_page(page)  node = Node.from_page_data(self._tree_conf, data=data, page=page) self._cache[node.page] = node return node  def set_node(self, node: Node): self._wal.set_page(node.page, node.dump()) self._cache[node.page] = node  def set_page(self, page: int, data: bytes): \"\"\"Set a raw page of data.  Used currently only for overflow pages. \"\"\" self._wal.set_page(page, data)  def get_page(self, page: int) -> bytes: data = self._wal.get_page(page) if not data: data = self._read_page(page) return data  @property def read_transaction(self):  class ReadTransaction:  def __enter__(self2): self._lock.reader_lock.acquire()  def __exit__(self2, exc_type, exc_val, exc_tb): self._lock.reader_lock.release()  return ReadTransaction()  @property def write_transaction(self):  class WriteTransaction:  def __enter__(self2): self._lock.writer_lock.acquire()  def __exit__(self2, exc_type, exc_val, exc_tb): if exc_type: # When an error happens in the middle of a write # transaction we must roll it back and clear the cache # because the writer may have partially modified the Nodes self._wal.rollback() self._cache.clear() else: self._wal.commit() self._lock.writer_lock.release()  return WriteTransaction()  @property def next_available_page(self) -> int: self.last_page += 1 return self.last_page  def get_metadata(self) -> tuple: try: data = self._read_page(0) except ReachedEndOfFile: raise ValueError('Metadata not set yet') end_root_node_page = PAGE_REFERENCE_BYTES root_node_page = int.from_bytes( data[0:end_root_node_page], ENDIAN ) end_page_size = end_root_node_page + OTHERS_BYTES page_size = int.from_bytes( data[end_root_node_page:end_page_size], ENDIAN ) end_order = end_page_size + OTHERS_BYTES order = int.from_bytes( data[end_page_size:end_order], ENDIAN ) end_key_size = end_order + OTHERS_BYTES key_size = int.from_bytes( data[end_order:end_key_size], ENDIAN ) end_value_size = end_key_size + OTHERS_BYTES value_size = int.from_bytes( data[end_key_size:end_value_size], ENDIAN ) self._tree_conf = TreeConf( page_size, order, key_size, value_size, self._tree_conf.serializer ) return root_node_page, self._tree_conf  def set_metadata(self, root_node_page: int, tree_conf: TreeConf): self._tree_conf = tree_conf length = PAGE_REFERENCE_BYTES + 4 * OTHERS_BYTES data = ( root_node_page.to_bytes(PAGE_REFERENCE_BYTES, ENDIAN) + self._tree_conf.page_size.to_bytes(OTHERS_BYTES, ENDIAN) + self._tree_conf.order.to_bytes(OTHERS_BYTES, ENDIAN) + self._tree_conf.key_size.to_bytes(OTHERS_BYTES, ENDIAN) + self._tree_conf.value_size.to_bytes(OTHERS_BYTES, ENDIAN) + bytes(self._tree_conf.page_size - length) ) self._write_page_in_tree(0, data, fsync=True)  def close(self): self.perform_checkpoint() self._fd.close() if self._dir_fd is not None: os.close(self._dir_fd)  def perform_checkpoint(self, reopen_wal=False): logger.info('Performing checkpoint of %s', self._filename) for page, page_data in self._wal.checkpoint(): self._write_page_in_tree(page, page_data, fsync=False) fsync_file_and_dir(self._fd.fileno(), self._dir_fd) if reopen_wal: self._wal = WAL(self._filename, self._tree_conf.page_size)  def _read_page(self, page: int) -> bytes: start = page * self._tree_conf.page_size stop = start + self._tree_conf.page_size assert stop - start == self._tree_conf.page_size return read_from_file(self._fd, start, stop)  def _write_page_in_tree(self, page: int, data: Union[bytes, bytearray], fsync: bool=True): \"\"\"Write a page of data in the tree file itself.  To be used during checkpoints and other non-standard uses. \"\"\" assert len(data) == self._tree_conf.page_size self._fd.seek(page * self._tree_conf.page_size) write_to_file(self._fd, self._dir_fd, data, fsync=fsync)  def __repr__(self): return '<FileMemory: {}>'.format(self._filename)"}
{"name": "bplustree.bplustree.memory.FileMemory.read_transaction.ReadTransaction", "code": "class ReadTransaction:  def __enter__(self2): self._lock.reader_lock.acquire()  def __exit__(self2, exc_type, exc_val, exc_tb): self._lock.reader_lock.release()"}
{"name": "bplustree.bplustree.memory.FileMemory.write_transaction.WriteTransaction", "code": "class WriteTransaction:  def __enter__(self2): self._lock.writer_lock.acquire()  def __exit__(self2, exc_type, exc_val, exc_tb): if exc_type: # When an error happens in the middle of a write # transaction we must roll it back and clear the cache # because the writer may have partially modified the Nodes self._wal.rollback() self._cache.clear() else: self._wal.commit() self._lock.writer_lock.release()"}
{"name": "bplustree.bplustree.memory.FrameType", "code": "class FrameType(enum.Enum): PAGE = 1 COMMIT = 2 ROLLBACK = 3"}
{"name": "bplustree.bplustree.memory.WAL", "code": "class WAL:  __slots__ = ['filename', '_fd', '_dir_fd', '_page_size', '_committed_pages', '_not_committed_pages', 'needs_recovery']  FRAME_HEADER_LENGTH = ( FRAME_TYPE_BYTES + PAGE_REFERENCE_BYTES )  def __init__(self, filename: str, page_size: int): self.filename = filename + '-wal' self._fd, self._dir_fd = open_file_in_dir(self.filename) self._page_size = page_size self._committed_pages = dict() self._not_committed_pages = dict()  self._fd.seek(0, io.SEEK_END) if self._fd.tell() == 0: self._create_header() self.needs_recovery = False else: logger.warning('Found an existing WAL file, ' 'the B+Tree was not closed properly') self.needs_recovery = True self._load_wal()  def checkpoint(self): \"\"\"Transfer the modified data back to the tree and close the WAL.\"\"\" if self._not_committed_pages: logger.warning('Closing WAL with uncommitted data, discarding it')  fsync_file_and_dir(self._fd.fileno(), self._dir_fd)  for page, page_start in self._committed_pages.items(): page_data = read_from_file( self._fd, page_start, page_start + self._page_size ) yield page, page_data  self._fd.close() os.unlink(self.filename) if self._dir_fd is not None: os.fsync(self._dir_fd) os.close(self._dir_fd)  def _create_header(self): data = self._page_size.to_bytes(OTHERS_BYTES, ENDIAN) self._fd.seek(0) write_to_file(self._fd, self._dir_fd, data, True)  def _load_wal(self): self._fd.seek(0) header_data = read_from_file(self._fd, 0, OTHERS_BYTES) assert int.from_bytes(header_data, ENDIAN) == self._page_size  while True: try: self._load_next_frame() except ReachedEndOfFile: break if self._not_committed_pages: logger.warning('WAL has uncommitted data, discarding it') self._not_committed_pages = dict()  def _load_next_frame(self): start = self._fd.tell() stop = start + self.FRAME_HEADER_LENGTH data = read_from_file(self._fd, start, stop)  frame_type = int.from_bytes(data[0:FRAME_TYPE_BYTES], ENDIAN) page = int.from_bytes( data[FRAME_TYPE_BYTES:FRAME_TYPE_BYTES+PAGE_REFERENCE_BYTES], ENDIAN )  frame_type = FrameType(frame_type) if frame_type is FrameType.PAGE: self._fd.seek(stop + self._page_size)  self._index_frame(frame_type, page, stop)  def _index_frame(self, frame_type: FrameType, page: int, page_start: int): if frame_type is FrameType.PAGE: self._not_committed_pages[page] = page_start elif frame_type is FrameType.COMMIT: self._committed_pages.update(self._not_committed_pages) self._not_committed_pages = dict() elif frame_type is FrameType.ROLLBACK: self._not_committed_pages = dict() else: assert False  def _add_frame(self, frame_type: FrameType, page: Optional[int]=None, page_data: Optional[bytes]=None): if frame_type is FrameType.PAGE and (not page or not page_data): raise ValueError('PAGE frame without page data') if page_data and len(page_data) != self._page_size: raise ValueError('Page data is different from page size') if not page: page = 0 if frame_type is not FrameType.PAGE: page_data = b'' data = ( frame_type.value.to_bytes(FRAME_TYPE_BYTES, ENDIAN) + page.to_bytes(PAGE_REFERENCE_BYTES, ENDIAN) + page_data ) self._fd.seek(0, io.SEEK_END) write_to_file(self._fd, self._dir_fd, data, fsync=frame_type != FrameType.PAGE) self._index_frame(frame_type, page, self._fd.tell() - self._page_size)  def get_page(self, page: int) -> Optional[bytes]: page_start = None for store in (self._not_committed_pages, self._committed_pages): page_start = store.get(page) if page_start: break  if not page_start: return None  return read_from_file(self._fd, page_start, page_start + self._page_size)  def set_page(self, page: int, page_data: bytes): self._add_frame(FrameType.PAGE, page, page_data)  def commit(self): # Commit is a no-op when there is no uncommitted pages if self._not_committed_pages: self._add_frame(FrameType.COMMIT)  def rollback(self): # Rollback is a no-op when there is no uncommitted pages if self._not_committed_pages: self._add_frame(FrameType.ROLLBACK)  def __repr__(self): return '<WAL: {}>'.format(self.filename)"}
{"name": "bplustree.bplustree.tree.BPlusTree", "code": "class BPlusTree:  __slots__ = ['_filename', '_tree_conf', '_mem', '_root_node_page', '_is_open', 'LonelyRootNode', 'RootNode', 'InternalNode', 'LeafNode', 'Record', 'Reference']  # ######################### Public API ################################  def __init__(self, filename: str, page_size: int= 4096, order: int=100, key_size: int=8, value_size: int=32, cache_size: int=64, serializer: Optional[Serializer]=None): self._filename = filename self._tree_conf = TreeConf( page_size, order, key_size, value_size, serializer or IntSerializer() ) self._create_partials() self._mem = FileMemory(filename, self._tree_conf, cache_size=cache_size) try: metadata = self._mem.get_metadata() except ValueError: self._initialize_empty_tree() else: self._root_node_page, self._tree_conf = metadata self._is_open = True  def close(self): with self._mem.write_transaction: if not self._is_open: logger.info('Tree is already closed') return  self._mem.close() self._is_open = False  def __enter__(self): return self  def __exit__(self, exc_type, exc_val, exc_tb): self.close()  def checkpoint(self): with self._mem.write_transaction: self._mem.perform_checkpoint(reopen_wal=True)  def insert(self, key, value: bytes, replace=False): \"\"\"Insert a value in the tree.  :param key: The key at which the value will be recorded, must be of the same type used by the Serializer :param value: The value to record in bytes :param replace: If True, already existing value will be overridden, otherwise a ValueError is raised. \"\"\" if not isinstance(value, bytes): ValueError('Values must be bytes objects')  with self._mem.write_transaction: node = self._search_in_tree(key, self._root_node)  # Check if a record with the key already exist try: existing_record = node.get_entry(key) except ValueError: pass else: if not replace: raise ValueError('Key {} already exists'.format(key))  # TODO: collect previously used overflow pages if len(value) <= self._tree_conf.value_size: existing_record.value = value existing_record.overflow_page = None else: existing_record.value = None existing_record.overflow_page = self._create_overflow( value ) self._mem.set_node(node) return  if len(value) <= self._tree_conf.value_size: record = self.Record(key, value=value) else: # Record values exceeding the max value_size must be placed # into overflow pages first_overflow_page = self._create_overflow(value) record = self.Record(key, value=None, overflow_page=first_overflow_page)  if node.can_add_entry: node.insert_entry(record) self._mem.set_node(node) else: node.insert_entry(record) self._split_leaf(node)  def batch_insert(self, iterable: Iterable): \"\"\"Insert many elements in the tree at once.  The iterable object must yield tuples (key, value) in ascending order. All keys to insert must be bigger than all keys currently in the tree. All inserts happen in a single transaction. This is way faster than manually inserting in a loop. \"\"\" node = None with self._mem.write_transaction:  for key, value in iterable:  if node is None: node = self._search_in_tree(key, self._root_node)  try: biggest_entry = node.biggest_entry except IndexError: biggest_entry = None if biggest_entry and key <= biggest_entry.key: raise ValueError('Keys to batch insert must be sorted and ' 'bigger than keys currently in the tree')  if len(value) <= self._tree_conf.value_size: record = self.Record(key, value=value) else: # Record values exceeding the max value_size must be placed # into overflow pages first_overflow_page = self._create_overflow(value) record = self.Record(key, value=None, overflow_page=first_overflow_page)  if node.can_add_entry: node.insert_entry_at_the_end(record) else: node.insert_entry_at_the_end(record) self._split_leaf(node) node = None  if node is not None: self._mem.set_node(node)  def get(self, key, default=None) -> bytes: with self._mem.read_transaction: node = self._search_in_tree(key, self._root_node) try: record = node.get_entry(key) except ValueError: return default else: rv = self._get_value_from_record(record) assert isinstance(rv, bytes) return rv  def __contains__(self, item): with self._mem.read_transaction: o = object() return False if self.get(item, default=o) is o else True  def __setitem__(self, key, value): self.insert(key, value, replace=True)  def __getitem__(self, item): with self._mem.read_transaction:  if isinstance(item, slice): # Returning a dict is the most sensible thing to do # as a method cannot return a sometimes a generator # and sometimes a normal value rv = dict() for record in self._iter_slice(item): rv[record.key] = self._get_value_from_record(record) return rv  else: rv = self.get(item) if rv is None: raise KeyError(item) return rv  def __len__(self): with self._mem.read_transaction: node = self._left_record_node rv = 0 while True: rv += len(node.entries) if not node.next_page: return rv node = self._mem.get_node(node.next_page)  def __length_hint__(self): with self._mem.read_transaction: node = self._root_node if isinstance(node, LonelyRootNode): # Assume that the lonely root node is half full return node.max_children // 2 # Assume that there are no holes in pages last_page = self._mem.last_page # Assume that 70% of nodes in a tree carry values num_leaf_nodes = int(last_page * 0.70) # Assume that every leaf node is half full num_records_per_leaf_node = int( (node.max_children + node.min_children) / 2 ) return num_leaf_nodes * num_records_per_leaf_node  def __iter__(self, slice_: Optional[slice]=None): if not slice_: slice_ = slice(None) with self._mem.read_transaction: for record in self._iter_slice(slice_): yield record.key  keys = __iter__  def items(self, slice_: Optional[slice]=None) -> Iterator[tuple]: if not slice_: slice_ = slice(None) with self._mem.read_transaction: for record in self._iter_slice(slice_): yield record.key, self._get_value_from_record(record)  def values(self, slice_: Optional[slice]=None) -> Iterator[bytes]: if not slice_: slice_ = slice(None) with self._mem.read_transaction: for record in self._iter_slice(slice_): yield self._get_value_from_record(record)  def __bool__(self): with self._mem.read_transaction: for _ in self: return True return False  def __repr__(self): return '<BPlusTree: {} {}>'.format(self._filename, self._tree_conf)  # ####################### Implementation ##############################  def _initialize_empty_tree(self): self._root_node_page = self._mem.next_available_page with self._mem.write_transaction: self._mem.set_node(self.LonelyRootNode(page=self._root_node_page)) self._mem.set_metadata(self._root_node_page, self._tree_conf)  def _create_partials(self): self.LonelyRootNode = partial(LonelyRootNode, self._tree_conf) self.RootNode = partial(RootNode, self._tree_conf) self.InternalNode = partial(InternalNode, self._tree_conf) self.LeafNode = partial(LeafNode, self._tree_conf) self.Record = partial(Record, self._tree_conf) self.Reference = partial(Reference, self._tree_conf)  @property def _root_node(self) -> Union['LonelyRootNode', 'RootNode']: root_node = self._mem.get_node(self._root_node_page) assert isinstance(root_node, (LonelyRootNode, RootNode)) return root_node  @property def _left_record_node(self) -> Union['LonelyRootNode', 'LeafNode']: node = self._root_node while not isinstance(node, (LonelyRootNode, LeafNode)): node = self._mem.get_node(node.smallest_entry.before) return node  def _iter_slice(self, slice_: slice) -> Iterator[Record]: if slice_.step is not None: raise ValueError('Cannot iterate with a custom step')  if (slice_.start is not None and slice_.stop is not None and slice_.start >= slice_.stop): raise ValueError('Cannot iterate backwards')  if slice_.start is None: node = self._left_record_node else: node = self._search_in_tree(slice_.start, self._root_node)  while True: for entry in node.entries: if slice_.start is not None and entry.key < slice_.start: continue  if slice_.stop is not None and entry.key >= slice_.stop: raise StopIteration()  yield entry  if node.next_page: node = self._mem.get_node(node.next_page) else: raise StopIteration()  def _search_in_tree(self, key, node) -> 'Node': if isinstance(node, (LonelyRootNode, LeafNode)): return node  page = None  if key < node.smallest_key: page = node.smallest_entry.before  elif node.biggest_key <= key: page = node.biggest_entry.after  else: for ref_a, ref_b in utils.pairwise(node.entries): if ref_a.key <= key < ref_b.key: page = ref_a.after break  assert page is not None  child_node = self._mem.get_node(page) child_node.parent = node return self._search_in_tree(key, child_node)  def _split_leaf(self, old_node: 'Node'): \"\"\"Split a leaf Node to allow the tree to grow.\"\"\" parent = old_node.parent new_node = self.LeafNode(page=self._mem.next_available_page, next_page=old_node.next_page) new_entries = old_node.split_entries() new_node.entries = new_entries ref = self.Reference(new_node.smallest_key, old_node.page, new_node.page)  if isinstance(old_node, LonelyRootNode): # Convert the LonelyRoot into a Leaf old_node = old_node.convert_to_leaf() self._create_new_root(ref) elif parent.can_add_entry: parent.insert_entry(ref) self._mem.set_node(parent) else: parent.insert_entry(ref) self._split_parent(parent)  old_node.next_page = new_node.page  self._mem.set_node(old_node) self._mem.set_node(new_node)  def _split_parent(self, old_node: Node): parent = old_node.parent new_node = self.InternalNode(page=self._mem.next_available_page) new_entries = old_node.split_entries() new_node.entries = new_entries  ref = new_node.pop_smallest() ref.before = old_node.page ref.after = new_node.page  if isinstance(old_node, RootNode): # Convert the Root into an Internal old_node = old_node.convert_to_internal() self._create_new_root(ref) elif parent.can_add_entry: parent.insert_entry(ref) self._mem.set_node(parent) else: parent.insert_entry(ref) self._split_parent(parent)  self._mem.set_node(old_node) self._mem.set_node(new_node)  def _create_new_root(self, reference: Reference): new_root = self.RootNode(page=self._mem.next_available_page) new_root.insert_entry(reference) self._root_node_page = new_root.page self._mem.set_metadata(self._root_node_page, self._tree_conf) self._mem.set_node(new_root)  # TODO: Change overflow into a new kind of Node def _create_overflow(self, value: bytes) -> int: overflow_max_payload = ( self._tree_conf.page_size - PAGE_REFERENCE_BYTES - USED_PAGE_LENGTH_BYTES ) first_overflow_page = self._mem.next_available_page next_overflow_page = first_overflow_page  iterator = utils.iter_slice(value, overflow_max_payload) for slice_value, is_last in iterator: current_overflow_page = next_overflow_page  if is_last: next_overflow_page = 0 else: next_overflow_page = self._mem.next_available_page  length_payload = len(slice_value) padding = ( self._tree_conf.page_size - length_payload - PAGE_REFERENCE_BYTES - USED_PAGE_LENGTH_BYTES )  overflow_page_data = ( next_overflow_page.to_bytes(PAGE_REFERENCE_BYTES, ENDIAN) + length_payload.to_bytes(USED_PAGE_LENGTH_BYTES, ENDIAN) + slice_value + bytes(padding) ) self._mem.set_page(current_overflow_page, overflow_page_data)  return first_overflow_page  def _read_from_overflow(self, first_overflow_page) -> bytes: rv = bytearray() next_overflow_page = first_overflow_page while True: data = self._mem.get_page(next_overflow_page)  next_overflow_page = int.from_bytes( data[0:PAGE_REFERENCE_BYTES], ENDIAN ) end_length_payload = PAGE_REFERENCE_BYTES + USED_PAGE_LENGTH_BYTES length_payload = int.from_bytes( data[PAGE_REFERENCE_BYTES:end_length_payload], ENDIAN ) slice_value = data[end_length_payload: end_length_payload+length_payload] rv.extend(slice_value)  if next_overflow_page == 0: break  return bytes(rv)  def _get_value_from_record(self, record: Record) -> bytes: if record.value is not None: return record.value return self._read_from_overflow(record.overflow_page)"}
{"name": "bplustree.bplustree.serializer.Serializer", "code": "class Serializer(metaclass=abc.ABCMeta):  __slots__ = []  @abc.abstractmethod def serialize(self, obj: object, key_size: int) -> bytes: \"\"\"Serialize a key to bytes.\"\"\"  @abc.abstractmethod def deserialize(self, data: bytes) -> object: \"\"\"Create a key object from bytes.\"\"\"  def __repr__(self): return '{}()'.format(self.__class__.__name__)"}
{"name": "bplustree.bplustree.serializer.IntSerializer", "code": "class IntSerializer(Serializer):  __slots__ = []  def serialize(self, obj: int, key_size: int) -> bytes: return obj.to_bytes(key_size, ENDIAN)  def deserialize(self, data: bytes) -> int: return int.from_bytes(data, ENDIAN)"}
{"name": "bplustree.bplustree.serializer.StrSerializer", "code": "class StrSerializer(Serializer):  __slots__ = []  def serialize(self, obj: str, key_size: int) -> bytes: rv = obj.encode(encoding='utf-8') assert len(rv) <= key_size return rv  def deserialize(self, data: bytes) -> str: return data.decode(encoding='utf-8')"}
{"name": "bplustree.bplustree.serializer.UUIDSerializer", "code": "class UUIDSerializer(Serializer):  __slots__ = []  def serialize(self, obj: UUID, key_size: int) -> bytes: return obj.bytes  def deserialize(self, data: bytes) -> UUID: return UUID(bytes=data)"}
{"name": "bplustree.bplustree.serializer.DatetimeUTCSerializer", "code": "class DatetimeUTCSerializer(Serializer):  __slots__ = []  def __init__(self): if temporenc is None: raise RuntimeError('Serialization to/from datetime needs the ' 'third-party library \"temporenc\"')  def serialize(self, obj: datetime, key_size: int) -> bytes: if obj.tzinfo is None: raise ValueError('DatetimeUTCSerializer needs a timezone aware ' 'datetime') return temporenc.packb(obj, type='DTS')  def deserialize(self, data: bytes) -> datetime: rv = temporenc.unpackb(data).datetime() rv = rv.replace(tzinfo=timezone.utc) return rv"}
{"name": "bplustree.bplustree.node.Node", "code": "class Node(metaclass=abc.ABCMeta):  __slots__ = ['_tree_conf', 'entries', 'page', 'parent', 'next_page']  # Attributes to redefine in inherited classes _node_type_int = 0 max_children = 0 min_children = 0 _entry_class = None  def __init__(self, tree_conf: TreeConf, data: Optional[bytes]=None, page: int=None, parent: 'Node'=None, next_page: int=None): self._tree_conf = tree_conf self.entries = list() self.page = page self.parent = parent self.next_page = next_page if data: self.load(data)  def load(self, data: bytes): assert len(data) == self._tree_conf.page_size end_used_page_length = NODE_TYPE_BYTES + USED_PAGE_LENGTH_BYTES used_page_length = int.from_bytes( data[NODE_TYPE_BYTES:end_used_page_length], ENDIAN ) end_header = end_used_page_length + PAGE_REFERENCE_BYTES self.next_page = int.from_bytes( data[end_used_page_length:end_header], ENDIAN ) if self.next_page == 0: self.next_page = None  entry_length = self._entry_class(self._tree_conf).length for start_offset in range(end_header, used_page_length, entry_length): entry_data = data[start_offset:start_offset+entry_length] entry = self._entry_class(self._tree_conf, data=entry_data) self.entries.append(entry)  def dump(self) -> bytearray: data = bytearray() for record in self.entries: data.extend(record.dump())  used_page_length = len(data) + 4 assert 0 <= used_page_length < self._tree_conf.page_size next_page = 0 if self.next_page is None else self.next_page header = ( self._node_type_int.to_bytes(1, ENDIAN) + used_page_length.to_bytes(3, ENDIAN) + next_page.to_bytes(PAGE_REFERENCE_BYTES, ENDIAN) )  data = bytearray(header) + data  padding = self._tree_conf.page_size - len(data) assert padding >= 0 data.extend(bytearray(padding)) assert len(data) == self._tree_conf.page_size  return data  @property def can_add_entry(self) -> bool: return self.num_children < self.max_children  @property def can_delete_entry(self) -> bool: return self.num_children > self.min_children  @property def smallest_key(self): return self.smallest_entry.key  @property def smallest_entry(self): return self.entries[0]  @property def biggest_key(self): return self.biggest_entry.key  @property def biggest_entry(self): return self.entries[-1]  @property @abc.abstractmethod def num_children(self) -> int: \"\"\"Number of entries or other nodes connected to the node.\"\"\"  def pop_smallest(self) -> Entry: \"\"\"Remove and return the smallest entry.\"\"\" return self.entries.pop(0)  def insert_entry(self, entry: Entry): bisect.insort(self.entries, entry)  def insert_entry_at_the_end(self, entry: Entry): \"\"\"Insert an entry at the end of the entry list.  This is an optimized version of `insert_entry` when it is known that the key to insert is bigger than any other entries. \"\"\" self.entries.append(entry)  def remove_entry(self, key): self.entries.pop(self._find_entry_index(key))  def get_entry(self, key) -> Entry: return self.entries[self._find_entry_index(key)]  def _find_entry_index(self, key) -> int: entry = self._entry_class( self._tree_conf, key=key  # Hack to compare and order ) i = bisect.bisect_left(self.entries, entry) if i != len(self.entries) and self.entries[i] == entry: return i raise ValueError('No entry for key {}'.format(key))  def split_entries(self) -> list: \"\"\"Split the entries in half.  Keep the lower part in the node and return the upper one. \"\"\" len_entries = len(self.entries) rv = self.entries[len_entries//2:] self.entries = self.entries[:len_entries//2] assert len(self.entries) + len(rv) == len_entries return rv  @classmethod def from_page_data(cls, tree_conf: TreeConf, data: bytes, page: int=None) -> 'Node': node_type_byte = data[0:NODE_TYPE_BYTES] node_type_int = int.from_bytes(node_type_byte, ENDIAN) if node_type_int == 1: return LonelyRootNode(tree_conf, data, page) elif node_type_int == 2: return RootNode(tree_conf, data, page) elif node_type_int == 3: return InternalNode(tree_conf, data, page) elif node_type_int == 4: return LeafNode(tree_conf, data, page) else: assert False, 'No Node with type {} exists'.format(node_type_int)  def __repr__(self): return '<{}: page={} entries={}>'.format( self.__class__.__name__, self.page, len(self.entries) )  def __eq__(self, other): return ( self.__class__ is other.__class__ and self.page == other.page and self.entries == other.entries )"}
{"name": "bplustree.bplustree.node.RecordNode", "code": "class RecordNode(Node):  __slots__ = ['_entry_class']  def __init__(self, tree_conf: TreeConf, data: Optional[bytes]=None, page: int=None, parent: 'Node'=None, next_page: int=None): self._entry_class = Record super().__init__(tree_conf, data, page, parent, next_page)  @property def num_children(self) -> int: return len(self.entries)"}
{"name": "bplustree.bplustree.node.LonelyRootNode", "code": "class LonelyRootNode(RecordNode): \"\"\"A Root node that holds records.  It is an exception for when there is only a single node in the tree. \"\"\"  __slots__ = ['_node_type_int', 'min_children', 'max_children']  def __init__(self, tree_conf: TreeConf, data: Optional[bytes]=None, page: int=None, parent: 'Node'=None): self._node_type_int = 1 self.min_children = 0 self.max_children = tree_conf.order - 1 super().__init__(tree_conf, data, page, parent)  def convert_to_leaf(self): leaf = LeafNode(self._tree_conf, page=self.page) leaf.entries = self.entries return leaf"}
{"name": "bplustree.bplustree.node.LeafNode", "code": "class LeafNode(RecordNode): \"\"\"Node that holds the actual records within the tree.\"\"\"  __slots__ = ['_node_type_int', 'min_children', 'max_children']  def __init__(self, tree_conf: TreeConf, data: Optional[bytes]=None, page: int=None, parent: 'Node'=None, next_page: int=None): self._node_type_int = 4 self.min_children = math.ceil(tree_conf.order / 2) - 1 self.max_children = tree_conf.order - 1 super().__init__(tree_conf, data, page, parent, next_page)"}
{"name": "bplustree.bplustree.node.ReferenceNode", "code": "class ReferenceNode(Node):  __slots__ = ['_entry_class']  def __init__(self, tree_conf: TreeConf, data: Optional[bytes]=None, page: int=None, parent: 'Node'=None): self._entry_class = Reference super().__init__(tree_conf, data, page, parent)  @property def num_children(self) -> int: return len(self.entries) + 1 if self.entries else 0  def insert_entry(self, entry: 'Reference'): \"\"\"Make sure that after of a reference matches before of the next one.  Probably very inefficient approach. \"\"\" super().insert_entry(entry) i = self.entries.index(entry) if i > 0: previous_entry = self.entries[i-1] previous_entry.after = entry.before try: next_entry = self.entries[i+1] except IndexError: pass else: next_entry.before = entry.after"}
{"name": "bplustree.bplustree.node.RootNode", "code": "class RootNode(ReferenceNode): \"\"\"The first node at the top of the tree.\"\"\"  __slots__ = ['_node_type_int', 'min_children', 'max_children']  def __init__(self, tree_conf: TreeConf, data: Optional[bytes]=None, page: int=None, parent: 'Node'=None): self._node_type_int = 2 self.min_children = 2 self.max_children = tree_conf.order super().__init__(tree_conf, data, page, parent)  def convert_to_internal(self): internal = InternalNode(self._tree_conf, page=self.page) internal.entries = self.entries return internal"}
{"name": "bplustree.bplustree.node.InternalNode", "code": "class InternalNode(ReferenceNode): \"\"\"Node that only holds references to other Internal nodes or Leaves.\"\"\"  __slots__ = ['_node_type_int', 'min_children', 'max_children']  def __init__(self, tree_conf: TreeConf, data: Optional[bytes]=None, page: int=None, parent: 'Node'=None): self._node_type_int = 3 self.min_children = math.ceil(tree_conf.order / 2) self.max_children = tree_conf.order super().__init__(tree_conf, data, page, parent)"}
