{"name": "csvs-to-sqlite.csvs_to_sqlite.utils.LoadCsvError", "code": "class LoadCsvError(Exception): pass"}
{"name": "csvs-to-sqlite.csvs_to_sqlite.utils.PathOrURL", "code": "class PathOrURL(click.Path): \"\"\"The PathOrURL type handles paths or URLs.  If the argument can be parsed as a URL, it will be treated as one. Otherwise PathorURL behaves like click.Path. \"\"\"  def __init__( self, exists=False, file_okay=True, dir_okay=True, writable=False, readable=True, resolve_path=False, allow_dash=False, path_type=None, ): super(PathOrURL, self).__init__( exists=exists, file_okay=file_okay, dir_okay=dir_okay, writable=writable, readable=readable, resolve_path=resolve_path, allow_dash=allow_dash, path_type=path_type, )  def convert(self, value, param, ctx): if _is_url(value): return self.coerce_path_result(value) else: return super(PathOrURL, self).convert(value, param, ctx)"}
{"name": "csvs-to-sqlite.csvs_to_sqlite.utils.LookupTable", "code": "class LookupTable: def __init__(self, conn, table_name, value_column, index_fts): self.conn = conn self.table_name = table_name self.value_column = value_column self.fts_table_name = \"{table_name}_{value_column}_fts\".format( table_name=table_name, value_column=value_column ) self.index_fts = index_fts self.cache = lru.LRUCacheDict(max_size=1000) self.ensure_table_exists()  def ensure_table_exists(self): if not self.conn.execute( \"\"\" SELECT name FROM sqlite_master WHERE type='table' AND name=? \"\"\", (self.table_name,), ).fetchall(): create_sql = \"\"\" CREATE TABLE \"{table_name}\" ( \"id\" INTEGER PRIMARY KEY, \"{value_column}\" TEXT ); \"\"\".format( table_name=self.table_name, value_column=self.value_column ) self.conn.execute(create_sql) if self.index_fts: # Add a FTS index on the value_column self.conn.execute( \"\"\" CREATE VIRTUAL TABLE \"{fts_table_name}\" USING {fts_version} ({value_column}, content=\"{table_name}\"); \"\"\".format( fts_version=best_fts_version(), fts_table_name=self.fts_table_name, table_name=self.table_name, value_column=self.value_column, ) )  def __repr__(self): return \"<{}: {} rows>\".format( self.table_name, self.conn.execute( 'select count(*) from \"{}\"'.format(self.table_name) ).fetchone()[0], )  def id_for_value(self, value): if pd.isnull(value): return None # value should be a string if not isinstance(value, six.string_types): if isinstance(value, float): value = \"{0:g}\".format(value) else: value = six.text_type(value) try: # First try our in-memory cache return self.cache[value] except KeyError: # Next try the database table sql = 'SELECT id FROM \"{table_name}\" WHERE \"{value_column}\"=?'.format( table_name=self.table_name, value_column=self.value_column ) result = self.conn.execute(sql, (value,)).fetchall() if result: id = result[0][0] else: # Not in DB! Insert it cursor = self.conn.cursor() cursor.execute( \"\"\" INSERT INTO \"{table_name}\" (\"{value_column}\") VALUES (?); \"\"\".format( table_name=self.table_name, value_column=self.value_column ), (value,), ) id = cursor.lastrowid if self.index_fts: # And update FTS index sql = \"\"\" INSERT INTO \"{fts_table_name}\" (rowid, \"{value_column}\") VALUES (?, ?); \"\"\".format( fts_table_name=self.fts_table_name, value_column=self.value_column, ) cursor.execute(sql, (id, value))  self.cache[value] = id return id"}
