{"name": "csvs-to-sqlite.tests.test_utils.test_table_exists", "code": "def test_table_exists(table, expected): conn = sqlite3.connect(\":memory:\") conn.executescript(TEST_TABLES) assert expected == utils.table_exists(conn, table)"}
{"name": "csvs-to-sqlite.tests.test_utils.test_get_create_table_sql", "code": "def test_get_create_table_sql(): df = pd.DataFrame([{\"number\": 1, \"letter\": \"a\"}]) sql, columns = utils.get_create_table_sql(\"hello\", df) assert ( 'CREATE TABLE \"hello\" (\\n' '\"index\" INTEGER,\\n' '  \"number\" INTEGER,\\n' '  \"letter\" TEXT\\n' \")\" ) == sql assert {\"index\", \"letter\", \"number\"} == set(columns)"}
{"name": "csvs-to-sqlite.tests.test_utils.test_refactor_dataframes", "code": "def test_refactor_dataframes(): df = pd.DataFrame( [ {\"name\": \"Terry\", \"score\": 0.5}, {\"name\": \"Terry\", \"score\": 0.8}, {\"name\": \"Owen\", \"score\": 0.7}, ] ) conn = sqlite3.connect(\":memory:\") output = utils.refactor_dataframes( conn, [df], {\"name\": (\"People\", \"first_name\")}, False ) assert 1 == len(output) dataframe = output[0] # There should be a 'People' table in sqlite assert [(1, \"Terry\"), (2, \"Owen\")] == conn.execute( \"select id, first_name from People\" ).fetchall() assert ( \"   name  score\\n\" \"0     1    0.5\\n\" \"1     1    0.8\\n\" \"2     2    0.7\" ) == str(dataframe)"}
{"name": "csvs-to-sqlite.tests.test_csvs_to_sqlite.test_flat", "code": "def test_flat(): runner = CliRunner() with runner.isolated_filesystem(): open(\"test.csv\", \"w\").write(CSV) result = runner.invoke(cli.cli, [\"test.csv\", \"test.db\"]) assert result.exit_code == 0 assert result.output.strip().endswith(\"Created test.db from 1 CSV file\") conn = sqlite3.connect(\"test.db\") assert [ (0, \"county\", \"TEXT\", 0, None, 0), (1, \"precinct\", \"INTEGER\", 0, None, 0), (2, \"office\", \"TEXT\", 0, None, 0), (3, \"district\", \"INTEGER\", 0, None, 0), (4, \"party\", \"TEXT\", 0, None, 0), (5, \"candidate\", \"TEXT\", 0, None, 0), (6, \"votes\", \"INTEGER\", 0, None, 0), ] == list(conn.execute(\"PRAGMA table_info(test)\")) rows = conn.execute(\"select * from test\").fetchall() assert [ (\"Yolo\", 100001, \"President\", None, \"LIB\", \"Gary Johnson\", 41), (\"Yolo\", 100001, \"President\", None, \"PAF\", \"Gloria Estela La Riva\", 8), (\"Yolo\", 100001, \"Proposition 51\", None, None, \"No\", 398), (\"Yolo\", 100001, \"Proposition 51\", None, None, \"Yes\", 460), (\"Yolo\", 100001, \"State Assembly\", 7, \"DEM\", \"Kevin McCarty\", 572), (\"Yolo\", 100001, \"State Assembly\", 7, \"REP\", \"Ryan K. Brown\", 291), ] == rows last_row = rows[-1] for i, t in enumerate( (string_types, int, string_types, int, string_types, string_types, int) ): assert isinstance(last_row[i], t)"}
{"name": "csvs-to-sqlite.tests.test_csvs_to_sqlite.test_extract_columns", "code": "def test_extract_columns(): runner = CliRunner() with runner.isolated_filesystem(): open(\"test.csv\", \"w\").write(CSV) result = runner.invoke( cli.cli, \"test.csv extracted.db -c office -c district -c party -c candidate\".split(), ) assert result.exit_code == 0 assert result.output.strip().endswith(\"Created extracted.db from 1 CSV file\") conn = sqlite3.connect(\"extracted.db\") assert [ (0, \"county\", \"TEXT\", 0, None, 0), (1, \"precinct\", \"INTEGER\", 0, None, 0), (2, \"office\", \"INTEGER\", 0, None, 0), (3, \"district\", \"INTEGER\", 0, None, 0), (4, \"party\", \"INTEGER\", 0, None, 0), (5, \"candidate\", \"INTEGER\", 0, None, 0), (6, \"votes\", \"INTEGER\", 0, None, 0), ] == list(conn.execute(\"PRAGMA table_info(test)\")) rows = conn.execute( \"\"\" select county, precinct, office.value, district.value, party.value, candidate.value, votes from test left join office on test.office = office.id left join district on test.district = district.id left join party on test.party = party.id left join candidate on test.candidate = candidate.id order by test.rowid \"\"\" ).fetchall() assert [ (\"Yolo\", 100001, \"President\", None, \"LIB\", \"Gary Johnson\", 41), (\"Yolo\", 100001, \"President\", None, \"PAF\", \"Gloria Estela La Riva\", 8), (\"Yolo\", 100001, \"Proposition 51\", None, None, \"No\", 398), (\"Yolo\", 100001, \"Proposition 51\", None, None, \"Yes\", 460), (\"Yolo\", 100001, \"State Assembly\", \"7\", \"DEM\", \"Kevin McCarty\", 572), (\"Yolo\", 100001, \"State Assembly\", \"7\", \"REP\", \"Ryan K. Brown\", 291), ] == rows last_row = rows[-1] for i, t in enumerate( ( string_types, int, string_types, string_types, string_types, string_types, int, ) ): assert isinstance(last_row[i], t)  # Check that the various foreign key tables have the right things in them assert [ (1, \"President\"), (2, \"Proposition 51\"), (3, \"State Assembly\"), ] == conn.execute(\"select * from office\").fetchall() assert [(1, \"7\")] == conn.execute(\"select * from district\").fetchall() assert [(1, \"LIB\"), (2, \"PAF\"), (3, \"DEM\"), (4, \"REP\")] == conn.execute( \"select * from party\" ).fetchall() assert [ (1, \"Gary Johnson\"), (2, \"Gloria Estela La Riva\"), (3, \"No\"), (4, \"Yes\"), (5, \"Kevin McCarty\"), (6, \"Ryan K. Brown\"), ] == conn.execute(\"select * from candidate\").fetchall()  # Check that a FTS index was created for each extracted table fts_tables = [ r[0] for r in conn.execute( \"\"\" select name from sqlite_master where type='table' and name like '%_fts' and sql like '%USING FTS%' \"\"\" ).fetchall() ] assert set(fts_tables) == { \"office_value_fts\", \"district_value_fts\", \"party_value_fts\", \"candidate_value_fts\", }"}
{"name": "csvs-to-sqlite.tests.test_csvs_to_sqlite.test_fts", "code": "def test_fts(): runner = CliRunner() with runner.isolated_filesystem(): open(\"test.csv\", \"w\").write(CSV) result = runner.invoke( cli.cli, \"test.csv fts.db -f office -f party -f candidate\".split() ) assert result.exit_code == 0 conn = sqlite3.connect(\"fts.db\") assert ( [(\"Yolo\", 100001, \"President\", \"PAF\", \"Gloria Estela La Riva\")] == conn.execute( \"\"\" select county, precinct, office, party, candidate from test where rowid in ( select rowid from test_fts where test_fts match 'president gloria' ) \"\"\" ).fetchall() )"}
{"name": "csvs-to-sqlite.tests.test_csvs_to_sqlite.test_fts_error_on_missing_columns", "code": "def test_fts_error_on_missing_columns(): runner = CliRunner() with runner.isolated_filesystem(): open(\"test.csv\", \"w\").write(CSV) result = runner.invoke(cli.cli, \"test.csv fts.db -f badcolumn\".split()) assert result.exit_code != 0 assert result.output.strip().endswith('FTS column \"badcolumn\" does not exist')"}
{"name": "csvs-to-sqlite.tests.test_csvs_to_sqlite.test_fts_and_extract_columns", "code": "def test_fts_and_extract_columns(): runner = CliRunner() with runner.isolated_filesystem(): open(\"test.csv\", \"w\").write(CSV) result = runner.invoke( cli.cli, ( \"test.csv fts-extracted.db -c office -c party -c candidate \" \"-f party -f candidate\" ).split(), ) assert result.exit_code == 0 conn = sqlite3.connect(\"fts-extracted.db\") assert ( [(\"Yolo\", 100001, \"President\", \"PAF\", \"Gloria Estela La Riva\")] == conn.execute( \"\"\" select county, precinct, office.value, party.value, candidate.value from test left join office on test.office = office.id left join party on test.party = party.id left join candidate on test.candidate = candidate.id where test.rowid in ( select rowid from test_fts where test_fts match 'paf gloria' ) \"\"\" ).fetchall() )"}
{"name": "csvs-to-sqlite.tests.test_csvs_to_sqlite.test_fts_one_column_multiple_aliases", "code": "def test_fts_one_column_multiple_aliases(): runner = CliRunner() with runner.isolated_filesystem(): open(\"test.csv\", \"w\").write(CSV_MULTI) result = runner.invoke( cli.cli, ( \"test.csv fts-extracted.db -c film \" \"-c actor_1:actors:name -c actor_2:actors:name \" \"-f film -f actor_1 -f actor_2\" ).split(), ) assert result.exit_code == 0 conn = sqlite3.connect(\"fts-extracted.db\") assert ( [ (\"The Rock\", \"Sean Connery\", \"Nicolas Cage\"), (\"National Treasure\", \"Nicolas Cage\", \"Diane Kruger\"), (\"Troy\", \"Diane Kruger\", \"Orlando Bloom\"), ] == conn.execute( \"\"\" select film.value, a1.name, a2.name from test join film on test.film = film.id join actors a1 on test.actor_1 = a1.id join actors a2 on test.actor_2 = a2.id \"\"\" ).fetchall() ) assert ( [ (\"National Treasure\", \"Nicolas Cage\", \"Diane Kruger\"), (\"Troy\", \"Diane Kruger\", \"Orlando Bloom\"), ] == conn.execute( \"\"\" select film.value, a1.name, a2.name from test join film on test.film = film.id join actors a1 on test.actor_1 = a1.id join actors a2 on test.actor_2 = a2.id where test.rowid in ( select rowid from [test_fts] where [test_fts] match 'kruger' ) \"\"\" ).fetchall() )"}
{"name": "csvs-to-sqlite.tests.test_csvs_to_sqlite.test_shape", "code": "def test_shape(): runner = CliRunner() with runner.isolated_filesystem(): open(\"test.csv\", \"w\").write(CSV) result = runner.invoke( cli.cli, [\"test.csv\", \"test-reshaped.db\", \"--shape\", \"county:Cty,votes:Vts(REAL)\"], ) assert result.exit_code == 0 conn = sqlite3.connect(\"test-reshaped.db\") # Check we only have Cty and Vts columns: assert [ (0, \"Cty\", \"TEXT\", 0, None, 0), (1, \"Vts\", \"REAL\", 0, None, 0), ] == conn.execute(\"PRAGMA table_info(test);\").fetchall() # Now check that values are as expected: results = conn.execute( \"\"\" select Cty, Vts from test \"\"\" ).fetchall() assert [ (\"Yolo\", 41.0), (\"Yolo\", 8.0), (\"Yolo\", 398.0), (\"Yolo\", 460.0), (\"Yolo\", 572.0), (\"Yolo\", 291.0), ] == results for city, votes in results: assert isinstance(city, text_type) assert isinstance(votes, float)"}
{"name": "csvs-to-sqlite.tests.test_csvs_to_sqlite.test_filename_column", "code": "def test_filename_column(): runner = CliRunner() with runner.isolated_filesystem(): open(\"test1.csv\", \"w\").write(CSV) open(\"test2.csv\", \"w\").write(CSV_MULTI) result = runner.invoke( cli.cli, [\".\", \"test-filename.db\", \"--filename-column\", \"source\"] ) assert result.exit_code == 0 conn = sqlite3.connect(\"test-filename.db\") assert [(\"./test1\",), (\"./test2\",)] == conn.execute( \"select name from sqlite_master order by name\" ).fetchall() # Check the source column has been added and populated assert [(\"Yolo\", \"Gary Johnson\", 41, \"./test1\")] == conn.execute( \"select county, candidate, votes, source from [./test1] limit 1\" ).fetchall() assert [ (\"The Rock\", \"Sean Connery\", \"Nicolas Cage\", \"./test2\") ] == conn.execute( \"select film, actor_1, actor_2, source from [./test2] limit 1\" ).fetchall()"}
{"name": "csvs-to-sqlite.tests.test_csvs_to_sqlite.test_filename_column_with_shape", "code": "def test_filename_column_with_shape(): runner = CliRunner() with runner.isolated_filesystem(): open(\"test.csv\", \"w\").write(CSV) result = runner.invoke( cli.cli, [ \"test.csv\", \"test.db\", \"--filename-column\", \"source\", \"--shape\", \"county:Cty,votes:Vts\", ], ) assert result.exit_code == 0 conn = sqlite3.connect(\"test.db\") assert [(\"Yolo\", 41, \"test\")] == conn.execute( \"select Cty, Vts, source from test limit 1\" ).fetchall()"}
{"name": "csvs-to-sqlite.tests.test_csvs_to_sqlite.test_fixed_column", "code": "def test_fixed_column(): \"\"\" Tests that all three fixed_column options are handled correctly. \"\"\" runner = CliRunner() with runner.isolated_filesystem(): open(\"test.csv\", \"w\").write(CSV) result = runner.invoke( cli.cli, [ \"test.csv\", \"test.db\", \"--fixed-column\", \"col1\", \"foo\", \"--fixed-column\", \"col2\", \"bar\", \"--fixed-column-int\", \"col3\", \"1\", \"--fixed-column-float\", \"col4\", \"1.1\", ], ) assert result.exit_code == 0 assert result.output.strip().endswith(\"Created test.db from 1 CSV file\") conn = sqlite3.connect(\"test.db\") assert [ (0, \"county\", \"TEXT\", 0, None, 0), (1, \"precinct\", \"INTEGER\", 0, None, 0), (2, \"office\", \"TEXT\", 0, None, 0), (3, \"district\", \"INTEGER\", 0, None, 0), (4, \"party\", \"TEXT\", 0, None, 0), (5, \"candidate\", \"TEXT\", 0, None, 0), (6, \"votes\", \"INTEGER\", 0, None, 0), (7, \"col1\", \"TEXT\", 0, None, 0), (8, \"col2\", \"TEXT\", 0, None, 0), (9, \"col3\", \"INTEGER\", 0, None, 0), (10, \"col4\", \"REAL\", 0, None, 0), ] == list(conn.execute(\"PRAGMA table_info(test)\")) rows = conn.execute(\"select * from test\").fetchall() assert [ ( \"Yolo\", 100001, \"President\", None, \"LIB\", \"Gary Johnson\", 41, \"foo\", \"bar\", 1, 1.1, ), ( \"Yolo\", 100001, \"President\", None, \"PAF\", \"Gloria Estela La Riva\", 8, \"foo\", \"bar\", 1, 1.1, ), ( \"Yolo\", 100001, \"Proposition 51\", None, None, \"No\", 398, \"foo\", \"bar\", 1, 1.1, ), ( \"Yolo\", 100001, \"Proposition 51\", None, None, \"Yes\", 460, \"foo\", \"bar\", 1, 1.1, ), ( \"Yolo\", 100001, \"State Assembly\", 7, \"DEM\", \"Kevin McCarty\", 572, \"foo\", \"bar\", 1, 1.1, ), ( \"Yolo\", 100001, \"State Assembly\", 7, \"REP\", \"Ryan K. Brown\", 291, \"foo\", \"bar\", 1, 1.1, ), ] == rows"}
{"name": "csvs-to-sqlite.tests.test_csvs_to_sqlite.test_fixed_column_with_shape", "code": "def test_fixed_column_with_shape(): \"\"\" Test that fixed_column works with shape. \"\"\" runner = CliRunner() with runner.isolated_filesystem(): open(\"test.csv\", \"w\").write(CSV) result = runner.invoke( cli.cli, [ \"test.csv\", \"test.db\", \"--fixed-column\", \"col1\", \"foo\", \"--fixed-column\", \"col2\", \"bar\", \"--shape\", \"county:Cty,votes:Vts\", ], ) assert result.exit_code == 0 conn = sqlite3.connect(\"test.db\") assert [(\"Yolo\", 41, \"foo\", \"bar\")] == conn.execute( \"select Cty, Vts, col1, col2 from test limit 1\" ).fetchall()"}
{"name": "csvs-to-sqlite.tests.test_csvs_to_sqlite.test_shape_with_extract_columns", "code": "def test_shape_with_extract_columns(): runner = CliRunner() with runner.isolated_filesystem(): open(\"test.csv\", \"w\").write(CSV) result = runner.invoke( cli.cli, [ \"test.csv\", \"test.db\", \"--filename-column\", \"Source\", \"--shape\", \"county:Cty,votes:Vts\", \"-c\", \"Cty\", \"-c\", \"Vts\", \"-c\", \"Source\", ], ) assert result.exit_code == 0 conn = sqlite3.connect(\"test.db\") assert ( [(\"Yolo\", \"41\", \"test\")] == conn.execute( \"\"\" select Cty.value, Vts.value, Source.value from test left join Cty on test.Cty = Cty.id left join Vts on test.Vts = Vts.id left join Source on test.Source = Source.id limit 1 \"\"\" ).fetchall() )"}
{"name": "csvs-to-sqlite.tests.test_csvs_to_sqlite.test_custom_indexes", "code": "def test_custom_indexes(): runner = CliRunner() with runner.isolated_filesystem(): open(\"test.csv\", \"w\").write(CSV) result = runner.invoke( cli.cli, [\"test.csv\", \"test.db\", \"--index\", \"county\", \"-i\", \"party,candidate\"], ) assert result.exit_code == 0 conn = sqlite3.connect(\"test.db\") assert [ ('\"test_county\"', \"test\"), ('\"test_party_candidate\"', \"test\"), ] == conn.execute( 'select name, tbl_name from sqlite_master where type = \"index\" order by name' ).fetchall()"}
{"name": "csvs-to-sqlite.tests.test_csvs_to_sqlite.test_dates_and_datetimes", "code": "def test_dates_and_datetimes(): runner = CliRunner() with runner.isolated_filesystem(): open(\"test.csv\", \"w\").write(CSV_DATES) result = runner.invoke( cli.cli, [\"test.csv\", \"test.db\", \"-d\", \"date\", \"-dt\", \"datetime\"] ) assert result.exit_code == 0 conn = sqlite3.connect(\"test.db\") expected = [ (\"First headline\", \"2017-05-03\", \"1938-04-04T22:00:00\"), (\"Second headline\", \"2005-04-30\", \"2009-12-10T05:45:00\"), ] actual = conn.execute(\"select * from test\").fetchall() assert expected == actual"}
{"name": "csvs-to-sqlite.tests.test_csvs_to_sqlite.test_dates_custom_formats", "code": "def test_dates_custom_formats(): runner = CliRunner() with runner.isolated_filesystem(): open(\"test.csv\", \"w\").write(CSV_DATES_CUSTOM_FORMAT) result = runner.invoke( cli.cli, [\"test.csv\", \"test.db\", \"-d\", \"date\", \"-df\", \"%y/%d/%m\"] ) assert result.exit_code == 0 conn = sqlite3.connect(\"test.db\") # Input was 03/02/01 expected = [(\"Custom format\", \"2003-01-02\")] actual = conn.execute(\"select * from test\").fetchall() assert expected == actual"}
{"name": "csvs-to-sqlite.tests.test_csvs_to_sqlite.test_extract_cols_no_fts", "code": "def test_extract_cols_no_fts(): runner = CliRunner() with runner.isolated_filesystem(): open(\"test.csv\", \"w\").write(CSV) result = runner.invoke( cli.cli, ( \"test.csv fts-extracted.db -c office -c party -c candidate \" \"-f party -f candidate --no-fulltext-fks\" ).split(), ) assert result.exit_code == 0 conn = sqlite3.connect(\"fts-extracted.db\") assert ( [(\"test_fts\",)] == conn.execute( \"\"\" select name from sqlite_master where type='table' and name like '%_fts' and sql like '%USING FTS%' \"\"\" ).fetchall() )"}
{"name": "csvs-to-sqlite.tests.test_csvs_to_sqlite.test_custom_primary_keys", "code": "def test_custom_primary_keys(): runner = CliRunner() with runner.isolated_filesystem(): open(\"pks.csv\", \"w\").write(CSV_CUSTOM_PRIMARY_KEYS) result = runner.invoke( cli.cli, (\"pks.csv pks.db -pk pk1 --primary-key pk2\").split() ) assert result.exit_code == 0 conn = sqlite3.connect(\"pks.db\") pks = [ r[1] for r in conn.execute('PRAGMA table_info(\"pks\")').fetchall() if r[-1] ] assert [\"pk1\", \"pk2\"] == pks"}
{"name": "csvs-to-sqlite.tests.test_csvs_to_sqlite.test_just_strings_default", "code": "def test_just_strings_default(): \"\"\" Just like test_flat(), except all columns are strings \"\"\" runner = CliRunner() with runner.isolated_filesystem(): open(\"test.csv\", \"w\").write(CSV) result = runner.invoke( cli.cli, \"test.csv just-strings.db --just-strings\".split(), ) assert result.exit_code == 0  conn = sqlite3.connect(\"just-strings.db\") assert [ (0, \"county\", \"TEXT\", 0, None, 0), (1, \"precinct\", \"TEXT\", 0, None, 0), (2, \"office\", \"TEXT\", 0, None, 0), (3, \"district\", \"TEXT\", 0, None, 0), (4, \"party\", \"TEXT\", 0, None, 0), (5, \"candidate\", \"TEXT\", 0, None, 0), (6, \"votes\", \"TEXT\", 0, None, 0), ] == list(conn.execute(\"PRAGMA table_info(test)\")) rows = conn.execute(\"select * from test\").fetchall() assert [ (\"Yolo\", \"100001\", \"President\", None, \"LIB\", \"Gary Johnson\", \"41\"), (\"Yolo\", \"100001\", \"President\", None, \"PAF\", \"Gloria Estela La Riva\", \"8\"), (\"Yolo\", \"100001\", \"Proposition 51\", None, None, \"No\", \"398\"), (\"Yolo\", \"100001\", \"Proposition 51\", None, None, \"Yes\", \"460\"), (\"Yolo\", \"100001\", \"State Assembly\", \"7\", \"DEM\", \"Kevin McCarty\", \"572\"), (\"Yolo\", \"100001\", \"State Assembly\", \"7\", \"REP\", \"Ryan K. Brown\", \"291\"), ] == rows last_row = rows[-1] for i, t in enumerate( ( string_types, string_types, string_types, string_types, string_types, string_types, string_types, ) ): assert isinstance(last_row[i], t)"}
{"name": "csvs-to-sqlite.tests.test_csvs_to_sqlite.test_just_strings_with_shape", "code": "def test_just_strings_with_shape(): \"\"\" Make sure shape and just_strings play well together \"\"\" runner = CliRunner() with runner.isolated_filesystem(): open(\"test.csv\", \"w\").write(CSV) result = runner.invoke( cli.cli, [ \"test.csv\", \"test-reshaped-strings.db\", \"--just-strings\", \"--shape\", \"county:Cty,district:district,votes:Vts(REAL)\", ], ) assert result.exit_code == 0 conn = sqlite3.connect(\"test-reshaped-strings.db\") # Check that Cty, Vts exist as defined, and so does votetxt: assert [ (0, \"Cty\", \"TEXT\", 0, None, 0), (1, \"district\", \"TEXT\", 0, None, 0), (2, \"Vts\", \"REAL\", 0, None, 0), ] == conn.execute(\"PRAGMA table_info(test);\").fetchall() # Now check that values are as expected: results = conn.execute( \"\"\" select Cty, Vts, district from test \"\"\" ).fetchall() assert [ (\"Yolo\", 41.0, None), (\"Yolo\", 8.0, None), (\"Yolo\", 398.0, None), (\"Yolo\", 460.0, None), (\"Yolo\", 572.0, \"7\"), (\"Yolo\", 291.0, \"7\"), ] == results for city, votes, district in results: assert isinstance(city, text_type) assert isinstance(votes, float) assert isinstance(district, text_type) or district is None"}
{"name": "csvs-to-sqlite.tests.test_csvs_to_sqlite.test_just_strings_with_date_specified", "code": "def test_just_strings_with_date_specified(): runner = CliRunner() with runner.isolated_filesystem(): open(\"nic_cages_greatest.csv\", \"w\").write(CSV_STRINGS_AND_DATES) result = runner.invoke( cli.cli, [ \"nic_cages_greatest.csv\", \"movies.db\", \"--date\", \"release_date\", \"--datetime-format\", \"%d of %B in the year %Y\", \"--just-strings\", ], ) assert result.exit_code == 0 conn = sqlite3.connect(\"movies.db\") expected = [ (\"Adaptation\", \"22.5\", \"2002-12-06\"), (\"Face/Off\", \"245.7\", \"1997-06-19\"), (\"The Rock\", \"134.1\", \"1996-06-09\"), ] actual = conn.execute(\"select * from nic_cages_greatest\").fetchall() assert expected == actual  for name, gross, dt in actual: assert isinstance(gross, text_type)"}
{"name": "csvs-to-sqlite.tests.test_csvs_to_sqlite.test_if_cog_needs_to_be_run", "code": "def test_if_cog_needs_to_be_run(): _stdout = sys.stdout sys.stdout = StringIO() readme = pathlib.Path(__file__).parent.parent / \"README.md\" result = Cog().main([\"cog\", str(readme)]) output = sys.stdout.getvalue() sys.stdout = _stdout assert ( output == readme.read_text() ), \"Run 'cog -r README.md' to update help in README\""}
{"name": "csvs-to-sqlite.setup.get_long_description", "code": "def get_long_description(): with io.open( os.path.join(os.path.dirname(os.path.abspath(__file__)), \"README.md\"), encoding=\"utf8\", ) as fp: return fp.read()"}
{"name": "csvs-to-sqlite.csvs_to_sqlite.cli.cli", "code": "def cli( paths, dbname, separator, quoting, skip_errors, replace_tables, table, extract_column, date, datetime, datetime_format, primary_key, fts, index, shape, filename_column, fixed_columns, fixed_columns_int, fixed_columns_float, no_index_fks, no_fulltext_fks, just_strings, ): \"\"\" PATHS: paths to individual .csv files or to directories containing .csvs  DBNAME: name of the SQLite database file to create \"\"\" # make plural for more readable code: extract_columns = extract_column del extract_column  if extract_columns: click.echo(\"extract_columns={}\".format(extract_columns)) if dbname.endswith(\".csv\"): raise click.BadParameter(\"dbname must not end with .csv\") if \".\" not in dbname: dbname += \".db\"  db_existed = os.path.exists(dbname)  conn = sqlite3.connect(dbname)  dataframes = [] csvs = csvs_from_paths(paths) sql_type_overrides = None for name, path in csvs.items(): try: df = load_csv( path, separator, skip_errors, quoting, shape, just_strings=just_strings ) df.table_name = table or name if filename_column: df[filename_column] = name if shape: shape += \",{}\".format(filename_column) if fixed_columns: for colname, value in fixed_columns: df[colname] = value if shape: shape += \",{}\".format(colname) if fixed_columns_int: for colname, value in fixed_columns_int: df[colname] = value if shape: shape += \",{}\".format(colname) if fixed_columns_float: for colname, value in fixed_columns_float: df[colname] = value if shape: shape += \",{}\".format(colname) sql_type_overrides = apply_shape(df, shape) apply_dates_and_datetimes(df, date, datetime, datetime_format) dataframes.append(df) except LoadCsvError as e: click.echo(\"Could not load {}: {}\".format(path, e), err=True)  click.echo(\"Loaded {} dataframes\".format(len(dataframes)))  # Use extract_columns to build a column:(table,label) dictionary foreign_keys = {} for col in extract_columns: bits = col.split(\":\") if len(bits) == 3: foreign_keys[bits[0]] = (bits[1], bits[2]) elif len(bits) == 2: foreign_keys[bits[0]] = (bits[1], \"value\") else: foreign_keys[bits[0]] = (bits[0], \"value\")  # Now we have loaded the dataframes, we can refactor them created_tables = {} refactored = refactor_dataframes( conn, dataframes, foreign_keys, not no_fulltext_fks ) for df in refactored: # This is a bit trickier because we need to # create the table with extra SQL for foreign keys if replace_tables and table_exists(conn, df.table_name): drop_table(conn, df.table_name) if table_exists(conn, df.table_name): df.to_sql(df.table_name, conn, if_exists=\"append\", index=False) else: to_sql_with_foreign_keys( conn, df, df.table_name, foreign_keys, sql_type_overrides, primary_keys=primary_key, index_fks=not no_index_fks, ) created_tables[df.table_name] = df if index: for index_defn in index: add_index(conn, df.table_name, index_defn)  # Create FTS tables if fts: fts_version = best_fts_version() if not fts_version: conn.close() raise click.BadParameter( \"Your SQLite version does not support any variant of FTS\" ) # Check that columns make sense for table, df in created_tables.items(): for fts_column in fts: if fts_column not in df.columns: raise click.BadParameter( 'FTS column \"{}\" does not exist'.format(fts_column) )  generate_and_populate_fts(conn, created_tables.keys(), fts, foreign_keys)  conn.close()  if db_existed: click.echo( \"Added {} CSV file{} to {}\".format( len(csvs), \"\" if len(csvs) == 1 else \"s\", dbname ) ) else: click.echo( \"Created {} from {} CSV file{}\".format( dbname, len(csvs), \"\" if len(csvs) == 1 else \"s\" ) )"}
{"name": "csvs-to-sqlite.csvs_to_sqlite.utils.load_csv", "code": "def load_csv( filepath, separator, skip_errors, quoting, shape, encodings_to_try=(\"utf8\", \"latin-1\"), just_strings=False, ): dtype = str if just_strings is True else None usecols = None if shape: usecols = [defn[\"csv_name\"] for defn in parse_shape(shape)] try: for encoding in encodings_to_try: try: return pd.read_csv( filepath, sep=separator, quoting=quoting, error_bad_lines=not skip_errors, low_memory=True, encoding=encoding, usecols=usecols, dtype=dtype, ) except UnicodeDecodeError: continue except pd.errors.ParserError as e: raise LoadCsvError(e) # If we get here, we failed raise LoadCsvError(\"All encodings failed\") except Exception as e: raise LoadCsvError(e)"}
{"name": "csvs-to-sqlite.csvs_to_sqlite.utils.csvs_from_paths", "code": "def csvs_from_paths(paths): csvs = {}  def add_item(filepath, full_path=None): name = os.path.splitext(os.path.basename(filepath))[0] if name in csvs: i = 1 while True: name_plus_suffix = \"{}-{}\".format(name, i) if name_plus_suffix not in csvs: name = name_plus_suffix break else: i += 1 if full_path is None: csvs[name] = filepath else: csvs[name] = full_path  for path in paths: if os.path.isfile(path): add_item(path) elif _is_url(path): add_item(urlparse(path).path, path) elif os.path.isdir(path): # Recursively seek out ALL csvs in directory for root, dirnames, filenames in os.walk(path): for filename in fnmatch.filter(filenames, \"*.csv\"): relpath = os.path.relpath(root, path) namepath = os.path.join(relpath, os.path.splitext(filename)[0]) csvs[namepath] = os.path.join(root, filename)  return csvs"}
{"name": "csvs-to-sqlite.csvs_to_sqlite.utils.csvs_from_paths.add_item", "code": "def add_item(filepath, full_path=None): name = os.path.splitext(os.path.basename(filepath))[0] if name in csvs: i = 1 while True: name_plus_suffix = \"{}-{}\".format(name, i) if name_plus_suffix not in csvs: name = name_plus_suffix break else: i += 1 if full_path is None: csvs[name] = filepath else: csvs[name] = full_path"}
{"name": "csvs-to-sqlite.csvs_to_sqlite.utils._is_url", "code": "def _is_url(possible_url): valid_schemes = set(uses_relative + uses_netloc + uses_params) valid_schemes.discard(\"\")  try: return urlparse(possible_url).scheme in valid_schemes except: return False"}
{"name": "csvs-to-sqlite.csvs_to_sqlite.utils.PathOrURL.__init__", "code": "def __init__( self, exists=False, file_okay=True, dir_okay=True, writable=False, readable=True, resolve_path=False, allow_dash=False, path_type=None, ): super(PathOrURL, self).__init__( exists=exists, file_okay=file_okay, dir_okay=dir_okay, writable=writable, readable=readable, resolve_path=resolve_path, allow_dash=allow_dash, path_type=path_type, )"}
{"name": "csvs-to-sqlite.csvs_to_sqlite.utils.PathOrURL.convert", "code": "def convert(self, value, param, ctx): if _is_url(value): return self.coerce_path_result(value) else: return super(PathOrURL, self).convert(value, param, ctx)"}
{"name": "csvs-to-sqlite.csvs_to_sqlite.utils.LookupTable.__init__", "code": "def __init__(self, conn, table_name, value_column, index_fts): self.conn = conn self.table_name = table_name self.value_column = value_column self.fts_table_name = \"{table_name}_{value_column}_fts\".format( table_name=table_name, value_column=value_column ) self.index_fts = index_fts self.cache = lru.LRUCacheDict(max_size=1000) self.ensure_table_exists()"}
{"name": "csvs-to-sqlite.csvs_to_sqlite.utils.LookupTable.ensure_table_exists", "code": "def ensure_table_exists(self): if not self.conn.execute( \"\"\" SELECT name FROM sqlite_master WHERE type='table' AND name=? \"\"\", (self.table_name,), ).fetchall(): create_sql = \"\"\" CREATE TABLE \"{table_name}\" ( \"id\" INTEGER PRIMARY KEY, \"{value_column}\" TEXT ); \"\"\".format( table_name=self.table_name, value_column=self.value_column ) self.conn.execute(create_sql) if self.index_fts: # Add a FTS index on the value_column self.conn.execute( \"\"\" CREATE VIRTUAL TABLE \"{fts_table_name}\" USING {fts_version} ({value_column}, content=\"{table_name}\"); \"\"\".format( fts_version=best_fts_version(), fts_table_name=self.fts_table_name, table_name=self.table_name, value_column=self.value_column, ) )"}
{"name": "csvs-to-sqlite.csvs_to_sqlite.utils.LookupTable.__repr__", "code": "def __repr__(self): return \"<{}: {} rows>\".format( self.table_name, self.conn.execute( 'select count(*) from \"{}\"'.format(self.table_name) ).fetchone()[0], )"}
{"name": "csvs-to-sqlite.csvs_to_sqlite.utils.LookupTable.id_for_value", "code": "def id_for_value(self, value): if pd.isnull(value): return None # value should be a string if not isinstance(value, six.string_types): if isinstance(value, float): value = \"{0:g}\".format(value) else: value = six.text_type(value) try: # First try our in-memory cache return self.cache[value] except KeyError: # Next try the database table sql = 'SELECT id FROM \"{table_name}\" WHERE \"{value_column}\"=?'.format( table_name=self.table_name, value_column=self.value_column ) result = self.conn.execute(sql, (value,)).fetchall() if result: id = result[0][0] else: # Not in DB! Insert it cursor = self.conn.cursor() cursor.execute( \"\"\" INSERT INTO \"{table_name}\" (\"{value_column}\") VALUES (?); \"\"\".format( table_name=self.table_name, value_column=self.value_column ), (value,), ) id = cursor.lastrowid if self.index_fts: # And update FTS index sql = \"\"\" INSERT INTO \"{fts_table_name}\" (rowid, \"{value_column}\") VALUES (?, ?); \"\"\".format( fts_table_name=self.fts_table_name, value_column=self.value_column, ) cursor.execute(sql, (id, value))  self.cache[value] = id return id"}
{"name": "csvs-to-sqlite.csvs_to_sqlite.utils.refactor_dataframes", "code": "def refactor_dataframes(conn, dataframes, foreign_keys, index_fts): lookup_tables = {} for column, (table_name, value_column) in foreign_keys.items(): # Now apply this to the dataframes for dataframe in dataframes: if column in dataframe.columns: lookup_table = lookup_tables.get(table_name) if lookup_table is None: lookup_table = LookupTable( conn=conn, table_name=table_name, value_column=value_column, index_fts=index_fts, ) lookup_tables[table_name] = lookup_table dataframe[column] = dataframe[column].apply(lookup_table.id_for_value) return dataframes"}
{"name": "csvs-to-sqlite.csvs_to_sqlite.utils.table_exists", "code": "def table_exists(conn, table): return conn.execute( \"\"\" select count(*) from sqlite_master where type=\"table\" and name=? \"\"\", [table], ).fetchone()[0]"}
{"name": "csvs-to-sqlite.csvs_to_sqlite.utils.drop_table", "code": "def drop_table(conn, table): conn.execute(\"DROP TABLE [{}]\".format(table))"}
{"name": "csvs-to-sqlite.csvs_to_sqlite.utils.get_create_table_sql", "code": "def get_create_table_sql( table_name, df, index=True, sql_type_overrides=None, primary_keys=None ): # Create a temporary table with just the first row # We do this in memory because we just want to get the # CREATE TABLE statement # Returns (sql, columns) conn = sqlite3.connect(\":memory:\") # Before calling to_sql we need correct the dtypes that we will be using # to pick the right SQL column types. pandas mostly gets this right... # except for columns that contain a mixture of integers and Nones. These # will be incorrectly detected as being of DB type REAL when we want them # to be INTEGER instead. # http://pandas.pydata.org/pandas-docs/stable/gotchas.html#support-for-integer-na sql_type_overrides = sql_type_overrides or {} if isinstance(df, pd.DataFrame): columns_and_types = df.dtypes.iteritems() elif isinstance(df, pd.Series): columns_and_types = [(df.name, df.dtype)] for column, dtype in columns_and_types: # Are any of these float columns? if dtype in (np.float32, np.float64): # if every non-NaN value is an integer, switch to int if isinstance(df, pd.Series): series = df else: series = df[column] num_non_integer_floats = series.map( lambda v: not np.isnan(v) and not v.is_integer() ).sum() if num_non_integer_floats == 0: # Everything was NaN or an integer-float - switch type: sql_type_overrides[column] = \"INTEGER\"  df[:1].to_sql(table_name, conn, index=index, dtype=sql_type_overrides) sql = conn.execute( \"select sql from sqlite_master where name = ?\", [table_name] ).fetchone()[0] columns = [ row[1] for row in conn.execute(\"PRAGMA table_info([{}])\".format(table_name)) ] if primary_keys: # Rewrite SQL to add PRIMARY KEY (col1, col2) at end assert sql[-1] == \")\" sql = sql[:-1] + \"  ,PRIMARY KEY ({cols})\\n)\".format( cols=\", \".join(\"[{}]\".format(col) for col in primary_keys) ) return sql, columns"}
{"name": "csvs-to-sqlite.csvs_to_sqlite.utils.to_sql_with_foreign_keys", "code": "def to_sql_with_foreign_keys( conn, df, name, foreign_keys, sql_type_overrides=None, primary_keys=None, index_fks=False, ): create_sql, columns = get_create_table_sql( name, df, index=False, primary_keys=primary_keys, sql_type_overrides=sql_type_overrides, ) foreign_key_bits = [] index_bits = [] for column, (table, value_column) in foreign_keys.items(): if column in columns: foreign_key_bits.append( 'FOREIGN KEY (\"{}\") REFERENCES [{}](id)'.format(column, table) ) if index_fks: index_bits.append( # CREATE INDEX indexname ON table(column); 'CREATE INDEX [\"{}_{}\"] ON [{}](\"{}\");'.format( name, column, name, column ) )  foreign_key_sql = \",\\n    \".join(foreign_key_bits) if foreign_key_sql: create_sql = \"{},\\n{});\".format(create_sql.strip().rstrip(\")\"), foreign_key_sql) if index_bits: create_sql += \"\\n\" + \"\\n\".join(index_bits) conn.executescript(create_sql) # Now that we have created the table, insert the rows: df.to_sql(df.table_name, conn, if_exists=\"append\", index=False)"}
{"name": "csvs-to-sqlite.csvs_to_sqlite.utils.best_fts_version", "code": "def best_fts_version(): \"Discovers the most advanced supported SQLite FTS version\" conn = sqlite3.connect(\":memory:\") for fts in (\"FTS5\", \"FTS4\", \"FTS3\"): try: conn.execute(\"CREATE VIRTUAL TABLE v USING {} (t);\".format(fts)) return fts except sqlite3.OperationalError: continue return None"}
{"name": "csvs-to-sqlite.csvs_to_sqlite.utils.generate_and_populate_fts", "code": "def generate_and_populate_fts(conn, created_tables, cols, foreign_keys): fts_version = best_fts_version() sql = [] fts_cols = \", \".join('\"{}\"'.format(c) for c in cols) for table in created_tables: sql.append( 'CREATE VIRTUAL TABLE \"{content_table}_fts\" USING {fts_version} ({cols}, content=\"{content_table}\")'.format( cols=fts_cols, content_table=table, fts_version=fts_version ) ) if not foreign_keys: # Select is simple: select = \"SELECT rowid, {cols} FROM [{content_table}]\".format( cols=fts_cols, content_table=table ) else: # Select is complicated: # select #     county, precinct, office.value, district.value, #     party.value, candidate.value, votes # from content_table #     left join office on content_table.office = office.id #     left join district on content_table.district = district.id #     left join party on content_table.party = party.id #     left join candidate on content_table.candidate = candidate.id # order by content_table.rowid select_cols = [] joins = [] table_seen_count = {} for col in cols: if col in foreign_keys: other_table, label_column = foreign_keys[col] seen_count = table_seen_count.get(other_table, 0) + 1 table_seen_count[other_table] = seen_count alias = \"\" if seen_count > 1: alias = \"table_alias_{}_{}\".format( hashlib.md5(other_table.encode(\"utf8\")).hexdigest(), seen_count, ) select_cols.append( '[{}].\"{}\"'.format(alias or other_table, label_column) ) joins.append( 'left join [{other_table}] {alias} on [{table}].\"{column}\" = [{alias_or_other_table}].id'.format( other_table=other_table, alias_or_other_table=alias or other_table, alias=alias, table=table, column=col, ) ) else: select_cols.append('\"{}\"'.format(col)) select = \"SELECT [{content_table}].rowid, {select_cols} FROM [{content_table}] {joins}\".format( select_cols=\", \".join(\"{}\".format(c) for c in select_cols), content_table=table, joins=\"\\n\".join(joins), ) sql.append( 'INSERT INTO \"{content_table}_fts\" (rowid, {cols}) {select}'.format( cols=fts_cols, content_table=table, select=select ) ) conn.executescript(\";\\n\".join(sql))"}
{"name": "csvs-to-sqlite.csvs_to_sqlite.utils.parse_shape", "code": "def parse_shape(shape): # Shape is format 'county:Cty,votes:Vts(REAL)' defs = [b.strip() for b in shape.split(\",\")] defns = [] for defn in defs: # Is there a type defined? type_override = None m = type_re.search(defn) if m: type_override = m.group(1) defn = type_re.sub(\"\", defn) # In Python 2 type_override needs to be a bytestring if six.PY2: type_override = str(type_override) # Is this a rename? if \":\" in defn: csv_name, db_name = defn.split(\":\", 1) else: csv_name, db_name = defn, defn defns.append( {\"csv_name\": csv_name, \"db_name\": db_name, \"type_override\": type_override} ) return defns"}
{"name": "csvs-to-sqlite.csvs_to_sqlite.utils.apply_shape", "code": "def apply_shape(df, shape): # Shape is format 'county:Cty,votes:Vts(REAL)' # Applies changes in place, returns dtype= arg for to_sql if not shape: return None defns = parse_shape(shape) # Drop any columns we don't want cols_to_keep = [d[\"csv_name\"] for d in defns] cols_to_drop = [c for c in df.columns if c not in cols_to_keep] if cols_to_drop: df.drop(cols_to_drop, axis=1, inplace=True) # Apply column renames renames = { d[\"csv_name\"]: d[\"db_name\"] for d in defns if d[\"csv_name\"] != d[\"db_name\"] } if renames: df.rename(columns=renames, inplace=True) # Return type overrides, if any return {d[\"db_name\"]: d[\"type_override\"] for d in defns if d[\"type_override\"]}"}
{"name": "csvs-to-sqlite.csvs_to_sqlite.utils.add_index", "code": "def add_index(conn, table_name, index): columns_to_index = [b.strip() for b in index.split(\",\")] # Figure out columns in table so we can sanity check this cursor = conn.execute(\"select * from [{}] limit 0\".format(table_name)) columns = [r[0] for r in cursor.description] if all([(c in columns) for c in columns_to_index]): sql = 'CREATE INDEX [\"{}_{}\"] ON [{}](\"{}\");'.format( table_name, \"_\".join(columns_to_index), table_name, '\", \"'.join(columns_to_index), ) conn.execute(sql)"}
{"name": "csvs-to-sqlite.csvs_to_sqlite.utils.apply_dates_and_datetimes", "code": "def apply_dates_and_datetimes(df, date_cols, datetime_cols, datetime_formats): def parse_datetime(datestring, force_date=False): if pd.isnull(datestring): return datestring dt = dateparser.parse(datestring, date_formats=datetime_formats) if force_date: return dt.date().isoformat() else: return dt.isoformat()  for date_col in date_cols: df[date_col] = df[date_col].apply(lambda s: parse_datetime(s, force_date=True)) for datetime_col in datetime_cols: df[datetime_col] = df[datetime_col].apply(parse_datetime)"}
{"name": "csvs-to-sqlite.csvs_to_sqlite.utils.apply_dates_and_datetimes.parse_datetime", "code": "def parse_datetime(datestring, force_date=False): if pd.isnull(datestring): return datestring dt = dateparser.parse(datestring, date_formats=datetime_formats) if force_date: return dt.date().isoformat() else: return dt.isoformat()"}
