{"name": "databases.databases.backends.mysql.MySQLBackend.__init__", "code": "def __init__( self, database_url: typing.Union[DatabaseURL, str], **options: typing.Any ) -> None: self._database_url = DatabaseURL(database_url) self._options = options self._dialect = pymysql.dialect(paramstyle=\"pyformat\") self._dialect.supports_native_decimal = True self._pool = None"}
{"name": "databases.databases.backends.mysql.MySQLBackend._get_connection_kwargs", "code": "def _get_connection_kwargs(self) -> dict: url_options = self._database_url.options  kwargs = {} min_size = url_options.get(\"min_size\") max_size = url_options.get(\"max_size\") pool_recycle = url_options.get(\"pool_recycle\") ssl = url_options.get(\"ssl\") unix_socket = url_options.get(\"unix_socket\")  if min_size is not None: kwargs[\"minsize\"] = int(min_size) if max_size is not None: kwargs[\"maxsize\"] = int(max_size) if pool_recycle is not None: kwargs[\"pool_recycle\"] = int(pool_recycle) if ssl is not None: kwargs[\"ssl\"] = {\"true\": True, \"false\": False}[ssl.lower()] if unix_socket is not None: kwargs[\"unix_socket\"] = unix_socket  for key, value in self._options.items(): # Coerce 'min_size' and 'max_size' for consistency. if key == \"min_size\": key = \"minsize\" elif key == \"max_size\": key = \"maxsize\" kwargs[key] = value  return kwargs"}
{"name": "databases.databases.backends.mysql.MySQLBackend.connect", "code": "async def connect(self) -> None: assert self._pool is None, \"DatabaseBackend is already running\" kwargs = self._get_connection_kwargs() self._pool = await aiomysql.create_pool( host=self._database_url.hostname, port=self._database_url.port or 3306, user=self._database_url.username or getpass.getuser(), password=self._database_url.password, db=self._database_url.database, autocommit=True, **kwargs, )"}
{"name": "databases.databases.backends.mysql.MySQLBackend.disconnect", "code": "async def disconnect(self) -> None: assert self._pool is not None, \"DatabaseBackend is not running\" self._pool.close() await self._pool.wait_closed() self._pool = None"}
{"name": "databases.databases.backends.mysql.MySQLBackend.connection", "code": "def connection(self) -> \"MySQLConnection\": return MySQLConnection(self, self._dialect)"}
{"name": "databases.databases.backends.mysql.CompilationContext.__init__", "code": "def __init__(self, context: ExecutionContext): self.context = context"}
{"name": "databases.databases.backends.mysql.MySQLConnection.__init__", "code": "def __init__(self, database: MySQLBackend, dialect: Dialect): self._database = database self._dialect = dialect self._connection: typing.Optional[aiomysql.Connection] = None"}
{"name": "databases.databases.backends.mysql.MySQLConnection.acquire", "code": "async def acquire(self) -> None: assert self._connection is None, \"Connection is already acquired\" assert self._database._pool is not None, \"DatabaseBackend is not running\" self._connection = await self._database._pool.acquire()"}
{"name": "databases.databases.backends.mysql.MySQLConnection.release", "code": "async def release(self) -> None: assert self._connection is not None, \"Connection is not acquired\" assert self._database._pool is not None, \"DatabaseBackend is not running\" await self._database._pool.release(self._connection) self._connection = None"}
{"name": "databases.databases.backends.mysql.MySQLConnection.fetch_all", "code": "async def fetch_all(self, query: ClauseElement) -> typing.List[Record]: assert self._connection is not None, \"Connection is not acquired\" query_str, args, context = self._compile(query) cursor = await self._connection.cursor() try: await cursor.execute(query_str, args) rows = await cursor.fetchall() metadata = CursorResultMetaData(context, cursor.description) return [ Row( metadata, metadata._processors, metadata._keymap, Row._default_key_style, row, ) for row in rows ] finally: await cursor.close()"}
{"name": "databases.databases.backends.mysql.MySQLConnection.fetch_one", "code": "async def fetch_one(self, query: ClauseElement) -> typing.Optional[Record]: assert self._connection is not None, \"Connection is not acquired\" query_str, args, context = self._compile(query) cursor = await self._connection.cursor() try: await cursor.execute(query_str, args) row = await cursor.fetchone() if row is None: return None metadata = CursorResultMetaData(context, cursor.description) return Row( metadata, metadata._processors, metadata._keymap, Row._default_key_style, row, ) finally: await cursor.close()"}
{"name": "databases.databases.backends.mysql.MySQLConnection.execute", "code": "async def execute(self, query: ClauseElement) -> typing.Any: assert self._connection is not None, \"Connection is not acquired\" query_str, args, context = self._compile(query) cursor = await self._connection.cursor() try: await cursor.execute(query_str, args) if cursor.lastrowid == 0: return cursor.rowcount return cursor.lastrowid finally: await cursor.close()"}
{"name": "databases.databases.backends.mysql.MySQLConnection.execute_many", "code": "async def execute_many(self, queries: typing.List[ClauseElement]) -> None: assert self._connection is not None, \"Connection is not acquired\" cursor = await self._connection.cursor() try: for single_query in queries: single_query, args, context = self._compile(single_query) await cursor.execute(single_query, args) finally: await cursor.close()"}
{"name": "databases.databases.backends.mysql.MySQLConnection.iterate", "code": "async def iterate( self, query: ClauseElement ) -> typing.AsyncGenerator[typing.Any, None]: assert self._connection is not None, \"Connection is not acquired\" query_str, args, context = self._compile(query) cursor = await self._connection.cursor() try: await cursor.execute(query_str, args) metadata = CursorResultMetaData(context, cursor.description) async for row in cursor: yield Row( metadata, metadata._processors, metadata._keymap, Row._default_key_style, row, ) finally: await cursor.close()"}
{"name": "databases.databases.backends.mysql.MySQLConnection.transaction", "code": "def transaction(self) -> TransactionBackend: return MySQLTransaction(self)"}
{"name": "databases.databases.backends.mysql.MySQLConnection._compile", "code": "def _compile( self, query: ClauseElement ) -> typing.Tuple[str, dict, CompilationContext]: compiled = query.compile( dialect=self._dialect, compile_kwargs={\"render_postcompile\": True} )  execution_context = self._dialect.execution_ctx_cls() execution_context.dialect = self._dialect  if not isinstance(query, DDLElement): args = compiled.construct_params() for key, val in args.items(): if key in compiled._bind_processors: args[key] = compiled._bind_processors[key](val)  execution_context.result_column_struct = ( compiled._result_columns, compiled._ordered_columns, compiled._textual_ordered_columns, compiled._ad_hoc_textual, compiled._loose_column_name_matching, ) else: args = {}  query_message = compiled.string.replace(\" \\n\", \" \").replace(\"\\n\", \" \") logger.debug(\"Query: %s Args: %s\", query_message, repr(args), extra=LOG_EXTRA) return compiled.string, args, CompilationContext(execution_context)"}
{"name": "databases.databases.backends.mysql.MySQLConnection.raw_connection", "code": "def raw_connection(self) -> aiomysql.connection.Connection: assert self._connection is not None, \"Connection is not acquired\" return self._connection"}
{"name": "databases.databases.backends.mysql.MySQLTransaction.__init__", "code": "def __init__(self, connection: MySQLConnection): self._connection = connection self._is_root = False self._savepoint_name = \"\""}
{"name": "databases.databases.backends.mysql.MySQLTransaction.start", "code": "async def start( self, is_root: bool, extra_options: typing.Dict[typing.Any, typing.Any] ) -> None: assert self._connection._connection is not None, \"Connection is not acquired\" self._is_root = is_root if self._is_root: await self._connection._connection.begin() else: id = str(uuid.uuid4()).replace(\"-\", \"_\") self._savepoint_name = f\"STARLETTE_SAVEPOINT_{id}\" cursor = await self._connection._connection.cursor() try: await cursor.execute(f\"SAVEPOINT {self._savepoint_name}\") finally: await cursor.close()"}
{"name": "databases.databases.backends.mysql.MySQLTransaction.commit", "code": "async def commit(self) -> None: assert self._connection._connection is not None, \"Connection is not acquired\" if self._is_root: await self._connection._connection.commit() else: cursor = await self._connection._connection.cursor() try: await cursor.execute(f\"RELEASE SAVEPOINT {self._savepoint_name}\") finally: await cursor.close()"}
{"name": "databases.databases.backends.mysql.MySQLTransaction.rollback", "code": "async def rollback(self) -> None: assert self._connection._connection is not None, \"Connection is not acquired\" if self._is_root: await self._connection._connection.rollback() else: cursor = await self._connection._connection.cursor() try: await cursor.execute(f\"ROLLBACK TO SAVEPOINT {self._savepoint_name}\") finally: await cursor.close()"}
{"name": "databases.databases.backends.aiopg.AiopgBackend.__init__", "code": "def __init__( self, database_url: typing.Union[DatabaseURL, str], **options: typing.Any ) -> None: self._database_url = DatabaseURL(database_url) self._options = options self._dialect = self._get_dialect() self._pool: typing.Union[aiopg.Pool, None] = None"}
{"name": "databases.databases.backends.aiopg.AiopgBackend._get_dialect", "code": "def _get_dialect(self) -> Dialect: dialect = PGDialect_psycopg2( json_serializer=json.dumps, json_deserializer=lambda x: x ) dialect.statement_compiler = APGCompiler_psycopg2 dialect.implicit_returning = True dialect.supports_native_enum = True dialect.supports_smallserial = True  # 9.2+ dialect._backslash_escapes = False dialect.supports_sane_multi_rowcount = True  # psycopg 2.0.9+ dialect._has_native_hstore = True dialect.supports_native_decimal = True  return dialect"}
{"name": "databases.databases.backends.aiopg.AiopgBackend._get_connection_kwargs", "code": "def _get_connection_kwargs(self) -> dict: url_options = self._database_url.options  kwargs = {} min_size = url_options.get(\"min_size\") max_size = url_options.get(\"max_size\") ssl = url_options.get(\"ssl\")  if min_size is not None: kwargs[\"minsize\"] = int(min_size) if max_size is not None: kwargs[\"maxsize\"] = int(max_size) if ssl is not None: kwargs[\"ssl\"] = {\"true\": True, \"false\": False}[ssl.lower()]  for key, value in self._options.items(): # Coerce 'min_size' and 'max_size' for consistency. if key == \"min_size\": key = \"minsize\" elif key == \"max_size\": key = \"maxsize\" kwargs[key] = value  return kwargs"}
{"name": "databases.databases.backends.aiopg.AiopgBackend.connect", "code": "async def connect(self) -> None: assert self._pool is None, \"DatabaseBackend is already running\" kwargs = self._get_connection_kwargs() self._pool = await aiopg.create_pool( host=self._database_url.hostname, port=self._database_url.port, user=self._database_url.username or getpass.getuser(), password=self._database_url.password, database=self._database_url.database, **kwargs, )"}
{"name": "databases.databases.backends.aiopg.AiopgBackend.disconnect", "code": "async def disconnect(self) -> None: assert self._pool is not None, \"DatabaseBackend is not running\" self._pool.close() await self._pool.wait_closed() self._pool = None"}
{"name": "databases.databases.backends.aiopg.AiopgBackend.connection", "code": "def connection(self) -> \"AiopgConnection\": return AiopgConnection(self, self._dialect)"}
{"name": "databases.databases.backends.aiopg.CompilationContext.__init__", "code": "def __init__(self, context: ExecutionContext): self.context = context"}
{"name": "databases.databases.backends.aiopg.AiopgConnection.__init__", "code": "def __init__(self, database: AiopgBackend, dialect: Dialect): self._database = database self._dialect = dialect self._connection: typing.Optional[aiopg.Connection] = None"}
{"name": "databases.databases.backends.aiopg.AiopgConnection.acquire", "code": "async def acquire(self) -> None: assert self._connection is None, \"Connection is already acquired\" assert self._database._pool is not None, \"DatabaseBackend is not running\" self._connection = await self._database._pool.acquire()"}
{"name": "databases.databases.backends.aiopg.AiopgConnection.release", "code": "async def release(self) -> None: assert self._connection is not None, \"Connection is not acquired\" assert self._database._pool is not None, \"DatabaseBackend is not running\" await self._database._pool.release(self._connection) self._connection = None"}
{"name": "databases.databases.backends.aiopg.AiopgConnection.fetch_all", "code": "async def fetch_all(self, query: ClauseElement) -> typing.List[Record]: assert self._connection is not None, \"Connection is not acquired\" query_str, args, context = self._compile(query) cursor = await self._connection.cursor() try: await cursor.execute(query_str, args) rows = await cursor.fetchall() metadata = CursorResultMetaData(context, cursor.description) return [ Row( metadata, metadata._processors, metadata._keymap, Row._default_key_style, row, ) for row in rows ] finally: cursor.close()"}
{"name": "databases.databases.backends.aiopg.AiopgConnection.fetch_one", "code": "async def fetch_one(self, query: ClauseElement) -> typing.Optional[Record]: assert self._connection is not None, \"Connection is not acquired\" query_str, args, context = self._compile(query) cursor = await self._connection.cursor() try: await cursor.execute(query_str, args) row = await cursor.fetchone() if row is None: return None metadata = CursorResultMetaData(context, cursor.description) return Row( metadata, metadata._processors, metadata._keymap, Row._default_key_style, row, ) finally: cursor.close()"}
{"name": "databases.databases.backends.aiopg.AiopgConnection.execute", "code": "async def execute(self, query: ClauseElement) -> typing.Any: assert self._connection is not None, \"Connection is not acquired\" query_str, args, context = self._compile(query) cursor = await self._connection.cursor() try: await cursor.execute(query_str, args) return cursor.lastrowid finally: cursor.close()"}
{"name": "databases.databases.backends.aiopg.AiopgConnection.execute_many", "code": "async def execute_many(self, queries: typing.List[ClauseElement]) -> None: assert self._connection is not None, \"Connection is not acquired\" cursor = await self._connection.cursor() try: for single_query in queries: single_query, args, context = self._compile(single_query) await cursor.execute(single_query, args) finally: cursor.close()"}
{"name": "databases.databases.backends.aiopg.AiopgConnection.iterate", "code": "async def iterate( self, query: ClauseElement ) -> typing.AsyncGenerator[typing.Any, None]: assert self._connection is not None, \"Connection is not acquired\" query_str, args, context = self._compile(query) cursor = await self._connection.cursor() try: await cursor.execute(query_str, args) metadata = CursorResultMetaData(context, cursor.description) async for row in cursor: yield Row( metadata, metadata._processors, metadata._keymap, Row._default_key_style, row, ) finally: cursor.close()"}
{"name": "databases.databases.backends.aiopg.AiopgConnection.transaction", "code": "def transaction(self) -> TransactionBackend: return AiopgTransaction(self)"}
{"name": "databases.databases.backends.aiopg.AiopgConnection._compile", "code": "def _compile( self, query: ClauseElement ) -> typing.Tuple[str, dict, CompilationContext]: compiled = query.compile( dialect=self._dialect, compile_kwargs={\"render_postcompile\": True} )  execution_context = self._dialect.execution_ctx_cls() execution_context.dialect = self._dialect  if not isinstance(query, DDLElement): args = compiled.construct_params() for key, val in args.items(): if key in compiled._bind_processors: args[key] = compiled._bind_processors[key](val)  execution_context.result_column_struct = ( compiled._result_columns, compiled._ordered_columns, compiled._textual_ordered_columns, compiled._ad_hoc_textual, compiled._loose_column_name_matching, ) else: args = {}  logger.debug(\"Query: %s\\nArgs: %s\", compiled.string, args) return compiled.string, args, CompilationContext(execution_context)"}
{"name": "databases.databases.backends.aiopg.AiopgConnection.raw_connection", "code": "def raw_connection(self) -> aiopg.connection.Connection: assert self._connection is not None, \"Connection is not acquired\" return self._connection"}
{"name": "databases.databases.backends.aiopg.AiopgTransaction.__init__", "code": "def __init__(self, connection: AiopgConnection): self._connection = connection self._is_root = False self._savepoint_name = \"\""}
{"name": "databases.databases.backends.aiopg.AiopgTransaction.start", "code": "async def start( self, is_root: bool, extra_options: typing.Dict[typing.Any, typing.Any] ) -> None: assert self._connection._connection is not None, \"Connection is not acquired\" self._is_root = is_root cursor = await self._connection._connection.cursor() if self._is_root: await cursor.execute(\"BEGIN\") else: id = str(uuid.uuid4()).replace(\"-\", \"_\") self._savepoint_name = f\"STARLETTE_SAVEPOINT_{id}\" try: await cursor.execute(f\"SAVEPOINT {self._savepoint_name}\") finally: cursor.close()"}
{"name": "databases.databases.backends.aiopg.AiopgTransaction.commit", "code": "async def commit(self) -> None: assert self._connection._connection is not None, \"Connection is not acquired\" cursor = await self._connection._connection.cursor() if self._is_root: await cursor.execute(\"COMMIT\") else: try: await cursor.execute(f\"RELEASE SAVEPOINT {self._savepoint_name}\") finally: cursor.close()"}
{"name": "databases.databases.backends.aiopg.AiopgTransaction.rollback", "code": "async def rollback(self) -> None: assert self._connection._connection is not None, \"Connection is not acquired\" cursor = await self._connection._connection.cursor() if self._is_root: await cursor.execute(\"ROLLBACK\") else: try: await cursor.execute(f\"ROLLBACK TO SAVEPOINT {self._savepoint_name}\") finally: cursor.close()"}
{"name": "databases.databases.backends.asyncmy.AsyncMyBackend.__init__", "code": "def __init__( self, database_url: typing.Union[DatabaseURL, str], **options: typing.Any ) -> None: self._database_url = DatabaseURL(database_url) self._options = options self._dialect = pymysql.dialect(paramstyle=\"pyformat\") self._dialect.supports_native_decimal = True self._pool = None"}
{"name": "databases.databases.backends.asyncmy.AsyncMyBackend._get_connection_kwargs", "code": "def _get_connection_kwargs(self) -> dict: url_options = self._database_url.options  kwargs = {} min_size = url_options.get(\"min_size\") max_size = url_options.get(\"max_size\") pool_recycle = url_options.get(\"pool_recycle\") ssl = url_options.get(\"ssl\") unix_socket = url_options.get(\"unix_socket\")  if min_size is not None: kwargs[\"minsize\"] = int(min_size) if max_size is not None: kwargs[\"maxsize\"] = int(max_size) if pool_recycle is not None: kwargs[\"pool_recycle\"] = int(pool_recycle) if ssl is not None: kwargs[\"ssl\"] = {\"true\": True, \"false\": False}[ssl.lower()] if unix_socket is not None: kwargs[\"unix_socket\"] = unix_socket  for key, value in self._options.items(): # Coerce 'min_size' and 'max_size' for consistency. if key == \"min_size\": key = \"minsize\" elif key == \"max_size\": key = \"maxsize\" kwargs[key] = value  return kwargs"}
{"name": "databases.databases.backends.asyncmy.AsyncMyBackend.connect", "code": "async def connect(self) -> None: assert self._pool is None, \"DatabaseBackend is already running\" kwargs = self._get_connection_kwargs() self._pool = await asyncmy.create_pool( host=self._database_url.hostname, port=self._database_url.port or 3306, user=self._database_url.username or getpass.getuser(), password=self._database_url.password, db=self._database_url.database, autocommit=True, **kwargs, )"}
{"name": "databases.databases.backends.asyncmy.AsyncMyBackend.disconnect", "code": "async def disconnect(self) -> None: assert self._pool is not None, \"DatabaseBackend is not running\" self._pool.close() await self._pool.wait_closed() self._pool = None"}
{"name": "databases.databases.backends.asyncmy.AsyncMyBackend.connection", "code": "def connection(self) -> \"AsyncMyConnection\": return AsyncMyConnection(self, self._dialect)"}
{"name": "databases.databases.backends.asyncmy.CompilationContext.__init__", "code": "def __init__(self, context: ExecutionContext): self.context = context"}
{"name": "databases.databases.backends.asyncmy.AsyncMyConnection.__init__", "code": "def __init__(self, database: AsyncMyBackend, dialect: Dialect): self._database = database self._dialect = dialect self._connection: typing.Optional[asyncmy.Connection] = None"}
{"name": "databases.databases.backends.asyncmy.AsyncMyConnection.acquire", "code": "async def acquire(self) -> None: assert self._connection is None, \"Connection is already acquired\" assert self._database._pool is not None, \"DatabaseBackend is not running\" self._connection = await self._database._pool.acquire()"}
{"name": "databases.databases.backends.asyncmy.AsyncMyConnection.release", "code": "async def release(self) -> None: assert self._connection is not None, \"Connection is not acquired\" assert self._database._pool is not None, \"DatabaseBackend is not running\" await self._database._pool.release(self._connection) self._connection = None"}
{"name": "databases.databases.backends.asyncmy.AsyncMyConnection.fetch_all", "code": "async def fetch_all(self, query: ClauseElement) -> typing.List[Record]: assert self._connection is not None, \"Connection is not acquired\" query_str, args, context = self._compile(query) async with self._connection.cursor() as cursor: try: await cursor.execute(query_str, args) rows = await cursor.fetchall() metadata = CursorResultMetaData(context, cursor.description) return [ Row( metadata, metadata._processors, metadata._keymap, Row._default_key_style, row, ) for row in rows ] finally: await cursor.close()"}
{"name": "databases.databases.backends.asyncmy.AsyncMyConnection.fetch_one", "code": "async def fetch_one(self, query: ClauseElement) -> typing.Optional[Record]: assert self._connection is not None, \"Connection is not acquired\" query_str, args, context = self._compile(query) async with self._connection.cursor() as cursor: try: await cursor.execute(query_str, args) row = await cursor.fetchone() if row is None: return None metadata = CursorResultMetaData(context, cursor.description) return Row( metadata, metadata._processors, metadata._keymap, Row._default_key_style, row, ) finally: await cursor.close()"}
{"name": "databases.databases.backends.asyncmy.AsyncMyConnection.execute", "code": "async def execute(self, query: ClauseElement) -> typing.Any: assert self._connection is not None, \"Connection is not acquired\" query_str, args, context = self._compile(query) async with self._connection.cursor() as cursor: try: await cursor.execute(query_str, args) if cursor.lastrowid == 0: return cursor.rowcount return cursor.lastrowid finally: await cursor.close()"}
{"name": "databases.databases.backends.asyncmy.AsyncMyConnection.execute_many", "code": "async def execute_many(self, queries: typing.List[ClauseElement]) -> None: assert self._connection is not None, \"Connection is not acquired\" async with self._connection.cursor() as cursor: try: for single_query in queries: single_query, args, context = self._compile(single_query) await cursor.execute(single_query, args) finally: await cursor.close()"}
{"name": "databases.databases.backends.asyncmy.AsyncMyConnection.iterate", "code": "async def iterate( self, query: ClauseElement ) -> typing.AsyncGenerator[typing.Any, None]: assert self._connection is not None, \"Connection is not acquired\" query_str, args, context = self._compile(query) async with self._connection.cursor() as cursor: try: await cursor.execute(query_str, args) metadata = CursorResultMetaData(context, cursor.description) async for row in cursor: yield Row( metadata, metadata._processors, metadata._keymap, Row._default_key_style, row, ) finally: await cursor.close()"}
{"name": "databases.databases.backends.asyncmy.AsyncMyConnection.transaction", "code": "def transaction(self) -> TransactionBackend: return AsyncMyTransaction(self)"}
{"name": "databases.databases.backends.asyncmy.AsyncMyConnection._compile", "code": "def _compile( self, query: ClauseElement ) -> typing.Tuple[str, dict, CompilationContext]: compiled = query.compile( dialect=self._dialect, compile_kwargs={\"render_postcompile\": True} )  execution_context = self._dialect.execution_ctx_cls() execution_context.dialect = self._dialect  if not isinstance(query, DDLElement): args = compiled.construct_params() for key, val in args.items(): if key in compiled._bind_processors: args[key] = compiled._bind_processors[key](val)  execution_context.result_column_struct = ( compiled._result_columns, compiled._ordered_columns, compiled._textual_ordered_columns, compiled._ad_hoc_textual, compiled._loose_column_name_matching, ) else: args = {}  query_message = compiled.string.replace(\" \\n\", \" \").replace(\"\\n\", \" \") logger.debug(\"Query: %s Args: %s\", query_message, repr(args), extra=LOG_EXTRA) return compiled.string, args, CompilationContext(execution_context)"}
{"name": "databases.databases.backends.asyncmy.AsyncMyConnection.raw_connection", "code": "def raw_connection(self) -> asyncmy.connection.Connection: assert self._connection is not None, \"Connection is not acquired\" return self._connection"}
{"name": "databases.databases.backends.asyncmy.AsyncMyTransaction.__init__", "code": "def __init__(self, connection: AsyncMyConnection): self._connection = connection self._is_root = False self._savepoint_name = \"\""}
{"name": "databases.databases.backends.asyncmy.AsyncMyTransaction.start", "code": "async def start( self, is_root: bool, extra_options: typing.Dict[typing.Any, typing.Any] ) -> None: assert self._connection._connection is not None, \"Connection is not acquired\" self._is_root = is_root if self._is_root: await self._connection._connection.begin() else: id = str(uuid.uuid4()).replace(\"-\", \"_\") self._savepoint_name = f\"STARLETTE_SAVEPOINT_{id}\" async with self._connection._connection.cursor() as cursor: try: await cursor.execute(f\"SAVEPOINT {self._savepoint_name}\") finally: await cursor.close()"}
{"name": "databases.databases.backends.asyncmy.AsyncMyTransaction.commit", "code": "async def commit(self) -> None: assert self._connection._connection is not None, \"Connection is not acquired\" if self._is_root: await self._connection._connection.commit() else: async with self._connection._connection.cursor() as cursor: try: await cursor.execute(f\"RELEASE SAVEPOINT {self._savepoint_name}\") finally: await cursor.close()"}
{"name": "databases.databases.backends.asyncmy.AsyncMyTransaction.rollback", "code": "async def rollback(self) -> None: assert self._connection._connection is not None, \"Connection is not acquired\" if self._is_root: await self._connection._connection.rollback() else: async with self._connection._connection.cursor() as cursor: try: await cursor.execute( f\"ROLLBACK TO SAVEPOINT {self._savepoint_name}\" ) finally: await cursor.close()"}
{"name": "databases.databases.backends.sqlite.SQLiteBackend.__init__", "code": "def __init__( self, database_url: typing.Union[DatabaseURL, str], **options: typing.Any ) -> None: self._database_url = DatabaseURL(database_url) self._options = options self._dialect = pysqlite.dialect(paramstyle=\"qmark\") # aiosqlite does not support decimals self._dialect.supports_native_decimal = False self._pool = SQLitePool(self._database_url, **self._options)"}
{"name": "databases.databases.backends.sqlite.SQLiteBackend.connect", "code": "async def connect(self) -> None: pass # assert self._pool is None, \"DatabaseBackend is already running\" # self._pool = await aiomysql.create_pool( #     host=self._database_url.hostname, #     port=self._database_url.port or 3306, #     user=self._database_url.username or getpass.getuser(), #     password=self._database_url.password, #     db=self._database_url.database, #     autocommit=True, # )"}
{"name": "databases.databases.backends.sqlite.SQLiteBackend.disconnect", "code": "async def disconnect(self) -> None: # if it extsis, remove reference to connection to cached in-memory database on disconnect if self._pool._memref: self._pool._memref = None # assert self._pool is not None, \"DatabaseBackend is not running\" # self._pool.close() # await self._pool.wait_closed() # self._pool = None"}
{"name": "databases.databases.backends.sqlite.SQLiteBackend.connection", "code": "def connection(self) -> \"SQLiteConnection\": return SQLiteConnection(self._pool, self._dialect)"}
{"name": "databases.databases.backends.sqlite.SQLitePool.__init__", "code": "def __init__(self, url: DatabaseURL, **options: typing.Any) -> None: self._database = url.database self._memref = None # add query params to database connection string if url.options: self._database += \"?\" + urlencode(url.options) self._options = options  if url.options and \"cache\" in url.options: # reference to a connection to the cached in-memory database must be held to keep it from being deleted self._memref = sqlite3.connect(self._database, **self._options)"}
{"name": "databases.databases.backends.sqlite.SQLitePool.acquire", "code": "async def acquire(self) -> aiosqlite.Connection: connection = aiosqlite.connect( database=self._database, isolation_level=None, **self._options ) await connection.__aenter__() return connection"}
{"name": "databases.databases.backends.sqlite.SQLitePool.release", "code": "async def release(self, connection: aiosqlite.Connection) -> None: await connection.__aexit__(None, None, None)"}
{"name": "databases.databases.backends.sqlite.CompilationContext.__init__", "code": "def __init__(self, context: ExecutionContext): self.context = context"}
{"name": "databases.databases.backends.sqlite.SQLiteConnection.__init__", "code": "def __init__(self, pool: SQLitePool, dialect: Dialect): self._pool = pool self._dialect = dialect self._connection: typing.Optional[aiosqlite.Connection] = None"}
{"name": "databases.databases.backends.sqlite.SQLiteConnection.acquire", "code": "async def acquire(self) -> None: assert self._connection is None, \"Connection is already acquired\" self._connection = await self._pool.acquire()"}
{"name": "databases.databases.backends.sqlite.SQLiteConnection.release", "code": "async def release(self) -> None: assert self._connection is not None, \"Connection is not acquired\" await self._pool.release(self._connection) self._connection = None"}
{"name": "databases.databases.backends.sqlite.SQLiteConnection.fetch_all", "code": "async def fetch_all(self, query: ClauseElement) -> typing.List[Record]: assert self._connection is not None, \"Connection is not acquired\" query_str, args, context = self._compile(query)  async with self._connection.execute(query_str, args) as cursor: rows = await cursor.fetchall() metadata = CursorResultMetaData(context, cursor.description) return [ Row( metadata, metadata._processors, metadata._keymap, Row._default_key_style, row, ) for row in rows ]"}
{"name": "databases.databases.backends.sqlite.SQLiteConnection.fetch_one", "code": "async def fetch_one(self, query: ClauseElement) -> typing.Optional[Record]: assert self._connection is not None, \"Connection is not acquired\" query_str, args, context = self._compile(query)  async with self._connection.execute(query_str, args) as cursor: row = await cursor.fetchone() if row is None: return None metadata = CursorResultMetaData(context, cursor.description) return Row( metadata, metadata._processors, metadata._keymap, Row._default_key_style, row, )"}
{"name": "databases.databases.backends.sqlite.SQLiteConnection.execute", "code": "async def execute(self, query: ClauseElement) -> typing.Any: assert self._connection is not None, \"Connection is not acquired\" query_str, args, context = self._compile(query) async with self._connection.cursor() as cursor: await cursor.execute(query_str, args) if cursor.lastrowid == 0: return cursor.rowcount return cursor.lastrowid"}
{"name": "databases.databases.backends.sqlite.SQLiteConnection.execute_many", "code": "async def execute_many(self, queries: typing.List[ClauseElement]) -> None: assert self._connection is not None, \"Connection is not acquired\" for single_query in queries: await self.execute(single_query)"}
{"name": "databases.databases.backends.sqlite.SQLiteConnection.iterate", "code": "async def iterate( self, query: ClauseElement ) -> typing.AsyncGenerator[typing.Any, None]: assert self._connection is not None, \"Connection is not acquired\" query_str, args, context = self._compile(query) async with self._connection.execute(query_str, args) as cursor: metadata = CursorResultMetaData(context, cursor.description) async for row in cursor: yield Row( metadata, metadata._processors, metadata._keymap, Row._default_key_style, row, )"}
{"name": "databases.databases.backends.sqlite.SQLiteConnection.transaction", "code": "def transaction(self) -> TransactionBackend: return SQLiteTransaction(self)"}
{"name": "databases.databases.backends.sqlite.SQLiteConnection._compile", "code": "def _compile( self, query: ClauseElement ) -> typing.Tuple[str, list, CompilationContext]: compiled = query.compile( dialect=self._dialect, compile_kwargs={\"render_postcompile\": True} )  execution_context = self._dialect.execution_ctx_cls() execution_context.dialect = self._dialect  args = []  if not isinstance(query, DDLElement): params = compiled.construct_params() for key in compiled.positiontup: raw_val = params[key] if key in compiled._bind_processors: val = compiled._bind_processors[key](raw_val) else: val = raw_val args.append(val)  execution_context.result_column_struct = ( compiled._result_columns, compiled._ordered_columns, compiled._textual_ordered_columns, compiled._ad_hoc_textual, compiled._loose_column_name_matching, )  query_message = compiled.string.replace(\" \\n\", \" \").replace(\"\\n\", \" \") logger.debug( \"Query: %s Args: %s\", query_message, repr(tuple(args)), extra=LOG_EXTRA ) return compiled.string, args, CompilationContext(execution_context)"}
{"name": "databases.databases.backends.sqlite.SQLiteConnection.raw_connection", "code": "def raw_connection(self) -> aiosqlite.core.Connection: assert self._connection is not None, \"Connection is not acquired\" return self._connection"}
{"name": "databases.databases.backends.sqlite.SQLiteTransaction.__init__", "code": "def __init__(self, connection: SQLiteConnection): self._connection = connection self._is_root = False self._savepoint_name = \"\""}
{"name": "databases.databases.backends.sqlite.SQLiteTransaction.start", "code": "async def start( self, is_root: bool, extra_options: typing.Dict[typing.Any, typing.Any] ) -> None: assert self._connection._connection is not None, \"Connection is not acquired\" self._is_root = is_root if self._is_root: async with self._connection._connection.execute(\"BEGIN\") as cursor: await cursor.close() else: id = str(uuid.uuid4()).replace(\"-\", \"_\") self._savepoint_name = f\"STARLETTE_SAVEPOINT_{id}\" async with self._connection._connection.execute( f\"SAVEPOINT {self._savepoint_name}\" ) as cursor: await cursor.close()"}
{"name": "databases.databases.backends.sqlite.SQLiteTransaction.commit", "code": "async def commit(self) -> None: assert self._connection._connection is not None, \"Connection is not acquired\" if self._is_root: async with self._connection._connection.execute(\"COMMIT\") as cursor: await cursor.close() else: async with self._connection._connection.execute( f\"RELEASE SAVEPOINT {self._savepoint_name}\" ) as cursor: await cursor.close()"}
{"name": "databases.databases.backends.sqlite.SQLiteTransaction.rollback", "code": "async def rollback(self) -> None: assert self._connection._connection is not None, \"Connection is not acquired\" if self._is_root: async with self._connection._connection.execute(\"ROLLBACK\") as cursor: await cursor.close() else: async with self._connection._connection.execute( f\"ROLLBACK TO SAVEPOINT {self._savepoint_name}\" ) as cursor: await cursor.close()"}
{"name": "databases.databases.backends.postgres.PostgresBackend.__init__", "code": "def __init__( self, database_url: typing.Union[DatabaseURL, str], **options: typing.Any ) -> None: self._database_url = DatabaseURL(database_url) self._options = options self._dialect = self._get_dialect() self._pool = None"}
{"name": "databases.databases.backends.postgres.PostgresBackend._get_dialect", "code": "def _get_dialect(self) -> Dialect: dialect = pypostgresql.dialect(paramstyle=\"pyformat\")  dialect.implicit_returning = True dialect.supports_native_enum = True dialect.supports_smallserial = True  # 9.2+ dialect._backslash_escapes = False dialect.supports_sane_multi_rowcount = True  # psycopg 2.0.9+ dialect._has_native_hstore = True dialect.supports_native_decimal = True  return dialect"}
{"name": "databases.databases.backends.postgres.PostgresBackend._get_connection_kwargs", "code": "def _get_connection_kwargs(self) -> dict: url_options = self._database_url.options  kwargs: typing.Dict[str, typing.Any] = {} min_size = url_options.get(\"min_size\") max_size = url_options.get(\"max_size\") ssl = url_options.get(\"ssl\")  if min_size is not None: kwargs[\"min_size\"] = int(min_size) if max_size is not None: kwargs[\"max_size\"] = int(max_size) if ssl is not None: kwargs[\"ssl\"] = {\"true\": True, \"false\": False}[ssl.lower()]  kwargs.update(self._options)  return kwargs"}
{"name": "databases.databases.backends.postgres.PostgresBackend.connect", "code": "async def connect(self) -> None: assert self._pool is None, \"DatabaseBackend is already running\" kwargs = dict( host=self._database_url.hostname, port=self._database_url.port, user=self._database_url.username, password=self._database_url.password, database=self._database_url.database, ) kwargs.update(self._get_connection_kwargs()) self._pool = await asyncpg.create_pool(**kwargs)"}
{"name": "databases.databases.backends.postgres.PostgresBackend.disconnect", "code": "async def disconnect(self) -> None: assert self._pool is not None, \"DatabaseBackend is not running\" await self._pool.close() self._pool = None"}
{"name": "databases.databases.backends.postgres.PostgresBackend.connection", "code": "def connection(self) -> \"PostgresConnection\": return PostgresConnection(self, self._dialect)"}
{"name": "databases.databases.backends.postgres.Record.__init__", "code": "def __init__( self, row: asyncpg.Record, result_columns: tuple, dialect: Dialect, column_maps: typing.Tuple[ typing.Mapping[typing.Any, typing.Tuple[int, TypeEngine]], typing.Mapping[int, typing.Tuple[int, TypeEngine]], typing.Mapping[str, typing.Tuple[int, TypeEngine]], ], ) -> None: self._row = row self._result_columns = result_columns self._dialect = dialect self._column_map, self._column_map_int, self._column_map_full = column_maps"}
{"name": "databases.databases.backends.postgres.Record._mapping", "code": "def _mapping(self) -> typing.Mapping: return self._row"}
{"name": "databases.databases.backends.postgres.Record.keys", "code": "def keys(self) -> typing.KeysView: import warnings  warnings.warn( \"The `Row.keys()` method is deprecated to mimic SQLAlchemy behaviour, \" \"use `Row._mapping.keys()` instead.\", DeprecationWarning, ) return self._mapping.keys()"}
{"name": "databases.databases.backends.postgres.Record.values", "code": "def values(self) -> typing.ValuesView: import warnings  warnings.warn( \"The `Row.values()` method is deprecated to mimic SQLAlchemy behaviour, \" \"use `Row._mapping.values()` instead.\", DeprecationWarning, ) return self._mapping.values()"}
{"name": "databases.databases.backends.postgres.Record.__getitem__", "code": "def __getitem__(self, key: typing.Any) -> typing.Any: if len(self._column_map) == 0:  # raw query return self._row[key] elif isinstance(key, Column): idx, datatype = self._column_map_full[str(key)] elif isinstance(key, int): idx, datatype = self._column_map_int[key] else: idx, datatype = self._column_map[key] raw = self._row[idx] processor = datatype._cached_result_processor(self._dialect, None)  if processor is not None: return processor(raw) return raw"}
{"name": "databases.databases.backends.postgres.Record.__iter__", "code": "def __iter__(self) -> typing.Iterator: return iter(self._row.keys())"}
{"name": "databases.databases.backends.postgres.Record.__len__", "code": "def __len__(self) -> int: return len(self._row)"}
{"name": "databases.databases.backends.postgres.Record.__getattr__", "code": "def __getattr__(self, name: str) -> typing.Any: return self._mapping.get(name)"}
{"name": "databases.databases.backends.postgres.PostgresConnection.__init__", "code": "def __init__(self, database: PostgresBackend, dialect: Dialect): self._database = database self._dialect = dialect self._connection: typing.Optional[asyncpg.connection.Connection] = None"}
{"name": "databases.databases.backends.postgres.PostgresConnection.acquire", "code": "async def acquire(self) -> None: assert self._connection is None, \"Connection is already acquired\" assert self._database._pool is not None, \"DatabaseBackend is not running\" self._connection = await self._database._pool.acquire()"}
{"name": "databases.databases.backends.postgres.PostgresConnection.release", "code": "async def release(self) -> None: assert self._connection is not None, \"Connection is not acquired\" assert self._database._pool is not None, \"DatabaseBackend is not running\" self._connection = await self._database._pool.release(self._connection) self._connection = None"}
{"name": "databases.databases.backends.postgres.PostgresConnection.fetch_all", "code": "async def fetch_all(self, query: ClauseElement) -> typing.List[RecordInterface]: assert self._connection is not None, \"Connection is not acquired\" query_str, args, result_columns = self._compile(query) rows = await self._connection.fetch(query_str, *args) dialect = self._dialect column_maps = self._create_column_maps(result_columns) return [Record(row, result_columns, dialect, column_maps) for row in rows]"}
{"name": "databases.databases.backends.postgres.PostgresConnection.fetch_one", "code": "async def fetch_one(self, query: ClauseElement) -> typing.Optional[RecordInterface]: assert self._connection is not None, \"Connection is not acquired\" query_str, args, result_columns = self._compile(query) row = await self._connection.fetchrow(query_str, *args) if row is None: return None return Record( row, result_columns, self._dialect, self._create_column_maps(result_columns), )"}
{"name": "databases.databases.backends.postgres.PostgresConnection.fetch_val", "code": "async def fetch_val( self, query: ClauseElement, column: typing.Any = 0 ) -> typing.Any: # we are not calling self._connection.fetchval here because # it does not convert all the types, e.g. JSON stays string # instead of an object # see also: # https://github.com/encode/databases/pull/131 # https://github.com/encode/databases/pull/132 # https://github.com/encode/databases/pull/246 row = await self.fetch_one(query) if row is None: return None return row[column]"}
{"name": "databases.databases.backends.postgres.PostgresConnection.execute", "code": "async def execute(self, query: ClauseElement) -> typing.Any: assert self._connection is not None, \"Connection is not acquired\" query_str, args, result_columns = self._compile(query) return await self._connection.fetchval(query_str, *args)"}
{"name": "databases.databases.backends.postgres.PostgresConnection.execute_many", "code": "async def execute_many(self, queries: typing.List[ClauseElement]) -> None: assert self._connection is not None, \"Connection is not acquired\" # asyncpg uses prepared statements under the hood, so we just # loop through multiple executes here, which should all end up # using the same prepared statement. for single_query in queries: single_query, args, result_columns = self._compile(single_query) await self._connection.execute(single_query, *args)"}
{"name": "databases.databases.backends.postgres.PostgresConnection.iterate", "code": "async def iterate( self, query: ClauseElement ) -> typing.AsyncGenerator[typing.Any, None]: assert self._connection is not None, \"Connection is not acquired\" query_str, args, result_columns = self._compile(query) column_maps = self._create_column_maps(result_columns) async for row in self._connection.cursor(query_str, *args): yield Record(row, result_columns, self._dialect, column_maps)"}
{"name": "databases.databases.backends.postgres.PostgresConnection.transaction", "code": "def transaction(self) -> TransactionBackend: return PostgresTransaction(connection=self)"}
{"name": "databases.databases.backends.postgres.PostgresConnection._compile", "code": "def _compile(self, query: ClauseElement) -> typing.Tuple[str, list, tuple]: compiled = query.compile( dialect=self._dialect, compile_kwargs={\"render_postcompile\": True} )  if not isinstance(query, DDLElement): compiled_params = sorted(compiled.params.items())  mapping = { key: \"$\" + str(i) for i, (key, _) in enumerate(compiled_params, start=1) } compiled_query = compiled.string % mapping  processors = compiled._bind_processors args = [ processors[key](val) if key in processors else val for key, val in compiled_params ]  result_map = compiled._result_columns else: compiled_query = compiled.string args = [] result_map = None  query_message = compiled_query.replace(\" \\n\", \" \").replace(\"\\n\", \" \") logger.debug( \"Query: %s Args: %s\", query_message, repr(tuple(args)), extra=LOG_EXTRA ) return compiled_query, args, result_map"}
{"name": "databases.databases.backends.postgres.PostgresConnection._create_column_maps", "code": "def _create_column_maps( result_columns: tuple, ) -> typing.Tuple[ typing.Mapping[typing.Any, typing.Tuple[int, TypeEngine]], typing.Mapping[int, typing.Tuple[int, TypeEngine]], typing.Mapping[str, typing.Tuple[int, TypeEngine]], ]: \"\"\" Generate column -> datatype mappings from the column definitions.  These mappings are used throughout PostgresConnection methods to initialize Record-s. The underlying DB driver does not do type conversion for us so we have wrap the returned asyncpg.Record-s.  :return: Three mappings from different ways to address a column to \\ corresponding column indexes and datatypes: \\ 1. by column identifier; \\ 2. by column index; \\ 3. by column name in Column sqlalchemy objects. \"\"\" column_map, column_map_int, column_map_full = {}, {}, {} for idx, (column_name, _, column, datatype) in enumerate(result_columns): column_map[column_name] = (idx, datatype) column_map_int[idx] = (idx, datatype) column_map_full[str(column[0])] = (idx, datatype) return column_map, column_map_int, column_map_full"}
{"name": "databases.databases.backends.postgres.PostgresConnection.raw_connection", "code": "def raw_connection(self) -> asyncpg.connection.Connection: assert self._connection is not None, \"Connection is not acquired\" return self._connection"}
{"name": "databases.databases.backends.postgres.PostgresTransaction.__init__", "code": "def __init__(self, connection: PostgresConnection): self._connection = connection self._transaction: typing.Optional[asyncpg.transaction.Transaction] = None"}
{"name": "databases.databases.backends.postgres.PostgresTransaction.start", "code": "async def start( self, is_root: bool, extra_options: typing.Dict[typing.Any, typing.Any] ) -> None: assert self._connection._connection is not None, \"Connection is not acquired\" self._transaction = self._connection._connection.transaction(**extra_options) await self._transaction.start()"}
{"name": "databases.databases.backends.postgres.PostgresTransaction.commit", "code": "async def commit(self) -> None: assert self._transaction is not None await self._transaction.commit()"}
{"name": "databases.databases.backends.postgres.PostgresTransaction.rollback", "code": "async def rollback(self) -> None: assert self._transaction is not None await self._transaction.rollback()"}
{"name": "databases.databases.core.Database.__init__", "code": "def __init__( self, url: typing.Union[str, \"DatabaseURL\"], *, force_rollback: bool = False, **options: typing.Any, ): self.url = DatabaseURL(url) self.options = options self.is_connected = False self._connection_map = weakref.WeakKeyDictionary()  self._force_rollback = force_rollback  backend_str = self._get_backend() backend_cls = import_from_string(backend_str) assert issubclass(backend_cls, DatabaseBackend) self._backend = backend_cls(self.url, **self.options)  # When `force_rollback=True` is used, we use a single global # connection, within a transaction that always rolls back. self._global_connection: typing.Optional[Connection] = None self._global_transaction: typing.Optional[Transaction] = None"}
{"name": "databases.databases.core.Database._current_task", "code": "def _current_task(self) -> asyncio.Task: task = asyncio.current_task() if not task: raise RuntimeError(\"No currently active asyncio.Task found\") return task"}
{"name": "databases.databases.core.Database._connection", "code": "def _connection(self) -> typing.Optional[\"Connection\"]: return self._connection_map.get(self._current_task)"}
{"name": "databases.databases.core.Database._connection", "code": "def _connection( self, connection: typing.Optional[\"Connection\"] ) -> typing.Optional[\"Connection\"]: task = self._current_task  if connection is None: self._connection_map.pop(task, None) else: self._connection_map[task] = connection  return self._connection"}
{"name": "databases.databases.core.Database.connect", "code": "async def connect(self) -> None: \"\"\" Establish the connection pool. \"\"\" if self.is_connected: logger.debug(\"Already connected, skipping connection\") return None  await self._backend.connect() logger.info( \"Connected to database %s\", self.url.obscure_password, extra=CONNECT_EXTRA ) self.is_connected = True  if self._force_rollback: assert self._global_connection is None assert self._global_transaction is None  self._global_connection = Connection(self, self._backend) self._global_transaction = self._global_connection.transaction( force_rollback=True )  await self._global_transaction.__aenter__()"}
{"name": "databases.databases.core.Database.disconnect", "code": "async def disconnect(self) -> None: \"\"\" Close all connections in the connection pool. \"\"\" if not self.is_connected: logger.debug(\"Already disconnected, skipping disconnection\") return None  if self._force_rollback: assert self._global_connection is not None assert self._global_transaction is not None  await self._global_transaction.__aexit__()  self._global_transaction = None self._global_connection = None else: self._connection = None  await self._backend.disconnect() logger.info( \"Disconnected from database %s\", self.url.obscure_password, extra=DISCONNECT_EXTRA, ) self.is_connected = False"}
{"name": "databases.databases.core.Database.__aenter__", "code": "async def __aenter__(self) -> \"Database\": await self.connect() return self"}
{"name": "databases.databases.core.Database.__aexit__", "code": "async def __aexit__( self, exc_type: typing.Optional[typing.Type[BaseException]] = None, exc_value: typing.Optional[BaseException] = None, traceback: typing.Optional[TracebackType] = None, ) -> None: await self.disconnect()"}
{"name": "databases.databases.core.Database.fetch_all", "code": "async def fetch_all( self, query: typing.Union[ClauseElement, str], values: typing.Optional[dict] = None, ) -> typing.List[Record]: async with self.connection() as connection: return await connection.fetch_all(query, values)"}
{"name": "databases.databases.core.Database.fetch_one", "code": "async def fetch_one( self, query: typing.Union[ClauseElement, str], values: typing.Optional[dict] = None, ) -> typing.Optional[Record]: async with self.connection() as connection: return await connection.fetch_one(query, values)"}
{"name": "databases.databases.core.Database.fetch_val", "code": "async def fetch_val( self, query: typing.Union[ClauseElement, str], values: typing.Optional[dict] = None, column: typing.Any = 0, ) -> typing.Any: async with self.connection() as connection: return await connection.fetch_val(query, values, column=column)"}
{"name": "databases.databases.core.Database.execute", "code": "async def execute( self, query: typing.Union[ClauseElement, str], values: typing.Optional[dict] = None, ) -> typing.Any: async with self.connection() as connection: return await connection.execute(query, values)"}
{"name": "databases.databases.core.Database.execute_many", "code": "async def execute_many( self, query: typing.Union[ClauseElement, str], values: list ) -> None: async with self.connection() as connection: return await connection.execute_many(query, values)"}
{"name": "databases.databases.core.Database.iterate", "code": "async def iterate( self, query: typing.Union[ClauseElement, str], values: typing.Optional[dict] = None, ) -> typing.AsyncGenerator[typing.Mapping, None]: async with self.connection() as connection: async for record in connection.iterate(query, values): yield record"}
{"name": "databases.databases.core.Database.connection", "code": "def connection(self) -> \"Connection\": if self._global_connection is not None: return self._global_connection  if not self._connection: self._connection = Connection(self, self._backend)  return self._connection"}
{"name": "databases.databases.core.Database.transaction", "code": "def transaction( self, *, force_rollback: bool = False, **kwargs: typing.Any ) -> \"Transaction\": return Transaction(self.connection, force_rollback=force_rollback, **kwargs)"}
{"name": "databases.databases.core.Database.force_rollback", "code": "def force_rollback(self) -> typing.Iterator[None]: initial = self._force_rollback self._force_rollback = True try: yield finally: self._force_rollback = initial"}
{"name": "databases.databases.core.Database._get_backend", "code": "def _get_backend(self) -> str: return self.SUPPORTED_BACKENDS.get( self.url.scheme, self.SUPPORTED_BACKENDS[self.url.dialect] )"}
{"name": "databases.databases.core.Connection.__init__", "code": "def __init__(self, database: Database, backend: DatabaseBackend) -> None: self._database = database self._backend = backend  self._connection_lock = asyncio.Lock() self._connection = self._backend.connection() self._connection_counter = 0  self._transaction_lock = asyncio.Lock() self._transaction_stack: typing.List[Transaction] = []  self._query_lock = asyncio.Lock()"}
{"name": "databases.databases.core.Connection.__aenter__", "code": "async def __aenter__(self) -> \"Connection\": async with self._connection_lock: self._connection_counter += 1 try: if self._connection_counter == 1: await self._connection.acquire() except BaseException as e: self._connection_counter -= 1 raise e return self"}
{"name": "databases.databases.core.Connection.__aexit__", "code": "async def __aexit__( self, exc_type: typing.Optional[typing.Type[BaseException]] = None, exc_value: typing.Optional[BaseException] = None, traceback: typing.Optional[TracebackType] = None, ) -> None: async with self._connection_lock: assert self._connection is not None self._connection_counter -= 1 if self._connection_counter == 0: await self._connection.release() self._database._connection = None"}
{"name": "databases.databases.core.Connection.fetch_all", "code": "async def fetch_all( self, query: typing.Union[ClauseElement, str], values: typing.Optional[dict] = None, ) -> typing.List[Record]: built_query = self._build_query(query, values) async with self._query_lock: return await self._connection.fetch_all(built_query)"}
{"name": "databases.databases.core.Connection.fetch_one", "code": "async def fetch_one( self, query: typing.Union[ClauseElement, str], values: typing.Optional[dict] = None, ) -> typing.Optional[Record]: built_query = self._build_query(query, values) async with self._query_lock: return await self._connection.fetch_one(built_query)"}
{"name": "databases.databases.core.Connection.fetch_val", "code": "async def fetch_val( self, query: typing.Union[ClauseElement, str], values: typing.Optional[dict] = None, column: typing.Any = 0, ) -> typing.Any: built_query = self._build_query(query, values) async with self._query_lock: return await self._connection.fetch_val(built_query, column)"}
{"name": "databases.databases.core.Connection.execute", "code": "async def execute( self, query: typing.Union[ClauseElement, str], values: typing.Optional[dict] = None, ) -> typing.Any: built_query = self._build_query(query, values) async with self._query_lock: return await self._connection.execute(built_query)"}
{"name": "databases.databases.core.Connection.execute_many", "code": "async def execute_many( self, query: typing.Union[ClauseElement, str], values: list ) -> None: queries = [self._build_query(query, values_set) for values_set in values] async with self._query_lock: await self._connection.execute_many(queries)"}
{"name": "databases.databases.core.Connection.iterate", "code": "async def iterate( self, query: typing.Union[ClauseElement, str], values: typing.Optional[dict] = None, ) -> typing.AsyncGenerator[typing.Any, None]: built_query = self._build_query(query, values) async with self.transaction(): async with self._query_lock: async for record in self._connection.iterate(built_query): yield record"}
{"name": "databases.databases.core.Connection.transaction", "code": "def transaction( self, *, force_rollback: bool = False, **kwargs: typing.Any ) -> \"Transaction\": def connection_callable() -> Connection: return self  return Transaction(connection_callable, force_rollback, **kwargs)"}
{"name": "databases.databases.core.Connection.raw_connection", "code": "def raw_connection(self) -> typing.Any: return self._connection.raw_connection"}
{"name": "databases.databases.core.Connection._build_query", "code": "def _build_query( query: typing.Union[ClauseElement, str], values: typing.Optional[dict] = None ) -> ClauseElement: if isinstance(query, str): query = text(query)  return query.bindparams(**values) if values is not None else query elif values: return query.values(**values)  return query"}
{"name": "databases.databases.core.Transaction.__init__", "code": "def __init__( self, connection_callable: typing.Callable[[], Connection], force_rollback: bool, **kwargs: typing.Any, ) -> None: self._connection_callable = connection_callable self._force_rollback = force_rollback self._extra_options = kwargs"}
{"name": "databases.databases.core.Transaction._connection", "code": "def _connection(self) -> \"Connection\": # Returns the same connection if called multiple times return self._connection_callable()"}
{"name": "databases.databases.core.Transaction._transaction", "code": "def _transaction(self) -> typing.Optional[\"TransactionBackend\"]: transactions = _ACTIVE_TRANSACTIONS.get() if transactions is None: return None  return transactions.get(self, None)"}
{"name": "databases.databases.core.Transaction._transaction", "code": "def _transaction( self, transaction: typing.Optional[\"TransactionBackend\"] ) -> typing.Optional[\"TransactionBackend\"]: transactions = _ACTIVE_TRANSACTIONS.get() if transactions is None: transactions = weakref.WeakKeyDictionary() else: transactions = transactions.copy()  if transaction is None: transactions.pop(self, None) else: transactions[self] = transaction  _ACTIVE_TRANSACTIONS.set(transactions) return transactions.get(self, None)"}
{"name": "databases.databases.core.Transaction.__aenter__", "code": "async def __aenter__(self) -> \"Transaction\": \"\"\" Called when entering `async with database.transaction()` \"\"\" await self.start() return self"}
{"name": "databases.databases.core.Transaction.__aexit__", "code": "async def __aexit__( self, exc_type: typing.Optional[typing.Type[BaseException]] = None, exc_value: typing.Optional[BaseException] = None, traceback: typing.Optional[TracebackType] = None, ) -> None: \"\"\" Called when exiting `async with database.transaction()` \"\"\" if exc_type is not None or self._force_rollback: await self.rollback() else: await self.commit()"}
{"name": "databases.databases.core.Transaction.__await__", "code": "def __await__(self) -> typing.Generator[None, None, \"Transaction\"]: \"\"\" Called if using the low-level `transaction = await database.transaction()` \"\"\" return self.start().__await__()"}
{"name": "databases.databases.core.Transaction.__call__", "code": "def __call__(self, func: _CallableType) -> _CallableType: \"\"\" Called if using `@database.transaction()` as a decorator. \"\"\"  @functools.wraps(func) async def wrapper(*args: typing.Any, **kwargs: typing.Any) -> typing.Any: async with self: return await func(*args, **kwargs)  return wrapper  # type: ignore"}
{"name": "databases.databases.core.Transaction.start", "code": "async def start(self) -> \"Transaction\": self._transaction = self._connection._connection.transaction()  async with self._connection._transaction_lock: is_root = not self._connection._transaction_stack await self._connection.__aenter__() await self._transaction.start( is_root=is_root, extra_options=self._extra_options ) self._connection._transaction_stack.append(self) return self"}
{"name": "databases.databases.core.Transaction.commit", "code": "async def commit(self) -> None: async with self._connection._transaction_lock: assert self._connection._transaction_stack[-1] is self self._connection._transaction_stack.pop() assert self._transaction is not None await self._transaction.commit() await self._connection.__aexit__() self._transaction = None"}
{"name": "databases.databases.core.Transaction.rollback", "code": "async def rollback(self) -> None: async with self._connection._transaction_lock: assert self._connection._transaction_stack[-1] is self self._connection._transaction_stack.pop() assert self._transaction is not None await self._transaction.rollback() await self._connection.__aexit__() self._transaction = None"}
{"name": "databases.databases.core._EmptyNetloc.__bool__", "code": "def __bool__(self) -> bool: return True"}
{"name": "databases.databases.core.DatabaseURL.__init__", "code": "def __init__(self, url: typing.Union[str, \"DatabaseURL\"]): if isinstance(url, DatabaseURL): self._url: str = url._url elif isinstance(url, str): self._url = url else: raise TypeError( f\"Invalid type for DatabaseURL. Expected str or DatabaseURL, got {type(url)}\" )"}
{"name": "databases.databases.core.DatabaseURL.components", "code": "def components(self) -> SplitResult: if not hasattr(self, \"_components\"): self._components = urlsplit(self._url) return self._components"}
{"name": "databases.databases.core.DatabaseURL.scheme", "code": "def scheme(self) -> str: return self.components.scheme"}
{"name": "databases.databases.core.DatabaseURL.dialect", "code": "def dialect(self) -> str: return self.components.scheme.split(\"+\")[0]"}
{"name": "databases.databases.core.DatabaseURL.driver", "code": "def driver(self) -> str: if \"+\" not in self.components.scheme: return \"\" return self.components.scheme.split(\"+\", 1)[1]"}
{"name": "databases.databases.core.DatabaseURL.userinfo", "code": "def userinfo(self) -> typing.Optional[bytes]: if self.components.username: info = self.components.username if self.components.password: info += \":\" + self.components.password return info.encode(\"utf-8\") return None"}
{"name": "databases.databases.core.DatabaseURL.username", "code": "def username(self) -> typing.Optional[str]: if self.components.username is None: return None return unquote(self.components.username)"}
{"name": "databases.databases.core.DatabaseURL.password", "code": "def password(self) -> typing.Optional[str]: if self.components.password is None: return None return unquote(self.components.password)"}
{"name": "databases.databases.core.DatabaseURL.hostname", "code": "def hostname(self) -> typing.Optional[str]: return ( self.components.hostname or self.options.get(\"host\") or self.options.get(\"unix_sock\") )"}
{"name": "databases.databases.core.DatabaseURL.port", "code": "def port(self) -> typing.Optional[int]: return self.components.port"}
{"name": "databases.databases.core.DatabaseURL.netloc", "code": "def netloc(self) -> typing.Optional[str]: return self.components.netloc"}
{"name": "databases.databases.core.DatabaseURL.database", "code": "def database(self) -> str: path = self.components.path if path.startswith(\"/\"): path = path[1:] return unquote(path)"}
{"name": "databases.databases.core.DatabaseURL.options", "code": "def options(self) -> dict: if not hasattr(self, \"_options\"): self._options = dict(parse_qsl(self.components.query)) return self._options"}
{"name": "databases.databases.core.DatabaseURL.replace", "code": "def replace(self, **kwargs: typing.Any) -> \"DatabaseURL\": if ( \"username\" in kwargs or \"password\" in kwargs or \"hostname\" in kwargs or \"port\" in kwargs ): hostname = kwargs.pop(\"hostname\", self.hostname) port = kwargs.pop(\"port\", self.port) username = kwargs.pop(\"username\", self.components.username) password = kwargs.pop(\"password\", self.components.password)  netloc = hostname if port is not None: netloc += f\":{port}\" if username is not None: userpass = username if password is not None: userpass += f\":{password}\" netloc = f\"{userpass}@{netloc}\"  kwargs[\"netloc\"] = netloc  if \"database\" in kwargs: kwargs[\"path\"] = \"/\" + kwargs.pop(\"database\")  if \"dialect\" in kwargs or \"driver\" in kwargs: dialect = kwargs.pop(\"dialect\", self.dialect) driver = kwargs.pop(\"driver\", self.driver) kwargs[\"scheme\"] = f\"{dialect}+{driver}\" if driver else dialect  if not kwargs.get(\"netloc\", self.netloc): # Using an empty string that evaluates as True means we end up # with URLs like `sqlite:///database` instead of `sqlite:/database` kwargs[\"netloc\"] = _EmptyNetloc()  components = self.components._replace(**kwargs) return self.__class__(components.geturl())"}
{"name": "databases.databases.core.DatabaseURL.obscure_password", "code": "def obscure_password(self) -> str: if self.password: return self.replace(password=\"********\")._url return self._url"}
{"name": "databases.databases.core.DatabaseURL.__str__", "code": "def __str__(self) -> str: return self._url"}
{"name": "databases.databases.core.DatabaseURL.__repr__", "code": "def __repr__(self) -> str: return f\"{self.__class__.__name__}({repr(self.obscure_password)})\""}
{"name": "databases.databases.core.DatabaseURL.__eq__", "code": "def __eq__(self, other: typing.Any) -> bool: return str(self) == str(other)"}
{"name": "databases.databases.interfaces.DatabaseBackend.connect", "code": "async def connect(self) -> None: raise NotImplementedError()  # pragma: no cover"}
{"name": "databases.databases.interfaces.DatabaseBackend.disconnect", "code": "async def disconnect(self) -> None: raise NotImplementedError()  # pragma: no cover"}
{"name": "databases.databases.interfaces.DatabaseBackend.connection", "code": "def connection(self) -> \"ConnectionBackend\": raise NotImplementedError()  # pragma: no cover"}
{"name": "databases.databases.interfaces.ConnectionBackend.acquire", "code": "async def acquire(self) -> None: raise NotImplementedError()  # pragma: no cover"}
{"name": "databases.databases.interfaces.ConnectionBackend.release", "code": "async def release(self) -> None: raise NotImplementedError()  # pragma: no cover"}
{"name": "databases.databases.interfaces.ConnectionBackend.fetch_all", "code": "async def fetch_all(self, query: ClauseElement) -> typing.List[\"Record\"]: raise NotImplementedError()  # pragma: no cover"}
{"name": "databases.databases.interfaces.ConnectionBackend.fetch_one", "code": "async def fetch_one(self, query: ClauseElement) -> typing.Optional[\"Record\"]: raise NotImplementedError()  # pragma: no cover"}
{"name": "databases.databases.interfaces.ConnectionBackend.fetch_val", "code": "async def fetch_val( self, query: ClauseElement, column: typing.Any = 0 ) -> typing.Any: row = await self.fetch_one(query) return None if row is None else row[column]"}
{"name": "databases.databases.interfaces.ConnectionBackend.execute", "code": "async def execute(self, query: ClauseElement) -> typing.Any: raise NotImplementedError()  # pragma: no cover"}
{"name": "databases.databases.interfaces.ConnectionBackend.execute_many", "code": "async def execute_many(self, queries: typing.List[ClauseElement]) -> None: raise NotImplementedError()  # pragma: no cover"}
{"name": "databases.databases.interfaces.ConnectionBackend.iterate", "code": "async def iterate( self, query: ClauseElement ) -> typing.AsyncGenerator[typing.Mapping, None]: raise NotImplementedError()  # pragma: no cover # mypy needs async iterators to contain a `yield` # https://github.com/python/mypy/issues/5385#issuecomment-407281656 yield True  # pragma: no cover"}
{"name": "databases.databases.interfaces.ConnectionBackend.transaction", "code": "def transaction(self) -> \"TransactionBackend\": raise NotImplementedError()  # pragma: no cover"}
{"name": "databases.databases.interfaces.ConnectionBackend.raw_connection", "code": "def raw_connection(self) -> typing.Any: raise NotImplementedError()  # pragma: no cover"}
{"name": "databases.databases.interfaces.TransactionBackend.start", "code": "async def start( self, is_root: bool, extra_options: typing.Dict[typing.Any, typing.Any] ) -> None: raise NotImplementedError()  # pragma: no cover"}
{"name": "databases.databases.interfaces.TransactionBackend.commit", "code": "async def commit(self) -> None: raise NotImplementedError()  # pragma: no cover"}
{"name": "databases.databases.interfaces.TransactionBackend.rollback", "code": "async def rollback(self) -> None: raise NotImplementedError()  # pragma: no cover"}
{"name": "databases.databases.interfaces.Record._mapping", "code": "def _mapping(self) -> typing.Mapping: raise NotImplementedError()  # pragma: no cover"}
{"name": "databases.databases.interfaces.Record.__getitem__", "code": "def __getitem__(self, key: typing.Any) -> typing.Any: raise NotImplementedError()  # pragma: no cover"}
{"name": "databases.tests.test_databases.AsyncMock.__call__", "code": "async def __call__(self, *args, **kwargs): return super(AsyncMock, self).__call__(*args, **kwargs)"}
{"name": "databases.tests.test_databases.MyEpochType.process_bind_param", "code": "def process_bind_param(self, value, dialect): return (value - self.epoch).days"}
{"name": "databases.tests.test_databases.MyEpochType.process_result_value", "code": "def process_result_value(self, value, dialect): return self.epoch + datetime.timedelta(days=value)"}
