{"name": "dominate.dominate.svg.svg_tag.clean_attribute", "code": "def clean_attribute(attribute): attribute = html_tag.clean_attribute(attribute) words = attribute.split('_') if words[0] in DASHED_ATTRIBUTES: return attribute.replace('_', '-') return attribute"}
{"name": "dominate.dominate.dom1core.dom1core.parentNode", "code": "def parentNode(self): ''' DOM API: Returns the parent tag of the current element. ''' return self.parent"}
{"name": "dominate.dominate.dom1core.dom1core.getElementById", "code": "def getElementById(self, id): ''' DOM API: Returns single element with matching id value. ''' results = self.get(id=id) if len(results) > 1: raise ValueError('Multiple tags with id \"%s\".' % id) elif results: return results[0] return None"}
{"name": "dominate.dominate.dom1core.dom1core.getElementsByTagName", "code": "def getElementsByTagName(self, name): ''' DOM API: Returns all tags that match name. ''' if isinstance(name, basestring): return self.get(name.lower()) return None"}
{"name": "dominate.dominate.dom1core.dom1core.appendChild", "code": "def appendChild(self, obj): ''' DOM API: Add an item to the end of the children list. ''' self.add(obj) return self"}
{"name": "dominate.dominate.util.container._render", "code": "def _render(self, sb, indent_level, indent_str, pretty, xhtml): inline = self._render_children(sb, indent_level, indent_str, pretty, xhtml) if pretty and not inline: sb.append('\\n') sb.append(indent_str * (indent_level - 1)) return sb"}
{"name": "dominate.dominate.util.lazy.__new__", "code": "def __new__(_cls, *args, **kwargs): ''' Need to reset this special method or else dom_tag will think it's being used as a dectorator.  This means lazy() can't be used as a dectorator, but thinking about when you might want that just confuses me. ''' return object.__new__(_cls)"}
{"name": "dominate.dominate.util.lazy.__init__", "code": "def __init__(self, func, *args, **kwargs): super(lazy, self).__init__() self.func   = func self.args   = args self.kwargs = kwargs"}
{"name": "dominate.dominate.util.lazy._render", "code": "def _render(self, sb, *a, **kw): r = self.func(*self.args, **self.kwargs) sb.append(str(r))"}
{"name": "dominate.dominate.util.text.__init__", "code": "def __init__(self, _text, escape=True): super(text, self).__init__() self.escape = escape if escape: self.text = str_escape(_text) else: self.text = _text"}
{"name": "dominate.dominate.util.text._render", "code": "def _render(self, sb, *a, **kw): sb.append(self.text) return sb"}
{"name": "dominate.dominate.tags.html_tag.__init__", "code": "def __init__(self, *args, **kwargs): ''' Creates a new html tag instance. ''' super(html_tag, self).__init__(*args, **kwargs)"}
{"name": "dominate.dominate.tags.title._get_text", "code": "def _get_text(self): return u''.join(self.get(basestring))"}
{"name": "dominate.dominate.tags.title._set_text", "code": "def _set_text(self, text): self.clear() self.add(text)"}
{"name": "dominate.dominate.tags.comment._render", "code": "def _render(self, sb, indent_level=1, indent_str='  ', pretty=True, xhtml=False): has_condition = comment.ATTRIBUTE_CONDITION in self.attributes is_revealed   = comment.ATTRIBUTE_DOWNLEVEL in self.attributes and \\ self.attributes[comment.ATTRIBUTE_DOWNLEVEL] == 'revealed'  sb.append('<!') if not is_revealed: sb.append('--') if has_condition: sb.append('[if %s]>' % self.attributes[comment.ATTRIBUTE_CONDITION])  pretty = self._render_children(sb, indent_level - 1, indent_str, pretty, xhtml)  # if len(self.children) > 1: if any(isinstance(child, dom_tag) for child in self): sb.append('\\n') sb.append(indent_str * (indent_level - 1))  if has_condition: sb.append('<![endif]') if not is_revealed: sb.append('--') sb.append('>')  return sb"}
{"name": "dominate.dominate.document.document.__init__", "code": "def __init__(self, title='Dominate', doctype='<!DOCTYPE html>', *a, **kw): ''' Creates a new document instance. Accepts `title` and `doctype` ''' super(document, self).__init__(*a, **kw) self.doctype    = doctype self.head       = super(document, self).add(tags.head()) self.body       = super(document, self).add(tags.body()) if title is not None: self.title_node = self.head.add(tags.title(title)) with self.body: self.header   = util.container() self.main     = util.container() self.footer   = util.container() self._entry = self.main"}
{"name": "dominate.dominate.document.document.get_title", "code": "def get_title(self): return self.title_node.text"}
{"name": "dominate.dominate.document.document.set_title", "code": "def set_title(self, title): if isinstance(title, basestring): self.title_node.text = title else: self.head.remove(self.title_node) self.head.add(title) self.title_node = title"}
{"name": "dominate.dominate.document.document.add", "code": "def add(self, *args): ''' Adding tags to a document appends them to the <body>. ''' return self._entry.add(*args)"}
{"name": "dominate.dominate.document.document._render", "code": "def _render(self, sb, *args, **kwargs): ''' Renders the DOCTYPE and tag tree. ''' # adds the doctype if one was set if self.doctype: sb.append(self.doctype) sb.append('\\n') return super(document, self)._render(sb, *args, **kwargs)"}
{"name": "dominate.dominate.document.document.__repr__", "code": "def __repr__(self): return '<dominate.document \"%s\">' % self.title"}
{"name": "dominate.dominate.dom_tag.dom_tag.__new__", "code": "def __new__(_cls, *args, **kwargs): ''' Check if bare tag is being used a a decorator (called with a single function arg). decorate the function and return ''' if len(args) == 1 and isinstance(args[0], Callable) \\ and not isinstance(args[0], dom_tag) and not kwargs: wrapped = args[0]  @wraps(wrapped) def f(*args, **kwargs): with _cls() as _tag: return wrapped(*args, **kwargs) or _tag return f return object.__new__(_cls)"}
{"name": "dominate.dominate.dom_tag.dom_tag.__init__", "code": "def __init__(self, *args, **kwargs): ''' Creates a new tag. Child tags should be passed as arguments and attributes should be passed as keyword arguments.  There is a non-rendering attribute which controls how the tag renders:  * `__inline` - Boolean value. If True renders all children tags on the same line. '''  self.attributes = {} self.children   = [] self.parent     = None  # Does not insert newlines on all children if True (recursive attribute) self.is_inline = kwargs.pop('__inline', self.is_inline) self.is_pretty = kwargs.pop('__pretty', self.is_pretty)  #Add child elements if args: self.add(*args)  for attr, value in kwargs.items(): self.set_attribute(*type(self).clean_pair(attr, value))  self._ctx = None self._add_to_ctx()"}
{"name": "dominate.dominate.dom_tag.dom_tag._add_to_ctx", "code": "def _add_to_ctx(self): stack = dom_tag._with_contexts.get(_get_thread_context()) if stack: self._ctx = stack[-1] stack[-1].items.append(self)"}
{"name": "dominate.dominate.dom_tag.dom_tag.__enter__", "code": "def __enter__(self): stack = dom_tag._with_contexts[_get_thread_context()] stack.append(dom_tag.frame(self, [], set())) return self"}
{"name": "dominate.dominate.dom_tag.dom_tag.__exit__", "code": "def __exit__(self, type, value, traceback): thread_id = _get_thread_context() stack = dom_tag._with_contexts[thread_id] frame = stack.pop() for item in frame.items: if item in frame.used: continue self.add(item) if not stack: del dom_tag._with_contexts[thread_id]"}
{"name": "dominate.dominate.dom_tag.dom_tag.__call__", "code": "def __call__(self, func): ''' tag instance is being used as a decorator. wrap func to make a copy of this tag ''' # remove decorator from its context so it doesn't # get added in where it was defined if self._ctx: self._ctx.used.add(self)  @wraps(func) def f(*args, **kwargs): tag = copy.deepcopy(self) tag._add_to_ctx() with tag: return func(*args, **kwargs) or tag return f"}
{"name": "dominate.dominate.dom_tag.dom_tag.set_attribute", "code": "def set_attribute(self, key, value): ''' Add or update the value of an attribute. ''' if isinstance(key, int): self.children[key] = value elif isinstance(key, basestring): self.attributes[key] = value else: raise TypeError('Only integer and string types are valid for assigning ' 'child tags and attributes, respectively.')"}
{"name": "dominate.dominate.dom_tag.dom_tag.delete_attribute", "code": "def delete_attribute(self, key): if isinstance(key, int): del self.children[key:key+1] else: del self.attributes[key]"}
{"name": "dominate.dominate.dom_tag.dom_tag.add", "code": "def add(self, *args): ''' Add new child tags. ''' for obj in args: if isinstance(obj, numbers.Number): # Convert to string so we fall into next if block obj = str(obj)  if isinstance(obj, basestring): obj = util.escape(obj) self.children.append(obj)  elif isinstance(obj, dom_tag): stack = dom_tag._with_contexts.get(_get_thread_context(), []) for s in stack: s.used.add(obj) self.children.append(obj) obj.parent = self  elif isinstance(obj, dict): for attr, value in obj.items(): self.set_attribute(*dom_tag.clean_pair(attr, value))  elif hasattr(obj, '__iter__'): for subobj in obj: self.add(subobj)  else:  # wtf is it? raise ValueError('%r not a tag or string.' % obj)  if len(args) == 1: return args[0]  return args"}
{"name": "dominate.dominate.dom_tag.dom_tag.add_raw_string", "code": "def add_raw_string(self, s): self.children.append(s)"}
{"name": "dominate.dominate.dom_tag.dom_tag.remove", "code": "def remove(self, obj): self.children.remove(obj)"}
{"name": "dominate.dominate.dom_tag.dom_tag.clear", "code": "def clear(self): for i in self.children: if isinstance(i, dom_tag) and i.parent is self: i.parent = None self.children = []"}
{"name": "dominate.dominate.dom_tag.dom_tag.get", "code": "def get(self, tag=None, **kwargs): ''' Recursively searches children for tags of a certain type with matching attributes. ''' # Stupid workaround since we can not use dom_tag in the method declaration if tag is None: tag = dom_tag  attrs = [(dom_tag.clean_attribute(attr), value) for attr, value in kwargs.items()]  results = [] for child in self.children: if (isinstance(tag, basestring) and type(child).__name__ == tag) or \\ (not isinstance(tag, basestring) and isinstance(child, tag)):  if all(child.attributes.get(attribute) == value for attribute, value in attrs): # If the child is of correct type and has all attributes and values # in kwargs add as a result results.append(child) if isinstance(child, dom_tag): # If the child is a dom_tag extend the search down through its children results.extend(child.get(tag, **kwargs)) return results"}
{"name": "dominate.dominate.dom_tag.dom_tag.__getitem__", "code": "def __getitem__(self, key): ''' Returns the stored value of the specified attribute or child (if it exists). ''' if isinstance(key, int): # Children are accessed using integers try: return object.__getattribute__(self, 'children')[key] except IndexError: raise IndexError('Child with index \"%s\" does not exist.' % key) elif isinstance(key, basestring): # Attributes are accessed using strings try: return object.__getattribute__(self, 'attributes')[key] except KeyError: raise AttributeError('Attribute \"%s\" does not exist.' % key) else: raise TypeError('Only integer and string types are valid for accessing ' 'child tags and attributes, respectively.')"}
{"name": "dominate.dominate.dom_tag.dom_tag.__len__", "code": "def __len__(self): ''' Number of child elements. ''' return len(self.children)"}
{"name": "dominate.dominate.dom_tag.dom_tag.__bool__", "code": "def __bool__(self): ''' Hack for \"if x\" and __len__ ''' return True"}
{"name": "dominate.dominate.dom_tag.dom_tag.__iter__", "code": "def __iter__(self): ''' Iterates over child elements. ''' return self.children.__iter__()"}
{"name": "dominate.dominate.dom_tag.dom_tag.__contains__", "code": "def __contains__(self, item): ''' Checks recursively if item is in children tree. Accepts both a string and a class. ''' return bool(self.get(item))"}
{"name": "dominate.dominate.dom_tag.dom_tag.__iadd__", "code": "def __iadd__(self, obj): ''' Reflexive binary addition simply adds tag as a child. ''' self.add(obj) return self"}
{"name": "dominate.dominate.dom_tag.dom_tag.__unicode__", "code": "def __unicode__(self): return self.render()"}
{"name": "dominate.dominate.dom_tag.dom_tag.render", "code": "def render(self, indent='  ', pretty=True, xhtml=False): data = self._render([], 0, indent, pretty, xhtml) return u''.join(data)"}
{"name": "dominate.dominate.dom_tag.dom_tag._render", "code": "def _render(self, sb, indent_level, indent_str, pretty, xhtml): pretty = pretty and self.is_pretty  name = getattr(self, 'tagname', type(self).__name__)  # Workaround for python keywords and standard classes/methods # (del, object, input) if name[-1] == '_': name = name[:-1]  # open tag sb.append('<') sb.append(name)  for attribute, value in sorted(self.attributes.items()): if value in (False, None): continue val = unicode(value) if isinstance(value, util.text) and not value.escape else util.escape(unicode(value), True) sb.append(' %s=\"%s\"' % (attribute, val))  sb.append(' />' if self.is_single and xhtml else '>')  if self.is_single: return sb  inline = self._render_children(sb, indent_level + 1, indent_str, pretty, xhtml) if pretty and not inline: sb.append('\\n') sb.append(indent_str * indent_level)  # close tag sb.append('</') sb.append(name) sb.append('>')  return sb"}
{"name": "dominate.dominate.dom_tag.dom_tag._render_children", "code": "def _render_children(self, sb, indent_level, indent_str, pretty, xhtml): inline = True for child in self.children: if isinstance(child, dom_tag): if pretty and not child.is_inline: inline = False sb.append('\\n') sb.append(indent_str * indent_level) child._render(sb, indent_level, indent_str, pretty, xhtml) else: sb.append(unicode(child))  return inline"}
{"name": "dominate.dominate.dom_tag.dom_tag.__repr__", "code": "def __repr__(self): name = '%s.%s' % (self.__module__, type(self).__name__)  attributes_len = len(self.attributes) attributes = '%s attribute' % attributes_len if attributes_len != 1: attributes += 's'  children_len = len(self.children) children = '%s child' % children_len if children_len != 1: children += 'ren'  return '<%s at %x: %s, %s>' % (name, id(self), attributes, children)"}
{"name": "dominate.dominate.dom_tag.dom_tag.clean_attribute", "code": "def clean_attribute(attribute): ''' Normalize attribute names for shorthand and work arounds for limitations in Python's syntax '''  # Shorthand attribute = { 'cls': 'class', 'className': 'class', 'class_name': 'class', 'klass': 'class', 'fr': 'for', 'html_for': 'for', 'htmlFor': 'for', 'phor': 'for', }.get(attribute, attribute)  # Workaround for Python's reserved words if attribute[0] == '_': attribute = attribute[1:]  # Workaround for dash special_prefix = any([attribute.startswith(x) for x in ('data_', 'aria_')]) if attribute in set(['http_equiv']) or special_prefix: attribute = attribute.replace('_', '-').lower()  # Workaround for colon if attribute.split('_')[0] in ('xlink', 'xml', 'xmlns'): attribute = attribute.replace('_', ':', 1).lower()  return attribute"}
{"name": "dominate.dominate.dom_tag.dom_tag.clean_pair", "code": "def clean_pair(cls, attribute, value): ''' This will call `clean_attribute` on the attribute and also allows for the creation of boolean attributes.  Ex. input(selected=True) is equivalent to input(selected=\"selected\") ''' attribute = cls.clean_attribute(attribute)  # Check for boolean attributes # (i.e. selected=True becomes selected=\"selected\") if value is True: value = attribute  # Ignore `if value is False`: this is filtered out in render()  return (attribute, value)"}
