{"name": "exodus-bundler.tests.test_launchers.test_construct_bash_launcher", "code": "def test_construct_bash_launcher(): linker, library_path, executable = '../lib/ld-linux.so.2', '../lib/', 'grep' script_content = construct_bash_launcher(linker=linker, library_path=library_path, executable=executable) assert script_content.startswith('#! /bin/bash\\n') assert linker in script_content assert executable in script_content"}
{"name": "exodus-bundler.tests.test_launchers.test_compile", "code": "def test_compile(compiler): with open(fizz_buzz_source_file, 'r') as f: code = f.read() compile = compile_diet if compiler == 'diet' else None compile = compile or (compile_musl if compiler == 'musl' else None) try: content = compile(code) except CompilerNotFoundError: # We'll that's a bummer, but better to test these when the are available than # to not test them at all. return  f, filename = tempfile.mkstemp() os.close(f) with open(filename, 'wb') as f: f.write(content) st = os.stat(filename) os.chmod(f.name, st.st_mode | stat.S_IXUSR)  process = Popen(f.name, stdout=PIPE, stderr=PIPE) stdout, stderr = process.communicate() assert 'FIZZBUZZ' in stdout.decode('utf-8') assert len(stderr.decode('utf-8')) == 0"}
{"name": "exodus-bundler.tests.test_launchers.test_find_executable", "code": "def test_find_executable(): original_environment = os.environ.get('PATH') original_parent_directory = launchers.parent_directory  root_directory = create_unpackaged_bundle( rename=[], executables=[echo_args_glibc_32], chroot=chroot) try: binary_name = os.path.basename(echo_args_glibc_32) binary_symlink = os.path.join(root_directory, 'bin', binary_name) binary_path = os.path.realpath(binary_symlink) # This is a pretend directory, but it doesn't check. launchers.parent_directory = os.path.join(os.path.dirname(binary_path), 'somewhere', 'else') os.environ['PATH'] = os.path.dirname(echo_args_glibc_32) assert find_executable(binary_name, skip_original_for_testing=True) == binary_path, \\ 'It should have found the binary path \"%s\".' % binary_path finally: launchers.parent_directory = original_parent_directory os.environ['PATH'] = original_environment assert root_directory.startswith('/tmp/') shutil.rmtree(root_directory)"}
{"name": "exodus-bundler.tests.test_templating.test_render_template", "code": "def test_render_template(): template = '{{greeting}}, my name is {{name}}.' expected = 'Hello, my name is Evan.' result = render_template(template, greeting='Hello', name='Evan') assert expected == result"}
{"name": "exodus-bundler.tests.test_templating.test_render_template_file", "code": "def test_render_template_file(): template_file = os.path.join(data_directory, 'template.txt') result = render_template_file(template_file, noun='word', location='here') with open(os.path.join(data_directory, 'template-result.txt'), 'r') as f: expected_result = f.read() assert result == expected_result"}
{"name": "exodus-bundler.tests.test_input_parsing.test_extract_exec_path", "code": "def test_extract_exec_path(): line = 'execve(\"/usr/bin/ls\", [\"ls\"], 0x7ffea775ad70 /* 113 vars */) = 0' assert extract_exec_path(line) == '/usr/bin/ls', \\ 'It should have extracted the path to the ls executable.' assert extract_exec_path('blah') is None, \\ 'It should return `None` when there is no match.'"}
{"name": "exodus-bundler.tests.test_input_parsing.test_extract_no_paths", "code": "def test_extract_no_paths(): input_paths = extract_paths('') assert input_paths == [], 'It should return an empty list.'"}
{"name": "exodus-bundler.tests.test_input_parsing.test_extract_open_path", "code": "def test_extract_open_path(): line = ( 'openat(AT_FDCWD, \"/usr/lib/root/tls/x86_64/libcap.so.2\", O_RDONLY|O_CLOEXEC) ' '= -1 ENOENT (No such file or directory)' ) assert extract_open_path(line) is None, 'Missing files should not return paths.' line = 'open(\".\", O_RDONLY|O_NONBLOCK|O_CLOEXEC|O_DIRECTORY) = 4' assert extract_open_path(line) is None, 'Opened directories should not return paths.' line = 'open(\"/usr/lib/locale/locale-archive\", O_RDONLY|O_CLOEXEC) = 4' assert extract_open_path(line) == '/usr/lib/locale/locale-archive', \\ 'An open() call should return a path.' line = 'openat(AT_FDCWD, \"/usr/lib/libc.so.6\", O_RDONLY|O_CLOEXEC) = 4' assert extract_open_path(line) == '/usr/lib/libc.so.6', \\ 'An openat() call relative to the current directory should return a path.'"}
{"name": "exodus-bundler.tests.test_input_parsing.test_extract_raw_paths", "code": "def test_extract_raw_paths(): input_paths = [ '/absolute/path/to/file', './relative/path', '/another/absolute/path', ] input_paths_with_whitespace = \\ ['  ', ''] + [input_paths[0]] + [' '] + input_paths[1:] input_content = '\\n'.join(input_paths_with_whitespace) extracted_paths = extract_paths(input_content) assert set(input_paths) == set(extracted_paths), \\ 'The paths should have been extracted without the whitespace.'"}
{"name": "exodus-bundler.tests.test_input_parsing.test_extract_stat_path", "code": "def test_extract_stat_path(): line = ( 'stat(\"/usr/local/lib/python3.6/encodings/__init__.py\", ' '{st_mode=S_IFREG|0644, st_size=5642, ...}) = 0' ) expected_path = '/usr/local/lib/python3.6/encodings/__init__.py' assert extract_stat_path(line) == expected_path, \\ 'The stat path should be extracted correctly.' line = ( 'stat(\"/usr/local/lib/python3.6/encodings/__init__.abi3.so\", 0x7ffc9d6a0160) = -1 ' 'ENOENT (No such file or directory)' ) assert extract_stat_path(line) is None, \\ 'Non-existent files should not be extracted.'"}
{"name": "exodus-bundler.tests.test_input_parsing.test_extract_strace_paths", "code": "def test_extract_strace_paths(): with open(exodus_strace, 'r') as f: content = f.read() extracted_paths = extract_paths(content, existing_only=False) expected_paths = [ # `execve()` call '/home/sangaline/projects/exodus/.env/bin/exodus', # `openat()` call '/usr/lib/libpthread.so.0', # `open()` call '/usr/lib/gconv/gconv-modules', ]  for path in expected_paths: assert path in extracted_paths, \\ '\"%s\" should be present in the extracted paths.' % path"}
{"name": "exodus-bundler.tests.test_input_parsing.test_strip_pid_prefix", "code": "def test_strip_pid_prefix(): line = ( '[pid   655] execve(\"/usr/bin/musl-gcc\", [\"/usr/bin/musl-gcc\", \"-static\", \"-O3\", ' '\"/tmp/exodus-bundle-fqzw_lds.c\", \"-o\", \"/tmp/exodus-bundle-3p_c0osh\"], [/* 45 vars */] ' '<unfinished ...>' ) assert strip_pid_prefix(line).startswith('execve('), 'The PID prefix should be stripped.'"}
{"name": "exodus-bundler.tests.test_dependency_detection.test_detect_dependencies", "code": "def test_detect_dependencies(): # This is a little janky, but the test suite won't run anywhere where it's not true. ls = '/usr/bin/ls' if not os.path.exists(ls): ls = '/bin/ls' assert os.path.exists(ls), 'This test assumes that `ls` is installed on the system.'  dependencies = detect_dependencies(ls) assert any(ls in dependency for dependency in dependencies), \\ '`%s` should have been detected as a dependency for `ls`.' % ls"}
{"name": "exodus-bundler.tests.test_bundling.test_bundle_add_file", "code": "def test_bundle_add_file(path, expected_file_count): bundle = Bundle(chroot=chroot) assert len(bundle.files) == 0, 'The initial bundle should contain no files.' bundle.add_file(path) assert len(bundle.files) == expected_file_count, \\ 'The bundle should include %d files.' % expected_file_count"}
{"name": "exodus-bundler.tests.test_bundling.test_bundle_add_file_recursively", "code": "def test_bundle_add_file_recursively(): bundle = Bundle(chroot=chroot) assert len(bundle.files) == 0, 'The initial bundle should contain no files.' bundle.add_file(chroot) second_bundle = Bundle(chroot=chroot) for path in [ldd, fizz_buzz_glibc_32, fizz_buzz_glibc_32_exe, fizz_buzz_musl_64]: second_bundle.add_file(path) assert second_bundle.files.issubset(bundle.files), \\ 'All of the executables and their dependencies should be in the first bundle.'"}
{"name": "exodus-bundler.tests.test_bundling.test_bundle_delete_working_directory", "code": "def test_bundle_delete_working_directory(): bundle = Bundle() assert bundle.working_directory is None, \\ 'A directory should only be created if passed `working_directory=True`.' bundle = Bundle(working_directory=True) working_directory = bundle.working_directory assert os.path.exists(working_directory), \\ 'A working directory should have been created.' bundle.delete_working_directory() assert not os.path.exists(working_directory), \\ 'The working directory should have been deleted.' assert bundle.working_directory is None, \\ 'The working directory should have been cleared after deletion.'"}
{"name": "exodus-bundler.tests.test_bundling.test_bundle_file_factory", "code": "def test_bundle_file_factory(): bundle = Bundle() bundle.add_file(ldd) # Note that `ldd` is a shell script, and should bring in no dependencies. [file] = bundle.files new_file = bundle.file_factory(ldd) assert new_file is file, \\ 'The same file should be returned instead of making a new one.'"}
{"name": "exodus-bundler.tests.test_bundling.test_bundle_hash", "code": "def test_bundle_hash(): bundle = Bundle(chroot=chroot) hashes = [bundle.hash] for filename in [fizz_buzz_glibc_32, fizz_buzz_glibc_64, fizz_buzz_musl_64]: bundle.add_file(filename) hashes.append(bundle.hash) assert len(hashes) == len(set(hashes)), 'All of the hashes should be unique.' assert all(len(hash) == 64 for hash in hashes), 'All of the hashes should have length 64.'"}
{"name": "exodus-bundler.tests.test_bundling.test_bundle_root", "code": "def test_bundle_root(): try: bundle = Bundle(working_directory=True) assert bundle.hash in bundle.bundle_root, 'Bundle path should include the hash.' assert bundle.bundle_root.startswith(bundle.working_directory), \\ 'The bundle root should be a subdirectory of the working directory.' except:  # noqa: E722 raise finally: bundle.delete_working_directory()"}
{"name": "exodus-bundler.tests.test_bundling.test_bytes_to_int", "code": "def test_bytes_to_int(int, bytes, byteorder): assert bytes_to_int(bytes, byteorder=byteorder) == int, 'Byte conversion should work.'"}
{"name": "exodus-bundler.tests.test_bundling.test_create_unpackaged_bundle", "code": "def test_create_unpackaged_bundle(fizz_buzz, shell_launchers): \"\"\"This tests that the packaged executable runs as expected. At the very least, this tests that the symbolic links and launcher are functioning correctly. Unfortunately, it doesn't really test the linker overrides unless the required libraries are not present on the current system. FWIW, the CircleCI docker image being used is incompatible, so the continuous integration tests are more meaningful.\"\"\" root_directory = create_unpackaged_bundle( rename=[], executables=[fizz_buzz], chroot=chroot, shell_launchers=shell_launchers) try: binary_path = os.path.join(root_directory, 'bin', os.path.basename(fizz_buzz))  process = Popen([binary_path], stdout=PIPE, stderr=PIPE) stdout, stderr = process.communicate() assert 'FIZZBUZZ' in stdout.decode('utf-8') assert len(stderr.decode('utf-8')) == 0 finally: assert root_directory.startswith('/tmp/') shutil.rmtree(root_directory)"}
{"name": "exodus-bundler.tests.test_bundling.test_create_unpackaged_bundle_detects_dependencies", "code": "def test_create_unpackaged_bundle_detects_dependencies(detect): binary_name = 'ls' root_directory = create_unpackaged_bundle( rename=[], executables=[binary_name], detect=detect) try: # Determine the bundle root. binary_symlink = os.path.join(root_directory, 'bin', binary_name) binary_path = os.path.realpath(binary_symlink) dirname, basename = os.path.split(binary_path) while len(basename) != 64: dirname, basename = os.path.split(dirname) bundle_root = os.path.join(dirname, basename)  man_directory = os.path.join(bundle_root, 'usr', 'share', 'man') assert os.path.exists(man_directory) == detect, \\ 'The man directory should only exist when `detect=True`.' finally: assert root_directory.startswith('/tmp/') shutil.rmtree(root_directory)"}
{"name": "exodus-bundler.tests.test_bundling.test_create_unpackaged_bundle_has_correct_args", "code": "def test_create_unpackaged_bundle_has_correct_args(): root_directory = create_unpackaged_bundle( rename=[], executables=[echo_args_glibc_32], chroot=chroot) try: binary_path = os.path.join(root_directory, 'bin', os.path.basename(echo_args_glibc_32))  process = Popen([binary_path, 'arg1', 'arg2'], stdout=PIPE, stderr=PIPE) stdout, stderr = process.communicate() assert len(stderr.decode('utf-8')) == 0 args = stdout.decode('utf-8').split('\\n') assert os.path.basename(args[0]) == '%s-x' % os.path.basename(echo_args_glibc_32), \\ 'The value of argv[0] should correspond to the local symlink.' assert args[1] == 'arg1' and args[2] == 'arg2', \\ 'The other arguments should be passed through to the child process.' finally: assert root_directory.startswith('/tmp/') shutil.rmtree(root_directory)"}
{"name": "exodus-bundler.tests.test_bundling.test_create_unpackaged_bundle_has_correct_proc_self_exe", "code": "def test_create_unpackaged_bundle_has_correct_proc_self_exe(): root_directory = create_unpackaged_bundle( rename=[], executables=[echo_proc_self_exe_glibc_32], chroot=chroot) try: binary_path = os.path.join(root_directory, 'bin', os.path.basename(echo_proc_self_exe_glibc_32))  process = Popen([binary_path], stdout=PIPE, stderr=PIPE) stdout, stderr = process.communicate() assert len(stderr.decode('utf-8')) == 0 proc_self_exe = stdout.decode('utf-8').strip() assert os.path.basename(proc_self_exe).startswith('linker-'), \\ 'The linker should be the executing process.' relative_path = os.path.relpath(proc_self_exe, root_directory) assert relative_path.startswith('bundles/'), \\ 'The process should be in the bundles directory.' finally: assert root_directory.startswith('/tmp/') shutil.rmtree(root_directory)"}
{"name": "exodus-bundler.tests.test_bundling.test_detect_elf_binary", "code": "def test_detect_elf_binary(): assert detect_elf_binary(fizz_buzz_glibc_32), 'The `fizz-buzz` file should be an ELF binary.' assert not detect_elf_binary(ldd), 'The `ldd` file should be a shell script.'"}
{"name": "exodus-bundler.tests.test_bundling.test_elf_bits", "code": "def test_elf_bits(fizz_buzz, bits): fizz_buzz_elf = Elf(fizz_buzz, chroot=chroot) # Can be checked by running `file fizz-buzz`. assert fizz_buzz_elf.bits == bits, \\ 'The fizz buzz executable should be %d-bit.' % bits"}
{"name": "exodus-bundler.tests.test_bundling.test_elf_dependencies", "code": "def test_elf_dependencies(fizz_buzz): fizz_buzz_elf = Elf(fizz_buzz, chroot=chroot) direct_dependencies = fizz_buzz_elf.direct_dependencies all_dependencies = fizz_buzz_elf.dependencies assert set(direct_dependencies).issubset(all_dependencies), \\ 'The direct dependencies should be a subset of all dependencies.'"}
{"name": "exodus-bundler.tests.test_bundling.test_elf_direct_dependencies", "code": "def test_elf_direct_dependencies(fizz_buzz): fizz_buzz_elf = Elf(fizz_buzz, chroot=chroot) dependencies = fizz_buzz_elf.direct_dependencies assert all(file.path.startswith(chroot) for file in dependencies), \\ 'All dependencies should be located within the chroot.' assert len(dependencies), 'There should be at least one dependency.'  # These don't apply to the musl binary. if 'glib' in fizz_buzz: assert len(dependencies) == 2, 'The linker and libc should be the only dependencies.' assert any('libc.so' in file.path for file in dependencies), \\ '\"libc\" was not found as a direct dependency of the executable.'"}
{"name": "exodus-bundler.tests.test_bundling.test_elf_linker", "code": "def test_elf_linker(fizz_buzz, expected_linker_path): # Found by running `readelf -l fizz-buzz`. fizz_buzz_elf = Elf(fizz_buzz, chroot=chroot) expected_linker_path = os.path.join(chroot, os.path.relpath(expected_linker_path, '/')) assert fizz_buzz_elf.linker_file.path == expected_linker_path, \\ 'The correct linker should be extracted from the ELF program header.'"}
{"name": "exodus-bundler.tests.test_bundling.test_elf_type", "code": "def test_elf_type(fizz_buzz, expected_type): elf = Elf(fizz_buzz, chroot=chroot) assert elf.type == expected_type, 'Fizz buzz should match the expected ELF binary type.'"}
{"name": "exodus-bundler.tests.test_bundling.test_file_destination", "code": "def test_file_destination(): arch_file = File(os.path.join(ldd_output_directory, 'htop-arch.txt')) arch_directory = os.path.dirname(arch_file.destination) fizz_buzz_file = File(fizz_buzz_glibc_32, chroot=chroot) fizz_buzz_directory = os.path.dirname(fizz_buzz_file.destination) assert arch_directory == fizz_buzz_directory, \\ 'Executable and non-executable files should be written to the same directory.'"}
{"name": "exodus-bundler.tests.test_bundling.test_file_executable", "code": "def test_file_executable(): fizz_buzz_file = File(fizz_buzz_glibc_32, chroot=chroot) arch_file = File(os.path.join(ldd_output_directory, 'htop-arch.txt')) assert fizz_buzz_file.executable, 'The fizz buzz executable should be executable.' assert not arch_file.executable, 'The arch text file should not be executable.'"}
{"name": "exodus-bundler.tests.test_bundling.test_file_elf", "code": "def test_file_elf(): fizz_buzz_file = File(fizz_buzz_glibc_32, chroot=chroot) arch_file = File(os.path.join(ldd_output_directory, 'htop-arch.txt')) assert fizz_buzz_file.elf, 'The fizz buzz executable should be an ELF binary.' assert not arch_file.elf, 'The arch text file should not be an ELF binary.'"}
{"name": "exodus-bundler.tests.test_bundling.test_file_hash", "code": "def test_file_hash(): amazon_file = File(os.path.join(ldd_output_directory, 'htop-amazon-linux.txt')) arch_file = File(os.path.join(ldd_output_directory, 'htop-arch.txt')) assert amazon_file.hash != arch_file.hash, 'The hashes should differ.' assert len(amazon_file.hash) == len(arch_file.hash) == 64, \\ 'The hashes should have a consistent length of 64 characters.'  # Found by executing `sha256sum fizz-buzz`. expected_hash = 'd54ab4714215d7822bf490df5cdf49bc3f32b4c85a439b109fc7581355f9d9c5' assert File(fizz_buzz_glibc_32, chroot=chroot).hash == expected_hash, 'Hashes should match.'"}
{"name": "exodus-bundler.tests.test_bundling.test_file_requires_launcher", "code": "def test_file_requires_launcher(fizz_buzz): file = File(fizz_buzz, chroot=chroot) assert file.requires_launcher, 'Fizz buzz should require a launcher.' assert all(not dependency.requires_launcher for dependency in file.elf.dependencies), \\ 'All of the dependencies should not require launchers.'"}
{"name": "exodus-bundler.tests.test_bundling.test_file_symlink", "code": "def test_file_symlink(): bundle = Bundle(chroot=chroot, working_directory=True) try: bundle.add_file(fizz_buzz_glibc_32) file = next(iter(bundle.files)) file.copy(bundle.working_directory) symlink = file.symlink(bundle.working_directory, bundle.bundle_root) assert os.path.islink(symlink), 'A symlink should have been created.' assert os.path.exists(symlink), 'The symlink should point to the actual file.' except:  # noqa: E722 raise finally: bundle.delete_working_directory()"}
{"name": "exodus-bundler.tests.test_bundling.test_parse_dependencies_from_ldd_output", "code": "def test_parse_dependencies_from_ldd_output(filename_prefix): ldd_output_filename = filename_prefix + '.txt' with open(os.path.join(ldd_output_directory, ldd_output_filename)) as f: ldd_output = f.read() dependencies = parse_dependencies_from_ldd_output(ldd_output)  ldd_results_filename = filename_prefix + '-dependencies.txt' with open(os.path.join(ldd_output_directory, ldd_results_filename)) as f: expected_dependencies = [line for line in f.read().split('\\n') if len(line)]  assert set(dependencies) == set(expected_dependencies), \\ 'The dependencies were not parsed correctly from ldd output for \"%s\"' % filename_prefix"}
{"name": "exodus-bundler.tests.test_bundling.test_resolve_binary", "code": "def test_resolve_binary(): binary_directory = os.path.dirname(fizz_buzz_glibc_32) binary = os.path.basename(fizz_buzz_glibc_32) old_path = os.getenv('PATH', '') try: os.environ['PATH'] = '%s%s%s' % (binary_directory, os.pathsep, old_path) resolved_binary = resolve_binary(binary) assert resolved_binary == os.path.normpath(fizz_buzz_glibc_32), \\ 'The full binary path was not resolved correctly.' finally: os.environ['PATH'] = old_path"}
{"name": "exodus-bundler.tests.test_bundling.test_resolve_file_path", "code": "def test_resolve_file_path(): with pytest.raises(Exception): resolve_file_path(chroot) with pytest.raises(Exception): resolve_file_path(os.path.join(chroot, 'non-existent-file')) assert os.path.isabs(resolve_file_path(fizz_buzz_glibc_32)), \\ 'The resolved path should be absolute.'"}
{"name": "exodus-bundler.tests.test_bundling.test_run_ldd", "code": "def test_run_ldd(): assert any('libc.so' in line for line in run_ldd(ldd, fizz_buzz_glibc_32)), \\ '\"libc\" was not found in the output of \"ldd\" for the executable.'"}
{"name": "exodus-bundler.tests.test_bundling.test_stored_property", "code": "def test_stored_property(): class Incrementer(object): def __init__(self): self.i = 0  @stored_property def next(self): self.i += 1 return self.i  incrementer = Incrementer() for i in range(10): assert incrementer.next == 1, '`Incrementer.next` should not change.'"}
{"name": "exodus-bundler.tests.test_bundling.test_stored_property.Incrementer.__init__", "code": "def __init__(self): self.i = 0"}
{"name": "exodus-bundler.tests.test_bundling.test_stored_property.Incrementer.next", "code": "def next(self): self.i += 1 return self.i"}
{"name": "exodus-bundler.tests.test_cli.run_exodus", "code": "def run_exodus(args, **options): options['universal_newlines'] = options.get('universal_newlines', True)  # Allow specifying content to pipe into stdin, with options['stdin'] if 'stdin' in options: input = options['stdin'].encode('utf-8') options['stdin'] = subprocess.PIPE else: input = None  process = subprocess.Popen( ['exodus'] + args, stdout=subprocess.PIPE, stderr=subprocess.PIPE, **options) stdout, stderr = process.communicate(input=input) return process.returncode, stdout, stderr"}
{"name": "exodus-bundler.tests.test_cli.test_adding_additional_files", "code": "def test_adding_additional_files(capsys): args = ['--chroot', chroot, '--output', '-', '--tarball', fizz_buzz_glibc_32] stdin = '\\n'.join((fizz_buzz_glibc_32_exe, fizz_buzz_glibc_64)) returncode, stdout, stderr = run_exodus(args, universal_newlines=False, stdin=stdin) assert returncode == 0, \"Exodus should have exited with a success status code, but didn't.\" stream = io.BytesIO(stdout) with tarfile.open(fileobj=stream, mode='r:gz') as f: names = f.getnames() assert 'exodus/bin/fizz-buzz-glibc-32' in names, stderr # These shouldn't be entrypoints, but should be included assert 'exodus/bin/fizz-buzz-glibc-32-exe' not in names, stderr assert 'exodus/bin/fizz-buzz-glibc-64' not in names, stderr assert any(fizz_buzz_glibc_32_exe in name for name in names), stderr assert any(fizz_buzz_glibc_64 in name for name in names), stderr"}
{"name": "exodus-bundler.tests.test_cli.test_logging_outputs", "code": "def test_logging_outputs(capsys): # There should be no output before configuring the logger. logger.error('error') out, err = capsys.readouterr() print(out, err) assert len(out) == len(err) == 0  # The different levels should be routed separately to stdout/stderr. configure_logging(verbose=True, quiet=False) logger.debug('debug') logger.warning('warn') logger.info('info') logger.error('error') out, err = capsys.readouterr() assert all(output in out for output in ('info')) assert all(output not in out for output in ('debug', 'warn', 'error')) assert all(output in err for output in ('warn', 'error')) assert all(output not in err for output in ('info', 'debug'))"}
{"name": "exodus-bundler.tests.test_cli.test_missing_binary", "code": "def test_missing_binary(capsys): # Without the --verbose flag. command = 'this-is-almost-definitely-not-going-to-be-a-command-anywhere' returncode, stdout, stderr = run_exodus([command]) assert returncode != 0, 'Running exodus should have failed.' assert 'Traceback' not in stderr, 'Traceback should not be included without the --verbose flag.'  # With the --verbose flag. returncode, stdout, stderr = run_exodus(['--verbose', command]) assert returncode != 0, 'Running exodus should have failed.' assert 'Traceback' in stderr, 'Traceback should be included with the --verbose flag.'"}
{"name": "exodus-bundler.tests.test_cli.test_required_argument", "code": "def test_required_argument(): with pytest.raises(SystemExit): parse_args([]) parse_args(['/bin/bash'])"}
{"name": "exodus-bundler.tests.test_cli.test_return_type_is_dict", "code": "def test_return_type_is_dict(): assert type(parse_args(['/bin/bash'])) == dict"}
{"name": "exodus-bundler.tests.test_cli.test_quiet_and_verbose_flags", "code": "def test_quiet_and_verbose_flags(): result = parse_args(['--quiet', '/bin/bash']) assert result['quiet'] and not result['verbose'] result = parse_args(['--verbose', '/bin/bash']) assert result['verbose'] and not result['quiet']"}
{"name": "exodus-bundler.tests.test_cli.test_writing_bundle_to_disk", "code": "def test_writing_bundle_to_disk(): f, filename = tempfile.mkstemp(suffix='.sh') os.close(f) args = ['--chroot', chroot, '--output', filename, fizz_buzz_glibc_32] try: returncode, stdout, stderr = run_exodus(args) assert returncode == 0, \"Exodus should have exited with a success status code, but didn't.\" with open(filename, 'rb') as f_in: first_line = f_in.readline().strip() assert first_line == b'#! /bin/bash', stderr finally: if os.path.exists(filename): os.unlink(filename)"}
{"name": "exodus-bundler.tests.test_cli.test_writing_bundle_to_stdout", "code": "def test_writing_bundle_to_stdout(): args = ['--chroot', chroot, '--output', '-', fizz_buzz_glibc_32] returncode, stdout, stderr = run_exodus(args) assert returncode == 0, \"Exodus should have exited with a success status code, but didn't.\" assert stdout.startswith('#! /bin/sh'), stderr"}
{"name": "exodus-bundler.tests.test_cli.test_writing_tarball_to_disk", "code": "def test_writing_tarball_to_disk(): f, filename = tempfile.mkstemp(suffix='.tgz') os.close(f) args = ['--chroot', chroot, '--output', filename, '--tarball', fizz_buzz_glibc_32] try: returncode, stdout, stderr = run_exodus(args) assert returncode == 0, \"Exodus should have exited with a success status code, but didn't.\" assert tarfile.is_tarfile(filename), stderr with tarfile.open(filename, mode='r:gz') as f_in: assert 'exodus/bin/fizz-buzz-glibc-32' in f_in.getnames() finally: if os.path.exists(filename): os.unlink(filename)"}
{"name": "exodus-bundler.tests.test_cli.test_writing_tarball_to_stdout", "code": "def test_writing_tarball_to_stdout(): args = ['--chroot', chroot, '--output', '-', '--tarball', fizz_buzz_glibc_32] returncode, stdout, stderr = run_exodus(args, universal_newlines=False) assert returncode == 0, \"Exodus should have exited with a success status code, but didn't.\" stream = io.BytesIO(stdout) with tarfile.open(fileobj=stream, mode='r:gz') as f: assert 'exodus/bin/fizz-buzz-glibc-32' in f.getnames(), stderr"}
{"name": "exodus-bundler.tests.test_pytest.test_catching_a_value_error", "code": "def test_catching_a_value_error(): \"\"\"Temporary test to make sure that we can run tests.\"\"\" with pytest.raises(KeyError): {}['no-matching-key']"}
{"name": "exodus-bundler.src.exodus_bundler.dependency_detection.PackageManager.find_dependencies", "code": "def find_dependencies(self, path): \"\"\"Finds a list of all of the files contained with the package containing a file.\"\"\" owner = self.find_owner(path) if not owner: return None  args = self.list_command + [owner] process = subprocess.Popen(args, stdout=subprocess.PIPE) stdout, stderr = process.communicate() dependencies = [] for line in stdout.decode('utf-8').split('\\n'): match = re.search(self.list_regex, line.strip()) if match: dependency_path = match.groups()[0] if os.path.exists(dependency_path) and not os.path.isdir(dependency_path): dependencies.append(dependency_path)  return dependencies"}
{"name": "exodus-bundler.src.exodus_bundler.dependency_detection.PackageManager.find_owner", "code": "def find_owner(self, path): \"\"\"Finds the package that owns the specified file path.\"\"\" if not self.cache_exists or not self.commands_exist: return None args = self.owner_command + [path] env = os.environ.copy() env['LC_ALL'] = 'C' process = subprocess.Popen(args, stdout=subprocess.PIPE, env=env) stdout, stderr = process.communicate() output = stdout.decode('utf-8').strip() match = re.search(self.owner_regex, output) if match: return match.groups()[0].strip()"}
{"name": "exodus-bundler.src.exodus_bundler.dependency_detection.PackageManager.cache_exists", "code": "def cache_exists(self): \"\"\"Whether or not the expected package cache directory exists.\"\"\" return os.path.exists(self.cache_directory) and os.path.isdir(self.cache_directory)"}
{"name": "exodus-bundler.src.exodus_bundler.dependency_detection.PackageManager.commands_exist", "code": "def commands_exist(self): \"\"\"Whether or not the list and owner package manager commands can be resolved.\"\"\" commands = {self.list_command[0], self.owner_command[0]} return all(find_executable(command) is not None for command in commands)"}
{"name": "exodus-bundler.src.exodus_bundler.dependency_detection.detect_dependencies", "code": "def detect_dependencies(path): # We'll go through the supported systems one by one. for package_manager in package_managers: dependencies = package_manager.find_dependencies(path) if dependencies: return dependencies  return None"}
{"name": "exodus-bundler.src.exodus_bundler.cli.parse_args", "code": "def parse_args(args=None, namespace=None): \"\"\"Constructs an argument parser and parses the arguments. The default behavior is to parse the arguments from `sys.argv`. A dictionary is returned rather than the typical namespace produced by `argparse`.\"\"\" formatter = argparse.ArgumentDefaultsHelpFormatter parser = argparse.ArgumentParser(formatter_class=formatter, description=( 'Bundle ELF binary executables with all of their runtime dependencies ' 'so that they can be relocated to other systems with incompatible system ' 'libraries.' ))  parser.add_argument('executables', metavar='EXECUTABLE', nargs='+', help=( 'One or more ELF executables to include in the exodus bundle.' ))  parser.add_argument('-c', '--chroot', metavar='CHROOT_PATH', default=None, help=( 'A directory that will be treated as the root during linking. Useful for testing and ' 'bundling extracted packages that won\\t run without a chroot.' ), )  parser.add_argument('-a', '--add', '--additional-file', metavar='DEPENDENCY', action='append', default=[], help=( 'Specifies an additional file to include in the bundle, useful for adding ' 'programatically loaded libraries and other non-library dependencies. ' 'The argument can be used more than once to include multiple files, and ' 'directories will be included recursively.' ), )  parser.add_argument('-d', '--detect', action='store_true', help=( 'Attempt to autodetect direct dependencies using the system package manager. ' 'Operating system support is limited.' ))  parser.add_argument('--no-symlink', metavar='FILE', action='append', default=[], help=( 'Signifies that a file must not be symlinked to the deduplicated data directory. This ' 'is useful if a file looks for other resources based on paths relative its own ' 'location. This is enabled by default for executables.' ), )  parser.add_argument('-o', '--output', metavar='OUTPUT_FILE', default=None, help=( 'The file where the bundle will be written out to. The extension depends on the ' 'output type. The \"{{executables}}\" and \"{{extension}}\" template strings can be ' ' used in the provided filename. If omitted, the output will go to stdout when ' 'it is being piped, or to \"./exodus-{{executables}}-bundle.{{extension}}\" otherwise.' ), )  parser.add_argument('-q', '--quiet', action='store_true', help=( 'Suppress warning messages.' ))  parser.add_argument('-r', '--rename', metavar='NEW_NAME', nargs='?', action='append', default=[], help=( 'Renames the binary executable(s) before packaging. The order of rename tags must ' 'match the order of positional executable arguments.' ), )  parser.add_argument('--shell-launchers', action='store_true', help=( 'Force the use of shell launchers instead of attempting to compile statically linked ones.' ))  parser.add_argument('-t', '--tarball', action='store_true', help=( 'Creates a tarball for manual extraction instead of an installation script. ' 'Note that this will change the output extension from \".sh\" to \".tgz\".' ))  parser.add_argument('-v', '--verbose', action='store_true', help=( 'Output additional informational messages.' ))  return vars(parser.parse_args(args, namespace))"}
{"name": "exodus-bundler.src.exodus_bundler.cli.configure_logging", "code": "def configure_logging(quiet, verbose, suppress_stdout=False): # Set the level. from exodus_bundler import root_logger log_level = logging.WARN if quiet and not verbose: log_level = logging.ERROR elif verbose and not quiet: log_level = logging.INFO root_logger.setLevel(log_level)  class StderrFilter(logging.Filter): def filter(self, record): return record.levelno in (logging.WARN, logging.ERROR)  stderr_handler = logging.StreamHandler(sys.stderr) stderr_formatter = logging.Formatter('%(levelname)s: %(message)s') stderr_handler.setFormatter(stderr_formatter) stderr_handler.addFilter(StderrFilter()) root_logger.addHandler(stderr_handler)  # We won't even configure/add the stdout handler if this is specified. if suppress_stdout: return  class StdoutFilter(logging.Filter): def filter(self, record): return record.levelno in (logging.DEBUG, logging.INFO)  stdout_formatter = logging.Formatter('%(message)s') stdout_handler = logging.StreamHandler(sys.stdout) stdout_handler.setFormatter(stdout_formatter) stdout_handler.addFilter(StdoutFilter()) root_logger.addHandler(stdout_handler)"}
{"name": "exodus-bundler.src.exodus_bundler.cli.configure_logging.StderrFilter.filter", "code": "def filter(self, record): return record.levelno in (logging.WARN, logging.ERROR)"}
{"name": "exodus-bundler.src.exodus_bundler.cli.configure_logging.StdoutFilter.filter", "code": "def filter(self, record): return record.levelno in (logging.DEBUG, logging.INFO)"}
{"name": "exodus-bundler.src.exodus_bundler.cli.main", "code": "def main(args=None, namespace=None): args = parse_args(args, namespace)  # Dynamically set the default output to stdout if it is being piped. if args['output'] is None: if sys.stdout.isatty(): args['output'] = './exodus-{{executables}}-bundle.{{extension}}' else: args['output'] = '-'  # Handle the CLI specific options here, removing them from `args` in the process. quiet, verbose = args.pop('quiet'), args.pop('verbose') suppress_stdout = args['output'] == '-' configure_logging(quiet=quiet, verbose=verbose, suppress_stdout=suppress_stdout)  # Allow piping in additional files. if not sys.stdin.isatty(): args['add'] += extract_paths(sys.stdin.read())  # Create the bundle with all of the arguments. try: create_bundle(**args) except FatalError as fatal_error: logger.error('Fatal error encountered, exiting.') logger.error(fatal_error, exc_info=verbose) sys.exit(1)"}
{"name": "exodus-bundler.src.exodus_bundler.bundling.bytes_to_int", "code": "def bytes_to_int(bytes, byteorder='big'): \"\"\"Simple helper function to convert byte strings into integers.\"\"\" endian = {'big': '>', 'little': '<'}[byteorder] chars = struct.unpack(endian + ('B' * len(bytes)), bytes) if byteorder == 'big': chars = chars[::-1] return sum(int(char) * 256 ** i for (i, char) in enumerate(chars))"}
{"name": "exodus-bundler.src.exodus_bundler.bundling.create_bundle", "code": "def create_bundle(executables, output, tarball=False, rename=[], chroot=None, add=[], no_symlink=[], shell_launchers=False, detect=False): \"\"\"Handles the creation of the full bundle.\"\"\" # Initialize these ahead of time so they're always available for error handling. output_filename, output_file, root_directory = None, None, None try:  # Create a temporary unpackaged bundle for the executables. root_directory = create_unpackaged_bundle( executables, rename=rename, chroot=chroot, add=add, no_symlink=no_symlink, shell_launchers=shell_launchers, detect=detect, )  # Populate the filename template. output_filename = render_template(output, executables=('-'.join(os.path.basename(executable) for executable in executables)), extension=('tgz' if tarball else 'sh'), )  # Store a gzipped tarball of the bundle in memory. tar_stream = io.BytesIO() with tarfile.open(fileobj=tar_stream, mode='w:gz') as tar: tar.add(root_directory, arcname='exodus')  # Configure the appropriate output mechanism. if output_filename == '-': output_file = getattr(sys.stdout, 'buffer', sys.stdout) else: output_file = open(output_filename, 'wb')  # Construct the installation script and write it out. if not tarball: if output_filename == '-': base64_encoded_tarball = base64.b64encode(tar_stream.getvalue()).decode('utf-8') script_content = render_template_file('install-bundle-noninteractive.sh', base64_encoded_tarball=base64_encoded_tarball) output_file.write(script_content.encode('utf-8')) else: output_file.write(render_template_file('install-bundle.sh').encode('utf-8')) output_file.write(tar_stream.getvalue()) else: # Or just write out the tarball. output_file.write(tar_stream.getvalue())  # Write out the success message. logger.info('Successfully created \"%s\".' % output_filename) return True except:  # noqa: E722 raise finally: if root_directory: shutil.rmtree(root_directory) if output_file and output_filename: output_file.close() if not tarball and output_filename not in ['-', '/dev/null']: st = os.stat(output_filename) os.chmod(output_filename, st.st_mode | stat.S_IEXEC)"}
{"name": "exodus-bundler.src.exodus_bundler.bundling.create_unpackaged_bundle", "code": "def create_unpackaged_bundle(executables, rename=[], chroot=None, add=[], no_symlink=[], shell_launchers=False, detect=False): \"\"\"Creates a temporary directory containing the unpackaged contents of the bundle.\"\"\" from exodus_bundler.errors import DependencyDetectionError from exodus_bundler.dependency_detection import detect_dependencies bundle = Bundle(chroot=chroot, working_directory=True) try: # Sanitize the inputs. assert len(executables), 'No executables were specified.' assert len(executables) >= len(rename), \\ 'More renamed options were included than executables.' # Pad the rename's with `True` so that `entry_point` can be specified. entry_points = rename + [True for i in range(len(executables) - len(rename))]  # Populate the bundle with main executable files and their dependencies. for (executable, entry_point) in zip(executables, entry_points): file = bundle.add_file(executable, entry_point=entry_point)  # We'll only auto-detect dependencies for these entry points as well. # If we did this later, it would practically bring in the whole system... if detect: dependency_paths = detect_dependencies(file.path) if not dependency_paths: raise DependencyDetectionError( ('Automatic dependency detection failed. Either \"%s\" ' % file.path) + 'is not tracked by your package manager, or your operating system ' 'is not currently compatible with the `--detect` option. If not, please ' \"create an issue at https://github.com/intoli/exodus and we'll try our \" ' to add support for it in the future.', )  for path in dependency_paths: bundle.add_file(path)  # Add \"additional files\" specified with the `--add` option. for filename in add: bundle.add_file(filename)  # Mark the required files as `no_symlink=True`. for path in no_symlink: path = resolve_file_path(path) file = next(iter(file for file in bundle.files if file.path == path), None) if file: file.no_symlink = True  bundle.create_bundle(shell_launchers=shell_launchers)  return bundle.working_directory except:  # noqa: E722 bundle.delete_working_directory() raise"}
{"name": "exodus-bundler.src.exodus_bundler.bundling.detect_elf_binary", "code": "def detect_elf_binary(filename): \"\"\"Returns `True` if a file has an ELF header.\"\"\" if not os.path.exists(filename): raise MissingFileError('The \"%s\" file was not found.' % filename)  with open(filename, 'rb') as f: first_four_bytes = f.read(4)  return first_four_bytes == b'\\x7fELF'"}
{"name": "exodus-bundler.src.exodus_bundler.bundling.parse_dependencies_from_ldd_output", "code": "def parse_dependencies_from_ldd_output(content): \"\"\"Takes the output of `ldd` as a string or list of lines and parses the dependencies.\"\"\" if type(content) == str: content = content.split('\\n')  dependencies = [] for line in content: # This first one is a special case of invoking the linker as `ldd`. if re.search(r'^\\s*(/.*?)\\s*=>\\s*ldd\\s*\\(', line): # We'll exclude this because it's the hardcoded INTERP path, and it would be # impossible to get the full path from this command output. continue match = re.search(r'=>\\s*(/.*?)\\s*\\(', line) match = match or re.search(r'\\s*(/.*?)\\s*\\(', line) if match: dependencies.append(match.group(1))  return dependencies"}
{"name": "exodus-bundler.src.exodus_bundler.bundling.resolve_binary", "code": "def resolve_binary(binary): \"\"\"Attempts to find the absolute path to the binary.\"\"\" absolute_binary_path = os.path.normpath(os.path.abspath(binary)) if not os.path.exists(absolute_binary_path): for path in os.getenv('PATH', '/bin/:/usr/bin/').split(os.pathsep): absolute_binary_path = os.path.normpath(os.path.abspath(os.path.join(path, binary))) if os.path.exists(absolute_binary_path): break else: raise MissingFileError('The \"%s\" binary could not be found in $PATH.' % binary) return absolute_binary_path"}
{"name": "exodus-bundler.src.exodus_bundler.bundling.resolve_file_path", "code": "def resolve_file_path(path, search_environment_path=False): \"\"\"Attempts to find a normalized path to a file.  If the file is not found, or if it is a directory, appropriate exceptions will be thrown.  Args: path (str): Either a relative or absolute path to a file, or the name of an executable if `search_environment_path` is `True`. search_environment_path (bool): Whether PATH should be used to resolve the file. \"\"\" if search_environment_path: path = resolve_binary(path) if not os.path.exists(path): raise MissingFileError('The \"%s\" file was not found.' % path) if os.path.isdir(path): raise UnexpectedDirectoryError('\"%s\" is a directory, not a file.' % path) return os.path.normpath(os.path.abspath(path))"}
{"name": "exodus-bundler.src.exodus_bundler.bundling.run_ldd", "code": "def run_ldd(ldd, binary): \"\"\"Runs `ldd` and gets the combined stdout/stderr output as a list of lines.\"\"\" if not detect_elf_binary(resolve_binary(binary)): raise InvalidElfBinaryError('The \"%s\" file is not a binary ELF file.' % binary)  process = Popen([ldd, binary], stdout=PIPE, stderr=PIPE) stdout, stderr = process.communicate() return stdout.decode('utf-8').split('\\n') + stderr.decode('utf-8').split('\\n')"}
{"name": "exodus-bundler.src.exodus_bundler.bundling.stored_property.__init__", "code": "def __init__(self, function): self.__doc__ = getattr(function, '__doc__') self.function = function"}
{"name": "exodus-bundler.src.exodus_bundler.bundling.stored_property.__get__", "code": "def __get__(self, instance, type): result = instance.__dict__[self.function.__name__] = self.function(instance) return result"}
{"name": "exodus-bundler.src.exodus_bundler.bundling.Elf.__init__", "code": "def __init__(self, path, chroot=None, file_factory=None): \"\"\"Constructs the `Elf` instance.  Args: path (str): The full path to the ELF binary. chroot (str, optional): If specified, all dependency and linker paths will be considered relative to this directory (mainly useful for testing). file_factory (function, optional): A function to use when creating new `File` instances. \"\"\" if not os.path.exists(path): raise MissingFileError('The \"%s\" file was not found.' % path) self.path = path self.chroot = chroot self.file_factory = file_factory or File  with open(path, 'rb') as f: # Make sure that this is actually an ELF binary. first_four_bytes = f.read(4) if first_four_bytes != b'\\x7fELF': raise InvalidElfBinaryError('The \"%s\" file is not a binary ELF file.' % path)  # Determine whether this is a 32-bit or 64-bit file. format_byte = f.read(1) self.bits = {b'\\x01': 32, b'\\x02': 64}.get(format_byte) if not self.bits: raise UnsupportedArchitectureError( ('The \"%s\" file does not appear to be either 32 or 64 bits. ' % path) + 'Other architectures are not currently supported, but you can open an ' 'issue at https://github.com/intoli/exodus stating your use-case and ' 'support might get extended in the future.', )  # Determine whether it's big or little endian and construct an integer parsing function. endian_byte = f.read(1) byteorder = {b'\\x01': 'little', b'\\x02': 'big'}[endian_byte] assert byteorder == 'little', 'Big endian is not supported right now.' if not byteorder: raise UnsupportedArchitectureError( ('The \"%s\" file does not appear to be little endian, ' % path) + 'and big endian binaries are not currently supported. You can open an ' 'issue at https://github.com/intoli/exodus stating your use-case and ' 'support might get extended in the future.', )  def hex(bytes): return bytes_to_int(bytes, byteorder=byteorder)  # Determine the type of the binary. f.seek(hex(b'\\x10')) e_type = hex(f.read(2)) self.type = {1: 'relocatable', 2: 'executable', 3: 'shared', 4: 'core'}[e_type]  # Find the program header offset. e_phoff_start = {32: hex(b'\\x1c'), 64: hex(b'\\x20')}[self.bits] e_phoff_length = {32: 4, 64: 8}[self.bits] f.seek(e_phoff_start) e_phoff = hex(f.read(e_phoff_length))  # Determine the size of a program header entry. e_phentsize_start = {32: hex(b'\\x2a'), 64: hex(b'\\x36')}[self.bits] f.seek(e_phentsize_start) e_phentsize = hex(f.read(2))  # Determine the number of program header entries. e_phnum_start = {32: hex(b'\\x2c'), 64: hex(b'\\x38')}[self.bits] f.seek(e_phnum_start) e_phnum = hex(f.read(2))  # Loop through each program header. self.linker_file = None for header_index in range(e_phnum): header_start = e_phoff + header_index * e_phentsize f.seek(header_start) p_type = f.read(4) # A p_type of \\x03 corresponds to a PT_INTERP header (e.g. the linker). if len(p_type) == 0: break if not p_type == b'\\x03\\x00\\x00\\x00': continue  # Determine the offset for the segment. p_offset_start = header_start + {32: hex(b'\\04'), 64: hex(b'\\x08')}[self.bits] p_offset_length = {32: 4, 64: 8}[self.bits] f.seek(p_offset_start) p_offset = hex(f.read(p_offset_length))  # Determine the size of the segment. p_filesz_start = header_start + {32: hex(b'\\x10'), 64: hex(b'\\x20')}[self.bits] p_filesz_length = {32: 4, 64: 8}[self.bits] f.seek(p_filesz_start) p_filesz = hex(f.read(p_filesz_length))  # Read in the segment. f.seek(p_offset) segment = f.read(p_filesz) # It should be null-terminated (b'\\x00' in Python 2, 0 in Python 3). assert segment[-1] in [b'\\x00', 0], 'The string should be null terminated.' assert self.linker_file is None, 'More than one linker found.' linker_path = segment[:-1].decode('ascii') if chroot: linker_path = os.path.join(chroot, os.path.relpath(linker_path, '/')) self.linker_file = self.file_factory(linker_path, chroot=self.chroot)"}
{"name": "exodus-bundler.src.exodus_bundler.bundling.Elf.__init__.hex", "code": "def hex(bytes): return bytes_to_int(bytes, byteorder=byteorder)"}
{"name": "exodus-bundler.src.exodus_bundler.bundling.Elf.__eq__", "code": "def __eq__(self, other): return isinstance(other, Elf) and self.path == self.path"}
{"name": "exodus-bundler.src.exodus_bundler.bundling.Elf.__hash__", "code": "def __hash__(self): \"\"\"Defines a hash for the object so it can be used in sets.\"\"\" return hash(self.path)"}
{"name": "exodus-bundler.src.exodus_bundler.bundling.Elf.__repr__", "code": "def __repr__(self): return '<Elf(path=\"%s\")>' % self.path"}
{"name": "exodus-bundler.src.exodus_bundler.bundling.Elf.find_direct_dependencies", "code": "def find_direct_dependencies(self, linker_file=None): \"\"\"Runs the specified linker and returns a set of the dependencies as `File` instances.\"\"\" linker_file = linker_file or self.linker_file if not linker_file: return set() linker_path = linker_file.path environment = {} environment.update(os.environ) environment['LD_TRACE_LOADED_OBJECTS'] = '1' extra_ldd_arguments = [] if self.chroot: ld_library_path = '/lib64:/usr/lib64:/lib/:/usr/lib:/lib32/:/usr/lib32/:' ld_library_path += environment.get('LD_LIBRARY_PATH', '') directories = [] for directory in ld_library_path.split(':'): if os.path.isabs(directory): directory = os.path.join(self.chroot, os.path.relpath(directory, '/')) directories.append(directory) ld_library_path = ':'.join(directories) environment['LD_LIBRARY_PATH'] = ld_library_path # We only need to avoid including system dependencies if there's a chroot set. extra_ldd_arguments += ['--inhibit-cache', '--inhibit-rpath', '']  process = Popen(['ldd'] + extra_ldd_arguments + [self.path], executable=linker_path, stdout=PIPE, stderr=PIPE, env=environment) stdout, stderr = process.communicate() combined_output = stdout.decode('utf-8').split('\\n') + stderr.decode('utf-8').split('\\n') # Note that we're explicitly adding the linker because when we invoke it as `ldd` we can't # extract the real path from the trace output. Even if it were here twice, it would be # deduplicated though the use of a set. filenames = parse_dependencies_from_ldd_output(combined_output) + [linker_path] return set(self.file_factory(filename, chroot=self.chroot, library=True) for filename in filenames)"}
{"name": "exodus-bundler.src.exodus_bundler.bundling.Elf.dependencies", "code": "def dependencies(self): \"\"\"Run's the files' linker iteratively and returns a set of all library dependencies.\"\"\" all_dependencies = set() unprocessed_dependencies = set(self.direct_dependencies) while len(unprocessed_dependencies): all_dependencies |= unprocessed_dependencies new_dependencies = set() for dependency in unprocessed_dependencies: if dependency.elf: new_dependencies |= set( dependency.elf.find_direct_dependencies(self.linker_file)) unprocessed_dependencies = new_dependencies - all_dependencies return all_dependencies"}
{"name": "exodus-bundler.src.exodus_bundler.bundling.Elf.direct_dependencies", "code": "def direct_dependencies(self): \"\"\"Runs the file's linker and returns a set of the dependencies as `File` instances.\"\"\" return self.find_direct_dependencies()"}
{"name": "exodus-bundler.src.exodus_bundler.bundling.File.__init__", "code": "def __init__(self, path, entry_point=None, chroot=None, library=False, file_factory=None): \"\"\"Constructor for the `File` class.  Note: A `MissingFileError` will be thrown if a matching file cannot be found.  Args: path (str): Can be either an absolute path, relative path, or a binary name in `PATH`. entry_point (string, optional): The name of the bundle entry point for an executable. If `True`, the executable's basename will be used. chroot (str, optional): If specified, all dependency and linker paths will be considered relative to this directory (mainly useful for testing). file_factory (function, optional): A function to use when creating new `File` instances. \"\"\" # Find the full path to the file. self.path = resolve_file_path(path, search_environment_path=(entry_point is not None))  # Set the entry point for the file. if entry_point is True: self.entry_point = os.path.basename(self.path).replace(os.sep, '') else: self.entry_point = entry_point or None  # Parse an `Elf` object from the file. try: self.elf = Elf(path, chroot=chroot, file_factory=file_factory) except InvalidElfBinaryError: self.elf = None  self.chroot = chroot self.file_factory = file_factory or File self.library = library self.no_symlink = self.entry_point and not self.requires_launcher"}
{"name": "exodus-bundler.src.exodus_bundler.bundling.File.__eq__", "code": "def __eq__(self, other): return isinstance(other, File) and self.path == self.path and \\ self.entry_point == self.entry_point"}
{"name": "exodus-bundler.src.exodus_bundler.bundling.File.__hash__", "code": "def __hash__(self): \"\"\"Computes a hash for the instance unique up to the file path and entry point.\"\"\" return hash((self.path, self.entry_point))"}
{"name": "exodus-bundler.src.exodus_bundler.bundling.File.__repr__", "code": "def __repr__(self): return '<File(path=\"%s\")>' % self.path"}
{"name": "exodus-bundler.src.exodus_bundler.bundling.File.copy", "code": "def copy(self, working_directory): \"\"\"Copies the file to a location based on its `destination` property.  Args: working_directory (str): The root that the `destination` will be joined with. Returns: str: The normalized and absolute destination path. \"\"\" full_destination = os.path.join(working_directory, self.destination) full_destination = os.path.normpath(os.path.abspath(full_destination))  # The filenames are based on content hashes, so there's no need to copy it twice. if os.path.exists(full_destination): return full_destination  parent_directory = os.path.dirname(full_destination) if not os.path.exists(parent_directory): os.makedirs(parent_directory)  shutil.copy(self.path, full_destination)  return full_destination"}
{"name": "exodus-bundler.src.exodus_bundler.bundling.File.create_entry_point", "code": "def create_entry_point(self, working_directory, bundle_root): \"\"\"Creates a symlink in `bin/` to the executable or its launcher.  Note: The destination must already exist. Args: working_directory (str): The root that the `destination` will be joined with. bundle_root (str): The root that `source` will be joined with. \"\"\" source_path = os.path.join(bundle_root, self.source) bin_directory = os.path.join(working_directory, 'bin') if not os.path.exists(bin_directory): os.makedirs(bin_directory) entry_point_path = os.path.join(bin_directory, self.entry_point) relative_destination_path = os.path.relpath(source_path, bin_directory) os.symlink(relative_destination_path, entry_point_path)"}
{"name": "exodus-bundler.src.exodus_bundler.bundling.File.create_launcher", "code": "def create_launcher(self, working_directory, bundle_root, linker_basename, symlink_basename, shell_launcher=False): \"\"\"Creates a launcher at `source` for `destination`.  Note: If an `entry_point` has been specified, it will also be created. Args: working_directory (str): The root that the `destination` will be joined with. bundle_root (str): The root that `source` will be joined with. linker_basename (str): The basename of the linker to place in the same directory. symlink_basename (str): The basename of the symlink to the actual executable. shell_launcher (bool, optional): Forces the use of shell script launcher instead of attempting to compile first using musl or diet c. Returns: str: The normalized and absolute path to the launcher. \"\"\" destination_path = os.path.join(working_directory, self.destination) source_path = os.path.join(bundle_root, self.source)  # Create the symlink. source_parent = os.path.dirname(source_path) if not os.path.exists(source_parent): os.makedirs(source_parent) relative_destination_path = os.path.relpath(destination_path, source_parent) symlink_path = os.path.join(source_parent, symlink_basename) os.symlink(relative_destination_path, symlink_path) executable = os.path.join('.', symlink_basename)  # Copy over the linker. linker_path = os.path.join(source_parent, linker_basename) if not os.path.exists(linker_path): shutil.copy(self.elf.linker_file.path, linker_path) else: assert filecmp.cmp(self.elf.linker_file.path, linker_path), \\ 'The \"%s\" linker file already exists and has differing contents.' % linker_path linker = os.path.join('.', linker_basename)  # Construct the library path original_file_parent = os.path.dirname(self.path) library_paths = os.environ.get('LD_LIBRARY_PATH', '').split(':') library_paths += ['/lib64', '/usr/lib64', '/lib', '/usr/lib', '/lib32', '/usr/lib32'] for dependency in self.elf.dependencies: library_paths.append(os.path.dirname(dependency.path)) relative_library_paths = [] for directory in library_paths: if not len(directory): continue  # Get the actual absolute path for the library directory. directory = os.path.normpath(os.path.abspath(directory)) if self.chroot: directory = os.path.join(self.chroot, os.path.relpath(directory, '/'))  # Convert it into a path relative to the launcher/source. relative_library_path = os.path.relpath(directory, original_file_parent) if relative_library_path not in relative_library_paths: relative_library_paths.append(relative_library_path) library_path = ':'.join(relative_library_paths)  # Determine whether this is a \"full\" linker (*e.g.* GNU linker). with open(self.elf.linker_file.path, 'rb') as f: linker_content = f.read() full_linker = (linker_content.find(b'inhibit-rpath') > -1)  # Try a c launcher first and fallback. try: if shell_launcher: raise CompilerNotFoundError()  launcher_content = construct_binary_launcher( linker=linker, library_path=library_path, executable=executable, full_linker=full_linker) with open(source_path, 'wb') as f: f.write(launcher_content) except CompilerNotFoundError: if not shell_launcher: logger.warning(( 'Installing either the musl or diet C libraries will result in more efficient ' 'launchers (currently using bash fallbacks instead).' )) launcher_content = construct_bash_launcher( linker=linker, library_path=library_path, executable=executable, full_linker=full_linker) with open(source_path, 'w') as f: f.write(launcher_content) shutil.copymode(self.path, source_path)  return os.path.normpath(os.path.abspath(source_path))"}
{"name": "exodus-bundler.src.exodus_bundler.bundling.File.symlink", "code": "def symlink(self, working_directory, bundle_root): \"\"\"Creates a relative symlink from the `source` to the `destination`.  Args: working_directory (str): The root that `destination` will be joined with. bundle_root (str): The root that `source` will be joined with. Returns: str: The normalized and absolute path to the symlink. \"\"\" destination_path = os.path.join(working_directory, self.destination) source_path = os.path.join(bundle_root, self.source)  source_parent = os.path.dirname(source_path) if not os.path.exists(source_parent): os.makedirs(source_parent) relative_destination_path = os.path.relpath(destination_path, source_parent) if os.path.exists(source_path): assert os.path.islink(source_path) assert os.path.realpath(source_path) == relative_destination_path else: os.symlink(relative_destination_path, source_path)  return os.path.normpath(os.path.abspath(source_path))"}
{"name": "exodus-bundler.src.exodus_bundler.bundling.File.destination", "code": "def destination(self): \"\"\"str: The relative path for the destination of the actual file contents.\"\"\" return os.path.join('.', 'data', self.hash)"}
{"name": "exodus-bundler.src.exodus_bundler.bundling.File.executable", "code": "def executable(self): return os.access(self.path, os.X_OK)"}
{"name": "exodus-bundler.src.exodus_bundler.bundling.File.elf", "code": "def elf(self): \"\"\"bool: Determines whether a file is a file is an ELF binary.\"\"\" return detect_elf_binary(self.path)"}
{"name": "exodus-bundler.src.exodus_bundler.bundling.File.hash", "code": "def hash(self): \"\"\"str: Computes a hash based on the file content, useful for file deduplication.\"\"\" with open(self.path, 'rb') as f: return hashlib.sha256(f.read()).hexdigest()"}
{"name": "exodus-bundler.src.exodus_bundler.bundling.File.requires_launcher", "code": "def requires_launcher(self): \"\"\"bool: Whether a launcher is necessary for this file.\"\"\" # This is unfortunately a heuristic approach because many executables are compiled # as shared libraries, and many mostly-libraries are executable (*e.g.* glibc).  # The easy ones. if self.library or not self.elf or not self.elf.linker_file or not self.executable: return False if self.elf.type == 'executable': return True if self.entry_point: return True  # These will hopefully do more good than harm. bin_directories = ['/bin/', '/bin32/', '/bin64/'] lib_directories = ['/lib/', '/lib32/', '/lib64/'] in_bin_directory = any(directory in self.path for directory in bin_directories) in_lib_directory = any(directory in self.path for directory in lib_directories) if in_bin_directory and not in_lib_directory: return True if in_lib_directory and not in_bin_directory: return False  # Most libraries will include `.so` in the filename. return re.search(r'\\.so(?:\\.|$)', self.path)"}
{"name": "exodus-bundler.src.exodus_bundler.bundling.File.source", "code": "def source(self): \"\"\"str: The relative path for the source of the actual file contents.\"\"\" return os.path.relpath(self.path, '/')"}
{"name": "exodus-bundler.src.exodus_bundler.bundling.Bundle.__init__", "code": "def __init__(self, working_directory=None, chroot=None): \"\"\"Constructor for the `Bundle` class.  Args: working_directory (string, optional): The location where the bundle will be created on disk. A temporary directory will be constructed if specified as `True`. If left as `None`, some methods and properties will raise errors. chroot (str, optional): If specified, all absolute paths will be treated as being relative to this root (mainly useful for testing). \"\"\" self.working_directory = working_directory if working_directory is True: self.working_directory = tempfile.mkdtemp(prefix='exodus-bundle-') # The permissions on the `mkdtemp()` directory will be extremely restricted by default, # so we'll modify them to to reflect the current umask. umask = os.umask(0) os.umask(umask) os.chmod(self.working_directory, 0o777 & ~umask) self.chroot = chroot self.files = set() self.linker_files = set()"}
{"name": "exodus-bundler.src.exodus_bundler.bundling.Bundle.add_file", "code": "def add_file(self, path, entry_point=None): \"\"\"Adds an additional file to the bundle.  Note: All of the file's dependencies will additionally be pulled into the bundle if the file corresponds to a an ELF binary. This is true regardless of whether or not an entry point is specified for the binary.  Args: path (str): Can be either an absolute path, relative path, or a binary name in `PATH`. Directories will be included recursively for non-entry point dependencies. entry_point (string, optional): The name of the bundle entry point for an executable. If `True`, the executable's basename will be used. Returns: The `File` that was added, or `None` if it was a directory that was added recursively. \"\"\" try: file = self.file_factory(path, entry_point=entry_point, chroot=self.chroot) except UnexpectedDirectoryError: assert entry_point is None, \"Directories can't have entry points.\" for root, directories, files in os.walk(path): for file in files: file_path = os.path.join(root, file) self.add_file(file_path) return  self.files.add(file) if file.elf: if file.elf.linker_file: self.linker_files.add(file.elf.linker_file) self.files |= file.elf.dependencies else: # Manually set the linker if there isn't one in the program header, # and we've only seen one in all of the files that have been added. if len(self.linker_files) == 1: [file.elf.linker_file] = self.linker_files self.files |= file.elf.dependencies # We definitely don't want a launcher for this file, so clear the linker. file.elf.linker_file = None else: logger.warning(( 'An ELF binary without a suitable linker candidate was encountered. ' 'Either no linker was found or there are multiple conflicting linkers.' ))  return file"}
{"name": "exodus-bundler.src.exodus_bundler.bundling.Bundle.create_bundle", "code": "def create_bundle(self, shell_launchers=False): \"\"\"Creates the unpackaged bundle in `working_directory`.  Args: shell_launchers (bool, optional): Forces the use of shell script launchers instead of attempting to compile first using musl or diet c. \"\"\" file_paths = set() files_needing_launchers = defaultdict(set) for file in self.files: # Store the file path to avoid collisions later. file_path = os.path.join(self.bundle_root, file.source) file_paths.add(file_path)  # Create a symlink in `./bin/` if an entry point is specified. if file.entry_point: file.create_entry_point(self.working_directory, self.bundle_root)  if file.no_symlink: # We'll need to copy the actual file into the bundle subdirectory in this # case so that it can locate resources using paths relative to the executable. parent_directory = os.path.dirname(file_path) if not os.path.exists(parent_directory): os.makedirs(parent_directory) shutil.copy(file.path, file_path) continue  # Copy over the actual file. file.copy(self.working_directory)  if file.requires_launcher: # These are kind of complicated, we'll just store the requirements for now. directory_and_linker = (os.path.dirname(file_path), file.elf.linker_file) files_needing_launchers[directory_and_linker].add(file) else: file.symlink(working_directory=self.working_directory, bundle_root=self.bundle_root)  # Now we need to write out one unique copy of each linker in each directory where it's # required. This is necessary so that `readlink(\"/proc/self/exe\")` will return the correct # directory when programs use that to construct relative paths to resources. for ((directory, linker), executable_files) in files_needing_launchers.items(): # First, we'll find a unique name for the linker in this directory and write it out. desired_linker_path = os.path.join(directory, 'linker-%s' % linker.hash) linker_path = desired_linker_path iteration = 2 while linker_path in file_paths: linker_path = '%s-%d' % (desired_linker_path, iteration) iteration += 1 file_paths.add(linker_path) linker_dirname, linker_basename = os.path.split(linker_path) if not os.path.exists(linker_dirname): os.makedirs(linker_dirname) shutil.copy(linker.path, linker_path)  # Now we need to construct a launcher for each executable that depends on this linker. for file in executable_files: # We'll again attempt to find a unique available name, this time for the symlink # to the executable. file_basename = file.entry_point or os.path.basename(file.path) desired_symlink_path = os.path.join(directory, '%s-x' % file_basename) symlink_path = desired_symlink_path iteration = 2 while symlink_path in file_paths: symlink_path = '%s-%d' % (desired_symlink_path, iteration) iteration += 1 file_paths.add(symlink_path) symlink_basename = os.path.basename(symlink_path) file.create_launcher(self.working_directory, self.bundle_root, linker_basename, symlink_basename, shell_launcher=shell_launchers)"}
{"name": "exodus-bundler.src.exodus_bundler.bundling.Bundle.delete_working_directory", "code": "def delete_working_directory(self): \"\"\"Recursively deletes the working directory.\"\"\" shutil.rmtree(self.working_directory) self.working_directory = None"}
{"name": "exodus-bundler.src.exodus_bundler.bundling.Bundle.file_factory", "code": "def file_factory(self, path, entry_point=None, chroot=None, library=False, file_factory=None): \"\"\"Either creates a new `File`, or updates and returns one from `files`.  This method can be used in place of `File.__init__()` when it is known that the `File` is going to end up being added to the `Bundle.files` set. The construction of a `File` is quite expensive due to the ELF parsing, so this allows avoiding the construction of `File` objects when an equivalent ones are already present in the set. Additionally, this allows for intelligent merging of properties between `File` objects. For example, a `File` with an entry point should always preserve that entry point, even if the file also gets added using `--add` or some other method without one.  See the `File.__init__()` method for documentation of the arguments, they're identical. \"\"\" # Attempt to find an existing file with the same normalized path in `self.files`. path = resolve_file_path(path, search_environment_path=entry_point is not None) file = next((file for file in self.files if file.path == path), None) if file is not None: assert entry_point == file.entry_point or not entry_point or not file.entry_point, \\ \"The entry point property should always persist, but can't conflict.\" file.entry_point = file.entry_point or entry_point assert chroot == file.chroot, 'The chroot must match.' file.library = file.library or library assert not file.entry_point or not file.library, \\ \"A file can't be both an entry point and a library.\" return file  return File(path, entry_point, chroot, library, file_factory)"}
{"name": "exodus-bundler.src.exodus_bundler.bundling.Bundle.bundle_root", "code": "def bundle_root(self): \"\"\"str: The root directory of the bundle where the original file structure is mirrored.\"\"\" path = os.path.join(self.working_directory, 'bundles', self.hash) return os.path.normpath(os.path.abspath(path))"}
{"name": "exodus-bundler.src.exodus_bundler.bundling.Bundle.hash", "code": "def hash(self): \"\"\"str: Computes a hash based on the current contents of the bundle.\"\"\" file_hashes = sorted(file.hash for file in self.files) combined_hashes = '\\n'.join(file_hashes).encode('utf-8') return hashlib.sha256(combined_hashes).hexdigest()"}
{"name": "exodus-bundler.src.exodus_bundler.input_parsing.extract_exec_path", "code": "def extract_exec_path(line): \"\"\"Parse a line of strace output and returns the file being executed.\"\"\" line = strip_pid_prefix(line) for method in exec_methods: prefix = method + '(\"' if line.startswith(prefix): line = line[len(prefix):] parts = line.split('\", ') if len(parts) > 1: return parts[0] return None"}
{"name": "exodus-bundler.src.exodus_bundler.input_parsing.extract_open_path", "code": "def extract_open_path(line): \"\"\"Parse a line of strace output and returns the file being opened.\"\"\" line = strip_pid_prefix(line) for prefix in ['openat(AT_FDCWD, \"', 'open(\"']: if line.startswith(prefix): parts = line[len(prefix):].split('\", ') if len(parts) != 2: continue if 'ENOENT' in parts[1]: continue if 'O_RDONLY' not in parts[1]: continue if 'O_DIRECTORY' in parts[1]: continue return parts[0] return None"}
{"name": "exodus-bundler.src.exodus_bundler.input_parsing.extract_stat_path", "code": "def extract_stat_path(line): \"\"\"Parse a line of strace output and return the file that stat was called on.\"\"\" line = strip_pid_prefix(line) prefix = 'stat(\"' if line.startswith(prefix): parts = line[len(prefix):].split('\", ') if len(parts) == 2 and 'ENOENT' not in parts[1]: return parts[0] return None"}
{"name": "exodus-bundler.src.exodus_bundler.input_parsing.extract_paths", "code": "def extract_paths(content, existing_only=True): \"\"\"Parses paths from a piped input.  Args: content (str): The raw input, can be either a list of files, or the output of the strace command. existing_only (bool, optional): Requires that files actually exist and aren't directories. Returns: A list of paths. \"\"\" lines = [line.strip() for line in content.splitlines() if len(line.strip())] if not len(lines): return lines  # The strace output will start with the exec call of its argument. strace_mode = extract_exec_path(lines[0]) is not None if not strace_mode: return lines  # Extract files from `open()`, `openat()`, and `exec()` calls. paths = set() for line in lines: path = extract_exec_path(line) or extract_open_path(line) or extract_stat_path(line) if path: blacklisted = any(path.startswith(directory) for directory in blacklisted_directories) if not blacklisted: if not existing_only: paths.add(path) continue if os.path.exists(path) and os.access(path, os.R_OK) and not os.path.isdir(path): paths.add(path)  return list(paths)"}
{"name": "exodus-bundler.src.exodus_bundler.input_parsing.strip_pid_prefix", "code": "def strip_pid_prefix(line): \"\"\"Strips out the `[pid XXX] ` prefix if present.\"\"\" match = re.match(r'\\[pid\\s+\\d+\\]\\s*', line) if match: return line[len(match.group()):] return line"}
{"name": "exodus-bundler.src.exodus_bundler.templating.render_template", "code": "def render_template(string, **context): for key, value in context.items(): string = string.replace('{{%s}}' % key, value) return string"}
{"name": "exodus-bundler.src.exodus_bundler.templating.render_template_file", "code": "def render_template_file(filename, **context): if not os.path.isabs(filename): filename = os.path.join(template_directory, filename) with open(filename, 'r') as f: return render_template(f.read(), **context)"}
{"name": "exodus-bundler.src.exodus_bundler.launchers.find_executable", "code": "def find_executable(binary_name, skip_original_for_testing=False): # This won't be set on Alpine Linux, but it's required for the `find_executable()` calls. if 'PATH' not in os.environ: os.environ['PATH'] = '/bin/:/usr/bin/' executable = find_executable_original(binary_name) if executable and not skip_original_for_testing: return executable # Try to find it within the same bundle if it's not actually in the PATH. directory = parent_directory while True: directory, basename = os.path.split(directory) if not len(basename): break # The bundle directory. if re.match('[A-Fa-f0-9]{64}', basename): for bin_directory in os.environ['PATH'].split(':'): if os.path.isabs(bin_directory): bin_directory = os.path.relpath(bin_directory, '/') candidate_executable = os.path.join(directory, basename, bin_directory, binary_name) if os.path.exists(candidate_executable): return candidate_executable"}
{"name": "exodus-bundler.src.exodus_bundler.launchers.compile", "code": "def compile(code): try: return compile_musl(code) except CompilerNotFoundError: try: return compile_diet(code) except CompilerNotFoundError: raise CompilerNotFoundError('No suiteable C compiler was found.')"}
{"name": "exodus-bundler.src.exodus_bundler.launchers.compile_diet", "code": "def compile_diet(code): diet = find_executable('diet') gcc = find_executable('gcc') if diet is None or gcc is None: raise CompilerNotFoundError('The diet compiler was not found.') return compile_helper(code, [diet, 'gcc'])"}
{"name": "exodus-bundler.src.exodus_bundler.launchers.compile_helper", "code": "def compile_helper(code, initial_args): f, input_filename = tempfile.mkstemp(prefix='exodus-bundle-', suffix='.c') os.close(f) f, output_filename = tempfile.mkstemp(prefix='exodus-bundle-') os.close(f) try: with open(input_filename, 'w') as input_file: input_file.write(code)  args = initial_args + ['-static', '-O3', input_filename, '-o', output_filename] process = Popen(args, stdout=PIPE, stderr=PIPE) stdout, stderr = process.communicate() assert process.returncode == 0, \\ 'There was an error compiling: %s' % stderr.decode('utf-8')  with open(output_filename, 'rb') as output_file: return output_file.read() finally: os.remove(input_filename) os.remove(output_filename)"}
{"name": "exodus-bundler.src.exodus_bundler.launchers.compile_musl", "code": "def compile_musl(code): musl = find_executable('musl-gcc') if musl is None: raise CompilerNotFoundError('The musl compiler was not found.') return compile_helper(code, [musl])"}
{"name": "exodus-bundler.src.exodus_bundler.launchers.construct_bash_launcher", "code": "def construct_bash_launcher(linker, library_path, executable, full_linker=True): linker_dirname, linker_basename = os.path.split(linker) full_linker = 'true' if full_linker else 'false' return render_template_file('launcher.sh', linker_basename=linker_basename, linker_dirname=linker_dirname, library_path=library_path, executable=executable, full_linker=full_linker)"}
{"name": "exodus-bundler.src.exodus_bundler.launchers.construct_binary_launcher", "code": "def construct_binary_launcher(linker, library_path, executable, full_linker=True): linker_dirname, linker_basename = os.path.split(linker) full_linker = '1' if full_linker else '0' code = render_template_file('launcher.c', linker_basename=linker_basename, linker_dirname=linker_dirname, library_path=library_path, executable=executable, full_linker=full_linker) return compile(code)"}
