{"name": "gif-for-cli.tests.test_display.TestDisplayTxtFrames", "code": "class TestDisplayTxtFrames(unittest.TestCase): def setUp(self): self.num_frames = 5 self.width = 10 self.height = 5 self.txt_frames = [ '\\n'.join([str(i) * self.width] * self.height) for i in range(self.num_frames) ] self.seconds_per_frame = 200  def test_3_loops(self): stdout = io.StringIO()  txt_frames = self.txt_frames num_loops = 3  with patch('time.sleep') as mock_sleep: display_txt_frames(txt_frames, stdout, num_loops, self.seconds_per_frame)  self.assertEqual(mock_sleep.call_count, num_loops * len(txt_frames)) for call in mock_sleep.call_args_list: self.assertEqual(call[0][0], self.seconds_per_frame)  output_ending = '\\n' + ANSI_RESET output = stdout.getvalue()  self.assertEqual(output[-len(output_ending):], output_ending)  output = output[:-len(output_ending)] output = output.split('\\n' + (ANSI_CURSOR_UP * self.height))  self.assertEqual(output, self.txt_frames * num_loops)  def test_0_loops(self): stdout = io.StringIO()  txt_frames = self.txt_frames num_loops = 0 error_after_num_loops = 5 error_after_num_sleep_calls = error_after_num_loops * len(txt_frames)  with patch('time.sleep') as mock_sleep: num_sleep_calls = 0  def sleep_side_effect(s): nonlocal num_sleep_calls num_sleep_calls += 1 if num_sleep_calls >= error_after_num_sleep_calls: raise KeyboardInterrupt() return mock_sleep.side_effect = sleep_side_effect  display_txt_frames(txt_frames, stdout, num_loops, self.seconds_per_frame)  self.assertEqual(mock_sleep.call_count, error_after_num_loops * len(txt_frames)) for call in mock_sleep.call_args_list: self.assertEqual(call[0][0], self.seconds_per_frame)  output_ending = '\\n' + ANSI_RESET + '\\n' output = stdout.getvalue()  self.assertEqual(output[-len(output_ending):], output_ending)  output = output[:-len(output_ending)] output = output.split('\\n' + (ANSI_CURSOR_UP * self.height))  self.assertEqual(output, self.txt_frames * error_after_num_loops)"}
{"name": "gif-for-cli.tests.test_display.TestGetTxtFrames", "code": "class TestGetTxtFrames(unittest.TestCase): def test(self, mock_get_sorted_filenames, mock_open): display_dirname = 'some-dir' cell_char = '$'  mock_get_sorted_filenames.return_value = ['0001.txt', '0002.txt'] mock_open.side_effect = lambda *args, **kwargs: io.StringIO(STORED_CELL_CHAR * 10)  txt_frames = get_txt_frames(display_dirname, cell_char)  self.assertEqual(len(txt_frames), 2) self.assertEqual(txt_frames[0], cell_char * 10) self.assertEqual(txt_frames[1], cell_char * 10)  self.assertEqual(mock_get_sorted_filenames.call_count, 1) self.assertEqual(mock_get_sorted_filenames.call_args[0][0], display_dirname) self.assertEqual(mock_open.call_count, 2) self.assertEqual(mock_open.call_args_list[0][0][0], display_dirname + '/' + '0001.txt') self.assertEqual(mock_open.call_args_list[1][0][0], display_dirname + '/' + '0002.txt')"}
{"name": "gif-for-cli.tests.test_display.TestDisplay", "code": "class TestDisplay(unittest.TestCase): def test(self, mock_display_txt_frames, mock_get_txt_frames): display_dirname = 'some-dir' stdout = io.StringIO() num_loops = 3 cell_char = '$' seconds_per_frame = 0.1  display(display_dirname, stdout, num_loops, cell_char, seconds_per_frame)  self.assertEqual(mock_get_txt_frames.call_count, 1) self.assertEqual(mock_get_txt_frames.call_args[0][0], display_dirname) self.assertEqual(mock_get_txt_frames.call_args[0][1], cell_char)  self.assertEqual(mock_display_txt_frames.call_count, 1) self.assertEqual(mock_display_txt_frames.call_args[0][0], mock_get_txt_frames.return_value) self.assertEqual(mock_display_txt_frames.call_args[0][1], stdout) self.assertEqual(mock_display_txt_frames.call_args[0][2], num_loops) self.assertEqual(mock_display_txt_frames.call_args[0][3], seconds_per_frame)"}
{"name": "gif-for-cli.tests.test_execute.TestExecute", "code": "class TestExecute(unittest.TestCase): def test_new(self, mock_export, mock_display, mock_generate, mock_makedirs, mock_process_input_source): mock_process_input_source.side_effect = lambda input_source, api_key: input_source  environ = {} argv = [] stdout = io.StringIO()  input_source = '' cols = 160 rows = 40 cell_width = 3 cell_height = 6 num_frames = 11 seconds = 1.1  with patch('gif_for_cli.execute.open') as mocked_open: mocked_open.return_value = io.StringIO(json.dumps({ 'input_source': input_source, 'input_source_file': input_source, 'cols': cols, 'rows': rows, 'cell_width': cell_width, 'cell_height': cell_height, 'num_frames': num_frames, 'seconds': seconds, }))  with patch('gif_for_cli.execute.os.path.exists') as mock_exists: mock_exists.return_value = False  execute(environ, argv, stdout)  self.assertEqual(mock_process_input_source.call_count, 1) # for some reaosn, this intercepts some locale laoding paths = sorted([ call[0][0] for call in mock_exists.call_args_list[-6:] ])  self.assertTrue(paths[0].endswith( '/d41d8cd98f00b204e9800998ecf8427e-160cols-40rows-cw3px-ch6px' )) self.assertTrue(paths[1].endswith( '/d41d8cd98f00b204e9800998ecf8427e-160cols-40rows-cw3px-ch6px/256' )) self.assertTrue(paths[2].endswith( '/d41d8cd98f00b204e9800998ecf8427e-160cols-40rows-cw3px-ch6px/256fgbg' )) self.assertTrue(paths[3].endswith( '/d41d8cd98f00b204e9800998ecf8427e-160cols-40rows-cw3px-ch6px/jpg' )) self.assertTrue(paths[4].endswith( '/d41d8cd98f00b204e9800998ecf8427e-160cols-40rows-cw3px-ch6px/nocolor' )) self.assertTrue(paths[5].endswith( '/d41d8cd98f00b204e9800998ecf8427e-160cols-40rows-cw3px-ch6px/truecolor' )) self.assertEqual(mock_makedirs.call_count, 6) self.assertEqual(mock_generate.call_count, 1) self.assertEqual(mocked_open.call_count, 1) self.assertEqual(mock_display.call_count, 1) self.assertEqual(mock_export.call_count, 0)  def test_new_no_display(self, mock_export, mock_display, mock_generate, mock_makedirs, mock_process_input_source): mock_process_input_source.side_effect = lambda input_source, api_key: input_source  environ = {} argv = ['--no-display'] stdout = io.StringIO()  input_source = '' cols = 160 rows = 40 cell_width = 3 cell_height = 6 num_frames = 11 seconds = 1.1  with patch('gif_for_cli.execute.open') as mocked_open: mocked_open.return_value = io.StringIO(json.dumps({ 'input_source': input_source, 'input_source_file': input_source, 'cols': cols, 'rows': rows, 'cell_width': cell_width, 'cell_height': cell_height, 'num_frames': num_frames, 'seconds': seconds, }))  with patch('gif_for_cli.execute.os.path.exists') as mock_exists: mock_exists.return_value = False  execute(environ, argv, stdout)  self.assertEqual(mock_process_input_source.call_count, 1) # for some reaosn, this intercepts some locale laoding paths = sorted([ call[0][0] for call in mock_exists.call_args_list[-6:] ])  self.assertTrue(paths[0].endswith( '/d41d8cd98f00b204e9800998ecf8427e-160cols-40rows-cw3px-ch6px' )) self.assertTrue(paths[1].endswith( '/d41d8cd98f00b204e9800998ecf8427e-160cols-40rows-cw3px-ch6px/256' )) self.assertTrue(paths[2].endswith( '/d41d8cd98f00b204e9800998ecf8427e-160cols-40rows-cw3px-ch6px/256fgbg' )) self.assertTrue(paths[3].endswith( '/d41d8cd98f00b204e9800998ecf8427e-160cols-40rows-cw3px-ch6px/jpg' )) self.assertTrue(paths[4].endswith( '/d41d8cd98f00b204e9800998ecf8427e-160cols-40rows-cw3px-ch6px/nocolor' )) self.assertTrue(paths[5].endswith( '/d41d8cd98f00b204e9800998ecf8427e-160cols-40rows-cw3px-ch6px/truecolor' )) self.assertEqual(mock_makedirs.call_count, 6) self.assertEqual(mock_generate.call_count, 1) self.assertEqual(mocked_open.call_count, 1) self.assertEqual(mock_display.call_count, 0) self.assertEqual(mock_export.call_count, 0)  def test_cached(self, mock_export, mock_display, mock_generate, mock_makedirs, mock_process_input_source): mock_process_input_source.side_effect = lambda input_source, api_key: input_source  environ = {} argv = [] stdout = io.StringIO()  input_source = '' cols = 160 rows = 40 cell_width = 3 cell_height = 6 num_frames = 11 seconds = 1.1  with patch('gif_for_cli.execute.open') as mocked_open: mocked_open.return_value = io.StringIO(json.dumps({ 'input_source': input_source, 'input_source_file': input_source, 'cols': cols, 'rows': rows, 'cell_width': cell_width, 'cell_height': cell_height, 'num_frames': num_frames, 'seconds': seconds, }))  with patch('gif_for_cli.execute.os.path.exists') as mock_exists: mock_exists.return_value = True  execute(environ, argv, stdout)  self.assertEqual(mock_process_input_source.call_count, 1) # for some reaosn, this intercepts some locale laoding paths = sorted([ call[0][0] for call in mock_exists.call_args_list[-6:] ]) self.assertTrue(paths[0].endswith( '/d41d8cd98f00b204e9800998ecf8427e-160cols-40rows-cw3px-ch6px' )) self.assertEqual(mock_makedirs.call_count, 0) self.assertEqual(mock_generate.call_count, 0) self.assertEqual(mocked_open.call_count, 1) self.assertEqual(mock_display.call_count, 1) self.assertEqual(mock_display.call_args[1]['seconds_per_frame'], 0.1) self.assertEqual(mock_export.call_count, 0)  def test_export(self, mock_export, mock_display, mock_generate, mock_makedirs, mock_process_input_source): mock_process_input_source.side_effect = lambda input_source, api_key: input_source  environ = {} argv = ['--export=foo.gif'] stdout = io.StringIO()  input_source = '' cols = 160 rows = 40 cell_width = 3 cell_height = 6 num_frames = 11 seconds = 1.1  with patch('gif_for_cli.execute.open') as mocked_open: mocked_open.return_value = io.StringIO(json.dumps({ 'input_source': input_source, 'input_source_file': input_source, 'cols': cols, 'rows': rows, 'cell_width': cell_width, 'cell_height': cell_height, 'num_frames': num_frames, 'seconds': seconds, }))  with patch('gif_for_cli.execute.os.path.exists') as mock_exists: mock_exists.return_value = True  execute(environ, argv, stdout)  self.assertEqual(mock_process_input_source.call_count, 1) # for some reaosn, this intercepts some locale laoding paths = sorted([ call[0][0] for call in mock_exists.call_args_list[-6:] ]) self.assertTrue(paths[0].endswith( '/d41d8cd98f00b204e9800998ecf8427e-160cols-40rows-cw3px-ch6px' )) self.assertEqual(mock_makedirs.call_count, 0) self.assertEqual(mock_generate.call_count, 0) self.assertEqual(mocked_open.call_count, 1) self.assertEqual(mock_display.call_count, 0) self.assertEqual(mock_export.call_count, 1)"}
{"name": "gif-for-cli.tests.generate.test_utils.TestGetGray", "code": "class TestGetGray(unittest.TestCase): def test(self): self.assertAlmostEqual( get_gray(0, 128, 255), 127.66666666 )"}
{"name": "gif-for-cli.tests.generate.test_utils.TestGet256Cell", "code": "class TestGet256Cell(unittest.TestCase): def test(self): self.assertEqual( get_256_cell(0, 128, 255), u'\\u001b[38;5;33m#' )"}
{"name": "gif-for-cli.tests.generate.test_utils.TestGetTruecolorCell", "code": "class TestGetTruecolorCell(unittest.TestCase): def test(self): self.assertEqual( get_truecolor_cell(0, 128, 255), u'\\u001b[38;2;0;128;255m#' )"}
{"name": "gif-for-cli.tests.generate.test_utils.TestGetAvgForEm", "code": "class TestGetAvgForEm(unittest.TestCase): def setUp(self): self.im = Image.new('RGB', (100, 100,)) self.px = self.im.load() self.black = [0, 0, 0,] self.white = [255, 255, 255,] self.gray = [128, 128, 128,]  def assertColor(self, out, color): self.assertEqual(out, color)  for v in out: self.assertEqual(type(v), int)  def test_default_black_block(self): out = get_avg_for_em(self.px, 0, 0, 2, 2)  self.assertColor(out, self.black)  out = get_avg_for_em(self.px, 2, 0, 2, 2)  self.assertColor(out, self.black)  out = get_avg_for_em(self.px, 0, 2, 2, 2)  self.assertColor(out, self.black)  out = get_avg_for_em(self.px, 2, 2, 2, 2)  self.assertColor(out, self.black)  def test_white_block(self): self.im.putpixel((0, 0,), tuple(self.white)) self.im.putpixel((1, 0,), tuple(self.white)) self.im.putpixel((0, 1,), tuple(self.white)) self.im.putpixel((1, 1,), tuple(self.white))  out = get_avg_for_em(self.px, 0, 0, 2, 2)  self.assertColor(out, self.white)  out = get_avg_for_em(self.px, 2, 0, 2, 2)  self.assertColor(out, self.black)  out = get_avg_for_em(self.px, 0, 2, 2, 2)  self.assertColor(out, self.black)  out = get_avg_for_em(self.px, 2, 2, 2, 2)  self.assertColor(out, self.black)  def test_gray_block(self): self.im.putpixel((0, 0,), tuple(self.white)) self.im.putpixel((0, 1,), tuple(self.white))  out = get_avg_for_em(self.px, 0, 0, 2, 2)  self.assertColor(out, self.gray)  out = get_avg_for_em(self.px, 2, 0, 2, 2)  self.assertColor(out, self.black)  out = get_avg_for_em(self.px, 0, 2, 2, 2)  self.assertColor(out, self.black)  out = get_avg_for_em(self.px, 2, 2, 2, 2)  self.assertColor(out, self.black)  def test_separate_color_channels(self): color1 = (0, 128, 255,) color2 = (255, 128, 0,)  self.im.putpixel((0, 0,), color1) self.im.putpixel((1, 0,), color1) self.im.putpixel((0, 1,), color1) self.im.putpixel((1, 1,), color1)  self.im.putpixel((2, 0,), color1) self.im.putpixel((3, 0,), color1) self.im.putpixel((2, 1,), color2) self.im.putpixel((3, 1,), color2)  out = get_avg_for_em(self.px, 0, 0, 2, 2)  self.assertColor(out, list(color1))  out = get_avg_for_em(self.px, 2, 0, 2, 2)  self.assertColor(out, self.gray)  out = get_avg_for_em(self.px, 0, 2, 2, 2)  self.assertColor(out, self.black)  out = get_avg_for_em(self.px, 2, 2, 2, 2)  self.assertColor(out, self.black)"}
{"name": "gif-for-cli.tests.generate.test_utils.TestProcessInputSource", "code": "class TestProcessInputSource(unittest.TestCase): def set_mock_response(self, mock_requests, data, side_effect=False): mock_response = Mock() if side_effect: mock_response.json.side_effect = data else: mock_response.json.return_value = data mock_requests.get.return_value = mock_response  def test_file(self, mock_requests, mock_exists): mock_exists.return_value = True  input_source = 'foo.gif'  processed_input_source = process_input_source(input_source, api_key)  self.assertEqual(processed_input_source, input_source) self.assertEqual(mock_exists.call_count, 1) self.assertEqual(mock_requests.get.call_count, 0)  def test_http_url(self, mock_requests, mock_exists): mock_exists.return_value = False  input_source = 'http://example.com/foo.gif'  processed_input_source = process_input_source(input_source, api_key)  self.assertEqual(processed_input_source, input_source) self.assertEqual(mock_exists.call_count, 1) self.assertEqual(mock_requests.get.call_count, 0)  def test_https_url(self, mock_requests, mock_exists): mock_exists.return_value = False  input_source = 'https://example.com/foo.gif'  processed_input_source = process_input_source(input_source, api_key)  self.assertEqual(processed_input_source, input_source) self.assertEqual(mock_exists.call_count, 1) self.assertEqual(mock_requests.get.call_count, 0)  def test_tenor_trending(self, mock_requests, mock_exists): mock_exists.return_value = False  self.set_mock_response(mock_requests, gif_response)  input_source = ''  processed_input_source = process_input_source(input_source, api_key)  mpr_url = gif_response['results'][0]['media'][0]['mp4']['url'] self.assertEqual(processed_input_source, mpr_url) self.assertEqual(mock_exists.call_count, 1) self.assertEqual(mock_requests.get.call_count, 1)  def test_tenor_search(self, mock_requests, mock_exists): mock_exists.return_value = False  self.set_mock_response(mock_requests, gif_response)  input_source = 'happy birthday'  processed_input_source = process_input_source(input_source, api_key)  mpr_url = gif_response['results'][0]['media'][0]['mp4']['url'] self.assertEqual(processed_input_source, mpr_url) self.assertEqual(mock_exists.call_count, 1) self.assertEqual(mock_requests.get.call_count, 1)  def test_tenor_search_empty_results(self, mock_requests, mock_exists): mock_exists.return_value = False  self.set_mock_response(mock_requests, empty_gif_response)  input_source = 'happy birthday'  with self.assertRaises(Exception) as cm: process_input_source(input_source, api_key)  self.assertEqual(cm.exception.args[0], 'Could not find GIF.') self.assertEqual(mock_exists.call_count, 1) self.assertEqual(mock_requests.get.call_count, 1)  def test_tenor_gif_id(self, mock_requests, mock_exists): mock_exists.return_value = False  self.set_mock_response(mock_requests, gif_response)  input_source = '11313704'  processed_input_source = process_input_source(input_source, api_key)  mpr_url = gif_response['results'][0]['media'][0]['mp4']['url'] self.assertEqual(processed_input_source, mpr_url) self.assertEqual(mock_exists.call_count, 1) self.assertEqual(mock_requests.get.call_count, 1)  def test_tenor_gif_id_error_occurred(self, mock_requests, mock_exists): mock_exists.return_value = False  self.set_mock_response(mock_requests, {'error': 'some error'})  input_source = '11313704'  with self.assertRaises(Exception) as cm: process_input_source(input_source, api_key)  self.assertEqual(cm.exception.args[0], 'An error occurred: some error') self.assertEqual(mock_exists.call_count, 1) self.assertEqual(mock_requests.get.call_count, 1)  def test_tenor_gif_id_empty_json(self, mock_requests, mock_exists): mock_exists.return_value = False  self.set_mock_response(mock_requests, {})  input_source = '11313704'  with self.assertRaises(Exception) as cm: process_input_source(input_source, api_key)  self.assertEqual(cm.exception.args[0], 'Could not find GIF.') self.assertEqual(mock_exists.call_count, 1) self.assertEqual(mock_requests.get.call_count, 1)  def test_tenor_gif_id_exception_when_getting_json(self, mock_requests, mock_exists): mock_exists.return_value = False  self.set_mock_response(mock_requests, Exception('some error'), side_effect=True)  input_source = '11313704'  with self.assertRaises(Exception) as cm: process_input_source(input_source, api_key)  self.assertEqual(cm.exception.args[0], 'some error') self.assertEqual(mock_exists.call_count, 1) self.assertEqual(mock_requests.get.call_count, 1)  def test_tenor_gif_id_json_decode_error(self, mock_requests, mock_exists): mock_exists.return_value = False  self.set_mock_response(mock_requests, lambda *args: json.loads('<'), side_effect=True)  input_source = '11313704'  with self.assertRaises(Exception) as cm: process_input_source(input_source, api_key)  self.assertEqual(cm.exception.args[0], 'A server error occurred.') self.assertEqual(mock_exists.call_count, 1) self.assertEqual(mock_requests.get.call_count, 1)  def test_tenor_gif_url(self, mock_requests, mock_exists): mock_exists.return_value = False  self.set_mock_response(mock_requests, gif_response)  input_source = 'https://tenor.com/view/the-matrix-gif-5437241'  processed_input_source = process_input_source(input_source, api_key)  mpr_url = gif_response['results'][0]['media'][0]['mp4']['url'] self.assertEqual(processed_input_source, mpr_url) self.assertEqual(mock_exists.call_count, 1) self.assertEqual(mock_requests.get.call_count, 1)  def test_tenor_broken_gif_url(self, mock_requests, mock_exists): mock_exists.return_value = False  self.set_mock_response(mock_requests, gif_response)  input_source = 'https://tenor.com/view/the-matrix-gif'  with self.assertRaises(Exception) as cm: process_input_source(input_source, api_key)  self.assertEqual(cm.exception.args[0], 'Bad GIF URL.') self.assertEqual(mock_exists.call_count, 0) self.assertEqual(mock_requests.get.call_count, 0)"}
{"name": "gif-for-cli.tests.generate.test.TestSaveConfig", "code": "class TestSaveConfig(unittest.TestCase): def test(self, mocked_open): num_frames = 10 seconds = 1.5 options = { 'input_source': 'happy birthday', 'input_source_file': 'foo.jpg', 'cols': 160, 'cell_width': 3, 'cell_height': 6, 'output_dirnames': {'.': 'foo'}, }  f = io.StringIO() # we need close() to noop so we can verify the value later f.close = lambda *args, **kwargs: None mocked_open.return_value = f  _save_config(num_frames, seconds, **options)  content = json.loads(f.getvalue())  self.assertNotIn('output_dirnames', content) self.assertEqual(content, { 'input_source': options['input_source'], 'input_source_file': options['input_source_file'], 'cols': options['cols'], 'cell_width': options['cell_width'], 'cell_height': options['cell_height'], 'num_frames': num_frames, 'seconds': seconds, })"}
{"name": "gif-for-cli.tests.generate.test.TestRunFfmpeg", "code": "class TestRunFfmpeg(unittest.TestCase): def test(self, mock_Popen): out = b'' err = b\"\"\"Output #0, image2, to '/home/foo/.cache/gif-for-cli/0.0.0/2094cb18c10ddb47dbe239ddbd702cc0-160cols-cw3px-ch6px/jpg/%04d.jpg': Metadata: major_brand     : isom minor_version   : 512 compatible_brands: isomiso2avc1mp41 encoder         : Lavf57.83.100 Stream #0:0(und): Video: mjpeg, yuvj420p(pc), 480x257, q=2-31, 200 kb/s, 10 fps, 10 tbn, 10 tbc (default) Metadata: handler_name    : VideoHandler encoder         : Lavc57.107.100 mjpeg Side data: cpb: bitrate max/min/avg: 0/0/200000 buffer size: 0 vbv_delay: -1 frame=   11 fps=0.0 q=20.2 Lsize=N/A time=00:00:01.10 bitrate=N/A speed=3.21x video:258kB audio:0kB subtitle:0kB other streams:0kB global headers:0kB muxing overhead: unknown\"\"\"  # noqa: E501  mock_process = Mock() mock_process.returncode = 0 mock_process.communicate.return_value = (out, err,) mock_Popen.return_value = mock_process  options = { 'input_source_file': 'foo.gif', 'output_dirnames': {'jpg': 'foo/jpg'}, 'cols': 160, 'rows': 160, 'cell_width': 3, 'cell_height': 6, 'ignoreme': None, }  num_frames, seconds = _run_ffmpeg(**options)  self.assertEqual(num_frames, 11) self.assertEqual(seconds, 1.1)"}
{"name": "gif-for-cli.tests.generate.test.TestConvertFrame", "code": "class TestConvertFrame(unittest.TestCase): def test(self, mock_Image): im = Image.new('RGB', (100, 100,)) # this exercises some code branches that handle multiple colors for i in range(0, 10): im.putpixel((i, 0,), (255, 255, 5 * i,))  mock_Image.open.return_value = im  frame_name = '0001' options = { 'cell_height': 6, 'cell_width': 3, 'output_dirnames': { 'jpg': 'foo/jpg', 'nocolor': 'foo/nocolor', '256': 'foo/256', '256fgbg': 'foo/256fgbg', 'truecolor': 'foo/truecolor', }, }  with patch('gif_for_cli.generate.open') as mocked_open: convert_frame(frame_name, **options)  self.assertEqual(mock_Image.open.call_count, 1) self.assertEqual(mocked_open.call_count, 4)"}
{"name": "gif-for-cli.tests.generate.test.TestConvertFrames", "code": "class TestConvertFrames(unittest.TestCase): def test_1_cpu(self, mock_Pool, mock_convert_frame, mock_get_sorted_filenames): mock_get_sorted_filenames.return_value = ['0001.jpg', '0002.jpg']  options = { 'cpu_pool_size': 1, 'stdout': io.StringIO(), 'output_dirnames': { 'jpg': 'foo/jpg', }, }  _convert_frames(**options)  self.assertEqual(mock_get_sorted_filenames.call_count, 1) self.assertEqual(mock_convert_frame.call_count, 2) self.assertEqual(mock_Pool.call_count, 0)  output = options['stdout'].getvalue()  self.assertEqual(output[-1], '\\n')  output = output[:-1].split(u'\\u001b[2K\\u001b[1000D')  self.assertEqual(output, [ 'Processed 0/2 frames...', 'Processed 1/2 frames...', 'Processed 2/2 frames...', ])  def test_2_cpus(self, mock_Pool, mock_convert_frame, mock_get_sorted_filenames): mock_get_sorted_filenames.return_value = ['0001.jpg', '0002.jpg'] mock_pool = MagicMock() mock_pool.__enter__.return_value = mock_pool  def mock_result(f, args, kwargs): m = Mock() m.get.return_value = f(*args, **kwargs) return m mock_pool.apply_async = mock_result mock_Pool.return_value = mock_pool  options = { 'cpu_pool_size': 2, 'stdout': io.StringIO(), 'output_dirnames': { 'jpg': 'foo/jpg', }, }  _convert_frames(**options)  self.assertEqual(mock_get_sorted_filenames.call_count, 1) self.assertEqual(mock_convert_frame.call_count, 2) self.assertEqual(mock_Pool.call_count, 1)  output = options['stdout'].getvalue()  self.assertEqual(output[-1], '\\n')  output = output[:-1].split(u'\\u001b[2K\\u001b[1000D')  self.assertEqual(output, [ 'Processed 0/2 frames...', 'Processed 1/2 frames...', 'Processed 2/2 frames...', ])"}
{"name": "gif-for-cli.tests.generate.test.TestGenerate", "code": "class TestGenerate(unittest.TestCase): def test(self, mock_convert_frames, mock_save_config, mock_run_ffmpeg): mock_run_ffmpeg.return_value = (11, 1.1,)  options = {}  generate(**options)  self.assertEqual(mock_convert_frames.call_count, 1) self.assertEqual(mock_save_config.call_count, 1) self.assertEqual(mock_save_config.call_args[0][0], 11) self.assertEqual(mock_save_config.call_args[0][1], 1.1) self.assertEqual(mock_run_ffmpeg.call_count, 1)"}
{"name": "gif-for-cli.tests.test_utils.TestGetDefaultDisplayMode", "code": "class TestGetDefaultDisplayMode(unittest.TestCase): def test_empty_env(self): self.assertEqual(_get_default_display_mode({}), 'nocolor')  def test_256(self): self.assertEqual(_get_default_display_mode({ 'TERM': 'xterm-256color', }), '256fgbg')  def test_truecolor(self): self.assertEqual(_get_default_display_mode({ 'TERM': 'xterm-256color', 'COLORTERM': 'truecolor', }), 'truecolor')"}
{"name": "gif-for-cli.tests.test_utils.TestLogFrameProgress", "code": "class TestLogFrameProgress(unittest.TestCase): def test(self): total = 5 results = range(0, total) stdout = io.StringIO()  _log_frame_progress(total, results, stdout)  output = stdout.getvalue()  self.assertEqual(output[-1], '\\n')  output = output[:-1].split(u'\\u001b[2K\\u001b[1000D')  self.assertEqual(output, [ 'Processed 0/5 frames...', 'Processed 1/5 frames...', 'Processed 2/5 frames...', 'Processed 3/5 frames...', 'Processed 4/5 frames...', 'Processed 5/5 frames...', ])"}
{"name": "gif-for-cli.tests.test_utils.TestPoolType", "code": "class TestPoolType(unittest.TestCase): def test_none(self): self.assertIsNone(_pool_type(None))  def test_int_string(self): self.assertEqual(_pool_type('2'), 2)  def test_int_string_0(self): with self.assertRaises(argparse.ArgumentTypeError): _pool_type('0')"}
{"name": "gif-for-cli.tests.test_utils.TestGetParser", "code": "class TestGetParser(unittest.TestCase): def test(self): parser = get_parser({})  self.assertIsNotNone(parser)"}
{"name": "gif-for-cli.tests.test_utils.TestGetOutputDirnames", "code": "class TestGetOutputDirnames(unittest.TestCase): def test(self): output_dirnames = get_output_dirnames( '/home/foo', '0.0.0', '2094cb18c10ddb47dbe239ddbd702cc0', 160, 140, 3, 6 )  dirname = '/home/foo/.cache/gif-for-cli/0.0.0/2094cb18c10ddb47dbe239ddbd702cc0-160cols-140rows-cw3px-ch6px'  # noqa: E501  self.assertEqual(output_dirnames['.'], dirname) self.assertEqual(output_dirnames['jpg'], dirname + '/jpg') self.assertEqual(output_dirnames['nocolor'], dirname + '/nocolor') self.assertEqual(output_dirnames['256'], dirname + '/256') self.assertEqual(output_dirnames['truecolor'], dirname + '/truecolor')"}
{"name": "gif-for-cli.tests.test_utils.TestGetSortedFilenames", "code": "class TestGetSortedFilenames(unittest.TestCase): def test(self, mock_scandir): display_dirname = 'some-dir'  def mock_entry(name, is_file): m = Mock() m.name = name m.is_file.return_value = is_file return m  mock_scandir.return_value = [ mock_entry('.', False), mock_entry('..', False), mock_entry('sike.txt', False), mock_entry('.DS_Store', True), mock_entry('0001.txt', True), mock_entry('0002.txt', True), ]  sorted_filenames = get_sorted_filenames(display_dirname, 'txt')  self.assertEqual(mock_scandir.call_count, 1) self.assertEqual(mock_scandir.call_args[0][0], display_dirname) self.assertEqual(list(sorted_filenames), [ '0001.txt', '0002.txt', ])"}
{"name": "gif-for-cli.tests.test_export.TestExportTxtFrame", "code": "class TestExportTxtFrame(unittest.TestCase): def setUp(self): super(TestExportTxtFrame, self).setUp() self.rows = 40 self.cols = 160 self.actual_rows = 2 self.row_ratio = self.rows / self.actual_rows  def test_nocolor(self, mock_open, mock_Image): mock_im = Mock() mock_im_cropped = Mock() mock_im.crop.return_value = mock_im_cropped mock_Image.new.return_value = mock_im  txt_filename = '/home/foo/.cache/gif-for-cli/0.0.0/abcdef/nocolor/0001.txt' cell_char = STORED_CELL_CHAR  frame = '\\n'.join([u'#' * self.cols] * self.actual_rows) mock_open.return_value = io.StringIO(frame)  export_txt_frame(txt_filename, cell_char, self.rows, self.cols)  self.assertEqual(mock_Image.new.call_count, 1)  width = mock_Image.new.call_args[0][1][0] height = mock_Image.new.call_args[0][1][1]  self.assertEqual(mock_im.crop.call_count, 1) self.assertEqual(mock_im.crop.call_args[0][0][2], width) self.assertEqual(mock_im.crop.call_args[0][0][3], height / self.row_ratio) self.assertEqual(mock_im.save.call_count, 0) self.assertEqual(mock_im_cropped.save.call_count, 1)  def test_256(self, mock_open, mock_Image): mock_im = Mock() mock_im_cropped = Mock() mock_im.crop.return_value = mock_im_cropped mock_Image.new.return_value = mock_im  txt_filename = '/home/foo/.cache/gif-for-cli/0.0.0/abcdef/256/0001.txt' cell_char = '$'  frame = '\\n'.join([u'\\u001b[38;5;1m#' * self.cols] * self.actual_rows) mock_open.return_value = io.StringIO(frame)  export_txt_frame(txt_filename, cell_char, self.rows, self.cols)  self.assertEqual(mock_Image.new.call_count, 1)  width = mock_Image.new.call_args[0][1][0] height = mock_Image.new.call_args[0][1][1]  self.assertEqual(mock_im.crop.call_count, 1) self.assertEqual(mock_im.crop.call_args[0][0][2], width) self.assertEqual(mock_im.crop.call_args[0][0][3], height / self.row_ratio) self.assertEqual(mock_im.save.call_count, 0) self.assertEqual(mock_im_cropped.save.call_count, 1)  def test_256fgbg(self, mock_open, mock_Image): mock_im = Mock() mock_im_cropped = Mock() mock_im.crop.return_value = mock_im_cropped mock_Image.new.return_value = mock_im  txt_filename = '/home/foo/.cache/gif-for-cli/0.0.0/abcdef/256fgbg/0001.txt' cell_char = '$'  frame = '\\n{}'.format(ANSI_RESET).join( [u'\\u001b[48;5;10m\\u001b[38;5;1m#' * self.cols] * self.actual_rows ) mock_open.return_value = io.StringIO(frame)  export_txt_frame(txt_filename, cell_char, self.rows, self.cols)  self.assertEqual(mock_Image.new.call_count, 1)  width = mock_Image.new.call_args[0][1][0] height = mock_Image.new.call_args[0][1][1]  self.assertEqual(mock_im.crop.call_count, 1) self.assertEqual(mock_im.crop.call_args[0][0][2], width) self.assertEqual(mock_im.crop.call_args[0][0][3], height / self.row_ratio) self.assertEqual(mock_im.save.call_count, 0) self.assertEqual(mock_im_cropped.save.call_count, 1)  def test_truecolor(self, mock_open, mock_Image): mock_im = Mock() mock_im_cropped = Mock() mock_im.crop.return_value = mock_im_cropped mock_Image.new.return_value = mock_im  txt_filename = '/home/foo/.cache/gif-for-cli/0.0.0/abcdef/truecolor/0001.txt' cell_char = '$'  frame = '\\n'.join([u'\\u001b[38;2;255;255;255m#' * self.cols] * self.actual_rows) mock_open.return_value = io.StringIO(frame)  export_txt_frame(txt_filename, cell_char, self.rows, self.cols)  self.assertEqual(mock_Image.new.call_count, 1)  width = mock_Image.new.call_args[0][1][0] height = mock_Image.new.call_args[0][1][1]  self.assertEqual(mock_im.crop.call_count, 1) self.assertEqual(mock_im.crop.call_args[0][0][2], width) self.assertEqual(mock_im.crop.call_args[0][0][3], height / self.row_ratio) self.assertEqual(mock_im.save.call_count, 0) self.assertEqual(mock_im_cropped.save.call_count, 1)"}
{"name": "gif-for-cli.tests.test_export.TestExportTxtFrames", "code": "class TestExportTxtFrames(unittest.TestCase): def setUp(self): super(TestExportTxtFrames, self).setUp() self.txt_frames = [ 'some-dir/000{}.txt'.format(i) for i in range(5) ]  def test(self, mock_pool_abstraction, mock_export_txt_frame): txt_frames = self.txt_frames cpu_pool_size = 1 stdout = io.StringIO()  _export_txt_frames(txt_frames, cpu_pool_size, stdout)  self.assertEqual(mock_pool_abstraction.call_count, 1) self.assertEqual(mock_pool_abstraction.call_args[0][0], mock_export_txt_frame) self.assertEqual(mock_pool_abstraction.call_args[0][1], txt_frames) self.assertEqual(mock_pool_abstraction.call_args[0][2], cpu_pool_size) self.assertEqual(mock_pool_abstraction.call_args[0][3], stdout)"}
{"name": "gif-for-cli.tests.test_export.TestGetTxtFrames", "code": "class TestGetTxtFrames(unittest.TestCase): def test(self, mock_get_sorted_filenames): display_dirname = 'some-dir'  mock_get_sorted_filenames.return_value = ['0001.txt', '0002.txt']  txt_frames = _get_txt_frames(display_dirname)  self.assertEqual(len(txt_frames), 2) self.assertEqual(txt_frames[0], 'some-dir/0001.txt') self.assertEqual(txt_frames[1], 'some-dir/0002.txt')  self.assertEqual(mock_get_sorted_filenames.call_count, 1) self.assertEqual(mock_get_sorted_filenames.call_args[0][0], display_dirname)"}
{"name": "gif-for-cli.tests.test_export.TestRunFfmpeg", "code": "class TestRunFfmpeg(unittest.TestCase): def setUp(self): super(TestRunFfmpeg, self).setUp() self.options = { 'export_filename': 'foo.gif', 'display_dirname': 'some-dir', 'stdout': io.StringIO(), 'seconds_per_frame': 0.1, } self.out = b'' self.err = b\"\"\"Output #0, image2, to '/home/foo/.cache/gif-for-cli/0.0.0/2094cb18c10ddb47dbe239ddbd702cc0-160cols-cw3px-ch6px/jpg/%04d.jpg': Metadata: major_brand     : isom minor_version   : 512 compatible_brands: isomiso2avc1mp41 encoder         : Lavf57.83.100 Stream #0:0(und): Video: mjpeg, yuvj420p(pc), 480x257, q=2-31, 200 kb/s, 10 fps, 10 tbn, 10 tbc (default) Metadata: handler_name    : VideoHandler encoder         : Lavc57.107.100 mjpeg Side data: cpb: bitrate max/min/avg: 0/0/200000 buffer size: 0 vbv_delay: -1 frame=   11 fps=0.0 q=20.2 Lsize=N/A time=00:00:01.10 bitrate=N/A speed=3.21x video:258kB audio:0kB subtitle:0kB other streams:0kB global headers:0kB muxing overhead: unknown\"\"\"  # noqa: E501  def test_ffmpeg_success(self, mock_Popen): mock_process = Mock() mock_process.returncode = 0 mock_process.communicate.return_value = (self.out, self.err,) mock_Popen.return_value = mock_process  _run_ffmpeg(**self.options)  self.assertEqual( self.options['stdout'].getvalue(), 'Exported to:\\n{cwd}/{export_filename}\\n'.format(cwd=os.getcwd(), **self.options), )  def test_ffmpeg_success_abs_filepath(self, mock_Popen): mock_process = Mock() mock_process.returncode = 0 mock_process.communicate.return_value = (self.out, self.err,) mock_Popen.return_value = mock_process  self.options['export_filename'] = '/tmp/foo.gif'  _run_ffmpeg(**self.options)  self.assertEqual( self.options['stdout'].getvalue(), 'Exported to:\\n{export_filename}\\n'.format(**self.options), )  def test_ffmpeg_failure(self, mock_Popen): mock_process = Mock() mock_process.returncode = 1 mock_process.communicate.return_value = (self.out, self.err,) mock_Popen.return_value = mock_process  _run_ffmpeg(**self.options)  self.assertEqual( self.options['stdout'].getvalue(), 'ffmpeg encountered an error: {}\\n'.format(self.err), )"}
{"name": "gif-for-cli.tests.test_export.TestExport", "code": "class TestExport(unittest.TestCase): def test(self, mock_run_ffmpeg, mock_export_txt_frames, mock_get_txt_frames): export_filename = 'foo.gif' display_dirname = 'some-dir' stdout = io.StringIO() seconds_per_frame = 0.1 cpu_pool_size = 2 output_dirnames = { 'jpg': 'foo/jpg', }  mock_get_txt_frames.return_value = ['some-dir/0001.txt']  export( export_filename, display_dirname, stdout, seconds_per_frame, cpu_pool_size, output_dirnames, )  self.assertEqual(mock_get_txt_frames.call_count, 1) self.assertEqual(mock_get_txt_frames.call_args[0][0], display_dirname)  self.assertEqual(mock_export_txt_frames.call_count, 1) self.assertEqual(mock_export_txt_frames.call_args[0][0], mock_get_txt_frames.return_value) self.assertEqual(mock_export_txt_frames.call_args[0][1], cpu_pool_size) self.assertEqual(mock_export_txt_frames.call_args[0][2], stdout)  self.assertEqual(mock_run_ffmpeg.call_count, 1) self.assertEqual(mock_run_ffmpeg.call_args[0][0], export_filename) self.assertEqual(mock_run_ffmpeg.call_args[0][1], display_dirname) self.assertEqual(mock_run_ffmpeg.call_args[0][2], stdout) self.assertEqual(mock_run_ffmpeg.call_args[0][3], seconds_per_frame)"}
