{"name": "happybase.aiohappybase.pool.ConnectionPool.__init__", "code": "def __init__(self, size: int, **kwargs): if not isinstance(size, int): raise TypeError(\"Pool 'size' arg must be an integer\")  if not size > 0: raise ValueError(\"Pool 'size' arg must be greater than zero\")  logger.debug(f\"Initializing connection pool with {size} connections\")  self._queue = aio.LifoQueue(maxsize=size) self._task_connections = {}  kwargs['autoconnect'] = False  for i in range(size): self._queue.put_nowait(Connection(**kwargs))"}
{"name": "happybase.aiohappybase.pool.ConnectionPool.close", "code": "async def close(self): \"\"\"Clean up all pool connections and delete the queue.\"\"\" while True: try: await self._queue.get_nowait().close() except aio.QueueEmpty: break del self._queue"}
{"name": "happybase.aiohappybase.pool.ConnectionPool._acquire_connection", "code": "async def _acquire_connection(self, timeout: Real = None) -> Connection: \"\"\"Acquire a connection from the pool.\"\"\" try: return await aio.wait_for(self._queue.get(), timeout) except aio.TimeoutError: raise NoConnectionsAvailable(\"Timeout waiting for a connection\")"}
{"name": "happybase.aiohappybase.pool.ConnectionPool._return_connection", "code": "async def _return_connection(self, connection: Connection) -> None: \"\"\"Return a connection to the pool.\"\"\" await self._queue.put(connection)"}
{"name": "happybase.aiohappybase.pool.ConnectionPool.connection", "code": "async def connection(self, timeout: Real = None) -> Connection: \"\"\" Obtain a connection from the pool.  This method *must* be used as a context manager, i.e. with Python's ``with`` block. Example::  async with pool.connection() as connection: pass  # do something with the connection  If `timeout` is specified, this is the number of seconds to wait for a connection to become available before :py:exc:`NoConnectionsAvailable` is raised. If omitted, this method waits forever for a connection to become available.  :param timeout: number of seconds to wait (optional) :return: active connection from the pool :rtype: :py:class:`happybase.Connection` \"\"\" task_id = id(current_task()) connection = self._task_connections.get(task_id)  return_after_use = False if connection is None: # This is the outermost connection requests for this task. # Obtain a new connection from the pool and keep a reference # by the task id so that nested calls get the same connection return_after_use = True connection = await self._acquire_connection(timeout) self._task_connections[task_id] = connection  try: # Open connection, because connections are opened lazily. # This is a no-op for connections that are already open. await connection.open()  # Return value from the context manager's __enter__() yield connection  except (TException, socket.error): # Refresh the underlying Thrift client if an exception # occurred in the Thrift layer, since we don't know whether # the connection is still usable. logger.info(\"Replacing tainted pool connection\") connection._refresh_thrift_client() await connection.open()  # Reraise to caller; see contextlib.contextmanager() docs raise  finally: # Remove thread local reference after the outermost 'with' # block ends. Afterwards the thread no longer owns the # connection. if return_after_use: del self._task_connections[task_id] await self._return_connection(connection)"}
{"name": "happybase.aiohappybase.pool.ConnectionPool.__aenter__", "code": "async def __aenter__(self) -> 'ConnectionPool': return self"}
{"name": "happybase.aiohappybase.pool.ConnectionPool.__aexit__", "code": "async def __aexit__(self, *_exc) -> None: await self.close()"}
{"name": "happybase.aiohappybase.pool.ConnectionPool.__enter__", "code": "def __enter__(self) -> 'ConnectionPool': if aio.get_event_loop().is_running(): raise RuntimeError(\"Use async with inside a running event loop!\") return self"}
{"name": "happybase.aiohappybase.pool.ConnectionPool.__exit__", "code": "def __exit__(self, *_exc) -> None: aio.get_event_loop().run_until_complete(self.close())"}
{"name": "happybase.aiohappybase.pool.ConnectionPool.__del__", "code": "def __del__(self) -> None: if hasattr(self, '_queue'): logger.warning(f\"{self} was not closed!\")"}
{"name": "happybase.aiohappybase.table.make_row", "code": "def make_row(row: TRowResult, include_timestamp: bool) -> Row: \"\"\"Make a row dict for a given row result.\"\"\" if row.sortedColumns is not None: cell_map = {c.columnName: c.cell for c in row.sortedColumns} elif row.columns is not None: cell_map = row.columns else: raise RuntimeError(\"Neither columns nor sortedColumns is available!\") return { name: (cell.value, cell.timestamp) if include_timestamp else cell.value for name, cell in cell_map.items() }"}
{"name": "happybase.aiohappybase.table.Table.__init__", "code": "def __init__(self, name: bytes, connection: 'Connection'): self.name = name self.connection = connection"}
{"name": "happybase.aiohappybase.table.Table.client", "code": "def client(self): return self.connection.client"}
{"name": "happybase.aiohappybase.table.Table.__repr__", "code": "def __repr__(self): return f'<{__name__}.{self.__class__.__name__} name={self.name!r}>'"}
{"name": "happybase.aiohappybase.table.Table.families", "code": "async def families(self) -> Dict[bytes, Dict[bytes, Any]]: \"\"\" Retrieve the column families for this table.  :return: Mapping from column family name to settings dict \"\"\" descriptors = await self._column_family_descriptors() return map_dict(descriptors, values=thrift_type_to_dict)"}
{"name": "happybase.aiohappybase.table.Table._column_family_names", "code": "async def _column_family_names(self) -> List[bytes]: \"\"\"Retrieve the column family names for this table\"\"\" return list(await self._column_family_descriptors())"}
{"name": "happybase.aiohappybase.table.Table._column_family_descriptors", "code": "async def _column_family_descriptors(self) -> Dict[bytes, Any]: \"\"\"Retrieve the column family descriptors for this table\"\"\" descriptors = await self.client.getColumnDescriptors(self.name) return map_dict(descriptors, keys=lambda k: k.rstrip(b':'))"}
{"name": "happybase.aiohappybase.table.Table.regions", "code": "async def regions(self) -> List[Dict[bytes, Any]]: \"\"\" Retrieve the regions for this table.  :return: regions for this table \"\"\" regions = await self.client.getTableRegions(self.name) return [thrift_type_to_dict(r) for r in regions]"}
{"name": "happybase.aiohappybase.table.Table.row", "code": "async def row(self, row: bytes, columns: Iterable[bytes] = None, timestamp: int = None, include_timestamp: bool = False) -> Row: \"\"\" Retrieve a single row of data.  This method retrieves the row with the row key specified in the `row` argument and returns the columns and values for this row as a dictionary.  The `row` argument is the row key of the row. If the `columns` argument is specified, only the values for these columns will be returned instead of all available columns. The `columns` argument should be a list or tuple containing byte strings. Each name can be a column family, such as ``b'cf1'`` or ``b'cf1:'`` (the trailing colon is not required), or a column family with a qualifier, such as ``b'cf1:col1'``.  If specified, the `timestamp` argument specifies the maximum version that results may have. The `include_timestamp` argument specifies whether cells are returned as single values or as `(value, timestamp)` tuples.  :param row: the row key :param columns: list of columns (optional) :param timestamp: timestamp (optional) :param include_timestamp: whether timestamps are returned  :return: Mapping of columns (both qualifier and family) to values \"\"\" if columns is not None and not isinstance(columns, (tuple, list)): raise TypeError(\"'columns' must be a tuple or list\")  if timestamp is None: rows = await self.client.getRowWithColumns( self.name, row, columns, {}) else: if not isinstance(timestamp, Integral): raise TypeError(\"'timestamp' must be an integer\") rows = await self.client.getRowWithColumnsTs( self.name, row, columns, timestamp, {})  if not rows: return {}  return make_row(rows[0], include_timestamp)"}
{"name": "happybase.aiohappybase.table.Table.rows", "code": "async def rows(self, rows: List[bytes], columns: Iterable[bytes] = None, timestamp: int = None, include_timestamp: bool = False) -> List[Tuple[bytes, Row]]: \"\"\" Retrieve multiple rows of data.  This method retrieves the rows with the row keys specified in the `rows` argument, which should be should be a list (or tuple) of row keys. The return value is a list of `(row_key, row_dict)` tuples.  The `columns`, `timestamp` and `include_timestamp` arguments behave exactly the same as for :py:meth:`row`.  :param rows: list of row keys :param columns: list of columns (optional) :param timestamp: timestamp (optional) :param include_timestamp: whether timestamps are returned  :return: List of mappings (columns to values) \"\"\" if columns is not None and not isinstance(columns, (tuple, list)): raise TypeError(\"'columns' must be a tuple or list\")  if not rows: # Avoid round-trip if the result is empty anyway return []  if timestamp is None: results = await self.client.getRowsWithColumns( self.name, rows, columns, {}) else: if not isinstance(timestamp, Integral): raise TypeError(\"'timestamp' must be an integer\")  # Work-around a bug in the HBase Thrift server where the # timestamp is only applied if columns are specified, at # the cost of an extra round-trip. if columns is None: columns = await self._column_family_names()  results = await self.client.getRowsWithColumnsTs( self.name, rows, columns, timestamp, {})  return [(r.row, make_row(r, include_timestamp)) for r in results]"}
{"name": "happybase.aiohappybase.table.Table.cells", "code": "async def cells(self, row: bytes, column: bytes, versions: int = None, timestamp: int = None, include_timestamp: bool = False) -> List[Tuple[bytes, int]]: \"\"\" Retrieve multiple versions of a single cell from the table.  This method retrieves multiple versions of a cell (if any).  The `versions` argument defines how many cell versions to retrieve at most.  The `timestamp` and `include_timestamp` arguments behave exactly the same as for :py:meth:`row`.  :param row: the row key :param column: the column name :param versions: the maximum number of versions to retrieve :param timestamp: timestamp (optional) :param include_timestamp: whether timestamps are returned  :return: cell values \"\"\" if versions is None: versions = (2 ** 31) - 1  # Thrift type is i32 elif not isinstance(versions, int): raise TypeError(\"'versions' argument must be a number or None\") elif versions < 1: raise ValueError( \"'versions' argument must be at least 1 (or None)\")  if timestamp is None: cells = await self.client.getVer( self.name, row, column, versions, {}) else: if not isinstance(timestamp, Integral): raise TypeError(\"'timestamp' must be an integer\") cells = await self.client.getVerTs( self.name, row, column, timestamp, versions, {})  return [ (c.value, c.timestamp) if include_timestamp else c.value for c in cells ]"}
{"name": "happybase.aiohappybase.table.Table.scan", "code": "async def scan(self, row_start: bytes = None, row_stop: bytes = None, row_prefix: bytes = None, columns: Iterable[bytes] = None, filter: bytes = None,  # noqa timestamp: int = None, include_timestamp: bool = False, batch_size: int = 1000, scan_batching: int = None, limit: int = None, sorted_columns: bool = False, reverse: bool = False) -> AsyncGen[Tuple[bytes, Data], None]: \"\"\" Create a scanner for data in the table.  This method returns an iterable that can be used for looping over the matching rows. Scanners can be created in two ways:  * The `row_start` and `row_stop` arguments specify the row keys where the scanner should start and stop. It does not matter whether the table contains any rows with the specified keys: the first row after `row_start` will be the first result, and the last row before `row_stop` will be the last result. Note that the start of the range is inclusive, while the end is exclusive.  Both `row_start` and `row_stop` can be `None` to specify the start and the end of the table respectively. If both are omitted, a full table scan is done. Note that this usually results in severe performance problems.  * Alternatively, if `row_prefix` is specified, only rows with row keys matching the prefix will be returned. If given, `row_start` and `row_stop` cannot be used.  The `columns`, `timestamp` and `include_timestamp` arguments behave exactly the same as for :py:meth:`row`.  The `filter` argument may be a filter string that will be applied at the server by the region servers.  If `limit` is given, at most `limit` results will be returned.  The `batch_size` argument specifies how many results should be retrieved per batch when retrieving results from the scanner. Only set this to a low value (or even 1) if your data is large, since a low batch size results in added round-trips to the server.  The optional `scan_batching` is for advanced usage only; it translates to `Scan.setBatching()` at the Java side (inside the Thrift server). By setting this value rows may be split into partial rows, so result rows may be incomplete, and the number of results returned by the scanner may no longer correspond to the number of rows matched by the scan.  If `sorted_columns` is `True`, the columns in the rows returned by this scanner will be retrieved in sorted order, and the data will be stored in `OrderedDict` instances.  If `reverse` is `True`, the scanner will perform the scan in reverse. This means that `row_start` must be lexicographically after `row_stop`. Note that the start of the range is inclusive, while the end is exclusive just as in the forward scan.  **Compatibility notes:**  * The `filter` argument is only available when using HBase 0.92 (or up). In HBase 0.90 compatibility mode, specifying a `filter` raises an exception.  * The `sorted_columns` argument is only available when using HBase 0.96 (or up).  * The `reverse` argument is only available when using HBase 0.98 (or up).  .. versionadded:: 1.1.0 `reverse` argument  .. versionadded:: 0.8 `sorted_columns` argument  .. versionadded:: 0.8 `scan_batching` argument  :param row_start: the row key to start at (inclusive) :param row_stop: the row key to stop at (exclusive) :param row_prefix: a prefix of the row key that must match :param columns: list of columns (optional) :param filter: a filter string (optional) :param timestamp: timestamp (optional) :param include_timestamp: whether timestamps are returned :param batch_size: batch size for retrieving results :param scan_batching: server-side scan batching (optional) :param limit: max number of rows to return :param sorted_columns: whether to return sorted columns :param reverse: whether to perform scan in reverse  :return: generator yielding the rows matching the scan :rtype: iterable of `(row_key, row_data)` tuples \"\"\" if batch_size < 1: raise ValueError(\"'batch_size' must be >= 1\")  if limit is not None and limit < 1: raise ValueError(\"'limit' must be >= 1\")  if scan_batching is not None and scan_batching < 1: raise ValueError(\"'scan_batching' must be >= 1\")  if sorted_columns and self.connection.compat < '0.96': raise NotImplementedError(\"'sorted_columns' requires HBase >= 0.96\")  if reverse and self.connection.compat < '0.98': raise NotImplementedError(\"'reverse' requires HBase >= 0.98\")  if row_prefix is not None: if row_start is not None or row_stop is not None: raise TypeError( \"'row_prefix' cannot be combined with 'row_start' \" \"or 'row_stop'\")  if reverse: row_start = bytes_increment(row_prefix) row_stop = row_prefix else: row_start = row_prefix row_stop = bytes_increment(row_prefix)  if row_start is None: row_start = b''  if self.connection.compat == '0.90': # The scannerOpenWithScan() Thrift function is not # available, so work around it as much as possible with the # other scannerOpen*() Thrift functions  if filter is not None: raise NotImplementedError(\"'filter' requires HBase > 0.90\")  args = [self.name, row_start, columns] scan_func = 'scannerOpen'  if row_stop is not None: scan_func += 'WithStop' args.insert(2, row_stop)  if timestamp is not None: scan_func += 'Ts' args.append(timestamp)  scan_id = await getattr(self.client, scan_func)(*args, {})  else: # XXX: The \"batch_size\" can be slightly confusing to those # familiar with the HBase Java API: # # * TScan.caching (Thrift API) translates to #   Scan.setCaching() (Java API) # # * TScan.batchSize (Thrift API) translates to #   Scan.setBatching (Java API) . # # However, we set Scan.setCaching() to what is called # batch_size in the HappyBase API, so that the HTable on the # Java side (inside the Thrift server) retrieves rows from # the region servers in the same chunk sizes that it sends # out again to Python (over Thrift). This cannot be tweaked # (by design). # # The Scan.setBatching() value (Java API), which possibly # cuts rows into multiple partial rows, can be set using the # slightly strange name scan_batching. scan = TScan( startRow=row_start, stopRow=row_stop, timestamp=timestamp, columns=columns, caching=batch_size, filterString=filter, batchSize=scan_batching, sortColumns=sorted_columns, reversed=reverse, ) scan_id = await self.client.scannerOpenWithScan(self.name, scan, {})  logger.debug(f\"Opened scanner (id={scan_id}) on '{self.name}'\")  n_returned = n_fetched = 0 try: while True: if limit is None: how_many = batch_size else: how_many = min(batch_size, limit - n_returned)  items = await self.client.scannerGetList(scan_id, how_many)  if not items: return  # scan has finished  n_fetched += len(items)  for n_returned, item in enumerate(items, n_returned + 1): yield item.row, make_row(item, include_timestamp)  if limit is not None and n_returned == limit: return  # scan has finished finally: await self.client.scannerClose(scan_id) logger.debug( f\"Closed scanner (id={scan_id}) on '{self.name}' \" f\"({n_returned} returned, {n_fetched} fetched)\" )"}
{"name": "happybase.aiohappybase.table.Table.put", "code": "async def put(self, row: bytes, data: Data, timestamp: int = None, wal: bool = True) -> None: \"\"\" Store data in the table.  This method stores the data in the `data` argument for the row specified by `row`. The `data` argument is dictionary that maps columns to values. Column names must include a family and qualifier part, e.g. ``b'cf:col'``, though the qualifier part may be the empty string, e.g. ``b'cf:'``.  Note that, in many situations, :py:meth:`batch()` is a more appropriate method to manipulate data.  .. versionadded:: 0.7 `wal` argument  :param row: the row key :param data: the data to store :param timestamp: timestamp (optional) :param wal: whether to write to the WAL (optional) \"\"\" async with self.batch(timestamp=timestamp, wal=wal) as batch: await batch.put(row, data)"}
{"name": "happybase.aiohappybase.table.Table.delete", "code": "async def delete(self, row: bytes, columns: Iterable[bytes] = None, timestamp: int = None, wal: bool = True) -> None: \"\"\" Delete data from the table.  This method deletes all columns for the row specified by `row`, or only some columns if the `columns` argument is specified.  Note that, in many situations, :py:meth:`batch()` is a more appropriate method to manipulate data.  .. versionadded:: 0.7 `wal` argument  :param row: the row key :param columns: list of columns (optional) :param timestamp: timestamp (optional) :param wal: whether to write to the WAL (optional) \"\"\" async with self.batch(timestamp=timestamp, wal=wal) as batch: await batch.delete(row, columns)"}
{"name": "happybase.aiohappybase.table.Table.batch", "code": "def batch(self, timestamp: int = None, batch_size: int = None, transaction: bool = False, wal: bool = True) -> Batch: \"\"\" Create a new batch operation for this table.  This method returns a new :py:class:`Batch` instance that can be used for mass data manipulation. The `timestamp` argument applies to all puts and deletes on the batch.  If given, the `batch_size` argument specifies the maximum batch size after which the batch should send the mutations to the server. By default this is unbounded.  The `transaction` argument specifies whether the returned :py:class:`Batch` instance should act in a transaction-like manner when used as context manager in a ``with`` block of code. The `transaction` flag cannot be used in combination with `batch_size`.  The `wal` argument determines whether mutations should be written to the HBase Write Ahead Log (WAL). This flag can only be used with recent HBase versions. If specified, it provides a default for all the put and delete operations on this batch. This default value can be overridden for individual operations using the `wal` argument to :py:meth:`Batch.put` and :py:meth:`Batch.delete`.  .. versionadded:: 0.7 `wal` argument  :param transaction: whether this batch should behave like a transaction (only useful when used as a context manager) :param batch_size: batch size (optional) :param timestamp: timestamp (optional) :param wal: whether to write to the WAL (optional)  :return: Batch instance \"\"\" kwargs = locals().copy() del kwargs['self'] return Batch(table=self, **kwargs)"}
{"name": "happybase.aiohappybase.table.Table.counter_get", "code": "async def counter_get(self, row: bytes, column: bytes) -> int: \"\"\" Retrieve the current value of a counter column.  This method retrieves the current value of a counter column. If the counter column does not exist, this function initialises it to `0`.  Note that application code should *never* store a incremented or decremented counter value directly; use the atomic :py:meth:`Table.counter_inc` and :py:meth:`Table.counter_dec` methods for that.  :param row: the row key :param column: the column name  :return: counter value \"\"\" # Don't query directly, but increment with value=0 so that the counter # is correctly initialised if didn't exist yet. return await self.counter_inc(row, column, value=0)"}
{"name": "happybase.aiohappybase.table.Table.counter_set", "code": "async def counter_set(self, row: bytes, column: bytes, value: int = 0) -> None: \"\"\" Set a counter column to a specific value.  This method stores a 64-bit signed integer value in the specified column.  Note that application code should *never* store a incremented or decremented counter value directly; use the atomic :py:meth:`Table.counter_inc` and :py:meth:`Table.counter_dec` methods for that.  :param row: the row key :param column: the column name :param value: the counter value to set \"\"\" await self.put(row, {column: pack_i64(value)})"}
{"name": "happybase.aiohappybase.table.Table.counter_inc", "code": "async def counter_inc(self, row: bytes, column: bytes, value: int = 1) -> int: \"\"\" Atomically increment (or decrements) a counter column.  This method atomically increments or decrements a counter column in the row specified by `row`. The `value` argument specifies how much the counter should be incremented (for positive values) or decremented (for negative values). If the counter column did not exist, it is automatically initialised to 0 before incrementing it.  :param row: the row key :param column: the column name :param value: the amount to increment or decrement by (optional)  :return: counter value after incrementing \"\"\" return await self.client.atomicIncrement(self.name, row, column, value)"}
{"name": "happybase.aiohappybase.table.Table.counter_dec", "code": "async def counter_dec(self, row: bytes, column: bytes, value: int = 1) -> int: \"\"\" Atomically decrement (or increments) a counter column.  This method is a shortcut for calling :py:meth:`Table.counter_inc` with the value negated.  :return: counter value after decrementing \"\"\" return await self.counter_inc(row, column, -value)"}
{"name": "happybase.aiohappybase.connection.Connection.__init__", "code": "def __init__(self, host: str = DEFAULT_HOST, port: int = DEFAULT_PORT, timeout: int = None, autoconnect: bool = False, table_prefix: str = None, table_prefix_separator: bytes = b'_', compat: str = DEFAULT_COMPAT, transport: str = DEFAULT_TRANSPORT, protocol: str = DEFAULT_PROTOCOL):  if transport not in THRIFT_TRANSPORTS: raise ValueError(f\"'transport' not in {list(THRIFT_TRANSPORTS)}\")  if table_prefix is not None: if not isinstance(table_prefix, STRING_OR_BINARY): raise TypeError(\"'table_prefix' must be a string\") table_prefix = ensure_bytes(table_prefix)  if not isinstance(table_prefix_separator, STRING_OR_BINARY): raise TypeError(\"'table_prefix_separator' must be a string\") table_prefix_separator = ensure_bytes(table_prefix_separator)  if compat not in COMPAT_MODES: raise ValueError(f\"'compat' not in {list(COMPAT_MODES)}\")  if protocol not in THRIFT_PROTOCOLS: raise ValueError(f\"'protocol' not in {list(THRIFT_PROTOCOLS)}\")  # Allow host and port to be None, which may be easier for # applications wrapping a Connection instance. self.host = host or DEFAULT_HOST self.port = port or DEFAULT_PORT self.timeout = timeout self.table_prefix = table_prefix self.table_prefix_separator = table_prefix_separator self.compat = compat  self._transport_class = THRIFT_TRANSPORTS[transport] self._protocol_class = THRIFT_PROTOCOLS[protocol]  self._refresh_thrift_client()  if autoconnect: loop = aio.get_event_loop() if loop.is_running(): raise RuntimeError( \"'autoconnect' cannot be used inside a running event loop!\" ) else: loop.run_until_complete(self.open())  self._initialized = True"}
{"name": "happybase.aiohappybase.connection.Connection._refresh_thrift_client", "code": "def _refresh_thrift_client(self) -> None: \"\"\"Refresh the Thrift socket, transport, and client.\"\"\" # TODO: Support all kwargs to make_client socket = TAsyncSocket(self.host, self.port, socket_timeout=self.timeout) self.transport = self._transport_class(socket) protocol = self._protocol_class(self.transport, decode_response=False) self.client = TAsyncClient(Hbase, protocol)"}
{"name": "happybase.aiohappybase.connection.Connection._table_name", "code": "def _table_name(self, name: AnyStr) -> bytes: \"\"\"Construct a table name by optionally adding a table name prefix.\"\"\" name = ensure_bytes(name) if self.table_prefix is None: return name return self.table_prefix + self.table_prefix_separator + name"}
{"name": "happybase.aiohappybase.connection.Connection.open", "code": "async def open(self) -> None: \"\"\"Open the underlying transport to the HBase instance.  This method opens the underlying Thrift transport (TCP connection). \"\"\" if self.transport.is_open(): return  logger.debug(f\"Opening Thrift transport to {self.host}:{self.port}\") await self.transport.open()"}
{"name": "happybase.aiohappybase.connection.Connection.close", "code": "async def close(self) -> None: \"\"\" Close the underlying transport to the HBase instance.  This method closes the underlying Thrift transport (TCP connection). \"\"\" if not self.transport.is_open(): return  if logger is not None: # If called from __del__(), module variables may no longer exist. logger.debug(f\"Closing Thrift transport to {self.host}:{self.port}\")  closer = self.transport.close() if inspect.isawaitable(closer):  # Allow async close methods await closer # Socket isn't really closed yet, wait for it await aio.sleep(0)"}
{"name": "happybase.aiohappybase.connection.Connection.table", "code": "def table(self, name: AnyStr, use_prefix: bool = True) -> Table: \"\"\" Return a table object.  Returns a :py:class:`happybase.Table` instance for the table named `name`. This does not result in a round-trip to the server, and the table is not checked for existence.  The optional `use_prefix` argument specifies whether the table prefix (if any) is prepended to the specified `name`. Set this to `False` if you want to use a table that resides in another \u2018prefix namespace\u2019, e.g. a table from a \u2018friendly\u2019 application co-hosted on the same HBase instance. See the `table_prefix` argument to the :py:class:`Connection` constructor for more information.  :param name: the name of the table :param use_prefix: whether to use the table prefix (if any) :return: Table instance \"\"\" name = ensure_bytes(name) if use_prefix: name = self._table_name(name) return Table(name, self)"}
{"name": "happybase.aiohappybase.connection.Connection.tables", "code": "async def tables(self) -> List[bytes]: \"\"\" Return a list of table names available in this HBase instance.  If a `table_prefix` was set for this :py:class:`Connection`, only tables that have the specified prefix will be listed.  :return: The table names \"\"\" names = await self.client.getTableNames()  # Filter using prefix, and strip prefix from names if self.table_prefix is not None: prefix = self._table_name(b'') offset = len(prefix) names = [n[offset:] for n in names if n.startswith(prefix)]  return names"}
{"name": "happybase.aiohappybase.connection.Connection.create_table", "code": "async def create_table(self, name: AnyStr, families: Dict[str, Dict[str, Any]]) -> Table: \"\"\" Create a table.  :param name: The table name :param families: The name and options for each column family :return: The created table instance  The `families` argument is a dictionary mapping column family names to a dictionary containing the options for this column family, e.g.  ::  families = { 'cf1': dict(max_versions=10), 'cf2': dict(max_versions=1, block_cache_enabled=False), 'cf3': dict(),  # use defaults } connection.create_table('mytable', families)  These options correspond to the ColumnDescriptor structure in the Thrift API, but note that the names should be provided in Python style, not in camel case notation, e.g. `time_to_live`, not `timeToLive`. The following options are supported:  * ``max_versions`` (`int`) * ``compression`` (`str`) * ``in_memory`` (`bool`) * ``bloom_filter_type`` (`str`) * ``bloom_filter_vector_size`` (`int`) * ``bloom_filter_nb_hashes`` (`int`) * ``block_cache_enabled`` (`bool`) * ``time_to_live`` (`int`) \"\"\" name = self._table_name(name) if not isinstance(families, dict): raise TypeError(\"'families' arg must be a dictionary\")  if not families: raise ValueError(f\"No column families given for table: {name!r}\")  column_descriptors = [] for cf_name, options in families.items(): kwargs = { pep8_to_camel_case(option_name): value for option_name, value in (options or {}).items() }  if not cf_name.endswith(':'): cf_name += ':' kwargs['name'] = cf_name  column_descriptors.append(ColumnDescriptor(**kwargs))  await self.client.createTable(name, column_descriptors) return self.table(name, use_prefix=False)"}
{"name": "happybase.aiohappybase.connection.Connection.delete_table", "code": "async def delete_table(self, name: AnyStr, disable: bool = False) -> None: \"\"\" Delete the specified table.  .. versionadded:: 0.5 `disable` argument  In HBase, a table always needs to be disabled before it can be deleted. If the `disable` argument is `True`, this method first disables the table if it wasn't already and then deletes it.  :param name: The table name :param disable: Whether to first disable the table if needed \"\"\" if disable and await self.is_table_enabled(name): await self.disable_table(name)  name = self._table_name(name) await self.client.deleteTable(name)"}
{"name": "happybase.aiohappybase.connection.Connection.enable_table", "code": "async def enable_table(self, name: AnyStr) -> None: \"\"\" Enable the specified table.  :param name: The table name \"\"\" name = self._table_name(name) await self.client.enableTable(name)"}
{"name": "happybase.aiohappybase.connection.Connection.disable_table", "code": "async def disable_table(self, name: AnyStr) -> None: \"\"\" Disable the specified table.  :param name: The table name \"\"\" name = self._table_name(name) await self.client.disableTable(name)"}
{"name": "happybase.aiohappybase.connection.Connection.is_table_enabled", "code": "async def is_table_enabled(self, name: AnyStr) -> None: \"\"\" Return whether the specified table is enabled.  :param str name: The table name  :return: whether the table is enabled :rtype: bool \"\"\" name = self._table_name(name) return await self.client.isTableEnabled(name)"}
{"name": "happybase.aiohappybase.connection.Connection.compact_table", "code": "async def compact_table(self, name: AnyStr, major: bool = False) -> None: \"\"\"Compact the specified table.  :param str name: The table name :param bool major: Whether to perform a major compaction. \"\"\" name = self._table_name(name) if major: await self.client.majorCompact(name) else: await self.client.compact(name)"}
{"name": "happybase.aiohappybase.connection.Connection.__aenter__", "code": "async def __aenter__(self) -> 'Connection': await self.open() return self"}
{"name": "happybase.aiohappybase.connection.Connection.__aexit__", "code": "async def __aexit__(self, *_exc) -> None: await self.close()"}
{"name": "happybase.aiohappybase.connection.Connection.__enter__", "code": "def __enter__(self) -> 'Connection': try: aio.get_event_loop().run_until_complete(self.open()) except RuntimeError: raise RuntimeError(\"Use async with inside a running event loop!\") return self"}
{"name": "happybase.aiohappybase.connection.Connection.__exit__", "code": "def __exit__(self, *_exc) -> None: aio.get_event_loop().run_until_complete(self.close())"}
{"name": "happybase.aiohappybase.connection.Connection.__del__", "code": "def __del__(self) -> None: try: if self.transport.is_open(): logger.warning(f\"{self} was not closed!\") except:  # noqa pass"}
{"name": "happybase.aiohappybase.batch.Batch.__init__", "code": "def __init__(self, table: 'Table', timestamp: int = None, batch_size: int = None, transaction: bool = False, wal: bool = True): \"\"\"Initialise a new Batch instance.\"\"\" if not (timestamp is None or isinstance(timestamp, Integral)): raise TypeError(\"'timestamp' must be an integer or None\")  if batch_size is not None: if transaction: raise TypeError(\"'transaction' can't be used with 'batch_size'\") if not batch_size > 0: raise ValueError(\"'batch_size' must be > 0\")  self._table = table self._batch_size = batch_size self._timestamp = timestamp self._transaction = transaction self._wal = wal self._families = None self._reset_mutations()  # Save mutator partial here to avoid the if check each time if self._timestamp is None: self._mutate_rows = partial( self._table.client.mutateRows, self._table.name, attributes={}, ) else: self._mutate_rows = partial( self._table.client.mutateRowsTs, self._table.name, timestamp=self._timestamp, attributes={}, )"}
{"name": "happybase.aiohappybase.batch.Batch._reset_mutations", "code": "def _reset_mutations(self) -> None: \"\"\"Reset the internal mutation buffer.\"\"\" self._mutations = defaultdict(list) self._mutation_count = 0"}
{"name": "happybase.aiohappybase.batch.Batch.send", "code": "async def send(self) -> None: \"\"\"Send the batch to the server.\"\"\" bms = [BatchMutation(row, m) for row, m in self._mutations.items()] if not bms: return  logger.debug( f\"Sending batch for '{self._table.name}' ({self._mutation_count} \" f\"mutations on {len(bms)} rows)\" )  await self._mutate_rows(bms) self._reset_mutations()"}
{"name": "happybase.aiohappybase.batch.Batch.put", "code": "async def put(self, row: bytes, data: Dict[bytes, bytes], wal: bool = None) -> None: \"\"\" Store data in the table.  See :py:meth:`Table.put` for a description of the `row`, `data`, and `wal` arguments. The `wal` argument should normally not be used; its only use is to override the batch-wide value passed to :py:meth:`Table.batch`. \"\"\" if wal is None: wal = self._wal  await self._add_mutations(row, [ Mutation(isDelete=False, column=column, value=value, writeToWAL=wal) for column, value in data.items() ])"}
{"name": "happybase.aiohappybase.batch.Batch.delete", "code": "async def delete(self, row: bytes, columns: Iterable[bytes] = None, wal: bool = None) -> None: \"\"\" Delete data from the table.  See :py:meth:`Table.put` for a description of the `row`, `data`, and `wal` arguments. The `wal` argument should normally not be used; its only use is to override the batch-wide value passed to :py:meth:`Table.batch`. \"\"\" # Work-around Thrift API limitation: the mutation API can only # delete specified columns, not complete rows, so just list the # column families once and cache them for later use by the same # batch instance. if columns is None: if self._families is None: self._families = await self._table._column_family_names() columns = self._families  if wal is None: wal = self._wal  await self._add_mutations(row, [ Mutation(isDelete=True, column=column, writeToWAL=wal) for column in columns ])"}
{"name": "happybase.aiohappybase.batch.Batch._add_mutations", "code": "async def _add_mutations(self, row: bytes, mutations: List[Mutation]): self._mutations[row].extend(mutations) self._mutation_count += len(mutations) if self._batch_size and self._mutation_count >= self._batch_size: await self.send()"}
{"name": "happybase.aiohappybase.batch.Batch.close", "code": "async def close(self) -> None: \"\"\"Finalize the batch and make sure all tasks are completed.\"\"\" await self.send()  # Send any remaining mutations"}
{"name": "happybase.aiohappybase.batch.Batch.__aenter__", "code": "async def __aenter__(self) -> 'Batch': \"\"\"Called upon entering a ``async with`` block\"\"\" return self"}
{"name": "happybase.aiohappybase.batch.Batch.__aexit__", "code": "async def __aexit__(self, exc_type: Type[Exception], *_) -> None: \"\"\"Called upon exiting a ``async with`` block\"\"\" # If the 'with' block raises an exception, the batch will not be # sent to the server. if self._transaction and exc_type is not None: return  await self.close()"}
{"name": "happybase.aiohappybase.batch.Batch.__enter__", "code": "def __enter__(self): raise RuntimeError(\"Use async with\")"}
{"name": "happybase.aiohappybase.batch.Batch.__exit__", "code": "def __exit__(self, *_exc): raise RuntimeError(\"Use async with\")"}
{"name": "happybase.aiohappybase._util.camel_case_to_pep8", "code": "def camel_case_to_pep8(name: str) -> str: \"\"\"Convert a camel cased name to PEP8 style.\"\"\" converted = CAPITALS.sub(lambda m: '_' + m.groups()[0].lower(), name) return converted[1:] if converted[0] == '_' else converted"}
{"name": "happybase.aiohappybase._util.pep8_to_camel_case", "code": "def pep8_to_camel_case(name: str, initial: bool = False) -> str: \"\"\"Convert a PEP8 style name to camel case.\"\"\" chunks = name.split('_') converted = [s.capitalize() for s in chunks] if initial: return ''.join(converted) else: return chunks[0].lower() + ''.join(converted[1:])"}
{"name": "happybase.aiohappybase._util.thrift_attrs", "code": "def thrift_attrs(obj_or_cls) -> List[str]: \"\"\"Obtain Thrift data type attribute names for an instance or class.\"\"\" return [v[1] for v in obj_or_cls.thrift_spec.values()]"}
{"name": "happybase.aiohappybase._util.thrift_type_to_dict", "code": "def thrift_type_to_dict(obj: Any) -> Dict[bytes, Any]: \"\"\"Convert a Thrift data type to a regular dictionary.\"\"\" return { camel_case_to_pep8(attr): getattr(obj, attr) for attr in thrift_attrs(obj) }"}
{"name": "happybase.aiohappybase._util.ensure_bytes", "code": "def ensure_bytes(value: AnyStr) -> bytes: \"\"\"Convert text into bytes, and leaves bytes as-is.\"\"\" if isinstance(value, bytes): return value if isinstance(value, str): return value.encode('utf-8') raise TypeError( f\"input must be a text or byte string, got {type(value).__name__}\" )"}
{"name": "happybase.aiohappybase._util.bytes_increment", "code": "def bytes_increment(b: bytes) -> Optional[bytes]: \"\"\" Increment and truncate a byte string (for sorting purposes)  This functions returns the shortest string that sorts after the given string when compared using regular string comparison semantics.  This function increments the last byte that is smaller than ``0xFF``, and drops everything after it. If the string only contains ``0xFF`` bytes, `None` is returned. \"\"\" assert isinstance(b, bytes) b = bytearray(b)  # Used subset of its API is the same on Python 2 and 3. for i in range(len(b) - 1, -1, -1): if b[i] != 0xff: b[i] += 1 return bytes(b[:i+1]) return None"}
{"name": "happybase.aiohappybase._util._id", "code": "def _id(x: T) -> T: return x"}
{"name": "happybase.aiohappybase._util.map_dict", "code": "def map_dict(data: Dict[KTI, VTI], keys: Callable[[KTI], KTO] = _id, values: Callable[[VTI], VTO] = _id) -> Dict[KTO, VTO]: \"\"\" Dictionary mapping function, analogous to :py:func:`builtins.map`. Allows applying a specific function independently to both the keys and values.  :param data: Dictionary to apply mapping to :param keys: Optional function to apply to all keys :param values: Optional function to apply to all values :return: New dictionary with keys and values mapped \"\"\" return {keys(k): values(v) for k, v in data.items()}"}
{"name": "happybase.tests.test_api.with_new_loop", "code": "def with_new_loop(func): @wraps(func) def _wrapper(*args, **kwargs): try: old_loop = aio.get_event_loop() except RuntimeError:  # No event loop old_loop = None loop = aio.new_event_loop() aio.set_event_loop(loop) try: return func(*args, loop=loop, **kwargs) finally: if old_loop is not None: aio.set_event_loop(old_loop) loop.close() return _wrapper"}
{"name": "happybase.tests.test_api.with_new_loop._wrapper", "code": "def _wrapper(*args, **kwargs): try: old_loop = aio.get_event_loop() except RuntimeError:  # No event loop old_loop = None loop = aio.new_event_loop() aio.set_event_loop(loop) try: return func(*args, loop=loop, **kwargs) finally: if old_loop is not None: aio.set_event_loop(old_loop) loop.close()"}
{"name": "happybase.tests.test_api.TestAPI.setUpClass", "code": "def setUpClass(cls, loop): run = loop.run_until_complete  with Connection(**connection_kwargs) as conn: assert conn is not None  tables = run(conn.tables()) if TEST_TABLE_NAME in tables: print(\"Test table already exists; removing it...\") run(conn.delete_table(TEST_TABLE_NAME, disable=True))  cfs = { 'cf1': {}, 'cf2': None, 'cf3': {'max_versions': 1}, } table = run(conn.create_table(TEST_TABLE_NAME, families=cfs)) assert table is not None"}
{"name": "happybase.tests.test_api.TestAPI.tearDownClass", "code": "def tearDownClass(cls, loop): run = loop.run_until_complete  with Connection(**connection_kwargs) as conn: run(conn.delete_table(TEST_TABLE_NAME, disable=True))"}
{"name": "happybase.tests.test_api.TestAPI.setUp", "code": "async def setUp(self): self.connection = Connection(**connection_kwargs) await self.connection.open() self.table = self.connection.table(TEST_TABLE_NAME)"}
{"name": "happybase.tests.test_api.TestAPI.tearDown", "code": "async def tearDown(self): await self.connection.close() del self.connection del self.table"}
{"name": "happybase.tests.test_api.TestAPI._scan_list", "code": "async def _scan_list(self, *args, **kwargs): return [x async for x in self.table.scan(*args, **kwargs)]"}
{"name": "happybase.tests.test_api.TestAPI._scan_len", "code": "async def _scan_len(self, scanner: AsyncGenerator = None, **kwargs) -> int: if scanner is None: scanner = self.table.scan(**kwargs) i = 0 async for _ in scanner: i += 1 return i"}
{"name": "happybase.tests.test_api.TestAPI.test_connection_compat", "code": "def test_connection_compat(self): with self.assertRaises(ValueError): Connection(compat='0.1.invalid.version')"}
{"name": "happybase.tests.test_api.TestAPI.test_timeout_arg", "code": "def test_timeout_arg(self): Connection(timeout=5000)"}
{"name": "happybase.tests.test_api.TestAPI.test_enabling", "code": "async def test_enabling(self): conn = self.connection self.assertTrue(await conn.is_table_enabled(TEST_TABLE_NAME)) await conn.disable_table(TEST_TABLE_NAME) self.assertFalse(await conn.is_table_enabled(TEST_TABLE_NAME)) await conn.enable_table(TEST_TABLE_NAME) self.assertTrue(await conn.is_table_enabled(TEST_TABLE_NAME))"}
{"name": "happybase.tests.test_api.TestAPI.test_compaction", "code": "async def test_compaction(self): await self.connection.compact_table(TEST_TABLE_NAME) await self.connection.compact_table(TEST_TABLE_NAME, major=True)"}
{"name": "happybase.tests.test_api.TestAPI.test_prefix", "code": "async def test_prefix(self): conn = self.connection self.assertEqual(TABLE_PREFIX + b'_', conn._table_name('')) self.assertEqual(TABLE_PREFIX + b'_foo', conn._table_name('foo'))  self.assertEqual(conn.table('foobar').name, TABLE_PREFIX + b'_foobar') self.assertEqual(conn.table('foobar', use_prefix=False).name, b'foobar')  c = Connection() self.assertEqual(b'foo', c._table_name('foo'))  with self.assertRaises(TypeError): Connection(table_prefix=123)  # noqa  with self.assertRaises(TypeError): Connection(table_prefix_separator=2.1)  # noqa"}
{"name": "happybase.tests.test_api.TestAPI.test_stringify", "code": "async def test_stringify(self): str(self.connection) repr(self.connection) str(self.table) repr(self.table)"}
{"name": "happybase.tests.test_api.TestAPI.test_table_listing", "code": "async def test_table_listing(self): names = await self.connection.tables() self.assertIsInstance(names, list) self.assertIn(TEST_TABLE_NAME, names)"}
{"name": "happybase.tests.test_api.TestAPI.test_table_regions", "code": "async def test_table_regions(self): regions = await self.table.regions() self.assertIsInstance(regions, list)"}
{"name": "happybase.tests.test_api.TestAPI.test_invalid_table_create", "code": "async def test_invalid_table_create(self): with self.assertRaises(ValueError): await self.connection.create_table('sometable', families={}) with self.assertRaises(TypeError): await self.connection.create_table('sometable', families=0)  # noqa with self.assertRaises(TypeError): await self.connection.create_table('sometable', families=[])  # noqa"}
{"name": "happybase.tests.test_api.TestAPI.test_families", "code": "async def test_families(self): families = await self.table.families() for name, fdesc in families.items(): self.assertIsInstance(name, bytes) self.assertIsInstance(fdesc, dict) self.assertIn('name', fdesc) self.assertIsInstance(fdesc['name'], bytes) self.assertIn('max_versions', fdesc)"}
{"name": "happybase.tests.test_api.TestAPI.test_put", "code": "async def test_put(self): await self.table.put(b'r1', {b'cf1:c1': b'v1', b'cf1:c2': b'v2', b'cf2:c3': b'v3'}) await self.table.put(b'r1', {b'cf1:c4': b'v2'}, timestamp=2345678) await self.table.put(b'r1', {b'cf1:c4': b'v2'}, timestamp=1369168852994)"}
{"name": "happybase.tests.test_api.TestAPI.test_atomic_counters", "code": "async def test_atomic_counters(self): row = b'row-with-counter' column = b'cf1:counter'  get = self.table.counter_get inc = self.table.counter_inc dec = self.table.counter_dec  self.assertEqual(0, await get(row, column))  self.assertEqual(10, await inc(row, column, 10)) self.assertEqual(10, await get(row, column))  await self.table.counter_set(row, column, 0) self.assertEqual(1, await inc(row, column)) self.assertEqual(4, await inc(row, column, 3)) self.assertEqual(4, await get(row, column))  await self.table.counter_set(row, column, 3) self.assertEqual(3, await get(row, column)) self.assertEqual(8, await inc(row, column, 5)) self.assertEqual(6, await inc(row, column, -2)) self.assertEqual(5, await dec(row, column)) self.assertEqual(3, await dec(row, column, 2)) self.assertEqual(10, await dec(row, column, -7))"}
{"name": "happybase.tests.test_api.TestAPI.test_batch", "code": "async def test_batch(self): with self.assertRaises(TypeError): self.table.batch(timestamp='invalid')  # noqa  b = self.table.batch() await b.put(b'row1', {b'cf1:col1': b'value1', b'cf1:col2': b'value2'}) await b.put(b'row2', {b'cf1:col1': b'value1', b'cf1:col2': b'value2', b'cf1:col3': b'value3'}) await b.delete(b'row1', [b'cf1:col4']) await b.delete(b'another-row') await b.close()  self.table.batch(timestamp=1234567) await b.put(b'row1', {b'cf1:col5': b'value5'}) await b.close()  with self.assertRaises(ValueError): self.table.batch(batch_size=0)  with self.assertRaises(TypeError): self.table.batch(transaction=True, batch_size=10)"}
{"name": "happybase.tests.test_api.TestAPI.test_batch_context_managers", "code": "async def test_batch_context_managers(self): async with self.table.batch() as b: await b.put(b'row4', {b'cf1:col3': b'value3'}) await b.put(b'row5', {b'cf1:col4': b'value4'}) await b.put(b'row', {b'cf1:col1': b'value1'}) await b.delete(b'row', [b'cf1:col4']) await b.put(b'row', {b'cf1:col2': b'value2'})  async with self.table.batch(timestamp=87654321) as b: await b.put(b'row', {b'cf1:c3': b'somevalue', b'cf1:c5': b'anothervalue'}) await b.delete(b'row', [b'cf1:c3'])  with self.assertRaises(ValueError): async with self.table.batch(transaction=True) as b: await b.put(b'fooz', {b'cf1:bar': b'baz'}) raise ValueError self.assertDictEqual({}, await self.table.row(b'fooz', [b'cf1:bar']))  with self.assertRaises(ValueError): async with self.table.batch(transaction=False) as b: await b.put(b'fooz', {b'cf1:bar': b'baz'}) raise ValueError self.assertDictEqual( {b'cf1:bar': b'baz'}, await self.table.row(b'fooz', [b'cf1:bar']), )  async with self.table.batch(batch_size=5) as b: for i in range(10): await b.put( f'row-batch1-{i:03}'.encode('ascii'), {b'cf1:': str(i).encode('ascii')}, )  async with self.table.batch(batch_size=20) as b: for i in range(95): await b.put( f'row-batch2-{i:03}'.encode('ascii'), {b'cf1:': str(i).encode('ascii')}, ) self.assertEqual(95, await self._scan_len(row_prefix=b'row-batch2-'))  async with self.table.batch(batch_size=20) as b: for i in range(95): await b.delete(f'row-batch2-{i:03}'.encode('ascii')) self.assertEqual(0, await self._scan_len(row_prefix=b'row-batch2-'))"}
{"name": "happybase.tests.test_api.TestAPI.test_row", "code": "async def test_row(self): row = self.table.row put = self.table.put row_key = b'row-test'  with self.assertRaises(TypeError): await row(row_key, 123)  # noqa  with self.assertRaises(TypeError): await row(row_key, timestamp='invalid')  # noqa  await put(row_key, {b'cf1:col1': b'v1old'}, timestamp=1234) await put(row_key, {b'cf1:col1': b'v1new'}, timestamp=3456) await put(row_key, {b'cf1:col2': b'v2', b'cf2:col1': b'v3'}) await put(row_key, {b'cf2:col2': b'v4'}, timestamp=1234)  exp = {b'cf1:col1': b'v1new', b'cf1:col2': b'v2', b'cf2:col1': b'v3', b'cf2:col2': b'v4'} self.assertDictEqual(exp, await row(row_key))  exp = {b'cf1:col1': b'v1new', b'cf1:col2': b'v2'} self.assertDictEqual(exp, await row(row_key, [b'cf1']))  exp = {b'cf1:col1': b'v1new', b'cf2:col2': b'v4'} self.assertDictEqual(exp, await row(row_key, list(exp)))  exp = {b'cf1:col1': b'v1old', b'cf2:col2': b'v4'} self.assertDictEqual(exp, await row(row_key, timestamp=2345))  self.assertDictEqual({}, await row(row_key, timestamp=123))  res = await row(row_key, include_timestamp=True) self.assertEqual(len(res), 4) self.assertEqual(b'v1new', res[b'cf1:col1'][0]) self.assertIsInstance(res[b'cf1:col1'][1], int)"}
{"name": "happybase.tests.test_api.TestAPI.test_rows", "code": "async def test_rows(self): row_keys = [b'rows-row1', b'rows-row2', b'rows-row3'] data_old = {b'cf1:col1': b'v1old', b'cf1:col2': b'v2old'} data_new = {b'cf1:col1': b'v1new', b'cf1:col2': b'v2new'}  with self.assertRaises(TypeError): await self.table.rows(row_keys, object())  # noqa  with self.assertRaises(TypeError): await self.table.rows(row_keys, timestamp='invalid')  # noqa  for row_key in row_keys: await self.table.put(row_key, data_old, timestamp=4000)  for row_key in row_keys: await self.table.put(row_key, data_new)  self.assertDictEqual({}, dict(await self.table.rows([])))  rows = dict(await self.table.rows(row_keys)) for row_key in row_keys: self.assertIn(row_key, rows) self.assertDictEqual(data_new, rows[row_key])  rows = dict(await self.table.rows(row_keys, timestamp=5000)) for row_key in row_keys: self.assertIn(row_key, rows) self.assertDictEqual(data_old, rows[row_key])"}
{"name": "happybase.tests.test_api.TestAPI.test_cells", "code": "async def test_cells(self): row_key = b'cell-test' col = b'cf1:col1'  await self.table.put(row_key, {col: b'old'}, timestamp=1234) await self.table.put(row_key, {col: b'new'})  with self.assertRaises(TypeError): await self.table.cells(row_key, col, versions='invalid')  # noqa  with self.assertRaises(TypeError): await self.table.cells( row_key, col, versions=3, timestamp='invalid',  # noqa )  with self.assertRaises(ValueError): await self.table.cells(row_key, col, versions=0)  results = await self.table.cells(row_key, col, versions=1) self.assertEqual(len(results), 1) self.assertEqual(b'new', results[0])  results = await self.table.cells(row_key, col) self.assertEqual(len(results), 2) self.assertEqual(b'new', results[0]) self.assertEqual(b'old', results[1])  results = await self.table.cells( row_key, col, timestamp=2345, include_timestamp=True, ) self.assertEqual(len(results), 1) self.assertEqual(b'old', results[0][0]) self.assertEqual(1234, results[0][1])"}
{"name": "happybase.tests.test_api.TestAPI.test_scan", "code": "async def test_scan(self): with self.assertRaises(TypeError): await self._scan_list(row_prefix='foobar', row_start='xyz')  if self.connection.compat == '0.90': with self.assertRaises(NotImplementedError): await self._scan_list(filter='foo')  with self.assertRaises(ValueError): await self._scan_list(limit=0)  async with self.table.batch() as b: for i in range(2000): await b.put(f'row-scan-a{i:05}'.encode('ascii'), {b'cf1:col1': b'v1', b'cf1:col2': b'v2', b'cf2:col1': b'v1', b'cf2:col2': b'v2'}) await b.put(f'row-scan-b{i:05}'.encode('ascii'), {b'cf1:col1': b'v1', b'cf1:col2': b'v2'})  scanner = self.table.scan( row_start=b'row-scan-a00012', row_stop=b'row-scan-a00022', ) self.assertEqual(10, await self._scan_len(scanner))  scanner = self.table.scan(row_start=b'xyz') self.assertEqual(0, await self._scan_len(scanner))  scanner = self.table.scan(row_start=b'xyz', row_stop=b'zyx') self.assertEqual(0, await self._scan_len(scanner))  rows = await self._scan_list( row_start=b'row-scan-', row_stop=b'row-scan-a999', columns=[b'cf1:col1', b'cf2:col2'], ) row_key, row = rows[0] self.assertEqual(row_key, b'row-scan-a00000') self.assertDictEqual(row, {b'cf1:col1': b'v1', b'cf2:col2': b'v2'}) self.assertEqual(2000, len(rows))  scanner = self.table.scan( row_prefix=b'row-scan-a', batch_size=499, limit=1000, ) self.assertEqual(1000, await self._scan_len(scanner))  scanner = self.table.scan( row_prefix=b'row-scan-b', batch_size=1, limit=10, ) self.assertEqual(10, await self._scan_len(scanner))  scanner = self.table.scan( row_prefix=b'row-scan-b', batch_size=5, limit=10, ) self.assertEqual(10, await self._scan_len(scanner))  scanner = self.table.scan(timestamp=123) self.assertEqual(0, await self._scan_len(scanner))  scanner = self.table.scan(row_prefix=b'row', timestamp=123) self.assertEqual(0, await self._scan_len(scanner))  scanner = self.table.scan(batch_size=20) await scanner.__anext__() await scanner.aclose() with self.assertRaises(StopAsyncIteration): await scanner.__anext__()"}
{"name": "happybase.tests.test_api.TestAPI.test_scan_sorting", "code": "async def test_scan_sorting(self): if self.connection.compat < '0.96': return  # not supported  input_row = {f'cf1:col-{i:03}'.encode('ascii'): b'' for i in range(100)} input_key = b'row-scan-sorted' await self.table.put(input_key, input_row)  scan = self.table.scan(row_start=input_key, sorted_columns=True) key, row = await scan.__anext__() self.assertEqual(key, input_key) self.assertListEqual(sorted(input_row.items()), list(row.items())) await scan.aclose()"}
{"name": "happybase.tests.test_api.TestAPI.test_scan_reverse", "code": "async def test_scan_reverse(self):  if self.connection.compat < '0.98': with self.assertRaises(NotImplementedError): await self._scan_list(reverse=True) return  async with self.table.batch() as b: for i in range(2000): await b.put(f'row-scan-reverse-{i:04}'.encode('ascii'), {b'cf1:col1': b'v1', b'cf1:col2': b'v2'})  scan = self.table.scan(row_prefix=b'row-scan-reverse', reverse=True) self.assertEqual(2000, await self._scan_len(scan))  self.assertEqual(10, await self._scan_len(limit=10, reverse=True))  scan = self.table.scan( row_start=b'row-scan-reverse-1999', row_stop=b'row-scan-reverse-0000', reverse=True, ) key, data = await scan.__anext__() self.assertEqual(b'row-scan-reverse-1999', key)  key, data = [x async for x in scan][-1] self.assertEqual(b'row-scan-reverse-0001', key)"}
{"name": "happybase.tests.test_api.TestAPI.test_scan_filter_and_batch_size", "code": "async def test_scan_filter_and_batch_size(self): # See issue #54 and #56 filt = b\"SingleColumnValueFilter ('cf1', 'qual1', =, 'binary:val1')\" async for k, v in self.table.scan(filter=filt): pass"}
{"name": "happybase.tests.test_api.TestAPI.test_delete", "code": "async def test_delete(self): row_key = b'row-test-delete' data = {b'cf1:col1': b'v1', b'cf1:col2': b'v2', b'cf1:col3': b'v3'} await self.table.put(row_key, {b'cf1:col2': b'v2old'}, timestamp=1234) await self.table.put(row_key, data)  await self.table.delete(row_key, [b'cf1:col2'], timestamp=2345) cells = await self.table.cells(row_key, b'cf1:col2', versions=2) self.assertEqual(1, len(cells)) self.assertDictEqual(data, await self.table.row(row_key))  await self.table.delete(row_key, [b'cf1:col1']) res = await self.table.row(row_key) self.assertNotIn(b'cf1:col1', res) self.assertIn(b'cf1:col2', res) self.assertIn(b'cf1:col3', res)  await self.table.delete(row_key, timestamp=12345) res = await self.table.row(row_key) self.assertIn(b'cf1:col2', res) self.assertIn(b'cf1:col3', res)  await self.table.delete(row_key) self.assertDictEqual({}, await self.table.row(row_key))"}
{"name": "happybase.tests.test_api.TestAPI.test_connection_pool_construction", "code": "async def test_connection_pool_construction(self): with self.assertRaises(TypeError): ConnectionPool(size='abc')  # noqa  with self.assertRaises(ValueError): ConnectionPool(size=0)"}
{"name": "happybase.tests.test_api.TestAPI.test_connection_pool", "code": "async def test_connection_pool(self):  async def run(): task_id = hex(id(current_task()))  print(f\"Task {task_id} starting\")  async def inner_function(): # Nested connection requests must return the same connection async with pool.connection() as another_connection: self.assertIs(connection, another_connection)  # Fake an exception once in a while if random.random() < .25: print(\"Introducing random failure\") connection.transport.close() raise TException(\"Fake transport exception\")  for i in range(50): async with pool.connection() as connection: await connection.tables()  try: await inner_function() except TException: # This error should have been picked up by the # connection pool, and the connection should have # been replaced by a fresh one pass  await connection.tables()  print(f\"Task {task_id} done\")  loop = aio.get_event_loop() async with ConnectionPool(size=3, **connection_kwargs) as pool: await aio.gather(*(loop.create_task(run()) for _ in range(10)))"}
{"name": "happybase.tests.test_api.TestAPI.test_connection_pool.run", "code": "async def run(): task_id = hex(id(current_task()))  print(f\"Task {task_id} starting\")  async def inner_function(): # Nested connection requests must return the same connection async with pool.connection() as another_connection: self.assertIs(connection, another_connection)  # Fake an exception once in a while if random.random() < .25: print(\"Introducing random failure\") connection.transport.close() raise TException(\"Fake transport exception\")  for i in range(50): async with pool.connection() as connection: await connection.tables()  try: await inner_function() except TException: # This error should have been picked up by the # connection pool, and the connection should have # been replaced by a fresh one pass  await connection.tables()  print(f\"Task {task_id} done\")"}
{"name": "happybase.tests.test_api.TestAPI.test_connection_pool.run.inner_function", "code": "async def inner_function(): # Nested connection requests must return the same connection async with pool.connection() as another_connection: self.assertIs(connection, another_connection)  # Fake an exception once in a while if random.random() < .25: print(\"Introducing random failure\") connection.transport.close() raise TException(\"Fake transport exception\")"}
{"name": "happybase.tests.test_api.TestAPI.test_pool_exhaustion", "code": "async def test_pool_exhaustion(self):  async def run(): with self.assertRaises(NoConnectionsAvailable): async with pool.connection(timeout=.1) as connection: await connection.tables()  async with ConnectionPool(size=1, **connection_kwargs) as pool: async with pool.connection(): # At this point the only connection is assigned to this task, # so another task cannot obtain a connection. await aio.get_event_loop().create_task(run())"}
{"name": "happybase.tests.test_api.TestAPI.test_pool_exhaustion.run", "code": "async def run(): with self.assertRaises(NoConnectionsAvailable): async with pool.connection(timeout=.1) as connection: await connection.tables()"}
{"name": "happybase.tests.test_util.TestUtil.test_camel_case_to_pep8", "code": "def test_camel_case_to_pep8(self): examples = [ ('foo', 'Foo', 'foo'), ('fooBar', 'FooBar', 'foo_bar'), ('fooBarBaz', 'FooBarBaz', 'foo_bar_baz'), ('fOO', 'FOO', 'f_o_o'), ]  for lower_cc, upper_cc, correct in examples: x1 = util.camel_case_to_pep8(lower_cc) x2 = util.camel_case_to_pep8(upper_cc) self.assertEqual(correct, x1) self.assertEqual(correct, x2)  y1 = util.pep8_to_camel_case(x1, True) y2 = util.pep8_to_camel_case(x2, False) self.assertEqual(upper_cc, y1) self.assertEqual(lower_cc, y2)"}
{"name": "happybase.tests.test_util.TestUtil.test_bytes_increment", "code": "def test_bytes_increment(self): test_values = [ (b'00', b'01'), (b'01', b'02'), (b'fe', b'ff'), (b'1234', b'1235'), (b'12fe', b'12ff'), (b'12ff', b'13'), (b'424242ff', b'424243'), (b'4242ffff', b'4243'), ]  self.assertIsNone(util.bytes_increment(b'\\xff\\xff\\xff'))  for s, expected in test_values: s = decode(s, 'hex') v = util.bytes_increment(s) v_hex = encode(v, 'hex') self.assertEqual(expected, v_hex) self.assertLess(s, v)"}
{"name": "happybase.setup.get_file_contents", "code": "def get_file_contents(filename): with open(join(dirname(__file__), filename)) as fp: return fp.read()"}
{"name": "happybase.setup.get_install_requires", "code": "def get_install_requires(): requirements = get_file_contents('requirements.txt') install_requires = [] for line in requirements.split('\\n'): line = line.strip() if line and not line.startswith('-'): install_requires.append(line) return install_requires"}
