{"name": "hypertools.hypertools.plot.backend.ParrotDict.__init__", "code": "def __init__(self, *args, **kwargs): super().__init__(*args, **kwargs)"}
{"name": "hypertools.hypertools.plot.backend.ParrotDict.__contains__", "code": "def __contains__(self, key): return HypertoolsBackend(key) in self.keys()"}
{"name": "hypertools.hypertools.plot.backend.ParrotDict.__getitem__", "code": "def __getitem__(self, key): key = HypertoolsBackend(key) return super().__getitem__(key)"}
{"name": "hypertools.hypertools.plot.backend.ParrotDict.__missing__", "code": "def __missing__(self, key): return HypertoolsBackend(key)"}
{"name": "hypertools.hypertools.plot.backend.ParrotDict.__setitem__", "code": "def __setitem__(self, key, value): key, value = HypertoolsBackend(key), HypertoolsBackend(value) return super().__setitem__(key, value)"}
{"name": "hypertools.hypertools.plot.backend.BackendMapping.__init__", "code": "def __init__(self, _dict): # assumes format of _dict is {Python: IPython} self.py_to_ipy = ParrotDict() self.ipy_to_py = ParrotDict() self.equivalents = ParrotDict()  for py_key, ipy_key in _dict.items(): py_key_default = self._store_equivalents(py_key) ipy_key_default = self._store_equivalents(ipy_key) self.py_to_ipy[py_key_default] = ipy_key_default self.ipy_to_py[ipy_key_default] = py_key_default"}
{"name": "hypertools.hypertools.plot.backend.BackendMapping._store_equivalents", "code": "def _store_equivalents(self, keylist): if not isinstance(keylist, str) and isinstance(keylist, Iterable): default_key = keylist[0] for key_equiv in keylist[1:]: self.equivalents[key_equiv] = default_key else: default_key = keylist return default_key"}
{"name": "hypertools.hypertools.plot.backend.HypertoolsBackend.__new__", "code": "def __new__(cls, x): return super().__new__(cls, x)"}
{"name": "hypertools.hypertools.plot.backend.HypertoolsBackend.__eq__", "code": "def __eq__(self, other): \"\"\" case-insensitive comparison with both `str`s and other `HypertoolsBackend` instances \"\"\" return str(self).casefold() == str(other).casefold()"}
{"name": "hypertools.hypertools.plot.backend.HypertoolsBackend.__getattribute__", "code": "def __getattribute__(self, name): \"\"\" Overrides `str.__getattribute__` in a way that causes all inherited `str` methods to return a `HypertoolsBackend` instance, rather than a `str`, which it would otherwise do. See class docstring for more information.  Parameters ---------- name : the attribute or method accessed  Returns ------- val : instance (or collection of instances) of `hypertools.plot.backend.HypertoolsBackend`. For inherited `str` attributes and methods, the return type is the same, but with all instances of `str` replaced with `hypertools.plot.backend.HypertoolsBackend`. \"\"\" # only deal with string attributes/methods here if hasattr(str, name): def _subclass_method(self, *args, **kwargs): value = getattr(super(), name)(*args, **kwargs) if isinstance(value, str): return HypertoolsBackend(value) elif isinstance(value, (list, tuple, set)): return type(value)(HypertoolsBackend(v) for v in value) else: return value  # bind inner function to instance return _subclass_method.__get__(self) else: return super().__getattribute__(name)"}
{"name": "hypertools.hypertools.plot.backend.HypertoolsBackend.__hash__", "code": "def __hash__(self): \"\"\" needed to work for membership checks/lookups in dict/set/etc. \"\"\" return str.__hash__(str(self).casefold())"}
{"name": "hypertools.hypertools.plot.backend.HypertoolsBackend.as_ipython", "code": "def as_ipython(self): \"\"\" Return the IPython-compatible version of a matplotlib backend key, given either the Python-compatible or IPython-compatible version \"\"\" default_key = BACKEND_MAPPING.equivalents[self] return HypertoolsBackend(BACKEND_MAPPING.py_to_ipy[default_key])"}
{"name": "hypertools.hypertools.plot.backend.HypertoolsBackend.as_python", "code": "def as_python(self): \"\"\" Return the Python-compatible version of a matplotlib backend key, given either the Python-compatible or IPython-compatible version \"\"\" default_key = BACKEND_MAPPING.equivalents[self] return HypertoolsBackend(BACKEND_MAPPING.ipy_to_py[default_key])"}
{"name": "hypertools.hypertools.plot.backend.HypertoolsBackend.normalize", "code": "def normalize(self): \"\"\" Convert a given matplotlib backend key to its preferred equivalent for the correct interpreter \"\"\" return self.as_ipython() if IS_NOTEBOOK else self.as_python()"}
{"name": "hypertools.hypertools.plot.backend.set_interactive_backend.__init__", "code": "def __init__(self, backend): global BACKEND_WARNING, HYPERTOOLS_BACKEND  self.old_interactive_backend = HYPERTOOLS_BACKEND.normalize() self.old_backend_warning = BACKEND_WARNING self.new_interactive_backend = HypertoolsBackend(backend).normalize() self.new_is_different = self.new_interactive_backend != self.old_interactive_backend self.backend_switched = False  if self.new_is_different: HYPERTOOLS_BACKEND = self.new_interactive_backend BACKEND_WARNING = None"}
{"name": "hypertools.hypertools.plot.backend.set_interactive_backend.__enter__", "code": "def __enter__(self): global IN_SET_CONTEXT  IN_SET_CONTEXT = True self.curr_backend = HypertoolsBackend(mpl.get_backend()).normalize() if self.curr_backend != self.new_interactive_backend: # set this before calling switch_backend to make sure # `self.__exit__()` cleans up after any unexpected errors # while switching self.backend_switched = True switch_backend(self.new_interactive_backend)"}
{"name": "hypertools.hypertools.plot.backend.set_interactive_backend.__exit__", "code": "def __exit__(self, exc_type, exc_value, traceback): global BACKEND_WARNING, HYPERTOOLS_BACKEND, IN_SET_CONTEXT  IN_SET_CONTEXT = False if self.new_is_different: HYPERTOOLS_BACKEND = self.old_interactive_backend BACKEND_WARNING = self.old_backend_warning  if self.backend_switched: reset_backend(self.curr_backend)"}
{"name": "hypertools.hypertools._externals.ppca.PPCA.__init__", "code": "def __init__(self):  self.raw = None self.data = None self.C = None self.means = None self.stds = None"}
{"name": "hypertools.hypertools._externals.ppca.PPCA._standardize", "code": "def _standardize(self, X):  if self.means is None or self.stds is None: raise RuntimeError(\"Fit model first\")  return (X - self.means) / self.stds"}
{"name": "hypertools.hypertools._externals.ppca.PPCA.fit", "code": "def fit(self, data, d=None, tol=1e-4, min_obs=10, verbose=False):  self.raw = data self.raw[np.isinf(self.raw)] = np.max(self.raw[np.isfinite(self.raw)])  valid_series = np.sum(~np.isnan(self.raw), axis=0) >= min_obs  data = self.raw[:, valid_series].copy() N = data.shape[0] D = data.shape[1]  self.means = np.nanmean(data, axis=0) self.stds = np.nanstd(data, axis=0)  data = self._standardize(data) observed = ~np.isnan(data) missing = np.sum(~observed) data[~observed] = 0  # initial  if d is None: d = data.shape[1]  if self.C is None: C = np.random.randn(D, d) else: C = self.C CC = np.dot(C.T, C) X = np.dot(np.dot(data, C), np.linalg.inv(CC)) recon = np.dot(X, C.T) recon[~observed] = 0 ss = np.sum((recon - data)**2)/(N*D - missing)  v0 = np.inf counter = 0  while True:  Sx = np.linalg.inv(np.eye(d) + CC/ss)  # e-step ss0 = ss if missing > 0: proj = np.dot(X, C.T) data[~observed] = proj[~observed] X = np.dot(np.dot(data, C), Sx) / ss  # m-step XX = np.dot(X.T, X) C = np.dot(np.dot(data.T, X), np.linalg.pinv(XX + N*Sx)) CC = np.dot(C.T, C) recon = np.dot(X, C.T) recon[~observed] = 0 ss = (np.sum((recon-data)**2) + N*np.sum(CC*Sx) + missing*ss0)/(N*D)  # calc diff for convergence det = np.log(np.linalg.det(Sx)) if np.isinf(det): det = abs(np.linalg.slogdet(Sx)[1]) v1 = N*(D*np.log(ss) + np.trace(Sx) - det) \\ + np.trace(XX) - missing*np.log(ss0) diff = abs(v1/v0 - 1) if verbose: print(diff) if (diff < tol) and (counter > 5): break  counter += 1 v0 = v1   C = orth(C) vals, vecs = np.linalg.eig(np.cov(np.dot(data, C).T)) order = np.flipud(np.argsort(vals)) vecs = vecs[:, order] vals = vals[order]  C = np.dot(C, vecs)  # attach objects to class self.C = C self.data = data self.eig_vals = vals self._calc_var()"}
{"name": "hypertools.hypertools._externals.ppca.PPCA.transform", "code": "def transform(self, data=None):  if self.C is None: raise RuntimeError('Fit the data model first.') if data is None: return np.dot(self.data, self.C) return np.dot(data, self.C)"}
{"name": "hypertools.hypertools._externals.ppca.PPCA._calc_var", "code": "def _calc_var(self):  if self.data is None: raise RuntimeError('Fit the data model first.')  data = self.data.T  # variance calc var = np.nanvar(data, axis=1) total_var = var.sum() self.var_exp = self.eig_vals.cumsum() / total_var"}
{"name": "hypertools.hypertools._externals.ppca.PPCA.save", "code": "def save(self, fpath):  np.save(fpath, self.C)"}
{"name": "hypertools.hypertools._externals.ppca.PPCA.load", "code": "def load(self, fpath):  assert os.path.isfile(fpath)  self.C = np.load(fpath)"}
{"name": "hypertools.hypertools._externals.srm.SRM.__init__", "code": "def __init__(self, n_iter=10, features=50, rand_seed=0): self.n_iter = n_iter self.features = features self.rand_seed = rand_seed return"}
{"name": "hypertools.hypertools._externals.srm.SRM.fit", "code": "def fit(self, X, y=None): \"\"\"Compute the probabilistic Shared Response Model  Parameters ---------- X :  list of 2D arrays, element i has shape=[voxels_i, samples] Each element in the list contains the fMRI data of one subject.  y : not used \"\"\" logger.info('Starting Probabilistic SRM')  # Check the number of subjects if len(X) <= 1: raise ValueError(\"There are not enough subjects \" \"({0:d}) to train the model.\".format(len(X)))  # Check for input data sizes if X[0].shape[1] < self.features: raise ValueError( \"There are not enough samples to train the model with \" \"{0:d} features.\".format(self.features))  # Check if all subjects have same number of TRs number_trs = X[0].shape[1] number_subjects = len(X) for subject in range(number_subjects): assert_all_finite(X[subject]) if X[subject].shape[1] != number_trs: raise ValueError(\"Different number of samples between subjects\" \".\")  # Run SRM self.sigma_s_, self.w_, self.mu_, self.rho2_, self.s_ = self._srm(X)  return self"}
{"name": "hypertools.hypertools._externals.srm.SRM.transform", "code": "def transform(self, X, y=None): \"\"\"Use the model to transform matrix to Shared Response space  Parameters ---------- X : list of 2D arrays, element i has shape=[voxels_i, samples_i] Each element in the list contains the fMRI data of one subject note that number of voxels and samples can vary across subjects y : not used (as it is unsupervised learning)   Returns ------- s : list of 2D arrays, element i has shape=[features_i, samples_i] Shared responses from input data (X) \"\"\"  # Check if the model exist if hasattr(self, 'w_') is False: raise NotFittedError(\"The model fit has not been run yet.\")  # Check the number of subjects if len(X) != len(self.w_): raise ValueError(\"The number of subjects does not match the one\" \" in the model.\")  s = [None] * len(X) for subject in range(len(X)): s[subject] = self.w_[subject].T.dot(X[subject])  return s"}
{"name": "hypertools.hypertools._externals.srm.SRM._init_structures", "code": "def _init_structures(self, data, subjects): \"\"\"Initializes data structures for SRM and preprocess the data.   Parameters ---------- data : list of 2D arrays, element i has shape=[voxels_i, samples] Each element in the list contains the fMRI data of one subject.  subjects : int The total number of subjects in `data`.   Returns ------- x : list of array, element i has shape=[voxels_i, samples] Demeaned data for each subject.  mu : list of array, element i has shape=[voxels_i] Voxel means over samples, per subject.  rho2 : array, shape=[subjects] Noise variance :math:`\\\\rho^2` per subject.  trace_xtx : array, shape=[subjects] The squared Frobenius norm of the demeaned data in `x`. \"\"\" x = [] mu = [] rho2 = np.zeros(subjects)  trace_xtx = np.zeros(subjects) for subject in range(subjects): mu.append(np.mean(data[subject], 1)) rho2[subject] = 1 trace_xtx[subject] = np.sum(data[subject] ** 2) x.append(data[subject] - mu[subject][:, np.newaxis])  return x, mu, rho2, trace_xtx"}
{"name": "hypertools.hypertools._externals.srm.SRM._likelihood", "code": "def _likelihood(self, chol_sigma_s_rhos, log_det_psi, chol_sigma_s, trace_xt_invsigma2_x, inv_sigma_s_rhos, wt_invpsi_x, samples): \"\"\"Calculate the log-likelihood function   Parameters ----------  chol_sigma_s_rhos : array, shape=[features, features] Cholesky factorization of the matrix (Sigma_S + sum_i(1/rho_i^2) * I)  log_det_psi : float Determinant of diagonal matrix Psi (containing the rho_i^2 value voxels_i times).  chol_sigma_s : array, shape=[features, features] Cholesky factorization of the matrix Sigma_S  trace_xt_invsigma2_x : float Trace of :math:`\\\\sum_i (||X_i||_F^2/\\\\rho_i^2)`  inv_sigma_s_rhos : array, shape=[features, features] Inverse of :math:`(\\\\Sigma_S + \\\\sum_i(1/\\\\rho_i^2) * I)`  wt_invpsi_x : array, shape=[features, samples]  samples : int The total number of samples in the data.   Returns -------  loglikehood : float The log-likelihood value. \"\"\" log_det = (np.log(np.diag(chol_sigma_s_rhos) ** 2).sum() + log_det_psi + np.log(np.diag(chol_sigma_s) ** 2).sum()) loglikehood = -0.5 * samples * log_det - 0.5 * trace_xt_invsigma2_x loglikehood += 0.5 * np.trace( wt_invpsi_x.T.dot(inv_sigma_s_rhos).dot(wt_invpsi_x)) # + const --> -0.5*nTR*nvoxel*subjects*math.log(2*math.pi)  return loglikehood"}
{"name": "hypertools.hypertools._externals.srm.SRM._srm", "code": "def _srm(self, data): \"\"\"Expectation-Maximization algorithm for fitting the probabilistic SRM.  Parameters ----------  data : list of 2D arrays, element i has shape=[voxels_i, samples] Each element in the list contains the fMRI data of one subject.   Returns -------  sigma_s : array, shape=[features, features] The covariance :math:`\\\\Sigma_s` of the shared response Normal distribution.  w : list of array, element i has shape=[voxels_i, features] The orthogonal transforms (mappings) :math:`W_i` for each subject.  mu : list of array, element i has shape=[voxels_i] The voxel means :math:`\\\\mu_i` over the samples for each subject.  rho2 : array, shape=[subjects] The estimated noise variance :math:`\\\\rho_i^2` for each subject  s : array, shape=[features, samples] The shared response. \"\"\"  samples = data[0].shape[1] subjects = len(data)  np.random.seed(self.rand_seed)  # Initialization step: initialize the outputs with initial values, # voxels with the number of voxels in each subject, and trace_xtx with # the ||X_i||_F^2 of each subject. w, voxels = _init_w_transforms(data, self.features) x, mu, rho2, trace_xtx = self._init_structures(data, subjects) shared_response = np.zeros((self.features, samples)) sigma_s = np.identity(self.features)  # Main loop of the algorithm (run for iteration in range(self.n_iter): logger.info('Iteration %d' % (iteration + 1))  # E-step:  # Sum the inverted the rho2 elements for computing W^T * Psi^-1 * W rho0 = (1 / rho2).sum()  # Invert Sigma_s using Cholesky factorization (chol_sigma_s, lower_sigma_s) = scipy.linalg.cho_factor( sigma_s, check_finite=False) inv_sigma_s = scipy.linalg.cho_solve( (chol_sigma_s, lower_sigma_s), np.identity(self.features), check_finite=False)  # Invert (Sigma_s + rho_0 * I) using Cholesky factorization sigma_s_rhos = inv_sigma_s + np.identity(self.features) * rho0 (chol_sigma_s_rhos, lower_sigma_s_rhos) = scipy.linalg.cho_factor( sigma_s_rhos, check_finite=False) inv_sigma_s_rhos = scipy.linalg.cho_solve( (chol_sigma_s_rhos, lower_sigma_s_rhos), np.identity(self.features), check_finite=False)  # Compute the sum of W_i^T * rho_i^-2 * X_i, and the sum of traces # of X_i^T * rho_i^-2 * X_i wt_invpsi_x = np.zeros((self.features, samples)) trace_xt_invsigma2_x = 0.0 for subject in range(subjects): wt_invpsi_x += (w[subject].T.dot(x[subject])) / rho2[subject] trace_xt_invsigma2_x += trace_xtx[subject] / rho2[subject]  log_det_psi = np.sum(np.log(rho2) * voxels)  # Update the shared response shared_response = sigma_s.dot( np.identity(self.features) - rho0 * inv_sigma_s_rhos).dot( wt_invpsi_x)  # M-step  # Update Sigma_s and compute its trace sigma_s = (inv_sigma_s_rhos + shared_response.dot(shared_response.T) / samples) trace_sigma_s = samples * np.trace(sigma_s)  # Update each subject's mapping transform W_i and error variance # rho_i^2 for subject in range(subjects): a_subject = x[subject].dot(shared_response.T) perturbation = np.zeros(a_subject.shape) np.fill_diagonal(perturbation, 0.001) u_subject, s_subject, v_subject = np.linalg.svd( a_subject + perturbation, full_matrices=False) w[subject] = u_subject.dot(v_subject) rho2[subject] = trace_xtx[subject] rho2[subject] += -2 * np.sum(w[subject] * a_subject).sum() rho2[subject] += trace_sigma_s rho2[subject] /= samples * voxels[subject]  if logger.isEnabledFor(logging.INFO): # Calculate and log the current log-likelihood for checking # convergence loglike = self._likelihood( chol_sigma_s_rhos, log_det_psi, chol_sigma_s, trace_xt_invsigma2_x, inv_sigma_s_rhos, wt_invpsi_x, samples) logger.info('Objective function %f' % loglike)  return sigma_s, w, mu, rho2, shared_response"}
{"name": "hypertools.hypertools._externals.srm.DetSRM.__init__", "code": "def __init__(self, n_iter=10, features=50, rand_seed=0): self.n_iter = n_iter self.features = features self.rand_seed = rand_seed return"}
{"name": "hypertools.hypertools._externals.srm.DetSRM.fit", "code": "def fit(self, X, y=None): \"\"\"Compute the Deterministic Shared Response Model  Parameters ---------- X : list of 2D arrays, element i has shape=[voxels_i, samples] Each element in the list contains the fMRI data of one subject.  y : not used \"\"\" logger.info('Starting Deterministic SRM')  # Check the number of subjects if len(X) <= 1: raise ValueError(\"There are not enough subjects \" \"({0:d}) to train the model.\".format(len(X)))  # Check for input data sizes if X[0].shape[1] < self.features: raise ValueError( \"There are not enough samples to train the model with \" \"{0:d} features.\".format(self.features))  # Check if all subjects have same number of TRs number_trs = X[0].shape[1] number_subjects = len(X) for subject in range(number_subjects): assert_all_finite(X[subject]) if X[subject].shape[1] != number_trs: raise ValueError(\"Different number of samples between subjects\" \".\")  # Run SRM self.w_, self.s_ = self._srm(X)  return self"}
{"name": "hypertools.hypertools._externals.srm.DetSRM.transform", "code": "def transform(self, X, y=None): \"\"\"Use the model to transform data to the Shared Response subspace  Parameters ---------- X : list of 2D arrays, element i has shape=[voxels_i, samples_i] Each element in the list contains the fMRI data of one subject.  y : not used   Returns ------- s : list of 2D arrays, element i has shape=[features_i, samples_i] Shared responses from input data (X) \"\"\"  # Check if the model exist if hasattr(self, 'w_') is False: raise NotFittedError(\"The model fit has not been run yet.\")  # Check the number of subjects if len(X) != len(self.w_): raise ValueError(\"The number of subjects does not match the one\" \" in the model.\")  s = [None] * len(X) for subject in range(len(X)): s[subject] = self.w_[subject].T.dot(X[subject])  return s"}
{"name": "hypertools.hypertools._externals.srm.DetSRM._objective_function", "code": "def _objective_function(self, data, w, s): \"\"\"Calculate the objective function  Parameters ----------  data : list of 2D arrays, element i has shape=[voxels_i, samples] Each element in the list contains the fMRI data of one subject.  w : list of 2D arrays, element i has shape=[voxels_i, features] The orthogonal transforms (mappings) :math:`W_i` for each subject.  s : array, shape=[features, samples] The shared response  Returns -------  objective : float The objective function value. \"\"\" subjects = len(data) objective = 0.0 for m in range(subjects): objective += \\ np.linalg.norm(data[m] - w[m].dot(s), 'fro')**2  return objective * 0.5 / data[0].shape[1]"}
{"name": "hypertools.hypertools._externals.srm.DetSRM._compute_shared_response", "code": "def _compute_shared_response(self, data, w): \"\"\" Compute the shared response S  Parameters ----------  data : list of 2D arrays, element i has shape=[voxels_i, samples] Each element in the list contains the fMRI data of one subject.  w : list of 2D arrays, element i has shape=[voxels_i, features] The orthogonal transforms (mappings) :math:`W_i` for each subject.  Returns -------  s : array, shape=[features, samples] The shared response for the subjects data with the mappings in w. \"\"\" s = np.zeros((w[0].shape[1], data[0].shape[1])) for m in range(len(w)): s = s + w[m].T.dot(data[m]) s /= len(w)  return s"}
{"name": "hypertools.hypertools._externals.srm.DetSRM._srm", "code": "def _srm(self, data): \"\"\"Expectation-Maximization algorithm for fitting the probabilistic SRM.  Parameters ----------  data : list of 2D arrays, element i has shape=[voxels_i, samples] Each element in the list contains the fMRI data of one subject.   Returns -------  w : list of array, element i has shape=[voxels_i, features] The orthogonal transforms (mappings) :math:`W_i` for each subject.  s : array, shape=[features, samples] The shared response. \"\"\"  subjects = len(data)  np.random.seed(self.rand_seed)  # Initialization step: initialize the outputs with initial values, # voxels with the number of voxels in each subject. w, _ = _init_w_transforms(data, self.features) shared_response = self._compute_shared_response(data, w) if logger.isEnabledFor(logging.INFO): # Calculate the current objective function value objective = self._objective_function(data, w, shared_response) logger.info('Objective function %f' % objective)  # Main loop of the algorithm for iteration in range(self.n_iter): logger.info('Iteration %d' % (iteration + 1))  # Update each subject's mapping transform W_i: for subject in range(subjects): a_subject = data[subject].dot(shared_response.T) perturbation = np.zeros(a_subject.shape) np.fill_diagonal(perturbation, 0.001) u_subject, _, v_subject = np.linalg.svd( a_subject + perturbation, full_matrices=False) w[subject] = u_subject.dot(v_subject)  # Update the shared response: shared_response = self._compute_shared_response(data, w)  if logger.isEnabledFor(logging.INFO): # Calculate the current objective function value objective = self._objective_function(data, w, shared_response) logger.info('Objective function %f' % objective)  return w, shared_response"}
{"name": "hypertools.hypertools._shared.exceptions.HypertoolsBackendError.__init__", "code": "def __init__(self, message): super().__init__(message) self.message = message"}
{"name": "hypertools.hypertools._shared.exceptions.HypertoolsIOError.__init__", "code": "def __init__(self, message): super().__init__(message) self.message = message"}
{"name": "hypertools.hypertools.datageometry.DataGeometry.__init__", "code": "def __init__(self, fig=None, ax=None, line_ani=None, data=None, xform_data=None, reduce=None, align=None, normalize=None, semantic=None, vectorizer=None, corpus=None, kwargs=None, version=__version__, dtype=None):  # matplotlib figure handle self.fig = fig  # matplotlib axis handle self.ax = ax  # matplotlib line_ani handle (if its an animation) self.line_ani = line_ani  # convert to numpy array if text if isinstance(data, list): data = list(map(convert_text, data)) self.data = data self.dtype = get_dtype(data)  # the transformed data self.xform_data = xform_data  # dictionary of model and model_params self.reduce = reduce  # 'hyper', 'SRM' or None self.align = align  # 'within', 'across', 'row' or False self.normalize = normalize  # text params self.semantic = semantic self.vectorizer = vectorizer  self.corpus = corpus  # dictionary of kwargs self.kwargs = kwargs  # hypertools version self.version = version"}
{"name": "hypertools.hypertools.datageometry.DataGeometry.get_data", "code": "def get_data(self): \"\"\"Return a copy of the data\"\"\" return copy.copy(self.data)"}
{"name": "hypertools.hypertools.datageometry.DataGeometry.get_formatted_data", "code": "def get_formatted_data(self): \"\"\"Return a formatted copy of the data\"\"\" return format_data(self.data)"}
{"name": "hypertools.hypertools.datageometry.DataGeometry.transform", "code": "def transform(self, data=None): \"\"\" Return transformed data, or transform new data using the same model parameters  Parameters ---------- data : numpy array, pandas dataframe or list of arrays/dfs The data to transform.  If no data is passed, the xform_data from the DataGeometry object will be returned.  Returns ---------- xformed_data : list of numpy arrays The transformed data  \"\"\" # if no new data passed, from .tools.align import align as aligner from .tools.normalize import normalize as normalizer from .tools.reduce import reduce as reducer if data is None: return self.xform_data else: formatted = format_data( data, semantic=self.semantic, vectorizer=self.vectorizer, corpus=self.corpus, ppca=True) norm = normalizer(formatted, normalize=self.normalize) reduction = reducer( norm, reduce=self.reduce, ndims=self.reduce['params']['n_components']) return aligner(reduction, align=self.align)"}
{"name": "hypertools.hypertools.datageometry.DataGeometry.plot", "code": "def plot(self, data=None, **kwargs): \"\"\" Plot the data  Parameters ---------- data : numpy array, pandas dataframe or list of arrays/dfs The data to plot.  If no data is passed, the xform_data from the DataGeometry object will be returned.  kwargs : keyword arguments Any keyword arguments supported by `hypertools.plot` are also supported by this method  Returns ---------- geo : hypertools.DataGeometry A new data geometry object  \"\"\"  # import plot here to avoid circular imports from .plot.plot import plot as plotter  if data is None: d = copy.copy(self.data) transform = copy.copy(self.xform_data) if any([k in kwargs for k in ['reduce', 'align', 'normalize', 'semantic', 'vectorizer', 'corpus']]): d = copy.copy(self.data) transform = None else: d = data transform = None  # get kwargs and update with new kwargs new_kwargs = copy.copy(self.kwargs) update_kwargs = dict(transform=transform, reduce=self.reduce, align=self.align, normalize=self.normalize, semantic=self.semantic, vectorizer=self.vectorizer, corpus=self.corpus) new_kwargs.update(update_kwargs) for key in kwargs: new_kwargs.update({key : kwargs[key]}) return plotter(d, **new_kwargs)"}
{"name": "hypertools.hypertools.datageometry.DataGeometry.save", "code": "def save(self, fname, compression=None): \"\"\" Save method for the data geometry object  The data will be saved as a 'geo' file, which is a dictionary containing the elements of a data geometry object saved in the hd5 format using `deepdish`.  Parameters ---------- fname : str A name for the file.  If the file extension (.geo) is not specified, it will be appended. \"\"\" if compression is not None: warnings.warn(\"Hypertools has switched from deepdish to pickle \" \"for saving DataGeomtry objects. 'compression' \" \"argument has no effect and will be removed in a \" \"future version\", FutureWarning)  # automatically add extension if not present if not fname.endswith('.geo'): fname += '.geo'  # can't save/restore matplotlib objects across sessions curr_fig = self.fig curr_ax = self.ax curr_line_ani = self.line_ani  curr_data = self.data # convert pandas DataFrames to dicts of # {column_name: list(column_values)} to fix I/O compatibility # issues across certain pandas versions. Expected self.data # format is restored by hypertools.load if isinstance(curr_data, pd.DataFrame): data_out_fmt = curr_data.to_dict('list') else: data_out_fmt = curr_data  try: self.fig = self.ax = self.line_ani = None self.data = data_out_fmt # save with open(fname, 'wb') as f: pickle.dump(self, f) finally: # make sure we don't mutate attribute values whether or not # save was successful self.fig = curr_fig self.ax = curr_ax self.line_ani = curr_line_ani self.data = curr_data"}
