{"name": "litecli.tasks.BaseCommand.__init__", "code": "def __init__(self, *args, **kwargs): super(BaseCommand, self).__init__(*args, **kwargs) self.verbose = False"}
{"name": "litecli.tasks.BaseCommand.initialize_options", "code": "def initialize_options(self): \"\"\"Override the distutils abstract method.\"\"\" pass"}
{"name": "litecli.tasks.BaseCommand.finalize_options", "code": "def finalize_options(self): \"\"\"Override the distutils abstract method.\"\"\" # Distutils uses incrementing integers for verbosity. self.verbose = bool(self.verbose)"}
{"name": "litecli.tasks.BaseCommand.call_and_exit", "code": "def call_and_exit(self, cmd, shell=True): \"\"\"Run the *cmd* and exit with the proper exit code.\"\"\" sys.exit(subprocess.call(cmd, shell=shell))"}
{"name": "litecli.tasks.BaseCommand.call_in_sequence", "code": "def call_in_sequence(self, cmds, shell=True): \"\"\"Run multiple commmands in a row, exiting if one fails.\"\"\" for cmd in cmds: if subprocess.call(cmd, shell=shell) == 1: sys.exit(1)"}
{"name": "litecli.tasks.BaseCommand.apply_options", "code": "def apply_options(self, cmd, options=()): \"\"\"Apply command-line options.\"\"\" for option in self.default_cmd_options + options: cmd = self.apply_option(cmd, option, active=getattr(self, option, False)) return cmd"}
{"name": "litecli.tasks.BaseCommand.apply_option", "code": "def apply_option(self, cmd, option, active=True): \"\"\"Apply a command-line option.\"\"\" return re.sub( r\"{{{}\\:(?P<option>[^}}]*)}}\".format(option), r\"\\g<option>\" if active else \"\", cmd, )"}
{"name": "litecli.tasks.lint.initialize_options", "code": "def initialize_options(self): \"\"\"Set the default options.\"\"\" self.fix = False"}
{"name": "litecli.tasks.lint.finalize_options", "code": "def finalize_options(self): pass"}
{"name": "litecli.tasks.lint.run", "code": "def run(self): cmd = \"black\" if not self.fix: cmd += \" --check\" cmd += \" .\" sys.exit(subprocess.call(cmd, shell=True))"}
{"name": "litecli.tasks.test.initialize_options", "code": "def initialize_options(self): TestCommand.initialize_options(self) self.pytest_args = \"\""}
{"name": "litecli.tasks.test.run_tests", "code": "def run_tests(self): unit_test_errno = subprocess.call( \"pytest tests \" + self.pytest_args, shell=True ) # cli_errno = subprocess.call('behave test/features', shell=True) # sys.exit(unit_test_errno or cli_errno) sys.exit(unit_test_errno)"}
{"name": "litecli.tests.test_main.output.TestOutput.get_size", "code": "def get_size(self): size = namedtuple(\"Size\", \"rows columns\") size.columns, size.rows = terminal_size return size"}
{"name": "litecli.tests.test_main.output.TestExecute.server_type", "code": "def server_type(self): return [\"test\"]"}
{"name": "litecli.litecli.main.LiteCli.__init__", "code": "def __init__( self, sqlexecute=None, prompt=None, logfile=None, auto_vertical_output=False, warn=None, liteclirc=None, ): self.sqlexecute = sqlexecute self.logfile = logfile  # Load config. c = self.config = get_config(liteclirc)  self.multi_line = c[\"main\"].as_bool(\"multi_line\") self.key_bindings = c[\"main\"][\"key_bindings\"] special.set_favorite_queries(self.config) self.formatter = TabularOutputFormatter(format_name=c[\"main\"][\"table_format\"]) self.formatter.litecli = self self.syntax_style = c[\"main\"][\"syntax_style\"] self.less_chatty = c[\"main\"].as_bool(\"less_chatty\") self.show_bottom_toolbar = c[\"main\"].as_bool(\"show_bottom_toolbar\") self.cli_style = c[\"colors\"] self.output_style = style_factory_output(self.syntax_style, self.cli_style) self.wider_completion_menu = c[\"main\"].as_bool(\"wider_completion_menu\") self.autocompletion = c[\"main\"].as_bool(\"autocompletion\") c_dest_warning = c[\"main\"].as_bool(\"destructive_warning\") self.destructive_warning = c_dest_warning if warn is None else warn self.login_path_as_host = c[\"main\"].as_bool(\"login_path_as_host\")  # read from cli argument or user config file self.auto_vertical_output = auto_vertical_output or c[\"main\"].as_bool( \"auto_vertical_output\" )  # audit log if self.logfile is None and \"audit_log\" in c[\"main\"]: try: self.logfile = open(os.path.expanduser(c[\"main\"][\"audit_log\"]), \"a\") except (IOError, OSError): self.echo( \"Error: Unable to open the audit log file. Your queries will not be logged.\", err=True, fg=\"red\", ) self.logfile = False  self.completion_refresher = CompletionRefresher()  self.logger = logging.getLogger(__name__) self.initialize_logging()  prompt_cnf = self.read_my_cnf_files([\"prompt\"])[\"prompt\"] self.prompt_format = ( prompt or prompt_cnf or c[\"main\"][\"prompt\"] or self.default_prompt ) self.prompt_continuation_format = c[\"main\"][\"prompt_continuation\"] keyword_casing = c[\"main\"].get(\"keyword_casing\", \"auto\")  self.query_history = []  # Initialize completer. self.completer = SQLCompleter( supported_formats=self.formatter.supported_formats, keyword_casing=keyword_casing, ) self._completer_lock = threading.Lock()  # Register custom special commands. self.register_special_commands()  self.prompt_app = None"}
{"name": "litecli.litecli.main.LiteCli.register_special_commands", "code": "def register_special_commands(self): special.register_special_command( self.change_db, \".open\", \".open\", \"Change to a new database.\", aliases=(\"use\", \"\\\\u\"), ) special.register_special_command( self.refresh_completions, \"rehash\", \"\\\\#\", \"Refresh auto-completions.\", arg_type=NO_QUERY, aliases=(\"\\\\#\",), ) special.register_special_command( self.change_table_format, \".mode\", \"\\\\T\", \"Change the table format used to output results.\", aliases=(\"tableformat\", \"\\\\T\"), case_sensitive=True, ) special.register_special_command( self.execute_from_file, \".read\", \"\\\\. filename\", \"Execute commands from file.\", case_sensitive=True, aliases=(\"\\\\.\", \"source\"), ) special.register_special_command( self.change_prompt_format, \"prompt\", \"\\\\R\", \"Change prompt format.\", aliases=(\"\\\\R\",), case_sensitive=True, )"}
{"name": "litecli.litecli.main.LiteCli.change_table_format", "code": "def change_table_format(self, arg, **_): try: self.formatter.format_name = arg yield (None, None, None, \"Changed table format to {}\".format(arg)) except ValueError: msg = \"Table format {} not recognized. Allowed formats:\".format(arg) for table_type in self.formatter.supported_formats: msg += \"\\n\\t{}\".format(table_type) yield (None, None, None, msg)"}
{"name": "litecli.litecli.main.LiteCli.change_db", "code": "def change_db(self, arg, **_): if arg is None: self.sqlexecute.connect() else: self.sqlexecute.connect(database=arg)  self.refresh_completions() yield ( None, None, None, 'You are now connected to database \"%s\"' % (self.sqlexecute.dbname), )"}
{"name": "litecli.litecli.main.LiteCli.execute_from_file", "code": "def execute_from_file(self, arg, **_): if not arg: message = \"Missing required argument, filename.\" return [(None, None, None, message)] try: with open(os.path.expanduser(arg), encoding=\"utf-8\") as f: query = f.read() except IOError as e: return [(None, None, None, str(e))]  if self.destructive_warning and confirm_destructive_query(query) is False: message = \"Wise choice. Command execution stopped.\" return [(None, None, None, message)]  return self.sqlexecute.run(query)"}
{"name": "litecli.litecli.main.LiteCli.change_prompt_format", "code": "def change_prompt_format(self, arg, **_): \"\"\" Change the prompt format. \"\"\" if not arg: message = \"Missing required argument, format.\" return [(None, None, None, message)]  self.prompt_format = self.get_prompt(arg) return [(None, None, None, \"Changed prompt format to %s\" % arg)]"}
{"name": "litecli.litecli.main.LiteCli.initialize_logging", "code": "def initialize_logging(self):  log_file = self.config[\"main\"][\"log_file\"] if log_file == \"default\": log_file = config_location() + \"log\" ensure_dir_exists(log_file)  log_level = self.config[\"main\"][\"log_level\"]  level_map = { \"CRITICAL\": logging.CRITICAL, \"ERROR\": logging.ERROR, \"WARNING\": logging.WARNING, \"INFO\": logging.INFO, \"DEBUG\": logging.DEBUG, }  # Disable logging if value is NONE by switching to a no-op handler # Set log level to a high value so it doesn't even waste cycles getting called. if log_level.upper() == \"NONE\": handler = logging.NullHandler() log_level = \"CRITICAL\" elif dir_path_exists(log_file): handler = logging.FileHandler(log_file) else: self.echo( 'Error: Unable to open the log file \"{}\".'.format(log_file), err=True, fg=\"red\", ) return  formatter = logging.Formatter( \"%(asctime)s (%(process)d/%(threadName)s) \" \"%(name)s %(levelname)s - %(message)s\" )  handler.setFormatter(formatter)  root_logger = logging.getLogger(\"litecli\") root_logger.addHandler(handler) root_logger.setLevel(level_map[log_level.upper()])  logging.captureWarnings(True)  root_logger.debug(\"Initializing litecli logging.\") root_logger.debug(\"Log file %r.\", log_file)"}
{"name": "litecli.litecli.main.LiteCli.read_my_cnf_files", "code": "def read_my_cnf_files(self, keys): \"\"\" Reads a list of config files and merges them. The last one will win. :param files: list of files to read :param keys: list of keys to retrieve :returns: tuple, with None for missing keys. \"\"\" cnf = self.config  sections = [\"main\"]  def get(key): result = None for sect in cnf: if sect in sections and key in cnf[sect]: result = cnf[sect][key] return result  return {x: get(x) for x in keys}"}
{"name": "litecli.litecli.main.LiteCli.connect", "code": "def connect(self, database=\"\"):  cnf = {\"database\": None}  cnf = self.read_my_cnf_files(cnf.keys())  # Fall back to config values only if user did not specify a value.  database = database or cnf[\"database\"]  # Connect to the database.  def _connect(): self.sqlexecute = SQLExecute(database)  try: _connect() except Exception as e:  # Connecting to a database could fail. self.logger.debug(\"Database connection failed: %r.\", e) self.logger.error(\"traceback: %r\", traceback.format_exc()) self.echo(str(e), err=True, fg=\"red\") exit(1)"}
{"name": "litecli.litecli.main.LiteCli.handle_editor_command", "code": "def handle_editor_command(self, text): \"\"\"Editor command is any query that is prefixed or suffixed by a '\\e'. The reason for a while loop is because a user might edit a query multiple times. For eg:  \"select * from \\e\"<enter> to edit it in vim, then come back to the prompt with the edited query \"select * from blah where q = 'abc'\\e\" to edit it again. :param text: Document :return: Document  \"\"\"  while special.editor_command(text): filename = special.get_filename(text) query = special.get_editor_query(text) or self.get_last_query() sql, message = special.open_external_editor(filename, sql=query) if message: # Something went wrong. Raise an exception and bail. raise RuntimeError(message) while True: try: text = self.prompt_app.prompt(default=sql) break except KeyboardInterrupt: sql = \"\"  continue return text"}
{"name": "litecli.litecli.main.LiteCli.run_cli", "code": "def run_cli(self): iterations = 0 sqlexecute = self.sqlexecute logger = self.logger self.configure_pager() self.refresh_completions()  history_file = config_location() + \"history\" if dir_path_exists(history_file): history = FileHistory(history_file) else: history = None self.echo( 'Error: Unable to open the history file \"{}\". ' \"Your query history will not be saved.\".format(history_file), err=True, fg=\"red\", )  key_bindings = cli_bindings(self)  if not self.less_chatty: print(\"Version:\", __version__) print(\"Mail: https://groups.google.com/forum/#!forum/litecli-users\") print(\"GitHub: https://github.com/dbcli/litecli\") # print(\"Home: https://litecli.com\")  def get_message(): prompt = self.get_prompt(self.prompt_format) if ( self.prompt_format == self.default_prompt and len(prompt) > self.max_len_prompt ): prompt = self.get_prompt(\"\\\\d> \") prompt = prompt.replace(\"\\\\x1b\", \"\\x1b\") return ANSI(prompt)  def get_continuation(width, line_number, is_soft_wrap): continuation = \" \" * (width - 1) + \" \" return [(\"class:continuation\", continuation)]  def show_suggestion_tip(): return iterations < 2  def one_iteration(text=None): if text is None: try: text = self.prompt_app.prompt() except KeyboardInterrupt: return  special.set_expanded_output(False)  try: text = self.handle_editor_command(text) except RuntimeError as e: logger.error(\"sql: %r, error: %r\", text, e) logger.error(\"traceback: %r\", traceback.format_exc()) self.echo(str(e), err=True, fg=\"red\") return  if not text.strip(): return  if self.destructive_warning: destroy = confirm_destructive_query(text) if destroy is None: pass  # Query was not destructive. Nothing to do here. elif destroy is True: self.echo(\"Your call!\") else: self.echo(\"Wise choice!\") return  # Keep track of whether or not the query is mutating. In case # of a multi-statement query, the overall query is considered # mutating if any one of the component statements is mutating mutating = False  try: logger.debug(\"sql: %r\", text)  special.write_tee(self.get_prompt(self.prompt_format) + text) if self.logfile: self.logfile.write(\"\\n# %s\\n\" % datetime.now()) self.logfile.write(text) self.logfile.write(\"\\n\")  successful = False start = time() res = sqlexecute.run(text) self.formatter.query = text successful = True result_count = 0 for title, cur, headers, status in res: logger.debug(\"headers: %r\", headers) logger.debug(\"rows: %r\", cur) logger.debug(\"status: %r\", status) threshold = 1000 if is_select(status) and cur and cur.rowcount > threshold: self.echo( \"The result set has more than {} rows.\".format(threshold), fg=\"red\", ) if not confirm(\"Do you want to continue?\"): self.echo(\"Aborted!\", err=True, fg=\"red\") break  if self.auto_vertical_output: max_width = self.prompt_app.output.get_size().columns else: max_width = None  formatted = self.format_output( title, cur, headers, special.is_expanded_output(), max_width )  t = time() - start try: if result_count > 0: self.echo(\"\") try: self.output(formatted, status) except KeyboardInterrupt: pass self.echo(\"Time: %0.03fs\" % t) except KeyboardInterrupt: pass  start = time() result_count += 1 mutating = mutating or is_mutating(status) special.unset_once_if_written() except EOFError as e: raise e except KeyboardInterrupt: # get last connection id connection_id_to_kill = sqlexecute.connection_id logger.debug(\"connection id to kill: %r\", connection_id_to_kill) # Restart connection to the database sqlexecute.connect() try: for title, cur, headers, status in sqlexecute.run( \"kill %s\" % connection_id_to_kill ): status_str = str(status).lower() if status_str.find(\"ok\") > -1: logger.debug( \"cancelled query, connection id: %r, sql: %r\", connection_id_to_kill, text, ) self.echo(\"cancelled query\", err=True, fg=\"red\") except Exception as e: self.echo( \"Encountered error while cancelling query: {}\".format(e), err=True, fg=\"red\", ) except NotImplementedError: self.echo(\"Not Yet Implemented.\", fg=\"yellow\") except OperationalError as e: logger.debug(\"Exception: %r\", e) if e.args[0] in (2003, 2006, 2013): logger.debug(\"Attempting to reconnect.\") self.echo(\"Reconnecting...\", fg=\"yellow\") try: sqlexecute.connect() logger.debug(\"Reconnected successfully.\") one_iteration(text) return  # OK to just return, cuz the recursion call runs to the end. except OperationalError as e: logger.debug(\"Reconnect failed. e: %r\", e) self.echo(str(e), err=True, fg=\"red\") # If reconnection failed, don't proceed further. return else: logger.error(\"sql: %r, error: %r\", text, e) logger.error(\"traceback: %r\", traceback.format_exc()) self.echo(str(e), err=True, fg=\"red\") except Exception as e: logger.error(\"sql: %r, error: %r\", text, e) logger.error(\"traceback: %r\", traceback.format_exc()) self.echo(str(e), err=True, fg=\"red\") else: # Refresh the table names and column names if necessary. if need_completion_refresh(text): self.refresh_completions(reset=need_completion_reset(text)) finally: if self.logfile is False: self.echo(\"Warning: This query was not logged.\", err=True, fg=\"red\") query = Query(text, successful, mutating) self.query_history.append(query)  get_toolbar_tokens = create_toolbar_tokens_func(self, show_suggestion_tip)  if self.wider_completion_menu: complete_style = CompleteStyle.MULTI_COLUMN else: complete_style = CompleteStyle.COLUMN  if not self.autocompletion: complete_style = CompleteStyle.READLINE_LIKE  with self._completer_lock:  if self.key_bindings == \"vi\": editing_mode = EditingMode.VI else: editing_mode = EditingMode.EMACS  self.prompt_app = PromptSession( lexer=PygmentsLexer(LiteCliLexer), reserve_space_for_menu=self.get_reserved_space(), message=get_message, prompt_continuation=get_continuation, bottom_toolbar=get_toolbar_tokens if self.show_bottom_toolbar else None, complete_style=complete_style, input_processors=[ ConditionalProcessor( processor=HighlightMatchingBracketProcessor(chars=\"[](){}\"), filter=HasFocus(DEFAULT_BUFFER) & ~IsDone(), ) ], tempfile_suffix=\".sql\", completer=DynamicCompleter(lambda: self.completer), history=history, auto_suggest=AutoSuggestFromHistory(), complete_while_typing=True, multiline=cli_is_multiline(self), style=style_factory(self.syntax_style, self.cli_style), include_default_pygments_style=False, key_bindings=key_bindings, enable_open_in_editor=True, enable_system_prompt=True, enable_suspend=True, editing_mode=editing_mode, search_ignore_case=True, )  try: while True: one_iteration() iterations += 1 except EOFError: special.close_tee() if not self.less_chatty: self.echo(\"Goodbye!\")"}
{"name": "litecli.litecli.main.LiteCli.log_output", "code": "def log_output(self, output): \"\"\"Log the output in the audit log, if it's enabled.\"\"\" if self.logfile: click.echo(utf8tounicode(output), file=self.logfile)"}
{"name": "litecli.litecli.main.LiteCli.echo", "code": "def echo(self, s, **kwargs): \"\"\"Print a message to stdout.  The message will be logged in the audit log, if enabled.  All keyword arguments are passed to click.echo().  \"\"\" self.log_output(s) click.secho(s, **kwargs)"}
{"name": "litecli.litecli.main.LiteCli.get_output_margin", "code": "def get_output_margin(self, status=None): \"\"\"Get the output margin (number of rows for the prompt, footer and timing message.\"\"\" margin = ( self.get_reserved_space() + self.get_prompt(self.prompt_format).count(\"\\n\") + 2 ) if status: margin += 1 + status.count(\"\\n\")  return margin"}
{"name": "litecli.litecli.main.LiteCli.output", "code": "def output(self, output, status=None): \"\"\"Output text to stdout or a pager command.  The status text is not outputted to pager or files.  The message will be logged in the audit log, if enabled. The message will be written to the tee file, if enabled. The message will be written to the output file, if enabled.  \"\"\" if output: size = self.prompt_app.output.get_size()  margin = self.get_output_margin(status)  fits = True buf = [] output_via_pager = self.explicit_pager and special.is_pager_enabled() for i, line in enumerate(output, 1): self.log_output(line) special.write_tee(line) special.write_once(line)  if fits or output_via_pager: # buffering buf.append(line) if len(line) > size.columns or i > (size.rows - margin): fits = False if not self.explicit_pager and special.is_pager_enabled(): # doesn't fit, use pager output_via_pager = True  if not output_via_pager: # doesn't fit, flush buffer for line in buf: click.secho(line) buf = [] else: click.secho(line)  if buf: if output_via_pager: # sadly click.echo_via_pager doesn't accept generators click.echo_via_pager(\"\\n\".join(buf)) else: for line in buf: click.secho(line)  if status: self.log_output(status) click.secho(status)"}
{"name": "litecli.litecli.main.LiteCli.configure_pager", "code": "def configure_pager(self): # Provide sane defaults for less if they are empty. if not os.environ.get(\"LESS\"): os.environ[\"LESS\"] = \"-RXF\"  cnf = self.read_my_cnf_files([\"pager\", \"skip-pager\"]) if cnf[\"pager\"]: special.set_pager(cnf[\"pager\"]) self.explicit_pager = True else: self.explicit_pager = False  if cnf[\"skip-pager\"] or not self.config[\"main\"].as_bool(\"enable_pager\"): special.disable_pager()"}
{"name": "litecli.litecli.main.LiteCli.refresh_completions", "code": "def refresh_completions(self, reset=False): if reset: with self._completer_lock: self.completer.reset_completions() self.completion_refresher.refresh( self.sqlexecute, self._on_completions_refreshed, { \"supported_formats\": self.formatter.supported_formats, \"keyword_casing\": self.completer.keyword_casing, }, )  return [ (None, None, None, \"Auto-completion refresh started in the background.\") ]"}
{"name": "litecli.litecli.main.LiteCli._on_completions_refreshed", "code": "def _on_completions_refreshed(self, new_completer): \"\"\"Swap the completer object in cli with the newly created completer.\"\"\" with self._completer_lock: self.completer = new_completer  if self.prompt_app: # After refreshing, redraw the CLI to clear the statusbar # \"Refreshing completions...\" indicator self.prompt_app.app.invalidate()"}
{"name": "litecli.litecli.main.LiteCli.get_completions", "code": "def get_completions(self, text, cursor_positition): with self._completer_lock: return self.completer.get_completions( Document(text=text, cursor_position=cursor_positition), None )"}
{"name": "litecli.litecli.main.LiteCli.get_prompt", "code": "def get_prompt(self, string): self.logger.debug(\"Getting prompt\") sqlexecute = self.sqlexecute now = datetime.now() string = string.replace(\"\\\\d\", sqlexecute.dbname or \"(none)\") string = string.replace(\"\\\\f\", os.path.basename(sqlexecute.dbname or \"(none)\")) string = string.replace(\"\\\\n\", \"\\n\") string = string.replace(\"\\\\D\", now.strftime(\"%a %b %d %H:%M:%S %Y\")) string = string.replace(\"\\\\m\", now.strftime(\"%M\")) string = string.replace(\"\\\\P\", now.strftime(\"%p\")) string = string.replace(\"\\\\R\", now.strftime(\"%H\")) string = string.replace(\"\\\\r\", now.strftime(\"%I\")) string = string.replace(\"\\\\s\", now.strftime(\"%S\")) string = string.replace(\"\\\\_\", \" \") return string"}
{"name": "litecli.litecli.main.LiteCli.run_query", "code": "def run_query(self, query, new_line=True): \"\"\"Runs *query*.\"\"\" results = self.sqlexecute.run(query) for result in results: title, cur, headers, status = result self.formatter.query = query output = self.format_output(title, cur, headers) for line in output: click.echo(line, nl=new_line)"}
{"name": "litecli.litecli.main.LiteCli.format_output", "code": "def format_output(self, title, cur, headers, expanded=False, max_width=None): expanded = expanded or self.formatter.format_name == \"vertical\" output = []  output_kwargs = { \"dialect\": \"unix\", \"disable_numparse\": True, \"preserve_whitespace\": True, \"preprocessors\": (preprocessors.align_decimals,), \"style\": self.output_style, }  if title:  # Only print the title if it's not None. output = itertools.chain(output, [title])  if cur: column_types = None if hasattr(cur, \"description\"):  def get_col_type(col): # col_type = FIELD_TYPES.get(col[1], text_type) # return col_type if type(col_type) is type else text_type return text_type  column_types = [get_col_type(col) for col in cur.description]  if max_width is not None: cur = list(cur)  formatted = self.formatter.format_output( cur, headers, format_name=\"vertical\" if expanded else None, column_types=column_types, **output_kwargs )  if isinstance(formatted, (text_type)): formatted = formatted.splitlines() formatted = iter(formatted)  first_line = next(formatted) formatted = itertools.chain([first_line], formatted)  if ( not expanded and max_width and headers and cur and len(first_line) > max_width ): formatted = self.formatter.format_output( cur, headers, format_name=\"vertical\", column_types=column_types, **output_kwargs ) if isinstance(formatted, (text_type)): formatted = iter(formatted.splitlines())  output = itertools.chain(output, formatted)  return output"}
{"name": "litecli.litecli.main.LiteCli.get_reserved_space", "code": "def get_reserved_space(self): \"\"\"Get the number of lines to reserve for the completion menu.\"\"\" reserved_space_ratio = 0.45 max_reserved_space = 8 _, height = shutil.get_terminal_size() return min(int(round(height * reserved_space_ratio)), max_reserved_space)"}
{"name": "litecli.litecli.main.LiteCli.get_last_query", "code": "def get_last_query(self): \"\"\"Get the last query executed or None.\"\"\" return self.query_history[-1][0] if self.query_history else None"}
{"name": "litecli.litecli.sqlexecute.SQLExecute.__init__", "code": "def __init__(self, database): self.dbname = database self._server_type = None self.connection_id = None self.conn = None if not database: _logger.debug(\"Database is not specified. Skip connection.\") return self.connect()"}
{"name": "litecli.litecli.sqlexecute.SQLExecute.connect", "code": "def connect(self, database=None): db = database or self.dbname _logger.debug(\"Connection DB Params: \\n\" \"\\tdatabase: %r\", database)  db_name = os.path.expanduser(db) db_dir_name = os.path.dirname(os.path.abspath(db_name)) if not os.path.exists(db_dir_name): raise Exception(\"Path does not exist: {}\".format(db_dir_name))  conn = sqlite3.connect(database=db_name, isolation_level=None) conn.text_factory = lambda x: x.decode(\"utf-8\", \"backslashreplace\") if self.conn: self.conn.close()  self.conn = conn # Update them after the connection is made to ensure that it was a # successful connection. self.dbname = db # retrieve connection id self.reset_connection_id()"}
{"name": "litecli.litecli.sqlexecute.SQLExecute.run", "code": "def run(self, statement): \"\"\"Execute the sql in the database and return the results. The results are a list of tuples. Each tuple has 4 values (title, rows, headers, status). \"\"\" # Remove spaces and EOL statement = statement.strip() if not statement:  # Empty string yield (None, None, None, None)  # Split the sql into separate queries and run each one. # Unless it's saving a favorite query, in which case we # want to save them all together. if statement.startswith(\"\\\\fs\"): components = [statement] else: components = sqlparse.split(statement)  for sql in components: # Remove spaces, eol and semi-colons. sql = sql.rstrip(\";\")  # \\G is treated specially since we have to set the expanded output. if sql.endswith(\"\\\\G\"): special.set_expanded_output(True) sql = sql[:-2].strip()  if not self.conn and not ( sql.startswith(\".open\") or sql.lower().startswith(\"use\") or sql.startswith(\"\\\\u\") or sql.startswith(\"\\\\?\") or sql.startswith(\"\\\\q\") or sql.startswith(\"help\") or sql.startswith(\"exit\") or sql.startswith(\"quit\") ): _logger.debug( \"Not connected to database. Will not run statement: %s.\", sql ) raise OperationalError(\"Not connected to database.\") # yield ('Not connected to database', None, None, None) # return  cur = self.conn.cursor() if self.conn else None try:  # Special command _logger.debug(\"Trying a dbspecial command. sql: %r\", sql) for result in special.execute(cur, sql): yield result except special.CommandNotFound:  # Regular SQL _logger.debug(\"Regular sql statement. sql: %r\", sql) cur.execute(sql) yield self.get_result(cur)"}
{"name": "litecli.litecli.sqlexecute.SQLExecute.get_result", "code": "def get_result(self, cursor): \"\"\"Get the current result's data from the cursor.\"\"\" title = headers = None  # cursor.description is not None for queries that return result sets, # e.g. SELECT. if cursor.description is not None: headers = [x[0] for x in cursor.description] status = \"{0} row{1} in set\" cursor = list(cursor) rowcount = len(cursor) else: _logger.debug(\"No rows in result.\") status = \"Query OK, {0} row{1} affected\" rowcount = 0 if cursor.rowcount == -1 else cursor.rowcount cursor = None  status = status.format(rowcount, \"\" if rowcount == 1 else \"s\")  return (title, cursor, headers, status)"}
{"name": "litecli.litecli.sqlexecute.SQLExecute.tables", "code": "def tables(self): \"\"\"Yields table names\"\"\"  with closing(self.conn.cursor()) as cur: _logger.debug(\"Tables Query. sql: %r\", self.tables_query) cur.execute(self.tables_query) for row in cur: yield row"}
{"name": "litecli.litecli.sqlexecute.SQLExecute.table_columns", "code": "def table_columns(self): \"\"\"Yields column names\"\"\" with closing(self.conn.cursor()) as cur: _logger.debug(\"Columns Query. sql: %r\", self.table_columns_query) cur.execute(self.table_columns_query) for row in cur: yield row"}
{"name": "litecli.litecli.sqlexecute.SQLExecute.databases", "code": "def databases(self): if not self.conn: return  with closing(self.conn.cursor()) as cur: _logger.debug(\"Databases Query. sql: %r\", self.databases_query) for row in cur.execute(self.databases_query): yield row[1]"}
{"name": "litecli.litecli.sqlexecute.SQLExecute.functions", "code": "def functions(self): \"\"\"Yields tuples of (schema_name, function_name)\"\"\"  with closing(self.conn.cursor()) as cur: _logger.debug(\"Functions Query. sql: %r\", self.functions_query) cur.execute(self.functions_query % self.dbname) for row in cur: yield row"}
{"name": "litecli.litecli.sqlexecute.SQLExecute.show_candidates", "code": "def show_candidates(self): with closing(self.conn.cursor()) as cur: _logger.debug(\"Show Query. sql: %r\", self.show_candidates_query) try: cur.execute(self.show_candidates_query) except sqlite3.DatabaseError as e: _logger.error(\"No show completions due to %r\", e) yield \"\" else: for row in cur: yield (row[0].split(None, 1)[-1],)"}
{"name": "litecli.litecli.sqlexecute.SQLExecute.server_type", "code": "def server_type(self): self._server_type = (\"sqlite3\", \"3\") return self._server_type"}
{"name": "litecli.litecli.sqlexecute.SQLExecute.get_connection_id", "code": "def get_connection_id(self): if not self.connection_id: self.reset_connection_id() return self.connection_id"}
{"name": "litecli.litecli.sqlexecute.SQLExecute.reset_connection_id", "code": "def reset_connection_id(self): # Remember current connection id _logger.debug(\"Get current connection id\") # res = self.run('select connection_id()') self.connection_id = uuid.uuid4() # for title, cur, headers, status in res: #     self.connection_id = cur.fetchone()[0] _logger.debug(\"Current connection id: %s\", self.connection_id)"}
{"name": "litecli.litecli.completion_refresher.CompletionRefresher.__init__", "code": "def __init__(self): self._completer_thread = None self._restart_refresh = threading.Event()"}
{"name": "litecli.litecli.completion_refresher.CompletionRefresher.refresh", "code": "def refresh(self, executor, callbacks, completer_options=None): \"\"\"Creates a SQLCompleter object and populates it with the relevant completion suggestions in a background thread.  executor - SQLExecute object, used to extract the credentials to connect to the database. callbacks - A function or a list of functions to call after the thread has completed the refresh. The newly created completion object will be passed in as an argument to each callback. completer_options - dict of options to pass to SQLCompleter.  \"\"\" if completer_options is None: completer_options = {}  if self.is_refreshing(): self._restart_refresh.set() return [(None, None, None, \"Auto-completion refresh restarted.\")] else: if executor.dbname == \":memory:\": # if DB is memory, needed to use same connection # So can't use same connection with different thread self._bg_refresh(executor, callbacks, completer_options) else: self._completer_thread = threading.Thread( target=self._bg_refresh, args=(executor, callbacks, completer_options), name=\"completion_refresh\", ) self._completer_thread.setDaemon(True) self._completer_thread.start() return [ ( None, None, None, \"Auto-completion refresh started in the background.\", ) ]"}
{"name": "litecli.litecli.completion_refresher.CompletionRefresher.is_refreshing", "code": "def is_refreshing(self): return self._completer_thread and self._completer_thread.is_alive()"}
{"name": "litecli.litecli.completion_refresher.CompletionRefresher._bg_refresh", "code": "def _bg_refresh(self, sqlexecute, callbacks, completer_options): completer = SQLCompleter(**completer_options)  e = sqlexecute if e.dbname == \":memory:\": # if DB is memory, needed to use same connection executor = sqlexecute else: # Create a new sqlexecute method to popoulate the completions. executor = SQLExecute(e.dbname)  # If callbacks is a single function then push it into a list. if callable(callbacks): callbacks = [callbacks]  while 1: for refresher in self.refreshers.values(): refresher(completer, executor) if self._restart_refresh.is_set(): self._restart_refresh.clear() break else: # Break out of while loop if the for loop finishes natually # without hitting the break statement. break  # Start over the refresh from the beginning if the for loop hit the # break statement. continue  for callback in callbacks: callback(completer)"}
{"name": "litecli.litecli.packages.special.favoritequeries.FavoriteQueries.__init__", "code": "def __init__(self, config): self.config = config"}
{"name": "litecli.litecli.packages.special.favoritequeries.FavoriteQueries.list", "code": "def list(self): return self.config.get(self.section_name, [])"}
{"name": "litecli.litecli.packages.special.favoritequeries.FavoriteQueries.get", "code": "def get(self, name): return self.config.get(self.section_name, {}).get(name, None)"}
{"name": "litecli.litecli.packages.special.favoritequeries.FavoriteQueries.save", "code": "def save(self, name, query): if self.section_name not in self.config: self.config[self.section_name] = {} self.config[self.section_name][name] = query self.config.write()"}
{"name": "litecli.litecli.packages.special.favoritequeries.FavoriteQueries.delete", "code": "def delete(self, name): try: del self.config[self.section_name][name] except KeyError: return \"%s: Not Found.\" % name self.config.write() return \"%s: Deleted\" % name"}
{"name": "litecli.litecli.sqlcompleter.SQLCompleter.__init__", "code": "def __init__(self, supported_formats=(), keyword_casing=\"auto\"): super(self.__class__, self).__init__() self.reserved_words = set() for x in self.keywords: self.reserved_words.update(x.split()) self.name_pattern = compile(\"^[_a-z][_a-z0-9\\$]*$\")  self.special_commands = [] self.table_formats = supported_formats if keyword_casing not in (\"upper\", \"lower\", \"auto\"): keyword_casing = \"auto\" self.keyword_casing = keyword_casing self.reset_completions()"}
{"name": "litecli.litecli.sqlcompleter.SQLCompleter.escape_name", "code": "def escape_name(self, name): if name and ( (not self.name_pattern.match(name)) or (name.upper() in self.reserved_words) or (name.upper() in self.functions) ): name = \"`%s`\" % name  return name"}
{"name": "litecli.litecli.sqlcompleter.SQLCompleter.unescape_name", "code": "def unescape_name(self, name): \"\"\"Unquote a string.\"\"\" if name and name[0] == '\"' and name[-1] == '\"': name = name[1:-1]  return name"}
{"name": "litecli.litecli.sqlcompleter.SQLCompleter.escaped_names", "code": "def escaped_names(self, names): return [self.escape_name(name) for name in names]"}
{"name": "litecli.litecli.sqlcompleter.SQLCompleter.extend_special_commands", "code": "def extend_special_commands(self, special_commands): # Special commands are not part of all_completions since they can only # be at the beginning of a line. self.special_commands.extend(special_commands)"}
{"name": "litecli.litecli.sqlcompleter.SQLCompleter.extend_database_names", "code": "def extend_database_names(self, databases): self.databases.extend(databases)"}
{"name": "litecli.litecli.sqlcompleter.SQLCompleter.extend_keywords", "code": "def extend_keywords(self, additional_keywords): self.keywords.extend(additional_keywords) self.all_completions.update(additional_keywords)"}
{"name": "litecli.litecli.sqlcompleter.SQLCompleter.extend_schemata", "code": "def extend_schemata(self, schema): if schema is None: return metadata = self.dbmetadata[\"tables\"] metadata[schema] = {}  # dbmetadata.values() are the 'tables' and 'functions' dicts for metadata in self.dbmetadata.values(): metadata[schema] = {} self.all_completions.update(schema)"}
{"name": "litecli.litecli.sqlcompleter.SQLCompleter.extend_relations", "code": "def extend_relations(self, data, kind): \"\"\"Extend metadata for tables or views  :param data: list of (rel_name, ) tuples :param kind: either 'tables' or 'views' :return: \"\"\" # 'data' is a generator object. It can throw an exception while being # consumed. This could happen if the user has launched the app without # specifying a database name. This exception must be handled to prevent # crashing. try: data = [self.escaped_names(d) for d in data] except Exception: data = []  # dbmetadata['tables'][$schema_name][$table_name] should be a list of # column names. Default to an asterisk metadata = self.dbmetadata[kind] for relname in data: try: metadata[self.dbname][relname[0]] = [\"*\"] except KeyError: _logger.error( \"%r %r listed in unrecognized schema %r\", kind, relname[0], self.dbname, ) self.all_completions.add(relname[0])"}
{"name": "litecli.litecli.sqlcompleter.SQLCompleter.extend_columns", "code": "def extend_columns(self, column_data, kind): \"\"\"Extend column metadata  :param column_data: list of (rel_name, column_name) tuples :param kind: either 'tables' or 'views' :return: \"\"\" # 'column_data' is a generator object. It can throw an exception while # being consumed. This could happen if the user has launched the app # without specifying a database name. This exception must be handled to # prevent crashing. try: column_data = [self.escaped_names(d) for d in column_data] except Exception: column_data = []  metadata = self.dbmetadata[kind] for relname, column in column_data: metadata[self.dbname][relname].append(column) self.all_completions.add(column)"}
{"name": "litecli.litecli.sqlcompleter.SQLCompleter.extend_functions", "code": "def extend_functions(self, func_data): # 'func_data' is a generator object. It can throw an exception while # being consumed. This could happen if the user has launched the app # without specifying a database name. This exception must be handled to # prevent crashing. try: func_data = [self.escaped_names(d) for d in func_data] except Exception: func_data = []  # dbmetadata['functions'][$schema_name][$function_name] should return # function metadata. metadata = self.dbmetadata[\"functions\"]  for func in func_data: metadata[self.dbname][func[0]] = None self.all_completions.add(func[0])"}
{"name": "litecli.litecli.sqlcompleter.SQLCompleter.set_dbname", "code": "def set_dbname(self, dbname): self.dbname = dbname"}
{"name": "litecli.litecli.sqlcompleter.SQLCompleter.reset_completions", "code": "def reset_completions(self): self.databases = [] self.dbname = \"\" self.dbmetadata = {\"tables\": {}, \"views\": {}, \"functions\": {}} self.all_completions = set(self.keywords + self.functions)"}
{"name": "litecli.litecli.sqlcompleter.SQLCompleter.find_matches", "code": "def find_matches( text, collection, start_only=False, fuzzy=True, casing=None, punctuations=\"most_punctuations\", ): \"\"\"Find completion matches for the given text.  Given the user's input text and a collection of available completions, find completions matching the last word of the text.  If `start_only` is True, the text will match an available completion only at the beginning. Otherwise, a completion is considered a match if the text appears anywhere within it.  yields prompt_toolkit Completion instances for any matches found in the collection of available completions. \"\"\" last = last_word(text, include=punctuations) text = last.lower()  completions = []  if fuzzy: regex = \".*?\".join(map(escape, text)) pat = compile(\"(%s)\" % regex) for item in sorted(collection): r = pat.search(item.lower()) if r: completions.append((len(r.group()), r.start(), item)) else: match_end_limit = len(text) if start_only else None for item in sorted(collection): match_point = item.lower().find(text, 0, match_end_limit) if match_point >= 0: completions.append((len(text), match_point, item))  if casing == \"auto\": casing = \"lower\" if last and last[-1].islower() else \"upper\"  def apply_case(kw): if casing == \"upper\": return kw.upper() return kw.lower()  return ( Completion(z if casing is None else apply_case(z), -len(text)) for x, y, z in sorted(completions) )"}
{"name": "litecli.litecli.sqlcompleter.SQLCompleter.get_completions", "code": "def get_completions(self, document, complete_event): word_before_cursor = document.get_word_before_cursor(WORD=True) completions = [] suggestions = suggest_type(document.text, document.text_before_cursor)  for suggestion in suggestions:  _logger.debug(\"Suggestion type: %r\", suggestion[\"type\"])  if suggestion[\"type\"] == \"column\": tables = suggestion[\"tables\"] _logger.debug(\"Completion column scope: %r\", tables) scoped_cols = self.populate_scoped_cols(tables) if suggestion.get(\"drop_unique\"): # drop_unique is used for 'tb11 JOIN tbl2 USING (...' # which should suggest only columns that appear in more than # one table scoped_cols = [ col for (col, count) in Counter(scoped_cols).items() if count > 1 and col != \"*\" ]  cols = self.find_matches(word_before_cursor, scoped_cols) completions.extend(cols)  elif suggestion[\"type\"] == \"function\": # suggest user-defined functions using substring matching funcs = self.populate_schema_objects(suggestion[\"schema\"], \"functions\") user_funcs = self.find_matches(word_before_cursor, funcs) completions.extend(user_funcs)  # suggest hardcoded functions using startswith matching only if # there is no schema qualifier. If a schema qualifier is # present it probably denotes a table. # eg: SELECT * FROM users u WHERE u. if not suggestion[\"schema\"]: predefined_funcs = self.find_matches( word_before_cursor, self.functions, start_only=True, fuzzy=False, casing=self.keyword_casing, ) completions.extend(predefined_funcs)  elif suggestion[\"type\"] == \"table\": tables = self.populate_schema_objects(suggestion[\"schema\"], \"tables\") tables = self.find_matches(word_before_cursor, tables) completions.extend(tables)  elif suggestion[\"type\"] == \"view\": views = self.populate_schema_objects(suggestion[\"schema\"], \"views\") views = self.find_matches(word_before_cursor, views) completions.extend(views)  elif suggestion[\"type\"] == \"alias\": aliases = suggestion[\"aliases\"] aliases = self.find_matches(word_before_cursor, aliases) completions.extend(aliases)  elif suggestion[\"type\"] == \"database\": dbs = self.find_matches(word_before_cursor, self.databases) completions.extend(dbs)  elif suggestion[\"type\"] == \"keyword\": keywords = self.find_matches( word_before_cursor, self.keywords, start_only=True, fuzzy=False, casing=self.keyword_casing, punctuations=\"many_punctuations\", ) completions.extend(keywords)  elif suggestion[\"type\"] == \"special\": special = self.find_matches( word_before_cursor, self.special_commands, start_only=True, fuzzy=False, punctuations=\"many_punctuations\", ) completions.extend(special) elif suggestion[\"type\"] == \"favoritequery\": queries = self.find_matches( word_before_cursor, favoritequeries.list(), start_only=False, fuzzy=True, ) completions.extend(queries) elif suggestion[\"type\"] == \"table_format\": formats = self.find_matches( word_before_cursor, self.table_formats, start_only=True, fuzzy=False ) completions.extend(formats) elif suggestion[\"type\"] == \"file_name\": file_names = self.find_files(word_before_cursor) completions.extend(file_names)  return completions"}
{"name": "litecli.litecli.sqlcompleter.SQLCompleter.find_files", "code": "def find_files(self, word): \"\"\"Yield matching directory or file names.  :param word: :return: iterable  \"\"\" base_path, last_path, position = parse_path(word) paths = suggest_path(word) for name in sorted(paths): suggestion = complete_path(name, last_path) if suggestion: yield Completion(suggestion, position)"}
{"name": "litecli.litecli.sqlcompleter.SQLCompleter.populate_scoped_cols", "code": "def populate_scoped_cols(self, scoped_tbls): \"\"\"Find all columns in a set of scoped_tables :param scoped_tbls: list of (schema, table, alias) tuples :return: list of column names \"\"\" columns = [] meta = self.dbmetadata  for tbl in scoped_tbls: # A fully qualified schema.relname reference or default_schema # DO NOT escape schema names. schema = tbl[0] or self.dbname relname = tbl[1] escaped_relname = self.escape_name(tbl[1])  # We don't know if schema.relname is a table or view. Since # tables and views cannot share the same name, we can check one # at a time try: columns.extend(meta[\"tables\"][schema][relname])  # Table exists, so don't bother checking for a view continue except KeyError: try: columns.extend(meta[\"tables\"][schema][escaped_relname]) # Table exists, so don't bother checking for a view continue except KeyError: pass  try: columns.extend(meta[\"views\"][schema][relname]) except KeyError: pass  return columns"}
{"name": "litecli.litecli.sqlcompleter.SQLCompleter.populate_schema_objects", "code": "def populate_schema_objects(self, schema, obj_type): \"\"\"Returns list of tables or functions for a (optional) schema\"\"\" metadata = self.dbmetadata[obj_type] schema = schema or self.dbname  try: objects = metadata[schema].keys() except KeyError: # schema doesn't exist objects = []  return objects"}
