{"name": "mackup.tests.config_tests.TestConfig.setUp", "code": "def setUp(self): realpath = os.path.dirname(os.path.realpath(__file__)) os.environ[\"HOME\"] = os.path.join(realpath, \"fixtures\")"}
{"name": "mackup.tests.config_tests.TestConfig.test_config_no_config", "code": "def test_config_no_config(self): cfg = Config()  # Should should do the same as the default, empty configuration assert isinstance(cfg.engine, str) assert cfg.engine == ENGINE_DROPBOX  assert isinstance(cfg.path, str) print(cfg.path) assert cfg.path == \"/home/some_user/Dropbox\"  assert isinstance(cfg.directory, str) assert cfg.directory == \"Mackup\"  assert isinstance(cfg.fullpath, str) assert cfg.fullpath == \"/home/some_user/Dropbox/Mackup\"  assert cfg.apps_to_ignore == set() assert cfg.apps_to_sync == set()"}
{"name": "mackup.tests.config_tests.TestConfig.test_config_empty", "code": "def test_config_empty(self): cfg = Config(\"mackup-empty.cfg\")  assert isinstance(cfg.engine, str) assert cfg.engine == ENGINE_DROPBOX  assert isinstance(cfg.path, str) assert cfg.path == \"/home/some_user/Dropbox\"  assert isinstance(cfg.directory, str) assert cfg.directory == \"Mackup\"  assert isinstance(cfg.fullpath, str) assert cfg.fullpath == \"/home/some_user/Dropbox/Mackup\"  assert cfg.apps_to_ignore == set() assert cfg.apps_to_sync == set()"}
{"name": "mackup.tests.config_tests.TestConfig.test_config_engine_dropbox", "code": "def test_config_engine_dropbox(self): cfg = Config(\"mackup-engine-dropbox.cfg\")  assert isinstance(cfg.engine, str) assert cfg.engine == ENGINE_DROPBOX  assert isinstance(cfg.path, str) assert cfg.path == \"/home/some_user/Dropbox\"  assert isinstance(cfg.directory, str) assert cfg.directory == \"some_weirld_name\"  assert isinstance(cfg.fullpath, str) assert cfg.fullpath == \"/home/some_user/Dropbox/some_weirld_name\"  assert cfg.apps_to_ignore == set() assert cfg.apps_to_sync == set()"}
{"name": "mackup.tests.config_tests.TestConfig.test_config_engine_filesystem_absolute", "code": "def test_config_engine_filesystem_absolute(self): cfg = Config(\"mackup-engine-file_system-absolute.cfg\")  assert isinstance(cfg.engine, str) assert cfg.engine == ENGINE_FS  assert isinstance(cfg.path, str) assert cfg.path == \"/some/absolute/folder\"  assert isinstance(cfg.directory, str) assert cfg.directory == \"custom_folder\"  assert isinstance(cfg.fullpath, str) assert cfg.fullpath == \"/some/absolute/folder/custom_folder\"  assert cfg.apps_to_ignore == set([\"subversion\", \"sequel-pro\"]) assert cfg.apps_to_sync == set()"}
{"name": "mackup.tests.config_tests.TestConfig.test_config_engine_filesystem", "code": "def test_config_engine_filesystem(self): cfg = Config(\"mackup-engine-file_system.cfg\")  assert isinstance(cfg.engine, str) assert cfg.engine == ENGINE_FS  assert isinstance(cfg.path, str) assert cfg.path.endswith( os.path.join(os.environ[\"HOME\"], \"some/relative/folder\") )  assert isinstance(cfg.directory, str) assert cfg.directory == \"Mackup\"  assert isinstance(cfg.fullpath, str) assert cfg.fullpath == os.path.join( os.environ[\"HOME\"], \"some/relative/folder\", \"Mackup\" )  assert cfg.apps_to_ignore == set() assert cfg.apps_to_sync == set([\"sabnzbd\", \"sublime-text-3\", \"x11\"])"}
{"name": "mackup.tests.config_tests.TestConfig.test_config_engine_google_drive", "code": "def test_config_engine_google_drive(self): cfg = Config(\"mackup-engine-google_drive.cfg\")  assert isinstance(cfg.engine, str) assert cfg.engine == ENGINE_GDRIVE  assert isinstance(cfg.path, str) assert cfg.path == \"/Users/whatever/Google Drive\"  assert isinstance(cfg.directory, str) assert cfg.directory == \"Mackup\"  assert isinstance(cfg.fullpath, str) assert cfg.fullpath.endswith(\"/Google Drive/Mackup\")  assert cfg.apps_to_ignore == set([\"subversion\", \"sequel-pro\", \"sabnzbd\"]) assert cfg.apps_to_sync == set([\"sublime-text-3\", \"x11\", \"sabnzbd\"])"}
{"name": "mackup.tests.config_tests.TestConfig.test_config_engine_copy", "code": "def test_config_engine_copy(self): cfg = Config(\"mackup-engine-copy.cfg\")  assert isinstance(cfg.engine, str) assert cfg.engine == ENGINE_COPY  assert isinstance(cfg.path, str) assert cfg.path == \"/Users/someuser/Copy\"  assert isinstance(cfg.directory, str) assert cfg.directory == \"Mackup\"  assert isinstance(cfg.fullpath, str) assert cfg.fullpath.endswith(\"/Copy/Mackup\")  assert cfg.apps_to_ignore == set([\"subversion\", \"sequel-pro\", \"sabnzbd\"]) assert cfg.apps_to_sync == set([\"sublime-text-3\", \"x11\", \"sabnzbd\"])"}
{"name": "mackup.tests.config_tests.TestConfig.test_config_engine_icloud", "code": "def test_config_engine_icloud(self): cfg = Config(\"mackup-engine-icloud.cfg\")  assert isinstance(cfg.engine, str) assert cfg.engine == ENGINE_ICLOUD  assert isinstance(cfg.path, str) assert cfg.path == os.path.expanduser( \"~/Library/Mobile Documents/com~apple~CloudDocs/\" )  assert isinstance(cfg.directory, str) assert cfg.directory == \"Mackup\"  assert isinstance(cfg.fullpath, str) assert cfg.fullpath.endswith(\"/com~apple~CloudDocs/Mackup\")  assert cfg.apps_to_ignore == set([\"subversion\", \"sequel-pro\", \"sabnzbd\"]) assert cfg.apps_to_sync == set([\"sublime-text-3\", \"x11\", \"sabnzbd\"])"}
{"name": "mackup.tests.config_tests.TestConfig.test_config_engine_filesystem_no_path", "code": "def test_config_engine_filesystem_no_path(self): with self.assertRaises(ConfigError): Config(\"mackup-engine-file_system-no_path.cfg\")"}
{"name": "mackup.tests.config_tests.TestConfig.test_config_engine_unknown", "code": "def test_config_engine_unknown(self): with self.assertRaises(ConfigError): Config(\"mackup-engine-unknown.cfg\")"}
{"name": "mackup.tests.config_tests.TestConfig.test_config_apps_to_ignore", "code": "def test_config_apps_to_ignore(self): cfg = Config(\"mackup-apps_to_ignore.cfg\")  assert isinstance(cfg.engine, str) assert cfg.engine == ENGINE_DROPBOX  assert isinstance(cfg.path, str) assert cfg.path == \"/home/some_user/Dropbox\"  assert isinstance(cfg.directory, str) assert cfg.directory == \"Mackup\"  assert isinstance(cfg.fullpath, str) assert cfg.fullpath == \"/home/some_user/Dropbox/Mackup\"  assert cfg.apps_to_ignore == set([\"subversion\", \"sequel-pro\", \"sabnzbd\"]) assert cfg.apps_to_sync == set()"}
{"name": "mackup.tests.config_tests.TestConfig.test_config_apps_to_sync", "code": "def test_config_apps_to_sync(self): cfg = Config(\"mackup-apps_to_sync.cfg\")  assert isinstance(cfg.engine, str) assert cfg.engine == ENGINE_DROPBOX  assert isinstance(cfg.path, str) assert cfg.path == \"/home/some_user/Dropbox\"  assert isinstance(cfg.directory, str) assert cfg.directory == \"Mackup\"  assert isinstance(cfg.fullpath, str) assert cfg.fullpath == \"/home/some_user/Dropbox/Mackup\"  assert cfg.apps_to_ignore == set() assert cfg.apps_to_sync == set([\"sabnzbd\", \"sublime-text-3\", \"x11\"])"}
{"name": "mackup.tests.config_tests.TestConfig.test_config_apps_to_ignore_and_sync", "code": "def test_config_apps_to_ignore_and_sync(self): cfg = Config(\"mackup-apps_to_ignore_and_sync.cfg\")  assert isinstance(cfg.engine, str) assert cfg.engine == ENGINE_DROPBOX  assert isinstance(cfg.path, str) assert cfg.path == \"/home/some_user/Dropbox\"  assert isinstance(cfg.directory, str) assert cfg.directory == \"Mackup\"  assert isinstance(cfg.fullpath, str) assert cfg.fullpath == \"/home/some_user/Dropbox/Mackup\"  assert cfg.apps_to_ignore == set([\"subversion\", \"sequel-pro\", \"sabnzbd\"]) assert cfg.apps_to_sync == set([\"sabnzbd\", \"sublime-text-3\", \"x11\", \"vim\"])"}
{"name": "mackup.tests.config_tests.TestConfig.test_config_old_config", "code": "def test_config_old_config(self): self.assertRaises(SystemExit, Config, \"mackup-old-config.cfg\")"}
{"name": "mackup.tests.utils_test.convert_to_octal", "code": "def convert_to_octal(file_name): \"\"\" Using os.stat, returns file permissions (read, write, execute) as an octal. \"\"\" return oct(os.stat(file_name)[stat.ST_MODE])[-3:]"}
{"name": "mackup.tests.utils_test.TestMackup.test_confirm_yes", "code": "def test_confirm_yes(self): # Override the input used in utils def custom_input(_): return \"Yes\"  utils.input = custom_input assert utils.confirm(\"Answer Yes to this question\")"}
{"name": "mackup.tests.utils_test.TestMackup.test_confirm_yes.custom_input", "code": "def custom_input(_): return \"Yes\""}
{"name": "mackup.tests.utils_test.TestMackup.test_confirm_no", "code": "def test_confirm_no(self): # Override the input used in utils def custom_input(_): return \"No\"  utils.input = custom_input assert not utils.confirm(\"Answer No to this question\")"}
{"name": "mackup.tests.utils_test.TestMackup.test_confirm_no.custom_input", "code": "def custom_input(_): return \"No\""}
{"name": "mackup.tests.utils_test.TestMackup.test_confirm_typo", "code": "def test_confirm_typo(self): # Override the input used in utils def custom_input(_): return \"No\"  utils.input = custom_input assert not utils.confirm(\"Answer garbage to this question\")"}
{"name": "mackup.tests.utils_test.TestMackup.test_confirm_typo.custom_input", "code": "def custom_input(_): return \"No\""}
{"name": "mackup.tests.utils_test.TestMackup.test_delete_file", "code": "def test_delete_file(self): # Create a tmp file tfile = tempfile.NamedTemporaryFile(delete=False) tfpath = tfile.name tfile.close()  # Make sure the created file exists assert os.path.isfile(tfpath)  # Check if mackup can really delete it utils.delete(tfpath) assert not os.path.exists(tfpath)"}
{"name": "mackup.tests.utils_test.TestMackup.test_delete_folder_recursively", "code": "def test_delete_folder_recursively(self): # Create a tmp folder tfpath = tempfile.mkdtemp()  # Let's put a file in it just for fun tfile = tempfile.NamedTemporaryFile(dir=tfpath, delete=False) filepath = tfile.name tfile.close()  # Let's put another folder in it subfolder_path = tempfile.mkdtemp(dir=tfpath)  # And a file in the subfolder tfile = tempfile.NamedTemporaryFile(dir=subfolder_path, delete=False) subfilepath = tfile.name tfile.close()  # Make sure the created files and folders exists assert os.path.isdir(tfpath) assert os.path.isfile(filepath) assert os.path.isdir(subfolder_path) assert os.path.isfile(subfilepath)  # Check if mackup can really delete it utils.delete(tfpath) assert not os.path.exists(tfpath) assert not os.path.exists(filepath) assert not os.path.exists(subfolder_path) assert not os.path.exists(subfilepath)"}
{"name": "mackup.tests.utils_test.TestMackup.test_copy_file", "code": "def test_copy_file(self): # Create a tmp file tfile = tempfile.NamedTemporaryFile(delete=False) srcfile = tfile.name tfile.close()  # Create a tmp folder dstpath = tempfile.mkdtemp() # Set the destination filename dstfile = os.path.join(dstpath, \"subfolder\", os.path.basename(srcfile))  # Make sure the source file and destination folder exist and the # destination file doesn't yet exist assert os.path.isfile(srcfile) assert os.path.isdir(dstpath) assert not os.path.exists(dstfile)  # Check if mackup can copy it utils.copy(srcfile, dstfile) assert os.path.isfile(srcfile) assert os.path.isdir(dstpath) assert os.path.exists(dstfile)  # Let's clean up utils.delete(dstpath)"}
{"name": "mackup.tests.utils_test.TestMackup.test_copy_fail", "code": "def test_copy_fail(self): # Create a tmp FIFO file tfile = tempfile.NamedTemporaryFile() srcfile = tfile.name tfile.close() os.mkfifo(srcfile)  # Create a tmp folder dstpath = tempfile.mkdtemp() # Set the destination filename dstfile = os.path.join(dstpath, \"subfolder\", os.path.basename(srcfile))  # Make sure the source file and destination folder exist and the # destination file doesn't yet exist assert not os.path.isfile(srcfile) assert stat.S_ISFIFO(os.stat(srcfile).st_mode) assert os.path.isdir(dstpath) assert not os.path.exists(dstfile)  # Check if mackup can copy it self.assertRaises(ValueError, utils.copy, srcfile, dstfile) assert not os.path.isfile(srcfile) assert stat.S_ISFIFO(os.stat(srcfile).st_mode) assert os.path.isdir(dstpath) assert not os.path.exists(dstfile)  # Let's clean up utils.delete(srcfile) utils.delete(dstpath)"}
{"name": "mackup.tests.utils_test.TestMackup.test_copy_file_to_dir", "code": "def test_copy_file_to_dir(self): \"\"\"Copies a file to a destination folder that already exists.\"\"\" # Create a tmp folder srcpath = tempfile.mkdtemp()  # Create a tmp file tfile = tempfile.NamedTemporaryFile(delete=False, dir=srcpath) srcfile = tfile.name tfile.close()  # Create a tmp folder dstpath = tempfile.mkdtemp()  # Set the destination filename srcpath_basename = os.path.basename(srcpath) dstfile = os.path.join( dstpath, \"subfolder\", srcpath_basename, os.path.basename(srcfile) ) # Make sure the source file and destination folder exist and the # destination file doesn't yet exist assert os.path.isdir(srcpath) assert os.path.isfile(srcfile) assert os.path.isdir(dstpath) assert not os.path.exists(dstfile)  # Check if mackup can copy it utils.copy(srcfile, dstfile) assert os.path.isdir(srcpath) assert os.path.isfile(srcfile) assert os.path.isdir(dstpath) assert os.path.exists(dstfile)  # Let's clean up utils.delete(srcpath) utils.delete(dstpath)"}
{"name": "mackup.tests.utils_test.TestMackup.test_copy_dir", "code": "def test_copy_dir(self): \"\"\"Copies a directory recursively to the destination path.\"\"\" # Create a tmp folder srcpath = tempfile.mkdtemp()  # Create a tmp file tfile = tempfile.NamedTemporaryFile(delete=False, dir=srcpath) srcfile = tfile.name tfile.close()  # Create a tmp folder dstpath = tempfile.mkdtemp()  # Set the destination filename srcpath_basename = os.path.basename(srcpath) dstfile = os.path.join(dstpath, srcpath_basename, os.path.basename(srcfile)) # Make sure the source file and destination folder exist and the # destination file doesn't yet exist assert os.path.isdir(srcpath) assert os.path.isfile(srcfile) assert os.path.isdir(dstpath) assert not os.path.exists(dstfile)  # Check if mackup can copy it utils.copy(srcpath, dstfile) assert os.path.isdir(srcpath) assert os.path.isfile(srcfile) assert os.path.isdir(dstpath) assert os.path.exists(dstfile)  # Let's clean up utils.delete(srcpath) utils.delete(dstpath)"}
{"name": "mackup.tests.utils_test.TestMackup.test_link_file", "code": "def test_link_file(self): # Create a tmp file tfile = tempfile.NamedTemporaryFile(delete=False) srcfile = tfile.name tfile.close()  # Create a tmp folder dstpath = tempfile.mkdtemp() # Set the destination filename dstfile = os.path.join(dstpath, \"subfolder\", os.path.basename(srcfile))  # Make sure the source file and destination folder exist and the # destination file doesn't yet exist assert os.path.isfile(srcfile) assert os.path.isdir(dstpath) assert not os.path.exists(dstfile)  # Check if mackup can link it and the link points to the correct place utils.link(srcfile, dstfile) assert os.path.isfile(srcfile) assert os.path.isdir(dstpath) assert os.path.exists(dstfile) assert os.readlink(dstfile) == srcfile  # Let's clean up utils.delete(dstpath)"}
{"name": "mackup.tests.utils_test.TestMackup.test_chmod_file", "code": "def test_chmod_file(self): # Create a tmp file tfile = tempfile.NamedTemporaryFile(delete=False) file_name = tfile.name  # Create a tmp directory with a sub folder dir_name = tempfile.mkdtemp() nested_dir = tempfile.mkdtemp(dir=dir_name)  # # File Tests  # Change the tmp file stats to S_IWRITE (200), write access only os.chmod(file_name, stat.S_IWRITE) assert convert_to_octal(file_name) == \"200\"  # Check to make sure that utils.chmod changes the bits to 600, # which is read and write access for the owner utils.chmod(file_name) assert convert_to_octal(file_name) == \"600\"  # # Directory Tests  # Change the tmp folder stats to S_IREAD (400), read access only os.chmod(dir_name, stat.S_IREAD) assert convert_to_octal(dir_name) == \"400\"  # Check to make sure that utils.chmod changes the bits of all # directories to 700, which is read, write, and execute access for the # owner utils.chmod(dir_name) assert convert_to_octal(dir_name) == \"700\" assert convert_to_octal(nested_dir) == \"700\"  # Use an \"unsupported file type\". In this case, /dev/null self.assertRaises(ValueError, utils.chmod, os.devnull)"}
{"name": "mackup.tests.utils_test.TestMackup.test_error", "code": "def test_error(self): test_string = \"Hello World\" self.assertRaises(SystemExit, utils.error, test_string)"}
{"name": "mackup.tests.utils_test.TestMackup.test_failed_backup_location", "code": "def test_failed_backup_location(self): \"\"\" Tests for the error that should occur if the backup folder cannot be found for Dropbox, Google, and Copy \"\"\" # Hack to make our home folder some temporary folder temp_home = tempfile.mkdtemp() utils.os.environ[\"HOME\"] = temp_home  # Check for the missing Dropbox folder assert not os.path.exists(os.path.join(temp_home, \".dropbox/host.db\")) self.assertRaises(SystemExit, utils.get_dropbox_folder_location)  # Check for the missing Google Drive folder assert not os.path.exists( os.path.join( temp_home, \"Library/Application Support/Google/Drive/sync_config.db\" ) ) self.assertRaises(SystemExit, utils.get_google_drive_folder_location)  # Check for the missing Copy Folder assert not os.path.exists( os.path.join(temp_home, \"Library/Application Support/Copy Agent/config.db\") ) self.assertRaises(SystemExit, utils.get_copy_folder_location)"}
{"name": "mackup.tests.utils_test.TestMackup.test_is_process_running", "code": "def test_is_process_running(self): # A pgrep that has one letter and a wildcard will always return id 1 assert utils.is_process_running(\"a*\") assert not utils.is_process_running(\"some imaginary process\")"}
{"name": "mackup.tests.utils_test.TestMackup.test_can_file_be_synced_on_current_platform", "code": "def test_can_file_be_synced_on_current_platform(self): # Any file path will do, even if it doesn't exist path = \"some/file\"  # Force the Mac OSX Test using lambda magic utils.platform.system = lambda *args: utils.constants.PLATFORM_DARWIN assert utils.can_file_be_synced_on_current_platform(path)  # Force the Linux Test using lambda magic utils.platform.system = lambda *args: utils.constants.PLATFORM_LINUX assert utils.can_file_be_synced_on_current_platform(path)  # Try to use the library path on Linux, which shouldn't work path = os.path.join(os.environ[\"HOME\"], \"Library/\") assert not utils.can_file_be_synced_on_current_platform(path)"}
{"name": "mackup.tests.main_tests.TestMain.test_main_header", "code": "def test_main_header(self): assert main.header(\"blah\") == \"\\033[34mblah\\033[0m\""}
{"name": "mackup.tests.main_tests.TestMain.test_main_bold", "code": "def test_main_bold(self): assert main.bold(\"blah\") == \"\\033[1mblah\\033[0m\""}
{"name": "mackup.mackup.config.Config.__init__", "code": "def __init__(self, filename=None): \"\"\" Create a Config instance.  Args: filename (str): Optional filename of the config file. If empty, defaults to MACKUP_CONFIG_FILE \"\"\" assert isinstance(filename, str) or filename is None  # Initialize the parser self._parser = self._setup_parser(filename)  # Do we have an old config file? self._warn_on_old_config()  # Get the storage engine self._engine = self._parse_engine()  # Get the path where the Mackup folder is self._path = self._parse_path()  # Get the directory replacing 'Mackup', if any self._directory = self._parse_directory()  # Get the list of apps to ignore self._apps_to_ignore = self._parse_apps_to_ignore()  # Get the list of apps to allow self._apps_to_sync = self._parse_apps_to_sync()"}
{"name": "mackup.mackup.config.Config.engine", "code": "def engine(self): \"\"\" The engine used by the storage.  ENGINE_DROPBOX, ENGINE_GDRIVE, ENGINE_COPY, ENGINE_ICLOUD or ENGINE_FS.  Returns: str \"\"\" return str(self._engine)"}
{"name": "mackup.mackup.config.Config.path", "code": "def path(self): \"\"\" Path to the Mackup configuration files.  The path to the directory where Mackup is gonna create and store his directory.  Returns: str \"\"\" return str(self._path)"}
{"name": "mackup.mackup.config.Config.directory", "code": "def directory(self): \"\"\" The name of the Mackup directory, named Mackup by default.  Returns: str \"\"\" return str(self._directory)"}
{"name": "mackup.mackup.config.Config.fullpath", "code": "def fullpath(self): \"\"\" Full path to the Mackup configuration files.  The full path to the directory when Mackup is storing the configuration files.  Returns: str \"\"\" return str(os.path.join(self.path, self.directory))"}
{"name": "mackup.mackup.config.Config.apps_to_ignore", "code": "def apps_to_ignore(self): \"\"\" Get the list of applications ignored in the config file.  Returns: set. Set of application names to ignore, lowercase \"\"\" return set(self._apps_to_ignore)"}
{"name": "mackup.mackup.config.Config.apps_to_sync", "code": "def apps_to_sync(self): \"\"\" Get the list of applications allowed in the config file.  Returns: set. Set of application names to allow, lowercase \"\"\" return set(self._apps_to_sync)"}
{"name": "mackup.mackup.config.Config._setup_parser", "code": "def _setup_parser(self, filename=None): \"\"\" Configure the ConfigParser instance the way we want it.  Args: filename (str) or None  Returns: SafeConfigParser \"\"\" assert isinstance(filename, str) or filename is None  # If we are not overriding the config filename if not filename: filename = MACKUP_CONFIG_FILE  parser = configparser.SafeConfigParser( allow_no_value=True, inline_comment_prefixes=(\";\", \"#\") ) parser.read(os.path.join(os.path.join(os.environ[\"HOME\"], filename)))  return parser"}
{"name": "mackup.mackup.config.Config._warn_on_old_config", "code": "def _warn_on_old_config(self): \"\"\"Warn the user if an old config format is detected.\"\"\" # Is an old section in the config file? old_sections = [\"Allowed Applications\", \"Ignored Applications\"] for old_section in old_sections: if self._parser.has_section(old_section): error( \"Old config file detected. Aborting.\\n\" \"\\n\" \"An old section (e.g. [Allowed Applications]\" \" or [Ignored Applications] has been detected\" \" in your {} file.\\n\" \"I'd rather do nothing than do something you\" \" do not want me to do.\\n\" \"\\n\" \"Please read the up to date documentation on\" \" <https://github.com/lra/mackup> and migrate\" \" your configuration file.\".format(MACKUP_CONFIG_FILE) )"}
{"name": "mackup.mackup.config.Config._parse_engine", "code": "def _parse_engine(self): \"\"\" Parse the storage engine in the config.  Returns: str \"\"\" if self._parser.has_option(\"storage\", \"engine\"): engine = str(self._parser.get(\"storage\", \"engine\")) else: engine = ENGINE_DROPBOX  assert isinstance(engine, str)  if engine not in [ ENGINE_DROPBOX, ENGINE_GDRIVE, ENGINE_COPY, ENGINE_ICLOUD, ENGINE_FS, ]: raise ConfigError(\"Unknown storage engine: {}\".format(engine))  return str(engine)"}
{"name": "mackup.mackup.config.Config._parse_path", "code": "def _parse_path(self): \"\"\" Parse the storage path in the config.  Returns: str \"\"\" if self.engine == ENGINE_DROPBOX: path = get_dropbox_folder_location() elif self.engine == ENGINE_GDRIVE: path = get_google_drive_folder_location() elif self.engine == ENGINE_COPY: path = get_copy_folder_location() elif self.engine == ENGINE_ICLOUD: path = get_icloud_folder_location() elif self.engine == ENGINE_FS: if self._parser.has_option(\"storage\", \"path\"): cfg_path = self._parser.get(\"storage\", \"path\") path = os.path.join(os.environ[\"HOME\"], cfg_path) else: raise ConfigError( \"The required 'path' can't be found while\" \" the 'file_system' engine is used.\" )  return str(path)"}
{"name": "mackup.mackup.config.Config._parse_directory", "code": "def _parse_directory(self): \"\"\" Parse the storage directory in the config.  Returns: str \"\"\" if self._parser.has_option(\"storage\", \"directory\"): directory = self._parser.get(\"storage\", \"directory\") # Don't allow CUSTOM_APPS_DIR as a storage directory if directory == CUSTOM_APPS_DIR: raise ConfigError( \"{} cannot be used as a storage directory.\".format(CUSTOM_APPS_DIR) ) else: directory = MACKUP_BACKUP_PATH  return str(directory)"}
{"name": "mackup.mackup.config.Config._parse_apps_to_ignore", "code": "def _parse_apps_to_ignore(self): \"\"\" Parse the applications to ignore in the config.  Returns: set \"\"\" # We ignore nothing by default apps_to_ignore = set()  # Is the \"[applications_to_ignore]\" in the cfg file? section_title = \"applications_to_ignore\" if self._parser.has_section(section_title): apps_to_ignore = set(self._parser.options(section_title))  return apps_to_ignore"}
{"name": "mackup.mackup.config.Config._parse_apps_to_sync", "code": "def _parse_apps_to_sync(self): \"\"\" Parse the applications to backup in the config.  Returns: set \"\"\" # We allow nothing by default apps_to_sync = set()  # Is the \"[applications_to_sync]\" section in the cfg file? section_title = \"applications_to_sync\" if self._parser.has_section(section_title): apps_to_sync = set(self._parser.options(section_title))  return apps_to_sync"}
{"name": "mackup.mackup.application.ApplicationProfile.__init__", "code": "def __init__(self, mackup, files, dry_run, verbose): \"\"\" Create an ApplicationProfile instance.  Args: mackup (Mackup) files (list) \"\"\" assert isinstance(mackup, Mackup) assert isinstance(files, set)  self.mackup = mackup self.files = list(files) self.dry_run = dry_run self.verbose = verbose"}
{"name": "mackup.mackup.application.ApplicationProfile.getFilepaths", "code": "def getFilepaths(self, filename): \"\"\" Get home and mackup filepaths for given file  Args: filename (str)  Returns: home_filepath, mackup_filepath (str, str) \"\"\" return ( os.path.join(os.environ[\"HOME\"], filename), os.path.join(self.mackup.mackup_folder, filename), )"}
{"name": "mackup.mackup.application.ApplicationProfile.backup", "code": "def backup(self): \"\"\" Backup the application config files.  Algorithm: if exists home/file if home/file is a real file if exists mackup/file are you sure? if sure rm mackup/file mv home/file mackup/file link mackup/file home/file else mv home/file mackup/file link mackup/file home/file \"\"\" # For each file used by the application for filename in self.files: (home_filepath, mackup_filepath) = self.getFilepaths(filename)  # If the file exists and is not already a link pointing to Mackup if (os.path.isfile(home_filepath) or os.path.isdir(home_filepath)) and not ( os.path.islink(home_filepath) and (os.path.isfile(mackup_filepath) or os.path.isdir(mackup_filepath)) and os.path.samefile(home_filepath, mackup_filepath) ): if self.verbose: print( \"Backing up\\n  {}\\n  to\\n  {} ...\".format( home_filepath, mackup_filepath ) ) else: print(\"Backing up {} ...\".format(filename))  if self.dry_run: continue  # Check if we already have a backup if os.path.exists(mackup_filepath): # Name it right if os.path.isfile(mackup_filepath): file_type = \"file\" elif os.path.isdir(mackup_filepath): file_type = \"folder\" elif os.path.islink(mackup_filepath): file_type = \"link\" else: raise ValueError(\"Unsupported file: {}\".format(mackup_filepath))  # Ask the user if he really wants to replace it if utils.confirm( \"A {} named {} already exists in the\" \" backup.\\nAre you sure that you want to\" \" replace it?\".format(file_type, mackup_filepath) ): # Delete the file in Mackup utils.delete(mackup_filepath) # Copy the file utils.copy(home_filepath, mackup_filepath) # Delete the file in the home utils.delete(home_filepath) # Link the backuped file to its original place utils.link(mackup_filepath, home_filepath) else: # Copy the file utils.copy(home_filepath, mackup_filepath) # Delete the file in the home utils.delete(home_filepath) # Link the backuped file to its original place utils.link(mackup_filepath, home_filepath) elif self.verbose: if os.path.exists(home_filepath): print( \"Doing nothing\\n  {}\\n  \" \"is already backed up to\\n  {}\".format( home_filepath, mackup_filepath ) ) elif os.path.islink(home_filepath): print( \"Doing nothing\\n  {}\\n  \" \"is a broken link, you might want to fix it.\".format( home_filepath ) ) else: print(\"Doing nothing\\n  {}\\n  does not exist\".format(home_filepath))"}
{"name": "mackup.mackup.application.ApplicationProfile.restore", "code": "def restore(self): \"\"\" Restore the application config files.  Algorithm: if exists mackup/file if exists home/file are you sure? if sure rm home/file link mackup/file home/file else link mackup/file home/file \"\"\" # For each file used by the application for filename in self.files: (home_filepath, mackup_filepath) = self.getFilepaths(filename)  # If the file exists and is not already pointing to the mackup file # and the folder makes sense on the current platform (Don't sync # any subfolder of ~/Library on GNU/Linux) file_or_dir_exists = os.path.isfile(mackup_filepath) or os.path.isdir( mackup_filepath ) pointing_to_mackup = ( os.path.islink(home_filepath) and os.path.exists(mackup_filepath) and os.path.samefile(mackup_filepath, home_filepath) ) supported = utils.can_file_be_synced_on_current_platform(filename)  if file_or_dir_exists and not pointing_to_mackup and supported: if self.verbose: print( \"Restoring\\n  linking {}\\n  to      {} ...\".format( home_filepath, mackup_filepath ) ) else: print(\"Restoring {} ...\".format(filename))  if self.dry_run: continue  # Check if there is already a file in the home folder if os.path.exists(home_filepath): # Name it right if os.path.isfile(home_filepath): file_type = \"file\" elif os.path.isdir(home_filepath): file_type = \"folder\" elif os.path.islink(home_filepath): file_type = \"link\" else: raise ValueError(\"Unsupported file: {}\".format(mackup_filepath))  if utils.confirm( \"You already have a {} named {} in your\" \" home.\\nDo you want to replace it with\" \" your backup?\".format(file_type, filename) ): utils.delete(home_filepath) utils.link(mackup_filepath, home_filepath) else: utils.link(mackup_filepath, home_filepath) elif self.verbose: if os.path.exists(home_filepath): print( \"Doing nothing\\n  {}\\n  already linked by\\n  {}\".format( mackup_filepath, home_filepath ) ) elif os.path.islink(home_filepath): print( \"Doing nothing\\n  {}\\n  \" \"is a broken link, you might want to fix it.\".format( home_filepath ) ) else: print( \"Doing nothing\\n  {}\\n  does not exist\".format(mackup_filepath) )"}
{"name": "mackup.mackup.application.ApplicationProfile.uninstall", "code": "def uninstall(self): \"\"\" Uninstall Mackup.  Restore any file where it was before the 1st Mackup backup.  Algorithm: for each file in config if mackup/file exists if home/file exists delete home/file copy mackup/file home/file delete the mackup folder print how to delete mackup \"\"\" # For each file used by the application for filename in self.files: (home_filepath, mackup_filepath) = self.getFilepaths(filename)  # If the mackup file exists if os.path.isfile(mackup_filepath) or os.path.isdir(mackup_filepath): # Check if there is a corresponding file in the home folder if os.path.exists(home_filepath): if self.verbose: print( \"Reverting {}\\n  at {} ...\".format( mackup_filepath, home_filepath ) ) else: print(\"Reverting {} ...\".format(filename))  if self.dry_run: continue  # If there is, delete it as we are gonna copy the Dropbox # one there utils.delete(home_filepath)  # Copy the Dropbox file to the home folder utils.copy(mackup_filepath, home_filepath) elif self.verbose: print(\"Doing nothing, {} does not exist\".format(mackup_filepath))"}
{"name": "mackup.mackup.utils.confirm", "code": "def confirm(question): \"\"\" Ask the user if he really wants something to happen.  Args: question(str): What can happen  Returns: (boolean): Confirmed or not \"\"\" if FORCE_YES: return True  while True: answer = input(question + \" <Yes|No> \").lower()  if answer == \"yes\" or answer == \"y\": confirmed = True break if answer == \"no\" or answer == \"n\": confirmed = False break  return confirmed"}
{"name": "mackup.mackup.utils.delete", "code": "def delete(filepath): \"\"\" Delete the given file, directory or link.  It Should support undelete later on.  Args: filepath (str): Absolute full path to a file. e.g. /path/to/file \"\"\" # Some files have ACLs, let's remove them recursively remove_acl(filepath)  # Some files have immutable attributes, let's remove them recursively remove_immutable_attribute(filepath)  # Finally remove the files and folders if os.path.isfile(filepath) or os.path.islink(filepath): os.remove(filepath) elif os.path.isdir(filepath): shutil.rmtree(filepath)"}
{"name": "mackup.mackup.utils.copy", "code": "def copy(src, dst): \"\"\" Copy a file or a folder (recursively) from src to dst.  For the sake of simplicity, both src and dst must be absolute path and must include the filename of the file or folder. Also do not include any trailing slash.  e.g. copy('/path/to/src_file', '/path/to/dst_file') or copy('/path/to/src_folder', '/path/to/dst_folder')  But not: copy('/path/to/src_file', 'path/to/') or copy('/path/to/src_folder/', '/path/to/dst_folder')  Args: src (str): Source file or folder dst (str): Destination file or folder \"\"\" assert isinstance(src, str) assert os.path.exists(src) assert isinstance(dst, str)  # Create the path to the dst file if it does not exist abs_path = os.path.dirname(os.path.abspath(dst)) if not os.path.isdir(abs_path): os.makedirs(abs_path)  # We need to copy a single file if os.path.isfile(src): # Copy the src file to dst shutil.copy(src, dst)  # We need to copy a whole folder elif os.path.isdir(src): shutil.copytree(src, dst)  # What the heck is this? else: raise ValueError(\"Unsupported file: {}\".format(src))  # Set the good mode to the file or folder recursively chmod(dst)"}
{"name": "mackup.mackup.utils.link", "code": "def link(target, link_to): \"\"\" Create a link to a target file or a folder.  For the sake of simplicity, both target and link_to must be absolute path and must include the filename of the file or folder. Also do not include any trailing slash.  e.g. link('/path/to/file', '/path/to/link')  But not: link('/path/to/file', 'path/to/') or link('/path/to/folder/', '/path/to/link')  Args: target (str): file or folder the link will point to link_to (str): Link to create \"\"\" assert isinstance(target, str) assert os.path.exists(target) assert isinstance(link_to, str)  # Create the path to the link if it does not exist abs_path = os.path.dirname(os.path.abspath(link_to)) if not os.path.isdir(abs_path): os.makedirs(abs_path)  # Make sure the file or folder recursively has the good mode chmod(target)  # Create the link to target os.symlink(target, link_to)"}
{"name": "mackup.mackup.utils.chmod", "code": "def chmod(target): \"\"\" Recursively set the chmod for files to 0600 and 0700 for folders.  It's ok unless we need something more specific.  Args: target (str): Root file or folder \"\"\" assert isinstance(target, str) assert os.path.exists(target)  file_mode = stat.S_IRUSR | stat.S_IWUSR folder_mode = stat.S_IRUSR | stat.S_IWUSR | stat.S_IXUSR  # Remove the immutable attribute recursively if there is one remove_immutable_attribute(target)  if os.path.isfile(target): os.chmod(target, file_mode)  elif os.path.isdir(target): # chmod the root item os.chmod(target, folder_mode)  # chmod recursively in the folder it it's one for root, dirs, files in os.walk(target): for cur_dir in dirs: os.chmod(os.path.join(root, cur_dir), folder_mode) for cur_file in files: os.chmod(os.path.join(root, cur_file), file_mode)  else: raise ValueError(\"Unsupported file type: {}\".format(target))"}
{"name": "mackup.mackup.utils.error", "code": "def error(message): \"\"\" Throw an error with the given message and immediately quit.  Args: message(str): The message to display. \"\"\" fail = \"\\033[91m\" end = \"\\033[0m\" sys.exit(fail + \"Error: {}\".format(message) + end)"}
{"name": "mackup.mackup.utils.get_dropbox_folder_location", "code": "def get_dropbox_folder_location(): \"\"\" Try to locate the Dropbox folder.  Returns: (str) Full path to the current Dropbox folder \"\"\" host_db_path = os.path.join(os.environ[\"HOME\"], \".dropbox/host.db\") try: with open(host_db_path, \"r\") as f_hostdb: data = f_hostdb.read().split() except IOError: error(constants.ERROR_UNABLE_TO_FIND_STORAGE.format(provider=\"Dropbox install\")) dropbox_home = base64.b64decode(data[1]).decode()  return dropbox_home"}
{"name": "mackup.mackup.utils.get_google_drive_folder_location", "code": "def get_google_drive_folder_location(): \"\"\" Try to locate the Google Drive folder.  Returns: (str) Full path to the current Google Drive folder \"\"\" gdrive_db_path = \"Library/Application Support/Google/Drive/sync_config.db\" yosemite_gdrive_db_path = ( \"Library/Application Support/Google/Drive/\" \"user_default/sync_config.db\" ) yosemite_gdrive_db = os.path.join(os.environ[\"HOME\"], yosemite_gdrive_db_path) if os.path.isfile(yosemite_gdrive_db): gdrive_db_path = yosemite_gdrive_db  googledrive_home = None  gdrive_db = os.path.join(os.environ[\"HOME\"], gdrive_db_path) if os.path.isfile(gdrive_db): con = sqlite3.connect(gdrive_db) if con: cur = con.cursor() query = ( \"SELECT data_value \" \"FROM data \" \"WHERE entry_key = 'local_sync_root_path';\" ) cur.execute(query) data = cur.fetchone() googledrive_home = str(data[0]) con.close()  if not googledrive_home: error( constants.ERROR_UNABLE_TO_FIND_STORAGE.format( provider=\"Google Drive install\" ) )  return googledrive_home"}
{"name": "mackup.mackup.utils.get_copy_folder_location", "code": "def get_copy_folder_location(): \"\"\" Try to locate the Copy folder.  Returns: (str) Full path to the current Copy folder \"\"\" copy_settings_path = \"Library/Application Support/Copy Agent/config.db\" copy_home = None  copy_settings = os.path.join(os.environ[\"HOME\"], copy_settings_path)  if os.path.isfile(copy_settings): database = sqlite3.connect(copy_settings) if database: cur = database.cursor() query = \"SELECT value \" \"FROM config2 \" \"WHERE option = 'csmRootPath';\" cur.execute(query) data = cur.fetchone() copy_home = str(data[0]) cur.close()  if not copy_home: error(constants.ERROR_UNABLE_TO_FIND_STORAGE.format(provider=\"Copy install\"))  return copy_home"}
{"name": "mackup.mackup.utils.get_icloud_folder_location", "code": "def get_icloud_folder_location(): \"\"\" Try to locate the iCloud Drive folder.  Returns: (str) Full path to the iCloud Drive folder. \"\"\" yosemite_icloud_path = \"~/Library/Mobile Documents/com~apple~CloudDocs/\"  icloud_home = os.path.expanduser(yosemite_icloud_path)  if not os.path.isdir(icloud_home): error(constants.ERROR_UNABLE_TO_FIND_STORAGE.format(provider=\"iCloud Drive\"))  return str(icloud_home)"}
{"name": "mackup.mackup.utils.is_process_running", "code": "def is_process_running(process_name): \"\"\" Check if a process with the given name is running.  Args: (str): Process name, e.g. \"Sublime Text\"  Returns: (bool): True if the process is running \"\"\" is_running = False  # On systems with pgrep, check if the given process is running if os.path.isfile(\"/usr/bin/pgrep\"): dev_null = open(os.devnull, \"wb\") returncode = subprocess.call([\"/usr/bin/pgrep\", process_name], stdout=dev_null) is_running = bool(returncode == 0)  return is_running"}
{"name": "mackup.mackup.utils.remove_acl", "code": "def remove_acl(path): \"\"\" Remove the ACL of the file or folder located on the given path.  Also remove the ACL of any file and folder below the given one, recursively.  Args: path (str): Path to the file or folder to remove the ACL for, recursively. \"\"\" # Some files have ACLs, let's remove them recursively if platform.system() == constants.PLATFORM_DARWIN and os.path.isfile(\"/bin/chmod\"): subprocess.call([\"/bin/chmod\", \"-R\", \"-N\", path]) elif (platform.system() == constants.PLATFORM_LINUX) and os.path.isfile( \"/bin/setfacl\" ): subprocess.call([\"/bin/setfacl\", \"-R\", \"-b\", path])"}
{"name": "mackup.mackup.utils.remove_immutable_attribute", "code": "def remove_immutable_attribute(path): \"\"\" Remove the immutable attribute of the given path.  Remove the immutable attribute of the file or folder located on the given path. Also remove the immutable attribute of any file and folder below the given one, recursively.  Args: path (str): Path to the file or folder to remove the immutable attribute for, recursively. \"\"\" # Some files have ACLs, let's remove them recursively if (platform.system() == constants.PLATFORM_DARWIN) and os.path.isfile( \"/usr/bin/chflags\" ): subprocess.call([\"/usr/bin/chflags\", \"-R\", \"nouchg\", path]) elif platform.system() == constants.PLATFORM_LINUX and os.path.isfile( \"/usr/bin/chattr\" ): subprocess.call([\"/usr/bin/chattr\", \"-R\", \"-f\", \"-i\", path])"}
{"name": "mackup.mackup.utils.can_file_be_synced_on_current_platform", "code": "def can_file_be_synced_on_current_platform(path): \"\"\" Check if the given path can be synced locally.  Check if it makes sense to sync the file at the given path on the current platform. For now we don't sync any file in the ~/Library folder on GNU/Linux. There might be other exceptions in the future.  Args: (str): Path to the file or folder to check. If relative, prepend it with the home folder. 'abc' becomes '~/abc' '/def' stays '/def'  Returns: (bool): True if given file can be synced \"\"\" can_be_synced = True  # If the given path is relative, prepend home fullpath = os.path.join(os.environ[\"HOME\"], path)  # Compute the ~/Library path on macOS # End it with a slash because we are looking for this specific folder and # not any file/folder named LibrarySomething library_path = os.path.join(os.environ[\"HOME\"], \"Library/\")  if platform.system() == constants.PLATFORM_LINUX: if fullpath.startswith(library_path): can_be_synced = False  return can_be_synced"}
{"name": "mackup.mackup.main.header", "code": "def header(str): return ColorFormatCodes.BLUE + str + ColorFormatCodes.NORMAL"}
{"name": "mackup.mackup.main.bold", "code": "def bold(str): return ColorFormatCodes.BOLD + str + ColorFormatCodes.NORMAL"}
{"name": "mackup.mackup.main.main", "code": "def main(): \"\"\"Main function.\"\"\" # Get the command line arg args = docopt(__doc__, version=\"Mackup {}\".format(VERSION))  mckp = Mackup() app_db = ApplicationsDatabase()  def printAppHeader(app_name): if verbose: print((\"\\n{0} {1} {0}\").format(header(\"---\"), bold(app_name)))  # If we want to answer mackup with \"yes\" for each question if args[\"--force\"]: utils.FORCE_YES = True  # Allow mackup to be run as root if args[\"--root\"]: utils.CAN_RUN_AS_ROOT = True  dry_run = args[\"--dry-run\"]  verbose = args[\"--verbose\"]  if args[\"backup\"]: # Check the env where the command is being run mckp.check_for_usable_backup_env()  # Backup each application for app_name in sorted(mckp.get_apps_to_backup()): app = ApplicationProfile(mckp, app_db.get_files(app_name), dry_run, verbose) printAppHeader(app_name) app.backup()  elif args[\"restore\"]: # Check the env where the command is being run mckp.check_for_usable_restore_env()  # Restore the Mackup config before any other config, as we might need # it to know about custom settings mackup_app = ApplicationProfile( mckp, app_db.get_files(MACKUP_APP_NAME), dry_run, verbose ) printAppHeader(MACKUP_APP_NAME) mackup_app.restore()  # Initialize again the apps db, as the Mackup config might have changed # it mckp = Mackup() app_db = ApplicationsDatabase()  # Restore the rest of the app configs, using the restored Mackup config app_names = mckp.get_apps_to_backup() # Mackup has already been done app_names.discard(MACKUP_APP_NAME)  for app_name in sorted(app_names): app = ApplicationProfile(mckp, app_db.get_files(app_name), dry_run, verbose) printAppHeader(app_name) app.restore()  elif args[\"uninstall\"]: # Check the env where the command is being run mckp.check_for_usable_restore_env()  if dry_run or ( utils.confirm( \"You are going to uninstall Mackup.\\n\" \"Every configuration file, setting and dotfile\" \" managed by Mackup will be unlinked and copied back\" \" to their original place, in your home folder.\\n\" \"Are you sure?\" ) ): # Uninstall the apps except Mackup, which we'll uninstall last, to # keep the settings as long as possible app_names = mckp.get_apps_to_backup() app_names.discard(MACKUP_APP_NAME)  for app_name in sorted(app_names): app = ApplicationProfile( mckp, app_db.get_files(app_name), dry_run, verbose ) printAppHeader(app_name) app.uninstall()  # Restore the Mackup config before any other config, as we might # need it to know about custom settings mackup_app = ApplicationProfile( mckp, app_db.get_files(MACKUP_APP_NAME), dry_run, verbose ) mackup_app.uninstall()  # Delete the Mackup folder in Dropbox # Don't delete this as there might be other Macs that aren't # uninstalled yet # delete(mckp.mackup_folder)  print( \"\\n\" \"All your files have been put back into place. You can now\" \" safely uninstall Mackup.\\n\" \"\\n\" \"Thanks for using Mackup!\" )  elif args[\"list\"]: # Display the list of supported applications mckp.check_for_usable_environment() output = \"Supported applications:\\n\" for app_name in sorted(app_db.get_app_names()): output += \" - {}\\n\".format(app_name) output += \"\\n\" output += \"{} applications supported in Mackup v{}\".format( len(app_db.get_app_names()), VERSION ) print(output)  elif args[\"show\"]: mckp.check_for_usable_environment() app_name = args[\"<application>\"]  # Make sure the app exists if app_name not in app_db.get_app_names(): sys.exit(\"Unsupported application: {}\".format(app_name)) print(\"Name: {}\".format(app_db.get_name(app_name))) print(\"Configuration files:\") for file in app_db.get_files(app_name): print(\" - {}\".format(file))  # Delete the tmp folder mckp.clean_temp_folder()"}
{"name": "mackup.mackup.main.main.printAppHeader", "code": "def printAppHeader(app_name): if verbose: print((\"\\n{0} {1} {0}\").format(header(\"---\"), bold(app_name)))"}
{"name": "mackup.mackup.mackup.Mackup.__init__", "code": "def __init__(self): \"\"\"Mackup Constructor.\"\"\" self._config = config.Config()  self.mackup_folder = self._config.fullpath self.temp_folder = tempfile.mkdtemp(prefix=\"mackup_tmp_\")"}
{"name": "mackup.mackup.mackup.Mackup.check_for_usable_environment", "code": "def check_for_usable_environment(self): \"\"\"Check if the current env is usable and has everything's required.\"\"\" # Allow only explicit superuser usage if os.geteuid() == 0 and not utils.CAN_RUN_AS_ROOT: utils.error( \"Running Mackup as superuser can be dangerous.\" \" Don't do it unless you know what you're doing!\" \" Run mackup --help for guidance.\" )  # Do we have a folder set to save Mackup content into? if not os.path.isdir(self._config.path): utils.error( \"Unable to find the storage folder: {}\".format(self._config.path) )  # Is Sublime Text running? # if is_process_running('Sublime Text'): #    error(\"Sublime Text is running. It is known to cause problems\" #          \" when Sublime Text is running while I backup or restore\" #          \" its configuration files. Please close Sublime Text and\" #          \" run me again.\")"}
{"name": "mackup.mackup.mackup.Mackup.check_for_usable_backup_env", "code": "def check_for_usable_backup_env(self): \"\"\"Check if the current env can be used to back up files.\"\"\" self.check_for_usable_environment() self.create_mackup_home()"}
{"name": "mackup.mackup.mackup.Mackup.check_for_usable_restore_env", "code": "def check_for_usable_restore_env(self): \"\"\"Check if the current env can be used to restore files.\"\"\" self.check_for_usable_environment()  if not os.path.isdir(self.mackup_folder): utils.error( \"Unable to find the Mackup folder: {}\\n\" \"You might want to back up some files or get your\" \" storage directory synced first.\".format(self.mackup_folder) )"}
{"name": "mackup.mackup.mackup.Mackup.clean_temp_folder", "code": "def clean_temp_folder(self): \"\"\"Delete the temp folder and files created while running.\"\"\" shutil.rmtree(self.temp_folder)"}
{"name": "mackup.mackup.mackup.Mackup.create_mackup_home", "code": "def create_mackup_home(self): \"\"\"If the Mackup home folder does not exist, create it.\"\"\" if not os.path.isdir(self.mackup_folder): if utils.confirm( \"Mackup needs a directory to store your\" \" configuration files\\n\" \"Do you want to create it now? <{}>\".format(self.mackup_folder) ): os.makedirs(self.mackup_folder) else: utils.error(\"Mackup can't do anything without a home =(\")"}
{"name": "mackup.mackup.mackup.Mackup.get_apps_to_backup", "code": "def get_apps_to_backup(self): \"\"\" Get the list of applications that should be backed up by Mackup.  It's the list of allowed apps minus the list of ignored apps.  Returns: (set) List of application names to back up \"\"\" # Instantiate the app db app_db = appsdb.ApplicationsDatabase()  # If a list of apps to sync is specify, we only allow those # Or we allow every supported app by default apps_to_backup = self._config.apps_to_sync or app_db.get_app_names()  # Remove the specified apps to ignore for app_name in self._config.apps_to_ignore: apps_to_backup.discard(app_name)  return apps_to_backup"}
{"name": "mackup.mackup.appsdb.ApplicationsDatabase.__init__", "code": "def __init__(self): \"\"\"Create a ApplicationsDatabase instance.\"\"\" # Build the dict that will contain the properties of each application self.apps = dict()  for config_file in ApplicationsDatabase.get_config_files(): config = configparser.SafeConfigParser(allow_no_value=True)  # Needed to not lowercase the configuration_files in the ini files config.optionxform = str  if config.read(config_file): # Get the filename without the directory name filename = os.path.basename(config_file) # The app name is the cfg filename with the extension app_name = filename[: -len(\".cfg\")]  # Start building a dict for this app self.apps[app_name] = dict()  # Add the fancy name for the app, for display purpose app_pretty_name = config.get(\"application\", \"name\") self.apps[app_name][\"name\"] = app_pretty_name  # Add the configuration files to sync self.apps[app_name][\"configuration_files\"] = set() if config.has_section(\"configuration_files\"): for path in config.options(\"configuration_files\"): if path.startswith(\"/\"): raise ValueError( \"Unsupported absolute path: {}\".format(path) ) self.apps[app_name][\"configuration_files\"].add(path)  # Add the XDG configuration files to sync home = os.path.expanduser(\"~/\") failobj = \"{}.config\".format(home) xdg_config_home = os.environ.get(\"XDG_CONFIG_HOME\", failobj) if not xdg_config_home.startswith(home): raise ValueError( \"$XDG_CONFIG_HOME: {} must be \" \"somewhere within your home \" \"directory: {}\".format(xdg_config_home, home) ) if config.has_section(\"xdg_configuration_files\"): for path in config.options(\"xdg_configuration_files\"): if path.startswith(\"/\"): raise ValueError( \"Unsupported absolute path: \" \"{}\".format(path) ) path = os.path.join(xdg_config_home, path) path = path.replace(home, \"\") (self.apps[app_name][\"configuration_files\"].add(path))"}
{"name": "mackup.mackup.appsdb.ApplicationsDatabase.get_config_files", "code": "def get_config_files(): \"\"\" Return the application configuration files.  Return a list of configuration files describing the apps supported by Mackup. The files returned are absolute full path to those files. e.g. /usr/lib/mackup/applications/bash.cfg  Only one config file per application should be returned, custom config having a priority over stock config.  Returns: set of strings. \"\"\" # Configure the config parser apps_dir = os.path.join(os.path.dirname(os.path.realpath(__file__)), APPS_DIR) custom_apps_dir = os.path.join(os.environ[\"HOME\"], CUSTOM_APPS_DIR)  # List of stock application config files config_files = set()  # Temp list of user added app config file names custom_files = set()  # Get the list of custom application config files first if os.path.isdir(custom_apps_dir): for filename in os.listdir(custom_apps_dir): if filename.endswith(\".cfg\"): config_files.add(os.path.join(custom_apps_dir, filename)) # Also add it to the set of custom apps, so that we don't # add the stock config for the same app too custom_files.add(filename)  # Add the default provided app config files, but only if those are not # customized, as we don't want to overwrite custom app config. for filename in os.listdir(apps_dir): if filename.endswith(\".cfg\") and filename not in custom_files: config_files.add(os.path.join(apps_dir, filename))  return config_files"}
{"name": "mackup.mackup.appsdb.ApplicationsDatabase.get_name", "code": "def get_name(self, name): \"\"\" Return the fancy name of an application.  Args: name (str)  Returns: str \"\"\" return self.apps[name][\"name\"]"}
{"name": "mackup.mackup.appsdb.ApplicationsDatabase.get_files", "code": "def get_files(self, name): \"\"\" Return the list of config files of an application.  Args: name (str)  Returns: set of str. \"\"\" return self.apps[name][\"configuration_files\"]"}
{"name": "mackup.mackup.appsdb.ApplicationsDatabase.get_app_names", "code": "def get_app_names(self): \"\"\" Return application names.  Return the list of application names that are available in the database.  Returns: set of str. \"\"\" app_names = set() for name in self.apps: app_names.add(name)  return app_names"}
{"name": "mackup.mackup.appsdb.ApplicationsDatabase.get_pretty_app_names", "code": "def get_pretty_app_names(self): \"\"\" Return the list of pretty app names that are available in the database.  Returns: set of str. \"\"\" pretty_app_names = set() for app_name in self.get_app_names(): pretty_app_names.add(self.get_name(app_name))  return pretty_app_names"}
