{"name": "mistune.tests.test_renderers.load_renderer.TestRenderer", "code": "class TestRenderer(BaseTestCase): parse = create_markdown(renderer=renderer)"}
{"name": "mistune.tests.test_directives.load_directive_test.TestDirective", "code": "class TestDirective(BaseTestCase): @staticmethod def parse(text): md = create_markdown( escape=False, plugins=[cls([directive])], ) html = md(text) return html"}
{"name": "mistune.tests.test_directives.CustomizeTableOfContents", "code": "class CustomizeTableOfContents(TableOfContents): def generate_heading_id(self, token, i): return 't-' + str(i + 1)"}
{"name": "mistune.tests.test_directives.TestCustomizeToc", "code": "class TestCustomizeToc(BaseTestCase): def test_rst_toc(self): md = create_markdown( escape=False, plugins=[ RSTDirective([CustomizeTableOfContents()]), ], ) html = md('# h1\\n\\n.. toc::\\n') self.assertIn('<h1 id=\"t-1\">h1</h1>', html) self.assertIn('<a href=\"#t-1\">h1</a>', html)  def test_fenced_toc(self): md = create_markdown( escape=False, plugins=[ FencedDirective([CustomizeTableOfContents()]), ], ) html = md('# h1\\n\\n```{toc}\\n```\\n') self.assertIn('<h1 id=\"t-1\">h1</h1>', html) self.assertIn('<a href=\"#t-1\">h1</a>', html)  def test_colon_fenced_toc(self): md = create_markdown( escape=False, plugins=[ FencedDirective([CustomizeTableOfContents()], ':'), ], ) html = md('# h1\\n\\n:::{toc}\\n:::\\n') self.assertIn('<h1 id=\"t-1\">h1</h1>', html) self.assertIn('<a href=\"#t-1\">h1</a>', html)"}
{"name": "mistune.tests.test_directives.TestDirectiveInclude", "code": "class TestDirectiveInclude(BaseTestCase): md = create_markdown(escape=False, plugins=[RSTDirective([Include()])])  def test_html_include(self): html = self.md.read(os.path.join(ROOT, 'include/text.md'))[0] self.assertIn('Could not include self', html) self.assertIn('Could not find file', html) self.assertIn('<div>include html</div>', html) self.assertIn('<blockquote>', html) self.assertIn('# Table of Contents', html)  def test_include_missing_source(self): s = '.. include:: foo.txt' html = self.md(s) self.assertIn('Missing source file', html)"}
{"name": "mistune.tests.test_hooks.TestTocHook", "code": "class TestTocHook(BaseTestCase): @staticmethod def parse(text): md = create_markdown(escape=False) add_toc_hook(md) html, state = md.parse(text) result = html + render_toc_ul(state.env['toc_items']) return result  def test_customize_heading_id_func(self): def heading_id(token, i): return 't-' + str(i + 1)  md = create_markdown(escape=False) add_toc_hook(md, heading_id=heading_id) html = md('# h1') self.assertEqual(html, '<h1 id=\"t-1\">h1</h1>\\n')"}
{"name": "mistune.tests.test_commonmark.TestCommonMark", "code": "class TestCommonMark(BaseTestCase): @classmethod def ignore_case(cls, n): return n in IGNORE_CASES or n in DIFF_CASES  def assert_case(self, n, text, html): result = mistune.html(text) self.assertEqual(normalize_html(result), normalize_html(html))"}
{"name": "mistune.tests.test_syntax.TestSyntax", "code": "class TestSyntax(BaseTestCase): def assert_case(self, n, text, html): result = mistune.html(text) self.assertEqual(normalize_html(result), normalize_html(html))"}
{"name": "mistune.tests.test_misc.TestMiscCases", "code": "class TestMiscCases(TestCase): def test_none(self): self.assertEqual(mistune.html(None), '')  def test_before_parse_hooks(self): def _add_name(md, state): state.env['name'] = 'test'  md = mistune.create_markdown() md.before_parse_hooks.append(_add_name) state = md.block.state_cls() md.parse('', state) self.assertEqual(state.env['name'], 'test')  def test_hard_wrap(self): md = mistune.create_markdown(escape=False, hard_wrap=True) result = md('foo\\nbar') expected = '<p>foo<br />\\nbar</p>' self.assertEqual(result.strip(), expected)  md = mistune.create_markdown( escape=False, hard_wrap=True, plugins=['speedup']) result = md('foo\\nbar') self.assertEqual(result.strip(), expected)  def test_escape_html(self): md = mistune.create_markdown(escape=True) result = md('<div>1</div>') expected = '<p>&lt;div&gt;1&lt;/div&gt;</p>' self.assertEqual(result.strip(), expected)  result = md('<em>1</em>') expected = '<p>&lt;em&gt;1&lt;/em&gt;</p>' self.assertEqual(result.strip(), expected)  def test_harmful_links(self): result = mistune.html('[h](javAscript:alert)') expected = '<p><a href=\"#harmful-link\">h</a></p>' self.assertEqual(result.strip(), expected)  def test_ref_link(self): result = mistune.html('[link][h]\\n\\n[h]: /foo') expected = '<p><a href=\"/foo\">link</a></p>' self.assertEqual(result.strip(), expected)  def test_allow_harmful_protocols(self): renderer = mistune.HTMLRenderer(allow_harmful_protocols=True) md = mistune.Markdown(renderer) result = md('[h](javascript:alert)') expected = '<p><a href=\"javascript:alert\">h</a></p>' self.assertEqual(result.strip(), expected)  def test_allow_data_protocols(self): renderer = mistune.HTMLRenderer(allow_harmful_protocols=['data:']) md = mistune.Markdown(renderer) result = md('[h](data:alert)') expected = '<p><a href=\"data:alert\">h</a></p>' self.assertEqual(result.strip(), expected)  def test_use_plugin(self): from mistune.plugins.url import url md = mistune.Markdown(mistune.HTMLRenderer()) md.use(url)  def test_markdown_func(self): result = mistune.markdown('**b**') expected = '<p><strong>b</strong></p>\\n' self.assertEqual(result, expected)  # trigger to use cached parser result = mistune.markdown('**b**') self.assertEqual(result, expected)  def test_ast_output(self): md = mistune.create_markdown(escape=False, renderer=None) text = '# h1\\n\\nfoo **bar**' result = md(text) expected = [ { 'type': 'heading', 'children': [{'type': 'text', 'raw': 'h1'}], 'attrs': {'level': 1}, 'style': 'axt', }, {'type': 'blank_line'}, { 'type': 'paragraph', 'children': [ {'type': 'text', 'raw': 'foo '}, {'type': 'strong', 'children': [{'type': 'text', 'raw': 'bar'}]} ] }, ] self.assertEqual(result, expected)   def test_emsp(self): md = mistune.create_markdown(escape=False, hard_wrap=True) result = md('\\u2003\\u2003foo\\nbar\\n\\n\\u2003\\u2003foobar') expected = '<p>\\u2003\\u2003foo<br />\\nbar</p>\\n<p>\\u2003\\u2003foobar</p>' self.assertEqual(result.strip(), expected)"}
{"name": "mistune.tests.__init__.BaseTestCase", "code": "class BaseTestCase(TestCase): @classmethod def load_fixtures(cls, case_file): def attach_case(n, text, html): def method(self): self.assert_case(n, text, html)  name = 'test_{}'.format(n) method.__name__ = name method.__doc__ = 'Run fixture {} - {}'.format(case_file, n) setattr(cls, name, method)  for n, text, html in fixtures.load_examples(case_file): if cls.ignore_case(n): continue attach_case(n, text, html)  @classmethod def ignore_case(cls, name): return False  def assert_case(self, name, text, html): result = self.parse(text) self.assertEqual(result, html)"}
{"name": "mistune.tests.test_plugins.load_plugin.TestPlugin1", "code": "class TestPlugin1(BaseTestCase): parse = md1"}
{"name": "mistune.tests.test_plugins.load_plugin.TestPlugin2", "code": "class TestPlugin2(BaseTestCase): parse = md2"}
{"name": "mistune.tests.test_plugins.TestExtraPlugins", "code": "class TestExtraPlugins(BaseTestCase): def test_table_in_list(self): text = '''- Cell | Cell\\n  ---- | ----\\n   1  |  2\\n''' md1 = create_markdown(escape=False) md2 = create_markdown(escape=False, plugins=['table', table_in_list]) self.assertNotIn('<table>', md1(text)) self.assertIn('<table>', md2(text))  def test_table_in_quote(self): text = '''> Cell | Cell\\n> ---- | ----\\n>  1  |  2\\n''' md1 = create_markdown(escape=False) md2 = create_markdown(escape=False, plugins=['table', table_in_quote]) self.assertNotIn('<table>', md1(text)) self.assertIn('<table>', md2(text))  def test_math_in_list(self): text = '''- $$\\n  foo\\n  $$\\n''' md1 = create_markdown(escape=False) md2 = create_markdown(escape=False, plugins=['math', math_in_list]) self.assertNotIn('class=\"math\"', md1(text)) self.assertIn('class=\"math\"', md2(text))  def test_math_in_quote(self): text = '''> $$\\n> foo\\n> $$\\n''' md1 = create_markdown(escape=False) md2 = create_markdown(escape=False, plugins=['math', math_in_quote]) self.assertNotIn('class=\"math\"', md1(text)) self.assertIn('class=\"math\"', md2(text))"}
{"name": "mistune.src.mistune.inline_parser.InlineParser", "code": "class InlineParser(Parser): sc_flag = 0 state_cls = InlineState  #: linebreak leaves two spaces at the end of line STD_LINEBREAK = r'(?:\\\\| {2,})\\n\\s*'  #: every new line becomes <br> HARD_LINEBREAK = r' *\\n\\s*'  # we only need to find the start pattern of an inline token SPECIFICATION = { # e.g. \\`, \\$ 'escape': r'(?:\\\\' + PUNCTUATION + ')+',  # `code, ```code 'codespan': r'`{1,}',  # *w, **w, _w, __w 'emphasis': r'\\*{1,3}(?=[^\\s*])|\\b_{1,3}(?=[^\\s_])',  # [link], ![img] 'link': r'!?\\[',  # <https://example.com>. regex copied from commonmark.js 'auto_link': r'<[A-Za-z][A-Za-z0-9.+-]{1,31}:[^<>\\x00-\\x20]*>', 'auto_email': AUTO_EMAIL,  'inline_html': INLINE_HTML,  'linebreak': STD_LINEBREAK, 'softbreak': HARD_LINEBREAK,  'prec_auto_link': r'<[A-Za-z][A-Za-z\\d.+-]{1,31}:', 'prec_inline_html': r'</?' + HTML_TAGNAME + r'|<!|<\\?', } DEFAULT_RULES = ( 'escape', 'codespan', 'emphasis', 'link', 'auto_link', 'auto_email', 'inline_html', 'linebreak', )  def __init__(self, hard_wrap: bool=False): super(InlineParser, self).__init__()  self.hard_wrap = hard_wrap # lazy add linebreak if hard_wrap: self.specification['linebreak'] = self.HARD_LINEBREAK else: self.rules.append('softbreak')  self._methods = { name: getattr(self, 'parse_' + name) for name in self.rules }  def parse_escape(self, m: Match, state: InlineState) -> int: text = m.group(0) text = unescape_char(text) state.append_token({ 'type': 'text', 'raw': text, }) return m.end()  def parse_link(self, m: Match, state: InlineState) -> Optional[int]: pos = m.end()  marker = m.group(0) is_image = marker[0] == '!' if is_image and state.in_image: state.append_token({'type': 'text', 'raw': marker}) return pos elif not is_image and state.in_link: state.append_token({'type': 'text', 'raw': marker}) return pos  text = None label, end_pos = parse_link_label(state.src, pos) if label is None: text, end_pos = parse_link_text(state.src, pos) if text is None: return  if text is None: text = label  if end_pos >= len(state.src) and label is None: return  rules = ['codespan', 'prec_auto_link', 'prec_inline_html'] prec_pos = self.precedence_scan(m, state, end_pos, rules) if prec_pos: return prec_pos  if end_pos < len(state.src): c = state.src[end_pos] if c == '(': # standard link [text](<url> \"title\") attrs, pos2 = parse_link(state.src, end_pos + 1) if pos2: token = self.__parse_link_token(is_image, text, attrs, state) state.append_token(token) return pos2  elif c == '[': # standard ref link [text][label] label2, pos2 = parse_link_label(state.src, end_pos + 1) if pos2: end_pos = pos2 if label2: label = label2  if label is None: return  ref_links = state.env.get('ref_links') if not ref_links: return  key = unikey(label) env = ref_links.get(key) if env: attrs = {'url': env['url'], 'title': env.get('title')} token = self.__parse_link_token(is_image, text, attrs, state) token['ref'] = key token['label'] = label state.append_token(token) return end_pos  def __parse_link_token(self, is_image, text, attrs, state): new_state = state.copy() new_state.src = text if is_image: new_state.in_image = True token = { 'type': 'image', 'children': self.render(new_state), 'attrs': attrs, } else: new_state.in_link = True token = { 'type': 'link', 'children': self.render(new_state), 'attrs': attrs, } return token  def parse_auto_link(self, m: Match, state: InlineState) -> int: text = m.group(0) pos = m.end() if state.in_link: self.process_text(text, state) return pos  text = text[1:-1] self._add_auto_link(text, text, state) return pos  def parse_auto_email(self, m: Match, state: InlineState) -> int: text = m.group(0) pos = m.end() if state.in_link: self.process_text(text, state) return pos  text = text[1:-1] url = 'mailto:' + text self._add_auto_link(url, text, state) return pos  def _add_auto_link(self, url, text, state): state.append_token({ 'type': 'link', 'children': [{'type': 'text', 'raw': text}], 'attrs': {'url': escape_url(url)}, })  def parse_emphasis(self, m: Match, state: InlineState) -> int: pos = m.end()  marker = m.group(0) mlen = len(marker) if mlen == 1 and state.in_emphasis: state.append_token({'type': 'text', 'raw': marker}) return pos elif mlen == 2 and state.in_strong: state.append_token({'type': 'text', 'raw': marker}) return pos  _end_re = EMPHASIS_END_RE[marker] m1 = _end_re.search(state.src, pos) if not m1: state.append_token({'type': 'text', 'raw': marker}) return pos  end_pos = m1.end() text = state.src[pos:end_pos-mlen]  prec_pos = self.precedence_scan(m, state, end_pos) if prec_pos: return prec_pos  new_state = state.copy() new_state.src = text if mlen == 1: new_state.in_emphasis = True children = self.render(new_state) state.append_token({'type': 'emphasis', 'children': children}) elif mlen == 2: new_state.in_strong = True children = self.render(new_state) state.append_token({'type': 'strong', 'children': children}) else: new_state.in_emphasis = True new_state.in_strong = True  children = [{ 'type': 'strong', 'children': self.render(new_state) }] state.append_token({ 'type': 'emphasis', 'children': children, }) return end_pos  def parse_codespan(self, m: Match, state: InlineState) -> int: marker = m.group(0) # require same marker with same length at end  pattern = re.compile(r'(.*?[^`])' + marker + r'(?!`)', re.S)  pos = m.end() m = pattern.match(state.src, pos) if m: end_pos = m.end() code = m.group(1) # Line endings are treated like spaces code = code.replace('\\n', ' ') if len(code.strip()): if code.startswith(' ') and code.endswith(' '): code = code[1:-1] state.append_token({'type': 'codespan', 'raw': escape(code)}) return end_pos else: state.append_token({'type': 'text', 'raw': marker}) return pos  def parse_linebreak(self, m: Match, state: InlineState) -> int: state.append_token({'type': 'linebreak'}) return m.end()  def parse_softbreak(self, m: Match, state: InlineState) -> int: state.append_token({'type': 'softbreak'}) return m.end()  def parse_inline_html(self, m: Match, state: InlineState) -> int: end_pos = m.end() html = m.group(0) state.append_token({'type': 'inline_html', 'raw': html}) if html.startswith(('<a ', '<a>', '<A ', '<A>')): state.in_link = True elif html.startswith(('</a ', '</a>', '</A ', '</A>')): state.in_link = False return end_pos  def process_text(self, text: str, state: InlineState): state.append_token({'type': 'text', 'raw': text})  def parse(self, state: InlineState) -> List[Dict[str, Any]]: pos = 0 sc = self.compile_sc() while pos < len(state.src): m = sc.search(state.src, pos) if not m: break  end_pos = m.start() if end_pos > pos: hole = state.src[pos:end_pos] self.process_text(hole, state)  new_pos = self.parse_method(m, state) if not new_pos: # move cursor 1 character forward pos = end_pos + 1 hole = state.src[end_pos:pos] self.process_text(hole, state) else: pos = new_pos  if pos == 0: # special case, just pure text self.process_text(state.src, state) elif pos < len(state.src): self.process_text(state.src[pos:], state) return state.tokens  def precedence_scan(self, m: Match, state: InlineState, end_pos: int, rules=None): if rules is None: rules = ['codespan', 'link', 'prec_auto_link', 'prec_inline_html']  mark_pos = m.end() sc = self.compile_sc(rules) m1 = sc.search(state.src, mark_pos, end_pos) if not m1: return  rule_name = m1.lastgroup.replace('prec_', '') sc = self.compile_sc([rule_name]) m2 = sc.match(state.src, m1.start()) if not m2: return  func = self._methods[rule_name] new_state = state.copy() new_state.src = state.src m2_pos = func(m2, new_state) if not m2_pos or m2_pos < end_pos: return  raw_text = state.src[m.start():m2.start()] state.append_token({'type': 'text', 'raw': raw_text}) for token in new_state.tokens: state.append_token(token) return m2_pos  def render(self, state: InlineState): self.parse(state) return state.tokens  def __call__(self, s, env): state = self.state_cls(env) state.src = s return self.render(state)"}
{"name": "mistune.src.mistune.renderers.rst.RSTRenderer", "code": "class RSTRenderer(BaseRenderer): \"\"\"A renderer for converting Markdown to ReST.\"\"\" NAME = 'rst'  #: marker symbols for heading HEADING_MARKERS = { 1: '=', 2: '-', 3: '~', 4: '^', 5: '\"', 6: \"'\", } INLINE_IMAGE_PREFIX = 'img-'  def iter_tokens(self, tokens, state): prev = None for tok in tokens: # ignore blank line if tok['type'] == 'blank_line': continue tok['prev'] = prev prev = tok yield self.render_token(tok, state)  def __call__(self, tokens, state: BlockState): state.env['inline_images'] = [] out = self.render_tokens(tokens, state) # special handle for line breaks out += '\\n\\n'.join(self.render_referrences(state)) + '\\n' return strip_end(out)  def render_referrences(self, state: BlockState): images = state.env['inline_images'] for index, token in enumerate(images): attrs = token['attrs'] alt = self.render_children(token, state) ident = self.INLINE_IMAGE_PREFIX + str(index) yield '.. |' + ident + '| image:: ' + attrs['url'] + '\\n   :alt: ' + alt  def render_children(self, token, state: BlockState): children = token['children'] return self.render_tokens(children, state)  def text(self, token: Dict[str, Any], state: BlockState) -> str: text = token['raw'] return text.replace('|', r'\\|')  def emphasis(self, token: Dict[str, Any], state: BlockState) -> str: return '*' + self.render_children(token, state) + '*'  def strong(self, token: Dict[str, Any], state: BlockState) -> str: return '**' + self.render_children(token, state) + '**'  def link(self, token: Dict[str, Any], state: BlockState) -> str: attrs = token['attrs'] text = self.render_children(token, state) return '`' + text + ' <' + attrs['url'] + '>`__'  def image(self, token: Dict[str, Any], state: BlockState) -> str: refs: list = state.env['inline_images'] index = len(refs) refs.append(token) return '|' + self.INLINE_IMAGE_PREFIX + str(index) + '|'  def codespan(self, token: Dict[str, Any], state: BlockState) -> str: return '``' + token['raw'] + '``'  def linebreak(self, token: Dict[str, Any], state: BlockState) -> str: return '<linebreak>'  def softbreak(self, token: Dict[str, Any], state: BlockState) -> str: return ' '  def inline_html(self, token: Dict[str, Any], state: BlockState) -> str: # rst does not support inline html return ''  def paragraph(self, token: Dict[str, Any], state: BlockState) -> str: children = token['children'] if len(children) == 1 and children[0]['type'] == 'image': image = children[0] attrs = image['attrs'] title = attrs.get('title') alt = self.render_children(image, state) text = '.. figure:: ' + attrs['url'] if title: text += '\\n   :alt: ' + title text += '\\n\\n' + indent(alt, '   ') else: text = self.render_tokens(children, state) lines = text.split('<linebreak>') if len(lines) > 1: text = '\\n'.join('| ' + line for line in lines) return text + '\\n\\n'  def heading(self, token: Dict[str, Any], state: BlockState) -> str: attrs = token['attrs'] text = self.render_children(token, state) marker = self.HEADING_MARKERS[attrs['level']] return text + '\\n' + marker * len(text) + '\\n\\n'  def thematic_break(self, token: Dict[str, Any], state: BlockState) -> str: return '--------------\\n\\n'  def block_text(self, token: Dict[str, Any], state: BlockState) -> str: return self.render_children(token, state) + '\\n'  def block_code(self, token: Dict[str, Any], state: BlockState) -> str: attrs = token.get('attrs', {}) info = attrs.get('info') code = indent(token['raw'], '   ') if info: lang = info.split()[0] return '.. code:: ' + lang + '\\n\\n' + code + '\\n' else: return '::\\n\\n' + code + '\\n\\n'  def block_quote(self, token: Dict[str, Any], state: BlockState) -> str: text = indent(self.render_children(token, state), '   ') prev = token['prev'] ignore_blocks = ( 'paragraph', 'thematic_break', 'linebreak', 'heading', ) if prev and prev['type'] not in ignore_blocks: text = '..\\n\\n' + text return text  def block_html(self, token: Dict[str, Any], state: BlockState) -> str: raw = token['raw'] return '.. raw:: html\\n\\n' + indent(raw, '   ') + '\\n\\n'  def block_error(self, token: Dict[str, Any], state: BlockState) -> str: return ''  def list(self, token: Dict[str, Any], state: BlockState) -> str: return render_list(self, token, state)"}
{"name": "mistune.src.mistune.renderers.html.HTMLRenderer", "code": "class HTMLRenderer(BaseRenderer): \"\"\"A renderer for converting Markdown to HTML.\"\"\" NAME = 'html' HARMFUL_PROTOCOLS = ( 'javascript:', 'vbscript:', 'file:', 'data:', ) GOOD_DATA_PROTOCOLS = ( 'data:image/gif;', 'data:image/png;', 'data:image/jpeg;', 'data:image/webp;', )  def __init__(self, escape=True, allow_harmful_protocols=None): super(HTMLRenderer, self).__init__() self._allow_harmful_protocols = allow_harmful_protocols self._escape = escape  def render_token(self, token, state): # backward compitable with v2 func = self._get_method(token['type']) attrs = token.get('attrs')  if 'raw' in token: text = token['raw'] elif 'children' in token: text = self.render_tokens(token['children'], state) else: if attrs: return func(**attrs) else: return func() if attrs: return func(text, **attrs) else: return func(text)  def safe_url(self, url: str) -> str: \"\"\"Ensure the given URL is safe. This method is used for rendering links, images, and etc. \"\"\" if self._allow_harmful_protocols is True: return url  _url = url.lower() if self._allow_harmful_protocols and \\ _url.startswith(tuple(self._allow_harmful_protocols)): return url  if _url.startswith(self.HARMFUL_PROTOCOLS) and \\ not _url.startswith(self.GOOD_DATA_PROTOCOLS): return '#harmful-link' return url  def text(self, text: str) -> str: if self._escape: return escape_text(text) return safe_entity(text)  def emphasis(self, text: str) -> str: return '<em>' + text + '</em>'  def strong(self, text: str) -> str: return '<strong>' + text + '</strong>'  def link(self, text: str, url: str, title=None) -> str: s = '<a href=\"' + self.safe_url(url) + '\"' if title: s += ' title=\"' + safe_entity(title) + '\"' return s + '>' + text + '</a>'  def image(self, text: str, url: str, title=None) -> str: src = self.safe_url(url) alt = escape_text(striptags(text)) s = '<img src=\"' + src + '\" alt=\"' + alt + '\"' if title: s += ' title=\"' + safe_entity(title) + '\"' return s + ' />'  def codespan(self, text: str) -> str: return '<code>' + text + '</code>'  def linebreak(self) -> str: return '<br />\\n'  def softbreak(self) -> str: return '\\n'  def inline_html(self, html: str) -> str: if self._escape: return escape_text(html) return html  def paragraph(self, text: str) -> str: return '<p>' + text + '</p>\\n'  def heading(self, text: str, level: int, **attrs) -> str: tag = 'h' + str(level) html = '<' + tag _id = attrs.get('id') if _id: html += ' id=\"' + _id + '\"' return html + '>' + text + '</' + tag + '>\\n'  def blank_line(self) -> str: return ''  def thematic_break(self) -> str: return '<hr />\\n'  def block_text(self, text: str) -> str: return text  def block_code(self, code: str, info=None) -> str: html = '<pre><code' if info is not None: info = safe_entity(info.strip()) if info: lang = info.split(None, 1)[0] html += ' class=\"language-' + lang + '\"' return html + '>' + escape_text(code) + '</code></pre>\\n'  def block_quote(self, text: str) -> str: return '<blockquote>\\n' + text + '</blockquote>\\n'  def block_html(self, html: str) -> str: if self._escape: return '<p>' + escape_text(html.strip()) + '</p>\\n' return html + '\\n'  def block_error(self, text: str) -> str: return '<div class=\"error\"><pre>' + text + '</pre></div>\\n'  def list(self, text: str, ordered: bool, **attrs) -> str: if ordered: html = '<ol' start = attrs.get('start') if start is not None: html += ' start=\"' + str(start) + '\"' return html + '>\\n' + text + '</ol>\\n' return '<ul>\\n' + text + '</ul>\\n'  def list_item(self, text: str) -> str: return '<li>' + text + '</li>\\n'"}
{"name": "mistune.src.mistune.renderers.markdown.MarkdownRenderer", "code": "class MarkdownRenderer(BaseRenderer): \"\"\"A renderer to re-format Markdown text.\"\"\" NAME = 'markdown'  def __call__(self, tokens, state: BlockState): out = self.render_tokens(tokens, state) # special handle for line breaks out += '\\n\\n'.join(self.render_referrences(state)) + '\\n' return strip_end(out)  def render_referrences(self, state: BlockState): ref_links = state.env['ref_links'] for key in ref_links: attrs = ref_links[key] text = '[' + attrs['label'] + ']: ' + attrs['url'] title = attrs.get('title') if title: text += ' \"' + title + '\"' yield text  def render_children(self, token, state: BlockState): children = token['children'] return self.render_tokens(children, state)  def text(self, token: Dict[str, Any], state: BlockState) -> str: return token['raw']  def emphasis(self, token: Dict[str, Any], state: BlockState) -> str: return '*' + self.render_children(token, state) + '*'  def strong(self, token: Dict[str, Any], state: BlockState) -> str: return '**' + self.render_children(token, state) + '**'  def link(self, token: Dict[str, Any], state: BlockState) -> str: label = token.get('label') text = self.render_children(token, state) out = '[' + text + ']' if label: return out + '[' + label + ']'  attrs = token['attrs'] url = attrs['url'] title = attrs.get('title') if text == url and not title: return '<' + text + '>' elif 'mailto:' + text == url and not title: return '<' + text + '>'  out += '(' if '(' in url or ')' in url: out += '<' + url + '>' else: out += url if title: out += ' \"' + title + '\"' return out + ')'  def image(self, token: Dict[str, Any], state: BlockState) -> str: return '!' + self.link(token, state)  def codespan(self, token: Dict[str, Any], state: BlockState) -> str: return '`' + token['raw'] + '`'  def linebreak(self, token: Dict[str, Any], state: BlockState) -> str: return '  \\n'  def softbreak(self, token: Dict[str, Any], state: BlockState) -> str: return '\\n'  def blank_line(self, token: Dict[str, Any], state: BlockState) -> str: return ''  def inline_html(self, token: Dict[str, Any], state: BlockState) -> str: return token['raw']  def paragraph(self, token: Dict[str, Any], state: BlockState) -> str: text = self.render_children(token, state) return text + '\\n\\n'  def heading(self, token: Dict[str, Any], state: BlockState) -> str: level = token['attrs']['level'] marker = '#' * level text = self.render_children(token, state) return marker + ' ' + text + '\\n\\n'  def thematic_break(self, token: Dict[str, Any], state: BlockState) -> str: return '***\\n\\n'  def block_text(self, token: Dict[str, Any], state: BlockState) -> str: return self.render_children(token, state) + '\\n'  def block_code(self, token: Dict[str, Any], state: BlockState) -> str: attrs = token.get('attrs', {}) info = attrs.get('info', '') code = token['raw'] if code and code[-1] != '\\n': code += '\\n'  marker = token.get('marker') if not marker: marker = _get_fenced_marker(code) return marker + info + '\\n' + code + marker + '\\n\\n'  def block_quote(self, token: Dict[str, Any], state: BlockState) -> str: text = indent(self.render_children(token, state), '> ') return text + '\\n\\n'  def block_html(self, token: Dict[str, Any], state: BlockState) -> str: return token['raw'] + '\\n\\n'  def block_error(self, token: Dict[str, Any], state: BlockState) -> str: return ''  def list(self, token: Dict[str, Any], state: BlockState) -> str: return render_list(self, token, state)"}
{"name": "mistune.src.mistune.core.BlockState", "code": "class BlockState: \"\"\"The state to save block parser's cursor and tokens.\"\"\" def __init__(self, parent=None): self.src = '' self.tokens = []  # current cursor position self.cursor = 0 self.cursor_max = 0  # for list and block quote chain self.list_tight = True self.parent = parent  # for saving def references if parent: self.env = parent.env else: self.env = {'ref_links': {}}  def child_state(self, src: str): child = self.__class__(self) child.process(src) return child  def process(self, src: str): self.src = src self.cursor_max = len(src)  def find_line_end(self): m = _LINE_END.search(self.src, self.cursor) return m.end()  def get_text(self, end_pos: int): return self.src[self.cursor:end_pos]  def last_token(self): if self.tokens: return self.tokens[-1]  def prepend_token(self, token: Dict[str, Any]): \"\"\"Insert token before the last token.\"\"\" self.tokens.insert(len(self.tokens) - 1, token)  def append_token(self, token: Dict[str, Any]): \"\"\"Add token to the end of token list.\"\"\" self.tokens.append(token)  def add_paragraph(self, text: str): last_token = self.last_token() if last_token and last_token['type'] == 'paragraph': last_token['text'] += text else: self.tokens.append({'type': 'paragraph', 'text': text})  def append_paragraph(self): last_token = self.last_token() if last_token and last_token['type'] == 'paragraph': pos = self.find_line_end() last_token['text'] += self.get_text(pos) return pos  def depth(self): d = 0 parent = self.parent while parent: d += 1 parent = parent.parent return d"}
{"name": "mistune.src.mistune.core.InlineState", "code": "class InlineState: \"\"\"The state to save inline parser's tokens.\"\"\" def __init__(self, env: Dict[str, Any]): self.env = env self.src = '' self.tokens = [] self.in_image = False self.in_link = False self.in_emphasis = False self.in_strong = False  def prepend_token(self, token: Dict[str, Any]): \"\"\"Insert token before the last token.\"\"\" self.tokens.insert(len(self.tokens) - 1, token)  def append_token(self, token: Dict[str, Any]): \"\"\"Add token to the end of token list.\"\"\" self.tokens.append(token)  def copy(self): \"\"\"Create a copy of current state.\"\"\" state = self.__class__(self.env) state.in_image = self.in_image state.in_link = self.in_link state.in_emphasis = self.in_emphasis state.in_strong = self.in_strong return state"}
{"name": "mistune.src.mistune.core.Parser", "code": "class Parser: sc_flag = re.M state_cls = BlockState  SPECIFICATION = {} DEFAULT_RULES = []  def __init__(self): self.specification = self.SPECIFICATION.copy() self.rules = list(self.DEFAULT_RULES) self._methods = {}  self.__sc = {}  def compile_sc(self, rules=None): if rules is None: key = '$' rules = self.rules else: key = '|'.join(rules)  sc = self.__sc.get(key) if sc: return sc  regex = '|'.join(r'(?P<%s>%s)' % (k, self.specification[k]) for k in rules) sc = re.compile(regex, self.sc_flag) self.__sc[key] = sc return sc  def register(self, name: str, pattern, func, before=None): \"\"\"Register a new rule to parse the token. This method is usually used to create a new plugin.  :param name: name of the new grammar :param pattern: regex pattern in string :param func: the parsing function :param before: insert this rule before a built-in rule \"\"\" self._methods[name] = lambda m, state: func(self, m, state) if pattern: self.specification[name] = pattern if name not in self.rules: self.insert_rule(self.rules, name, before=before)  def register_rule(self, name, pattern, func): raise DeprecationWarning('This plugin is not compatible with mistune v3.')  @staticmethod def insert_rule(rules, name, before=None): if before: try: index = rules.index(before) rules.insert(index, name) except ValueError: rules.append(name) else: rules.append(name)  def parse_method(self, m, state): func = self._methods[m.lastgroup] return func(m, state)"}
{"name": "mistune.src.mistune.core.BaseRenderer", "code": "class BaseRenderer(object): NAME = 'base'  def __init__(self): self.__methods = {}  def register(self, name: str, method): \"\"\"Register a render method for the named token. For example::  def render_wiki(renderer, key, title): return f'<a href=\"/wiki/{key}\">{title}</a>'  renderer.register('wiki', render_wiki) \"\"\" # bind self into renderer method self.__methods[name] = lambda *arg, **kwargs: method(self, *arg, **kwargs)  def _get_method(self, name): try: return object.__getattribute__(self, name) except AttributeError: method = self.__methods.get(name) if not method: raise AttributeError('No renderer \"{!r}\"'.format(name)) return method  def render_token(self, token, state): func = self._get_method(token['type']) return func(token, state)  def iter_tokens(self, tokens, state): for tok in tokens: yield self.render_token(tok, state)  def render_tokens(self, tokens, state): return ''.join(self.iter_tokens(tokens, state))  def __call__(self, tokens, state): return self.render_tokens(tokens, state)"}
{"name": "mistune.src.mistune.block_parser.BlockParser", "code": "class BlockParser(Parser): BLANK_LINE = re.compile(r'(^[ \\t\\v\\f]*\\n)+', re.M)  RAW_HTML = ( r'^ {0,3}(' r'</?' + HTML_TAGNAME + r'|' r'<!--|' # comment r'<\\?|'  # script r'<![A-Z]|' r'<!\\[CDATA\\[)' )  BLOCK_HTML = ( r'^ {0,3}(?:' r'(?:</?' + _BLOCK_TAGS_PATTERN + r'(?:[ \\t]+|\\n|$))' r'|<!--' # comment r'|<\\?'  # script r'|<![A-Z]' r'|<!\\[CDATA\\[)' )  SPECIFICATION = { 'blank_line': r'(^[ \\t\\v\\f]*\\n)+', 'axt_heading': r'^ {0,3}(?P<axt_1>#{1,6})(?!#+)(?P<axt_2>[ \\t]*|[ \\t]+.*?)$', 'setex_heading': r'^ {0,3}(?P<setext_1>=|-){1,}[ \\t]*$', 'fenced_code': ( r'^(?P<fenced_1> {0,3})(?P<fenced_2>`{3,}|~{3,})' r'[ \\t]*(?P<fenced_3>.*?)$' ), 'indent_code': ( r'^(?: {4}| *\\t)[^\\n]+(?:\\n+|$)' r'((?:(?: {4}| *\\t)[^\\n]+(?:\\n+|$))|\\s)*' ), 'thematic_break': r'^ {0,3}((?:-[ \\t]*){3,}|(?:_[ \\t]*){3,}|(?:\\*[ \\t]*){3,})$', 'ref_link': r'^ {0,3}\\[(?P<reflink_1>' + LINK_LABEL + r')\\]:', 'block_quote': r'^ {0,3}>(?P<quote_1>.*?)$', 'list': LIST_PATTERN, 'block_html': BLOCK_HTML, 'raw_html': RAW_HTML, }  DEFAULT_RULES = ( 'fenced_code', 'indent_code', 'axt_heading', 'setex_heading', 'thematic_break', 'block_quote', 'list', 'ref_link', 'raw_html', 'blank_line', )  def __init__( self, block_quote_rules: Optional[List[str]]=None, list_rules: Optional[List[str]]=None, max_nested_level: int=6 ): super(BlockParser, self).__init__()  if block_quote_rules is None: block_quote_rules = list(self.DEFAULT_RULES)  if list_rules is None: list_rules = list(self.DEFAULT_RULES)  self.block_quote_rules = block_quote_rules self.list_rules = list_rules self.max_nested_level = max_nested_level # register default parse methods self._methods = { name: getattr(self, 'parse_' + name) for name in self.SPECIFICATION }  def parse_blank_line(self, m: Match, state: BlockState) -> int: \"\"\"Parse token for blank lines.\"\"\" state.append_token({'type': 'blank_line'}) return m.end()  def parse_thematic_break(self, m: Match, state: BlockState) -> int: \"\"\"Parse token for thematic break, e.g. ``<hr>`` tag in HTML.\"\"\" state.append_token({'type': 'thematic_break'}) # $ does not count '\\n' return m.end() + 1  def parse_indent_code(self, m: Match, state: BlockState) -> int: \"\"\"Parse token for code block which is indented by 4 spaces.\"\"\" # it is a part of the paragraph end_pos = state.append_paragraph() if end_pos: return end_pos  code = m.group(0) code = expand_leading_tab(code) code = _INDENT_CODE_TRIM.sub('', code) code = code.strip('\\n') state.append_token({'type': 'block_code', 'raw': code, 'style': 'indent'}) return m.end()  def parse_fenced_code(self, m: Match, state: BlockState) -> Optional[int]: \"\"\"Parse token for fenced code block. A fenced code block is started with 3 or more backtick(`) or tilde(~).  An example of a fenced code block:  .. code-block:: markdown  ```python def markdown(text): return mistune.html(text) ``` \"\"\" spaces = m.group('fenced_1') marker = m.group('fenced_2') info = m.group('fenced_3')  c = marker[0] if info and c == '`': # CommonMark Example 145 # Info strings for backtick code blocks cannot contain backticks if info.find(c) != -1: return  _end = re.compile( r'^ {0,3}' + c + '{' + str(len(marker)) + r',}[ \\t]*(?:\\n|$)', re.M) cursor_start = m.end() + 1  m2 = _end.search(state.src, cursor_start) if m2: code = state.src[cursor_start:m2.start()] end_pos = m2.end() else: code = state.src[cursor_start:] end_pos = state.cursor_max  if spaces and code: _trim_pattern = re.compile('^ {0,' + str(len(spaces)) + '}', re.M) code = _trim_pattern.sub('', code)  token = {'type': 'block_code', 'raw': code, 'style': 'fenced', 'marker': marker} if info: info = unescape_char(info) token['attrs'] = {'info': info.strip()}  state.append_token(token) return end_pos  def parse_axt_heading(self, m: Match, state: BlockState) -> int: \"\"\"Parse token for AXT heading. An AXT heading is started with 1 to 6 symbol of ``#``.\"\"\" level = len(m.group('axt_1')) text = m.group('axt_2').strip() # remove last # if text: text = _AXT_HEADING_TRIM.sub('', text)  token = {'type': 'heading', 'text': text, 'attrs': {'level': level}, 'style': 'axt'} state.append_token(token) return m.end() + 1  def parse_setex_heading(self, m: Match, state: BlockState) -> Optional[int]: \"\"\"Parse token for setex style heading. A setex heading syntax looks like:  .. code-block:: markdown  H1 title ======== \"\"\" last_token = state.last_token() if last_token and last_token['type'] == 'paragraph': level = 1 if m.group('setext_1') == '=' else 2 last_token['type'] = 'heading' last_token['style'] = 'setext' last_token['attrs'] = {'level': level} return m.end() + 1  sc = self.compile_sc(['thematic_break', 'list']) m = sc.match(state.src, state.cursor) if m: return self.parse_method(m, state)  def parse_ref_link(self, m: Match, state: BlockState) -> Optional[int]: \"\"\"Parse link references and save the link information into ``state.env``.  Here is an example of a link reference:  .. code-block:: markdown  a [link][example]  [example]: https://example.com \"Optional title\"  This method will save the link reference into ``state.env`` as::  state.env['ref_links']['example'] = { 'url': 'https://example.com', 'title': \"Optional title\", } \"\"\" end_pos = state.append_paragraph() if end_pos: return end_pos  label = m.group('reflink_1') key = unikey(label) if not key: return  href, href_pos = parse_link_href(state.src, m.end(), block=True) if href is None: return  _blank = self.BLANK_LINE.search(state.src, href_pos) if _blank: max_pos = _blank.start() else: max_pos = state.cursor_max  title, title_pos = parse_link_title(state.src, href_pos, max_pos) if title_pos: m = _BLANK_TO_LINE.match(state.src, title_pos) if m: title_pos = m.end() else: title_pos = None title = None  if title_pos is None: m = _BLANK_TO_LINE.match(state.src, href_pos) if m: href_pos = m.end() else: href_pos = None href = None  end_pos = title_pos or href_pos if not end_pos: return  if key not in state.env['ref_links']: href = unescape_char(href) data = {'url': escape_url(href), 'label': label} if title: data['title'] = title state.env['ref_links'][key] = data return end_pos  def extract_block_quote(self, m: Match, state: BlockState) -> Tuple[str, int]: \"\"\"Extract text and cursor end position of a block quote.\"\"\"  # cleanup at first to detect if it is code block text = m.group('quote_1') + '\\n' text = expand_leading_tab(text, 3) text = _BLOCK_QUOTE_TRIM.sub('', text)  sc = self.compile_sc(['blank_line', 'indent_code', 'fenced_code']) require_marker = bool(sc.match(text))  state.cursor = m.end() + 1  end_pos = None if require_marker: m = _STRICT_BLOCK_QUOTE.match(state.src, state.cursor) if m: quote = m.group(0) quote = _BLOCK_QUOTE_LEADING.sub('', quote) quote = expand_leading_tab(quote, 3) quote = _BLOCK_QUOTE_TRIM.sub('', quote) text += quote state.cursor = m.end() else: prev_blank_line = False break_sc = self.compile_sc([ 'blank_line', 'thematic_break', 'fenced_code', 'list', 'block_html', ]) while state.cursor < state.cursor_max: m = _STRICT_BLOCK_QUOTE.match(state.src, state.cursor) if m: quote = m.group(0) quote = _BLOCK_QUOTE_LEADING.sub('', quote) quote = expand_leading_tab(quote, 3) quote = _BLOCK_QUOTE_TRIM.sub('', quote) text += quote state.cursor = m.end() if not quote.strip(): prev_blank_line = True else: prev_blank_line = bool(_LINE_BLANK_END.search(quote)) continue  if prev_blank_line: # CommonMark Example 249 # because of laziness, a blank line is needed between # a block quote and a following paragraph break  m = break_sc.match(state.src, state.cursor) if m: end_pos = self.parse_method(m, state) if end_pos: break  # lazy continuation line pos = state.find_line_end() line = state.get_text(pos) line = expand_leading_tab(line, 3) text += line state.cursor = pos  # according to CommonMark Example 6, the second tab should be # treated as 4 spaces return expand_tab(text), end_pos  def parse_block_quote(self, m: Match, state: BlockState) -> int: \"\"\"Parse token for block quote. Here is an example of the syntax:  .. code-block:: markdown  > a block quote starts > with right arrows \"\"\" text, end_pos = self.extract_block_quote(m, state) # scan children state child = state.child_state(text) if state.depth() >= self.max_nested_level - 1: rules = list(self.block_quote_rules) rules.remove('block_quote') else: rules = self.block_quote_rules  self.parse(child, rules) token = {'type': 'block_quote', 'children': child.tokens} if end_pos: state.prepend_token(token) return end_pos state.append_token(token) return state.cursor  def parse_list(self, m: Match, state: BlockState) -> int: \"\"\"Parse tokens for ordered and unordered list.\"\"\" return parse_list(self, m, state)  def parse_block_html(self, m: Match, state: BlockState) -> Optional[int]: return self.parse_raw_html(m, state)  def parse_raw_html(self, m: Match, state: BlockState) -> Optional[int]: marker = m.group(0).strip()  # rule 2 if marker == '<!--': return _parse_html_to_end(state, '-->', m.end())  # rule 3 if marker == '<?': return _parse_html_to_end(state, '?>', m.end())  # rule 5 if marker == '<![CDATA[': return _parse_html_to_end(state, ']]>', m.end())  # rule 4 if marker.startswith('<!'): return _parse_html_to_end(state, '>', m.end())  close_tag = None open_tag = None if marker.startswith('</'): close_tag = marker[2:].lower() # rule 6 if close_tag in BLOCK_TAGS: return _parse_html_to_newline(state, self.BLANK_LINE) else: open_tag = marker[1:].lower() # rule 1 if open_tag in PRE_TAGS: end_tag = '</' + open_tag + '>' return _parse_html_to_end(state, end_tag, m.end()) # rule 6 if open_tag in BLOCK_TAGS: return _parse_html_to_newline(state, self.BLANK_LINE)  # Blocks of type 7 may not interrupt a paragraph. end_pos = state.append_paragraph() if end_pos: return end_pos  # rule 7 start_pos = m.end() end_pos = state.find_line_end() if (open_tag and _OPEN_TAG_END.match(state.src, start_pos, end_pos)) or \\ (close_tag and _CLOSE_TAG_END.match(state.src, start_pos, end_pos)): return _parse_html_to_newline(state, self.BLANK_LINE)  def parse(self, state: BlockState, rules: Optional[List[str]]=None) -> None: sc = self.compile_sc(rules)  while state.cursor < state.cursor_max: m = sc.search(state.src, state.cursor) if not m: break  end_pos = m.start() if end_pos > state.cursor: text = state.get_text(end_pos) state.add_paragraph(text) state.cursor = end_pos  end_pos = self.parse_method(m, state) if end_pos: state.cursor = end_pos else: end_pos = state.find_line_end() text = state.get_text(end_pos) state.add_paragraph(text) state.cursor = end_pos  if state.cursor < state.cursor_max: text = state.src[state.cursor:] state.add_paragraph(text) state.cursor = state.cursor_max"}
{"name": "mistune.src.mistune.directives._base.DirectiveParser", "code": "class DirectiveParser: name = 'directive'  @staticmethod def parse_type(m: re.Match): raise NotImplementedError()  @staticmethod def parse_title(m: re.Match): raise NotImplementedError()  @staticmethod def parse_content(m: re.Match): raise NotImplementedError()  @classmethod def parse_tokens(cls, block, text, state): if state.depth() >= block.max_nested_level - 1 and cls.name in block.rules: rules = list(block.rules) rules.remove(cls.name) else: rules = block.rules child = state.child_state(text) block.parse(child, rules) return child.tokens  @staticmethod def parse_options(m: re.Match): text = m.group('options') if not text.strip(): return []  options = [] for line in re.split(r'\\n+', text): line = line.strip()[1:] if not line: continue i = line.find(':') k = line[:i] v = line[i + 1:].strip() options.append((k, v)) return options"}
{"name": "mistune.src.mistune.directives._base.BaseDirective", "code": "class BaseDirective: parser = DirectiveParser directive_pattern = None  def __init__(self, plugins): self._methods = {} self.__plugins = plugins  def register(self, name, fn): self._methods[name] = fn  def parse_method(self, block, m, state): _type = self.parser.parse_type(m) method = self._methods.get(_type) if method: try: token = method(block, m, state) except ValueError as e: token = {'type': 'block_error', 'raw': str(e)} else: text = m.group(0) token = { 'type': 'block_error', 'raw': text, }  if isinstance(token, list): for tok in token: state.append_token(tok) else: state.append_token(token) return token  def parse_directive(self, block, m, state): raise NotImplementedError()  def register_block_parser(self, md, before=None): md.block.register( self.parser.name, self.directive_pattern, self.parse_directive, before=before, )  def __call__(self, md): for plugin in self.__plugins: plugin.parser = self.parser plugin(self, md)"}
{"name": "mistune.src.mistune.directives._base.DirectivePlugin", "code": "class DirectivePlugin: def __init__(self): self.parser = None  def parse_options(self, m: re.Match): return self.parser.parse_options(m)  def parse_type(self, m: re.Match): return self.parser.parse_type(m)  def parse_title(self, m: re.Match): return self.parser.parse_title(m)  def parse_content(self, m: re.Match): return self.parser.parse_content(m)  def parse_tokens(self, block, text, state): return self.parser.parse_tokens(block, text, state)  def parse(self, block, m, state): raise NotImplementedError()  def __call__(self, md): raise NotImplementedError()"}
{"name": "mistune.src.mistune.directives.image.Image", "code": "class Image(DirectivePlugin): NAME = 'image'  def parse(self, block, m, state): options = dict(self.parse_options(m)) attrs = _parse_attrs(options) attrs['src'] = self.parse_title(m) return {'type': 'block_image', 'attrs': attrs}  def __call__(self, directive, md): directive.register(self.NAME, self.parse) if md.renderer.NAME == 'html': md.renderer.register('block_image', render_block_image)"}
{"name": "mistune.src.mistune.directives.image.Figure", "code": "class Figure(DirectivePlugin): NAME = 'figure'  def parse_directive_content(self, block, m, state): content = self.parse_content(m) if not content: return  tokens = self.parse_tokens(block, content, state) caption = tokens[0] if caption['type'] == 'paragraph': caption['type'] = 'figcaption' children = [caption] if len(tokens) > 1: children.append({ 'type': 'legend', 'children': tokens[1:] }) return children  def parse(self, block, m, state): options = dict(self.parse_options(m)) image_attrs = _parse_attrs(options) image_attrs['src'] = self.parse_title(m)  align = image_attrs.pop('align', None) fig_attrs = {} if align: fig_attrs['align'] = align for k in ['figwidth', 'figclass']: if k in options: fig_attrs[k] = options[k]  children = [{'type': 'block_image', 'attrs': image_attrs}] content = self.parse_directive_content(block, m, state) if content: children.extend(content) return { 'type': 'figure', 'attrs': fig_attrs, 'children': children, }  def __call__(self, directive, md): directive.register(self.NAME, self.parse)  if md.renderer.NAME == 'html': md.renderer.register('figure', render_figure) md.renderer.register('block_image', render_block_image) md.renderer.register('figcaption', render_figcaption) md.renderer.register('legend', render_legend)"}
{"name": "mistune.src.mistune.directives.admonition.Admonition", "code": "class Admonition(DirectivePlugin): SUPPORTED_NAMES = { \"attention\", \"caution\", \"danger\", \"error\", \"hint\", \"important\", \"note\", \"tip\", \"warning\", }  def parse(self, block, m, state): name = self.parse_type(m) attrs = {'name': name} options = dict(self.parse_options(m)) if 'class' in options: attrs['class'] = options['class']  title = self.parse_title(m) if not title: title = name.capitalize()  content = self.parse_content(m) children = [ { 'type': 'admonition_title', 'text': title, }, { 'type': 'admonition_content', 'children': self.parse_tokens(block, content, state), } ] return { 'type': 'admonition', 'children': children, 'attrs': attrs, }  def __call__(self, directive, md): for name in self.SUPPORTED_NAMES: directive.register(name, self.parse)  if md.renderer.NAME == 'html': md.renderer.register('admonition', render_admonition) md.renderer.register('admonition_title', render_admonition_title) md.renderer.register('admonition_content', render_admonition_content)"}
{"name": "mistune.src.mistune.directives._fenced.FencedParser", "code": "class FencedParser(DirectiveParser): name = 'fenced_directive'  @staticmethod def parse_type(m: re.Match): return m.group('type')  @staticmethod def parse_title(m: re.Match): return m.group('title')  @staticmethod def parse_content(m: re.Match): return m.group('text')"}
{"name": "mistune.src.mistune.directives._fenced.FencedDirective", "code": "class FencedDirective(BaseDirective): \"\"\"A **fenced** style of directive looks like a fenced code block, it is inspired by markdown-it-docutils. The syntax looks like:  .. code-block:: text  ```{directive-type} title :option-key: option value :option-key: option value  content text here ```  To use ``FencedDirective``, developers can add it into plugin list in the :class:`Markdown` instance:  .. code-block:: python  import mistune from mistune.directives import FencedDirective, Admonition  md = mistune.create_markdown(plugins=[ # ... FencedDirective([Admonition()]), ])  FencedDirective is using >= 3 backticks or curly-brackets for the fenced syntax. Developers can change it to other characters, e.g. colon:  .. code-block:: python  directive = FencedDirective([Admonition()], ':')  And then the directive syntax would look like:  .. code-block:: text  ::::{note} Nesting directives You can nest directives by ensuring the start and end fence matching the length. For instance, in this example, the admonition is started with 4 colons, then it should end with 4 colons.  You can nest another admonition with other length of colons except 4.  :::{tip} Longer outermost fence It would be better that you put longer markers for the outer fence, and shorter markers for the inner fence. In this example, we put 4 colons outsie, and 3 colons inside. ::: ::::  :param plugins: list of directive plugins :param markers: characters to determine the fence, default is backtick and curly-bracket \"\"\" parser = FencedParser  def __init__(self, plugins, markers='`~'): super(FencedDirective, self).__init__(plugins) self.markers = markers _marker_pattern = '|'.join(re.escape(c) for c in markers) self.directive_pattern = ( r'^(?P<fenced_directive_mark>(?:' + _marker_pattern + r'){3,})' r'\\{[a-zA-Z0-9_-]+\\}' )  def _process_directive(self, block, marker, start, state): mlen = len(marker) cursor_start = start + len(marker)  _end_pattern = ( r'^ {0,3}' + marker[0] + '{' + str(mlen) + r',}' r'[ \\t]*(?:\\n|$)' ) _end_re = re.compile(_end_pattern, re.M)  _end_m = _end_re.search(state.src, cursor_start) if _end_m: text = state.src[cursor_start:_end_m.start()] end_pos = _end_m.end() else: text = state.src[cursor_start:] end_pos = state.cursor_max  m = _directive_re.match(text) if not m: return  self.parse_method(block, m, state) return end_pos  def parse_directive(self, block, m, state): marker = m.group('fenced_directive_mark') return self._process_directive(block, marker, m.start(), state)  def parse_fenced_code(self, block, m, state): info = m.group('fenced_3') if not info or not _type_re.match(info): return block.parse_fenced_code(m, state)  if state.depth() >= block.max_nested_level: return block.parse_fenced_code(m, state)  marker = m.group('fenced_2') return self._process_directive(block, marker, m.start(), state)  def __call__(self, md): super(FencedDirective, self).__call__(md) if self.markers == '`~': md.block.register('fenced_code', None, self.parse_fenced_code) else: self.register_block_parser(md, 'fenced_code')"}
{"name": "mistune.src.mistune.directives._rst.RSTParser", "code": "class RSTParser(DirectiveParser): name = 'rst_directive'  @staticmethod def parse_type(m: re.Match): return m.group('type')  @staticmethod def parse_title(m: re.Match): return m.group('title')  @staticmethod def parse_content(m: re.Match): full_content = m.group(0) text = m.group('text') pretext = full_content[:-len(text)] leading = len(m.group(1)) + 2 return '\\n'.join(line[leading:] for line in text.splitlines()) + '\\n'"}
{"name": "mistune.src.mistune.directives._rst.RSTDirective", "code": "class RSTDirective(BaseDirective): \"\"\"A RST style of directive syntax is inspired by reStructuredText. The syntax is very powerful that you can define a lot of custom features on your own. The syntax looks like:  .. code-block:: text  .. directive-type:: directive value :option-key: option value :option-key: option value  content text here  To use ``RSTDirective``, developers can add it into plugin list in the :class:`Markdown` instance:  .. code-block:: python  import mistune from mistune.directives import RSTDirective, Admonition  md = mistune.create_markdown(plugins=[ # ... RSTDirective([Admonition()]), ]) \"\"\" parser = RSTParser directive_pattern = r'^\\.\\. +[a-zA-Z0-9_-]+\\:\\:'  def parse_directive(self, block, m, state): m = _directive_re.match(state.src, state.cursor) if not m: return  self.parse_method(block, m, state) return m.end()  def __call__(self, md): super(RSTDirective, self).__call__(md) self.register_block_parser(md)"}
{"name": "mistune.src.mistune.directives.include.Include", "code": "class Include(DirectivePlugin): def parse(self, block, m, state): source_file = state.env.get('__file__') if not source_file: return {'type': 'block_error', 'raw': 'Missing source file'}  encoding = 'utf-8' options = self.parse_options(m) if options: attrs = dict(options) if 'encoding' in attrs: encoding = attrs['encoding'] else: attrs = {}  relpath = self.parse_title(m) dest = os.path.join(os.path.dirname(source_file), relpath) dest = os.path.normpath(dest)  if dest == source_file: return { 'type': 'block_error', 'raw': 'Could not include self: ' + relpath, }  if not os.path.isfile(dest): return { 'type': 'block_error', 'raw': 'Could not find file: ' + relpath, }  with open(dest, 'rb') as f: content = f.read() content = content.decode(encoding)  ext = os.path.splitext(relpath)[1] if ext in {'.md', '.markdown', '.mkd'}: new_state = block.state_cls() new_state.env['__file__'] = dest new_state.process(content) block.parse(new_state) return new_state.tokens  elif ext in {'.html', '.xhtml', '.htm'}: return {'type': 'block_html', 'raw': content}  attrs['filepath'] = dest return { 'type': 'include', 'raw': content, 'attrs': attrs, }  def __call__(self, directive, md): directive.register('include', self.parse) if md.renderer and md.renderer.NAME == 'html': md.renderer.register('include', render_html_include)"}
{"name": "mistune.src.mistune.directives.__init__.RstDirective", "code": "class RstDirective(RSTDirective):  # pragma: no cover def __init__(self, plugins): super(RstDirective, self).__init__(plugins) import warnings warnings.warn( \"'RstDirective' is deprecated, please use 'RSTDirective' instead.\", DeprecationWarning, stacklevel=2, )"}
{"name": "mistune.src.mistune.directives.toc.TableOfContents", "code": "class TableOfContents(DirectivePlugin): def __init__(self, min_level=1, max_level=3): self.min_level = min_level self.max_level = max_level  def generate_heading_id(self, token, index): return 'toc_' + str(index + 1)  def parse(self, block, m, state): title = self.parse_title(m) options = self.parse_options(m) if options: d_options = dict(options) collapse = 'collapse' in d_options min_level = _normalize_level(d_options, 'min-level', self.min_level) max_level = _normalize_level(d_options, 'max-level', self.max_level) if min_level < self.min_level: raise ValueError(f'\"min-level\" option MUST be >= {self.min_level}') if max_level > self.max_level: raise ValueError(f'\"max-level\" option MUST be <= {self.max_level}') if min_level > max_level: raise ValueError('\"min-level\" option MUST be less than \"max-level\" option') else: collapse = False min_level = self.min_level max_level = self.max_level  attrs = { 'min_level': min_level, 'max_level': max_level, 'collapse': collapse, } return {'type': 'toc', 'text': title or '', 'attrs': attrs}  def toc_hook(self, md, state): sections = [] headings = []  for tok in state.tokens: if tok['type'] == 'toc': sections.append(tok) elif tok['type'] == 'heading': headings.append(tok)  if sections: toc_items = [] # adding ID for each heading for i, tok in enumerate(headings): tok['attrs']['id'] = self.generate_heading_id(tok, i) toc_items.append(normalize_toc_item(md, tok))  for sec in sections: _min = sec['attrs']['min_level'] _max = sec['attrs']['max_level'] toc = [item for item in toc_items if _min <= item[0] <= _max] sec['attrs']['toc'] = toc  def __call__(self, directive, md): if md.renderer and md.renderer.NAME == 'html': # only works with HTML renderer directive.register('toc', self.parse) md.before_render_hooks.append(self.toc_hook) md.renderer.register('toc', render_html_toc)"}
{"name": "mistune.src.mistune.markdown.Markdown", "code": "class Markdown: \"\"\"Markdown instance to convert markdown text into HTML or other formats. Here is an example with the HTMLRenderer::  from mistune import HTMLRenderer  md = Markdown(renderer=HTMLRenderer(escape=False)) md('hello **world**')  :param renderer: a renderer to convert parsed tokens :param block: block level syntax parser :param inline: inline level syntax parser :param plugins: mistune plugins to use \"\"\" def __init__(self, renderer=None, block: Optional[BlockParser]=None, inline: Optional[InlineParser]=None, plugins=None): if block is None: block = BlockParser()  if inline is None: inline = InlineParser()  self.renderer = renderer self.block: BlockParser = block self.inline: InlineParser = inline self.before_parse_hooks = [] self.before_render_hooks = [] self.after_render_hooks = []  if plugins: for plugin in plugins: plugin(self)  def use(self, plugin): plugin(self)  def render_state(self, state: BlockState): data = self._iter_render(state.tokens, state) if self.renderer: return self.renderer(data, state) return list(data)  def _iter_render(self, tokens, state): for tok in tokens: if 'children' in tok: children = self._iter_render(tok['children'], state) tok['children'] = list(children) elif 'text' in tok: text = tok.pop('text') # process inline text # avoid striping emsp or other unicode spaces tok['children'] = self.inline(text.strip(' \\r\\n\\t\\f'), state.env) yield tok  def parse(self, s: str, state: Optional[BlockState]=None): \"\"\"Parse and convert the given markdown string. If renderer is None, the returned **result** will be parsed markdown tokens.  :param s: markdown string :param state: instance of BlockState :returns: result, state \"\"\" if state is None: state = self.block.state_cls()  # normalize line separator s = s.replace('\\r\\n', '\\n') s = s.replace('\\r', '\\n') if not s.endswith('\\n'): s += '\\n'  state.process(s)  for hook in self.before_parse_hooks: hook(self, state)  self.block.parse(state)  for hook in self.before_render_hooks: hook(self, state)  result = self.render_state(state)  for hook in self.after_render_hooks: result = hook(self, result, state) return result, state  def read(self, filepath, encoding='utf-8', state=None): if state is None: state = self.block.state_cls()  state.env['__file__'] = filepath with open(filepath, 'rb') as f: s = f.read()  s = s.decode(encoding) return self.parse(s, state)  def __call__(self, s: str): if s is None: s = '\\n' return self.parse(s)[0]"}
