{"name": "natasha.natasha.emb.Embedding.__init__", "code": "def __init__(self, path): meta, vocab, pq = Navec.load(path) Navec.__init__(self, meta, vocab, pq)"}
{"name": "natasha.natasha.emb.NewsEmbedding.__init__", "code": "def __init__(self, path=NEWS_EMBEDDING): Embedding.__init__(self, path)"}
{"name": "natasha.natasha.ner.NERMarkup.print", "code": "def print(self): show_span_ascii_markup(self.text, self.spans)"}
{"name": "natasha.natasha.ner.NERTagger.__init__", "code": "def __init__(self, emb, path): infer, *args = SlovnetNER.load(path) SlovnetNER.__init__(self, infer, *args) self.navec(emb)"}
{"name": "natasha.natasha.ner.NERTagger.map", "code": "def map(self, items): markups = SlovnetNER.map(self, items) for markup in markups: yield adapt_markup(markup)"}
{"name": "natasha.natasha.ner.NewsNERTagger.__init__", "code": "def __init__(self, emb, path=NEWS_NER): NERTagger.__init__(self, emb, path)"}
{"name": "natasha.natasha.segment.Segmenter.tokenize", "code": "def tokenize(self, text): for token in tokenize(text): yield adapt_token(token)"}
{"name": "natasha.natasha.segment.Segmenter.sentenize", "code": "def sentenize(self, text): if not text: return  # razdel return empty sent  for sent in sentenize(text): yield adapt_sent(sent)"}
{"name": "natasha.natasha.grammars.name.Name.obj", "code": "def obj(self): from natasha import obj return obj.Name(self.first, self.last, self.middle)"}
{"name": "natasha.natasha.grammars.addr.AddrPart.obj", "code": "def obj(self): from natasha import obj  part = self.value return obj.AddrPart(part.value, part.type)"}
{"name": "natasha.natasha.grammars.money.Money.amount", "code": "def amount(self): amount = self.integer if self.fraction: amount += self.fraction / 100 if self.multiplier: amount *= self.multiplier if self.coins: amount += self.coins / 100 return amount"}
{"name": "natasha.natasha.grammars.money.Money.obj", "code": "def obj(self): from natasha import obj return obj.Money(self.amount, self.currency)"}
{"name": "natasha.natasha.grammars.date.Date.obj", "code": "def obj(self): from natasha import obj return obj.Date(self.year, self.month, self.day)"}
{"name": "natasha.natasha.obj.Obj.__init__", "code": "def __init__(self, *args, **kwargs): # by default init with none for key, value in zip_longest(self.__attributes__, args): self.__dict__[key] = value self.__dict__.update(kwargs)"}
{"name": "natasha.natasha.obj.Obj.slots", "code": "def slots(self): for key in self.__attributes__: value = getattr(self, key) if value: yield Slot(key, value)"}
{"name": "natasha.natasha.syntax.SyntaxMarkup.print", "code": "def print(self): print_markup(self)"}
{"name": "natasha.natasha.syntax.SyntaxParser.__init__", "code": "def __init__(self, emb, path): infer, *args = SlovnetSyntax.load(path) SlovnetSyntax.__init__(self, infer, *args) self.navec(emb)"}
{"name": "natasha.natasha.syntax.SyntaxParser.map", "code": "def map(self, items): markups = SlovnetSyntax.map(self, items) for markup in markups: yield adapt_markup(markup)"}
{"name": "natasha.natasha.syntax.NewsSyntaxParser.__init__", "code": "def __init__(self, emb, path=NEWS_SYNTAX): SyntaxParser.__init__(self, emb, path)"}
{"name": "natasha.natasha.extractors.Parser.__init__", "code": "def __init__(self, rule, morph): # wraps pymorphy subclass # add methods check_gram, normalized # uses parse method that is cached morph = MorphAnalyzer(morph)  tokenizer = MorphTokenizer(morph=morph) YargyParser.__init__(self, rule, tokenizer=tokenizer)"}
{"name": "natasha.natasha.extractors.Extractor.__init__", "code": "def __init__(self, rule, morph): self.parser = Parser(rule, morph)"}
{"name": "natasha.natasha.extractors.Extractor.__call__", "code": "def __call__(self, text): for match in self.parser.findall(text): yield adapt_match(match)"}
{"name": "natasha.natasha.extractors.Extractor.find", "code": "def find(self, text): match = self.parser.find(text) if match: return adapt_match(match)"}
{"name": "natasha.natasha.extractors.NamesExtractor.__init__", "code": "def __init__(self, morph): from .grammars.name import NAME Extractor.__init__(self, NAME, morph)"}
{"name": "natasha.natasha.extractors.DatesExtractor.__init__", "code": "def __init__(self, morph): from .grammars.date import DATE Extractor.__init__(self, DATE, morph)"}
{"name": "natasha.natasha.extractors.MoneyExtractor.__init__", "code": "def __init__(self, morph): from .grammars.money import MONEY Extractor.__init__(self, MONEY, morph)"}
{"name": "natasha.natasha.extractors.AddrExtractor.__init__", "code": "def __init__(self, morph): from .grammars.addr import ADDR_PART Extractor.__init__(self, ADDR_PART, morph)"}
{"name": "natasha.natasha.extractors.AddrExtractor.find", "code": "def find(self, text): matches = list(self(text)) if not matches: return  matches = sorted(matches, key=lambda _: _.start) start = matches[0].start stop = matches[-1].stop parts = [_.fact for _ in matches] return Match(start, stop, obj.Addr(parts))"}
{"name": "natasha.natasha.morph.vocab.MorphForm.__new__", "code": "def __new__(cls, *args):  # PymorphyParse is namedtuple self = PymorphyParse.__new__(cls, *args)  self.normal = self.normal_form self.pos = ud_pos(self.tag) self.feats = dict(ud_feats(self.tag)) return self"}
{"name": "natasha.natasha.morph.vocab.MorphForm.inflect", "code": "def inflect(self, grams): grams = set(oc_grams(grams)) return PymorphyParse.inflect(self, grams)"}
{"name": "natasha.natasha.morph.vocab.MorphForm.__repr__", "code": "def __repr__(self): return ( '{name}(normal={self.normal!r}, ' 'pos={self.pos!r}, feats={self.feats!r})' ).format( name=self.__class__.__name__, self=self )"}
{"name": "natasha.natasha.morph.vocab.MorphVocab.__init__", "code": "def __init__(self): PymorphyAnalyzer.__init__(self, result_type=MorphForm)"}
{"name": "natasha.natasha.morph.vocab.MorphVocab.__repr__", "code": "def __repr__(self): return '%s()' % self.__class__.__name__"}
{"name": "natasha.natasha.morph.vocab.MorphVocab.lemmatize", "code": "def lemmatize(self, word, pos, feats): from .lemma import lemmatize  return lemmatize(self, word, pos, feats)"}
{"name": "natasha.natasha.morph.tagger.MorphMarkup.print", "code": "def print(self): print_markup(self)"}
{"name": "natasha.natasha.morph.tagger.MorphTagger.__init__", "code": "def __init__(self, emb, path): infer, *args = SlovnetMorph.load(path) SlovnetMorph.__init__(self, infer, *args) self.navec(emb)"}
{"name": "natasha.natasha.morph.tagger.MorphTagger.map", "code": "def map(self, items): markups = SlovnetMorph.map(self, items) for markup in markups: yield adapt_markup(markup)"}
{"name": "natasha.natasha.morph.tagger.NewsMorphTagger.__init__", "code": "def __init__(self, emb, path=NEWS_MORPH): MorphTagger.__init__(self, emb, path)"}
{"name": "natasha.natasha.doc.Record.__repr__", "code": "def __repr__(self): return compact_repr(self)"}
{"name": "natasha.natasha.doc.Record._repr_pretty_", "code": "def _repr_pretty_(self, printer, cycle): printer.text(repr(self))"}
{"name": "natasha.natasha.doc.DocToken.__init__", "code": "def __init__(self, start, stop, text, id=None, head_id=None, rel=None, pos=None, feats=None, lemma=None): self.start = start self.stop = stop self.text = text  self.id = id self.head_id = head_id self.rel = rel  self.pos = pos self.feats = feats self.lemma = lemma"}
{"name": "natasha.natasha.doc.DocToken.lemmatize", "code": "def lemmatize(self, vocab): self.lemma = vocab.lemmatize(self.text, self.pos, self.feats)"}
{"name": "natasha.natasha.doc.DocFact.as_dict", "code": "def as_dict(self): return { key: value for key, value in self.slots }"}
{"name": "natasha.natasha.doc.DocSpan.__init__", "code": "def __init__(self, start, stop, type, text, tokens=None, normal=None, fact=None): self.start = start self.stop = stop self.type = type self.text = text  self.tokens = tokens self.normal = normal self.fact = fact"}
{"name": "natasha.natasha.doc.DocSpan.normalize", "code": "def normalize(self, vocab): method = ( syntax_normalize if self.type == ORG else normalize ) self.normal = method(vocab, self.tokens)"}
{"name": "natasha.natasha.doc.DocSpan.extract_fact", "code": "def extract_fact(self, extractor): match = extractor.find(self.normal) if match: slots = list(match.fact.slots) self.fact = DocFact(slots)"}
{"name": "natasha.natasha.doc.DocSent.__init__", "code": "def __init__(self, start, stop, text, tokens=None, spans=None): self.start = start self.stop = stop self.text = text  self.tokens = tokens self.spans = spans"}
{"name": "natasha.natasha.doc.DocSent.morph", "code": "def morph(self): return morph_markup(self.tokens)"}
{"name": "natasha.natasha.doc.DocSent.syntax", "code": "def syntax(self): return syntax_markup(self.tokens)"}
{"name": "natasha.natasha.doc.DocSent.ner", "code": "def ner(self): return ner_markup(self.text, self.spans, -self.start)"}
{"name": "natasha.natasha.doc.Doc.__init__", "code": "def __init__(self, text, tokens=None, spans=None, sents=None): self.text = text self.tokens = tokens self.spans = spans self.sents = sents"}
{"name": "natasha.natasha.doc.Doc.segment", "code": "def segment(self, segmenter): segment_doc(self, segmenter)"}
{"name": "natasha.natasha.doc.Doc.tag_morph", "code": "def tag_morph(self, tagger): tag_morph_doc(self, tagger)"}
{"name": "natasha.natasha.doc.Doc.parse_syntax", "code": "def parse_syntax(self, parser): parse_syntax_doc(self, parser)"}
{"name": "natasha.natasha.doc.Doc.tag_ner", "code": "def tag_ner(self, tagger): tag_ner_doc(self, tagger)"}
{"name": "natasha.natasha.doc.Doc.morph", "code": "def morph(self): return morph_markup(self.tokens)"}
{"name": "natasha.natasha.doc.Doc.syntax", "code": "def syntax(self): return syntax_markup(self.tokens)"}
{"name": "natasha.natasha.doc.Doc.ner", "code": "def ner(self): return ner_markup(self.text, self.spans)"}
{"name": "natasha.natasha.doc.Doc.envelop_span_tokens", "code": "def envelop_span_tokens(self): envelop_span_tokens(self.tokens, self.spans)"}
{"name": "natasha.natasha.doc.Doc.envelop_sent_spans", "code": "def envelop_sent_spans(self): envelop_sent_spans(self.spans, self.sents)"}
{"name": "natasha.natasha.doc.Doc.envelop_sent_tokens", "code": "def envelop_sent_tokens(self): envelop_sent_tokens(self.tokens, self.sents)"}
{"name": "natasha.natasha.doc.Doc.clear_envelopes", "code": "def clear_envelopes(self): clear_envelopes(self)"}
{"name": "natasha.natasha.record.Record.__init__", "code": "def __init__(self, *args, **kwargs): for key, value in zip(self.__attributes__, args): self.__dict__[key] = value self.__dict__.update(kwargs)"}
{"name": "natasha.natasha.record.Record.__eq__", "code": "def __eq__(self, other): return ( type(self) == type(other) and all( (getattr(self, _) == getattr(other, _)) for _ in self.__attributes__ ) )"}
{"name": "natasha.natasha.record.Record.__ne__", "code": "def __ne__(self, other): return not self == other"}
{"name": "natasha.natasha.record.Record.__iter__", "code": "def __iter__(self): return (getattr(self, _) for _ in self.__attributes__)"}
{"name": "natasha.natasha.record.Record.__hash__", "code": "def __hash__(self): return hash(tuple(self))"}
{"name": "natasha.natasha.record.Record.__repr__", "code": "def __repr__(self): name = self.__class__.__name__ args = ', '.join( '{key}={value!r}'.format( key=_, value=getattr(self, _) ) for _ in self.__attributes__ ) return '{name}({args})'.format( name=name, args=args )"}
{"name": "natasha.natasha.record.Record._repr_pretty_", "code": "def _repr_pretty_(self, printer, cycle): name = self.__class__.__name__ if cycle: printer.text('{name}(...)'.format(name=name)) else: printer.text('{name}('.format(name=name)) keys = self.__attributes__ size = len(keys) if size: with printer.indent(4): printer.break_() for index, key in enumerate(keys): printer.text(key + '=') value = getattr(self, key) printer.pretty(value) if index < size - 1: printer.text(',') printer.break_() printer.break_() printer.text(')')"}
{"name": "natasha.natasha.record.Record.as_json", "code": "def as_json(self): data = OrderedDict() for key in self.__attributes__: annotation = self.__annotations__.get(key) _, repeatable, is_record = parse_annotation(annotation)  value = getattr(self, key) if value is None: continue  if repeatable and is_record: value = [_.as_json for _ in value] elif is_record: value = value.as_json  data[key] = value return data"}
{"name": "natasha.natasha.record.Record.from_json", "code": "def from_json(cls, data): args = [] for key in cls.__attributes__: annotation = cls.__annotations__.get(key) type, repeatable, is_record = parse_annotation(annotation) value = data.get(key) if value is None and repeatable: value = [] elif value is not None: if repeatable and is_record: value = [type.from_json(_) for _ in value] elif is_record: value = type.from_json(value) args.append(value) return cls(*args)"}
