{"name": "natasha.natasha.emb.Embedding", "code": "class Embedding(Navec): def __init__(self, path): meta, vocab, pq = Navec.load(path) Navec.__init__(self, meta, vocab, pq)"}
{"name": "natasha.natasha.emb.NewsEmbedding", "code": "class NewsEmbedding(Embedding): def __init__(self, path=NEWS_EMBEDDING): Embedding.__init__(self, path)"}
{"name": "natasha.natasha.ner.NERMarkup", "code": "class NERMarkup(Record): __attributes__ = ['text', 'spans']  def print(self): show_span_ascii_markup(self.text, self.spans)"}
{"name": "natasha.natasha.ner.NERTagger", "code": "class NERTagger(SlovnetNER): def __init__(self, emb, path): infer, *args = SlovnetNER.load(path) SlovnetNER.__init__(self, infer, *args) self.navec(emb)  def map(self, items): markups = SlovnetNER.map(self, items) for markup in markups: yield adapt_markup(markup)"}
{"name": "natasha.natasha.ner.NewsNERTagger", "code": "class NewsNERTagger(NERTagger): def __init__(self, emb, path=NEWS_NER): NERTagger.__init__(self, emb, path)"}
{"name": "natasha.natasha.segment.Sent", "code": "class Sent(Record): __attributes__ = ['start', 'stop', 'text']"}
{"name": "natasha.natasha.segment.Token", "code": "class Token(Record): __attributes__ = ['start', 'stop', 'text']"}
{"name": "natasha.natasha.segment.Segmenter", "code": "class Segmenter(Record): def tokenize(self, text): for token in tokenize(text): yield adapt_token(token)  def sentenize(self, text): if not text: return  # razdel return empty sent  for sent in sentenize(text): yield adapt_sent(sent)"}
{"name": "natasha.natasha.grammars.name.Name", "code": "class Name(Name): @property def obj(self): from natasha import obj return obj.Name(self.first, self.last, self.middle)"}
{"name": "natasha.natasha.grammars.addr.Index", "code": "class Index(Index): type = '\u0438\u043d\u0434\u0435\u043a\u0441'"}
{"name": "natasha.natasha.grammars.addr.Country", "code": "class Country(Country): type = '\u0441\u0442\u0440\u0430\u043d\u0430' value = value('name')"}
{"name": "natasha.natasha.grammars.addr.Region", "code": "class Region(Region): value = value('name')"}
{"name": "natasha.natasha.grammars.addr.Raion", "code": "class Raion(Raion): value = value('name')"}
{"name": "natasha.natasha.grammars.addr.Settlement", "code": "class Settlement(Settlement): value = value('name')"}
{"name": "natasha.natasha.grammars.addr.Street", "code": "class Street(Settlement): value = value('name')"}
{"name": "natasha.natasha.grammars.addr.Building", "code": "class Building(Building): value = value('number')"}
{"name": "natasha.natasha.grammars.addr.Room", "code": "class Room(Room): value = value('number')"}
{"name": "natasha.natasha.grammars.addr.AddrPart", "code": "class AddrPart(AddrPart): @property def obj(self): from natasha import obj  part = self.value return obj.AddrPart(part.value, part.type)"}
{"name": "natasha.natasha.grammars.money.Currency", "code": "class Currency: RUBLES = 'RUB' DOLLARS = 'USD' EURO = 'EUR'"}
{"name": "natasha.natasha.grammars.money.Money", "code": "class Money(Money): @property def amount(self): amount = self.integer if self.fraction: amount += self.fraction / 100 if self.multiplier: amount *= self.multiplier if self.coins: amount += self.coins / 100 return amount  @property def obj(self): from natasha import obj return obj.Money(self.amount, self.currency)"}
{"name": "natasha.natasha.grammars.date.Date", "code": "class Date(Date): @property def obj(self): from natasha import obj return obj.Date(self.year, self.month, self.day)"}
{"name": "natasha.natasha.obj.Slot", "code": "class Slot(Record): __attributes__ = ['key', 'value']"}
{"name": "natasha.natasha.obj.Obj", "code": "class Obj(Record): def __init__(self, *args, **kwargs): # by default init with none for key, value in zip_longest(self.__attributes__, args): self.__dict__[key] = value self.__dict__.update(kwargs)  @property def slots(self): for key in self.__attributes__: value = getattr(self, key) if value: yield Slot(key, value)"}
{"name": "natasha.natasha.obj.Name", "code": "class Name(Obj): __attributes__ = ['first', 'last', 'middle']"}
{"name": "natasha.natasha.obj.Date", "code": "class Date(Obj): __attributes__ = ['year', 'month', 'day']"}
{"name": "natasha.natasha.obj.Money", "code": "class Money(Obj): __attributes__ = ['amount', 'currency']"}
{"name": "natasha.natasha.obj.AddrPart", "code": "class AddrPart(Obj): __attributes__ = ['value', 'type']"}
{"name": "natasha.natasha.obj.Addr", "code": "class Addr(Obj): __attributes__ = ['parts']"}
{"name": "natasha.natasha.syntax.SyntaxToken", "code": "class SyntaxToken(Record): __attributes__ = ['id', 'text', 'head_id', 'rel']"}
{"name": "natasha.natasha.syntax.SyntaxMarkup", "code": "class SyntaxMarkup(Record): __attributes__ = ['tokens']  def print(self): print_markup(self)"}
{"name": "natasha.natasha.syntax.SyntaxParser", "code": "class SyntaxParser(SlovnetSyntax): def __init__(self, emb, path): infer, *args = SlovnetSyntax.load(path) SlovnetSyntax.__init__(self, infer, *args) self.navec(emb)  def map(self, items): markups = SlovnetSyntax.map(self, items) for markup in markups: yield adapt_markup(markup)"}
{"name": "natasha.natasha.syntax.NewsSyntaxParser", "code": "class NewsSyntaxParser(SyntaxParser): def __init__(self, emb, path=NEWS_SYNTAX): SyntaxParser.__init__(self, emb, path)"}
{"name": "natasha.natasha.extractors.Parser", "code": "class Parser(YargyParser): def __init__(self, rule, morph): # wraps pymorphy subclass # add methods check_gram, normalized # uses parse method that is cached morph = MorphAnalyzer(morph)  tokenizer = MorphTokenizer(morph=morph) YargyParser.__init__(self, rule, tokenizer=tokenizer)"}
{"name": "natasha.natasha.extractors.Match", "code": "class Match(Record): __attributes__ = ['start', 'stop', 'fact']"}
{"name": "natasha.natasha.extractors.Extractor", "code": "class Extractor: def __init__(self, rule, morph): self.parser = Parser(rule, morph)  def __call__(self, text): for match in self.parser.findall(text): yield adapt_match(match)  def find(self, text): match = self.parser.find(text) if match: return adapt_match(match)"}
{"name": "natasha.natasha.extractors.NamesExtractor", "code": "class NamesExtractor(Extractor): def __init__(self, morph): from .grammars.name import NAME Extractor.__init__(self, NAME, morph)"}
{"name": "natasha.natasha.extractors.DatesExtractor", "code": "class DatesExtractor(Extractor): def __init__(self, morph): from .grammars.date import DATE Extractor.__init__(self, DATE, morph)"}
{"name": "natasha.natasha.extractors.MoneyExtractor", "code": "class MoneyExtractor(Extractor): def __init__(self, morph): from .grammars.money import MONEY Extractor.__init__(self, MONEY, morph)"}
{"name": "natasha.natasha.extractors.AddrExtractor", "code": "class AddrExtractor(Extractor): def __init__(self, morph): from .grammars.addr import ADDR_PART Extractor.__init__(self, ADDR_PART, morph)  def find(self, text): matches = list(self(text)) if not matches: return  matches = sorted(matches, key=lambda _: _.start) start = matches[0].start stop = matches[-1].stop parts = [_.fact for _ in matches] return Match(start, stop, obj.Addr(parts))"}
{"name": "natasha.natasha.span.Span", "code": "class Span(Record): __attributes__ = ['start', 'stop', 'type']"}
{"name": "natasha.natasha.shape.ShapeRecoverError", "code": "class ShapeRecoverError(Exception): pass"}
{"name": "natasha.natasha.morph.vocab.MorphForm", "code": "class MorphForm(PymorphyParse): def __new__(cls, *args):  # PymorphyParse is namedtuple self = PymorphyParse.__new__(cls, *args)  self.normal = self.normal_form self.pos = ud_pos(self.tag) self.feats = dict(ud_feats(self.tag)) return self  def inflect(self, grams): grams = set(oc_grams(grams)) return PymorphyParse.inflect(self, grams)  def __repr__(self): return ( '{name}(normal={self.normal!r}, ' 'pos={self.pos!r}, feats={self.feats!r})' ).format( name=self.__class__.__name__, self=self )"}
{"name": "natasha.natasha.morph.vocab.MorphVocab", "code": "class MorphVocab(PymorphyAnalyzer): def __init__(self): PymorphyAnalyzer.__init__(self, result_type=MorphForm)  parse = lru_cache(CACHE_SIZE)(PymorphyAnalyzer.parse) __call__ = parse  def __repr__(self): return '%s()' % self.__class__.__name__  def lemmatize(self, word, pos, feats): from .lemma import lemmatize  return lemmatize(self, word, pos, feats)"}
{"name": "natasha.natasha.morph.tagger.MorphToken", "code": "class MorphToken(Record): __attributes__ = ['text', 'pos', 'feats']"}
{"name": "natasha.natasha.morph.tagger.MorphMarkup", "code": "class MorphMarkup(Record): __attributes__ = ['tokens']  def print(self): print_markup(self)"}
{"name": "natasha.natasha.morph.tagger.MorphTagger", "code": "class MorphTagger(SlovnetMorph): def __init__(self, emb, path): infer, *args = SlovnetMorph.load(path) SlovnetMorph.__init__(self, infer, *args) self.navec(emb)  def map(self, items): markups = SlovnetMorph.map(self, items) for markup in markups: yield adapt_markup(markup)"}
{"name": "natasha.natasha.morph.tagger.NewsMorphTagger", "code": "class NewsMorphTagger(MorphTagger): def __init__(self, emb, path=NEWS_MORPH): MorphTagger.__init__(self, emb, path)"}
{"name": "natasha.natasha.doc.Record", "code": "class Record(Record): def __repr__(self): return compact_repr(self)  def _repr_pretty_(self, printer, cycle): printer.text(repr(self))"}
{"name": "natasha.natasha.doc.DocToken", "code": "class DocToken(Record): __attributes__ = ['start', 'stop', 'text', 'id', 'head_id', 'rel', 'pos', 'feats', 'lemma']  def __init__(self, start, stop, text, id=None, head_id=None, rel=None, pos=None, feats=None, lemma=None): self.start = start self.stop = stop self.text = text  self.id = id self.head_id = head_id self.rel = rel  self.pos = pos self.feats = feats self.lemma = lemma  def lemmatize(self, vocab): self.lemma = vocab.lemmatize(self.text, self.pos, self.feats)"}
{"name": "natasha.natasha.doc.DocFact", "code": "class DocFact(Record): __attributes__ = ['slots'] __annotations__ = { 'slots': [Slot] }  @property def as_dict(self): return { key: value for key, value in self.slots }"}
{"name": "natasha.natasha.doc.DocSpan", "code": "class DocSpan(Record): __attributes__ = ['start', 'stop', 'type', 'text', 'tokens', 'normal', 'fact'] __annotations__ = { 'tokens': [DocToken], 'fact': DocFact }  def __init__(self, start, stop, type, text, tokens=None, normal=None, fact=None): self.start = start self.stop = stop self.type = type self.text = text  self.tokens = tokens self.normal = normal self.fact = fact  def normalize(self, vocab): method = ( syntax_normalize if self.type == ORG else normalize ) self.normal = method(vocab, self.tokens)  def extract_fact(self, extractor): match = extractor.find(self.normal) if match: slots = list(match.fact.slots) self.fact = DocFact(slots)"}
{"name": "natasha.natasha.doc.DocSent", "code": "class DocSent(Record): __attributes__ = ['start', 'stop', 'text', 'tokens', 'spans'] __annotations__ = { 'tokens': [DocToken], 'spans': [DocSpan] }  def __init__(self, start, stop, text, tokens=None, spans=None): self.start = start self.stop = stop self.text = text  self.tokens = tokens self.spans = spans  @property def morph(self): return morph_markup(self.tokens)  @property def syntax(self): return syntax_markup(self.tokens)  @property def ner(self): return ner_markup(self.text, self.spans, -self.start)"}
{"name": "natasha.natasha.doc.Doc", "code": "class Doc(Record): __attributes__ = ['text', 'tokens', 'spans', 'sents'] __annotations__ = { 'tokens': [DocToken], 'spans': [DocSpan], 'sents': [DocSent] }  def __init__(self, text, tokens=None, spans=None, sents=None): self.text = text self.tokens = tokens self.spans = spans self.sents = sents  def segment(self, segmenter): segment_doc(self, segmenter)  def tag_morph(self, tagger): tag_morph_doc(self, tagger)  def parse_syntax(self, parser): parse_syntax_doc(self, parser)  def tag_ner(self, tagger): tag_ner_doc(self, tagger)  @property def morph(self): return morph_markup(self.tokens)  @property def syntax(self): return syntax_markup(self.tokens)  @property def ner(self): return ner_markup(self.text, self.spans)  def envelop_span_tokens(self): envelop_span_tokens(self.tokens, self.spans)  def envelop_sent_spans(self): envelop_sent_spans(self.spans, self.sents)  def envelop_sent_tokens(self): envelop_sent_tokens(self.tokens, self.sents)  def clear_envelopes(self): clear_envelopes(self)"}
{"name": "natasha.natasha.record.Record", "code": "class Record(object): __attributes__ = [] __annotations__ = {}  def __init__(self, *args, **kwargs): for key, value in zip(self.__attributes__, args): self.__dict__[key] = value self.__dict__.update(kwargs)  def __eq__(self, other): return ( type(self) == type(other) and all( (getattr(self, _) == getattr(other, _)) for _ in self.__attributes__ ) )  def __ne__(self, other): return not self == other  def __iter__(self): return (getattr(self, _) for _ in self.__attributes__)  def __hash__(self): return hash(tuple(self))  def __repr__(self): name = self.__class__.__name__ args = ', '.join( '{key}={value!r}'.format( key=_, value=getattr(self, _) ) for _ in self.__attributes__ ) return '{name}({args})'.format( name=name, args=args )  def _repr_pretty_(self, printer, cycle): name = self.__class__.__name__ if cycle: printer.text('{name}(...)'.format(name=name)) else: printer.text('{name}('.format(name=name)) keys = self.__attributes__ size = len(keys) if size: with printer.indent(4): printer.break_() for index, key in enumerate(keys): printer.text(key + '=') value = getattr(self, key) printer.pretty(value) if index < size - 1: printer.text(',') printer.break_() printer.break_() printer.text(')')  @property def as_json(self): data = OrderedDict() for key in self.__attributes__: annotation = self.__annotations__.get(key) _, repeatable, is_record = parse_annotation(annotation)  value = getattr(self, key) if value is None: continue  if repeatable and is_record: value = [_.as_json for _ in value] elif is_record: value = value.as_json  data[key] = value return data  @classmethod def from_json(cls, data): args = [] for key in cls.__attributes__: annotation = cls.__annotations__.get(key) type, repeatable, is_record = parse_annotation(annotation) value = data.get(key) if value is None and repeatable: value = [] elif value is not None: if repeatable and is_record: value = [type.from_json(_) for _ in value] elif is_record: value = type.from_json(value) args.append(value) return cls(*args)"}
