{"name": "parsel.tests.test_selector_jmespath.JMESPathTestCase.test_json_has_html", "code": "def test_json_has_html(self) -> None: \"\"\"Sometimes the information is returned in a json wrapper\"\"\" data = \"\"\" { \"content\": [ { \"name\": \"A\", \"value\": \"a\" }, { \"name\": { \"age\": 18 }, \"value\": \"b\" }, { \"name\": \"C\", \"value\": \"c\" }, { \"name\": \"<a>D</a>\", \"value\": \"<div>d</div>\" } ], \"html\": \"<div><a>a<br>b</a>c</div><div><a>d</a>e<b>f</b></div>\" } \"\"\" sel = Selector(text=data) self.assertEqual( sel.jmespath(\"html\").get(), \"<div><a>a<br>b</a>c</div><div><a>d</a>e<b>f</b></div>\", ) self.assertEqual( sel.jmespath(\"html\").xpath(\"//div/a/text()\").getall(), [\"a\", \"b\", \"d\"], ) self.assertEqual( sel.jmespath(\"html\").css(\"div > b\").getall(), [\"<b>f</b>\"] ) self.assertEqual( sel.jmespath(\"content\").jmespath(\"name.age\").get(), 18 )"}
{"name": "parsel.tests.test_selector_jmespath.JMESPathTestCase.test_html_has_json", "code": "def test_html_has_json(self) -> None: html_text = \"\"\" <div> <h1>Information</h1> <content> { \"user\": [ { \"name\": \"A\", \"age\": 18 }, { \"name\": \"B\", \"age\": 32 }, { \"name\": \"C\", \"age\": 22 }, { \"name\": \"D\", \"age\": 25 } ], \"total\": 4, \"status\": \"ok\" } </content> </div> \"\"\" sel = Selector(text=html_text) self.assertEqual( sel.xpath(\"//div/content/text()\") .jmespath(\"user[*].name\") .getall(), [\"A\", \"B\", \"C\", \"D\"], ) self.assertEqual( sel.xpath(\"//div/content\").jmespath(\"user[*].name\").getall(), [\"A\", \"B\", \"C\", \"D\"], ) self.assertEqual(sel.xpath(\"//div/content\").jmespath(\"total\").get(), 4)"}
{"name": "parsel.tests.test_selector_jmespath.JMESPathTestCase.test_jmestpath_with_re", "code": "def test_jmestpath_with_re(self) -> None: html_text = \"\"\" <div> <h1>Information</h1> <content> { \"user\": [ { \"name\": \"A\", \"age\": 18 }, { \"name\": \"B\", \"age\": 32 }, { \"name\": \"C\", \"age\": 22 }, { \"name\": \"D\", \"age\": 25 } ], \"total\": 4, \"status\": \"ok\" } </content> </div> \"\"\" sel = Selector(text=html_text) self.assertEqual( sel.xpath(\"//div/content/text()\") .jmespath(\"user[*].name\") .re(r\"(\\w+)\"), [\"A\", \"B\", \"C\", \"D\"], ) self.assertEqual( sel.xpath(\"//div/content\").jmespath(\"user[*].name\").re(r\"(\\w+)\"), [\"A\", \"B\", \"C\", \"D\"], )  with self.assertRaises(TypeError): sel.xpath(\"//div/content\").jmespath(\"user[*].age\").re(r\"(\\d+)\")  self.assertEqual( sel.xpath(\"//div/content\").jmespath(\"unavailable\").re(r\"(\\d+)\"), [] )  self.assertEqual( sel.xpath(\"//div/content\") .jmespath(\"unavailable\") .re_first(r\"(\\d+)\"), None, )  self.assertEqual( sel.xpath(\"//div/content\") .jmespath(\"user[*].age.to_string(@)\") .re(r\"(\\d+)\"), [\"18\", \"32\", \"22\", \"25\"], )"}
{"name": "parsel.tests.test_selector_jmespath.JMESPathTestCase.test_json_types", "code": "def test_json_types(self) -> None: for text, root in ( (\"{}\", {}), ('{\"a\": \"b\"}', {\"a\": \"b\"}), (\"[]\", []), ('[\"a\"]', [\"a\"]), ('\"\"', \"\"), (\"0\", 0), (\"1\", 1), (\"true\", True), (\"false\", False), (\"null\", None), ): selector = Selector(text=text, root=_NOT_SET) self.assertEqual(selector.type, \"json\") self.assertEqual( selector._text, text  # pylint: disable=protected-access ) self.assertEqual(selector.root, root)  selector = Selector(text=None, root=root) self.assertEqual(selector.type, \"json\") self.assertEqual( selector._text, None  # pylint: disable=protected-access ) self.assertEqual(selector.root, root)"}
{"name": "parsel.tests.test_selector_csstranslator.TranslatorTestProtocol.c2x", "code": "def c2x(self, css: str, prefix: str = ...) -> str: pass"}
{"name": "parsel.tests.test_selector_csstranslator.TranslatorTestProtocol.assertEqual", "code": "def assertEqual(self, first: Any, second: Any, msg: Any = ...) -> None: pass"}
{"name": "parsel.tests.test_selector_csstranslator.TranslatorTestProtocol.assertRaises", "code": "def assertRaises( self, expected_exception: type[BaseException] | tuple[type[BaseException], ...], callable: Callable[..., object], *args: Any, **kwargs: Any, ) -> None: pass"}
{"name": "parsel.tests.test_selector_csstranslator.TranslatorTestMixin.setUp", "code": "def setUp(self: \"TranslatorTestProtocol\") -> None: self.tr = self.tr_cls() self.c2x = self.tr.css_to_xpath"}
{"name": "parsel.tests.test_selector_csstranslator.TranslatorTestMixin.test_attr_function", "code": "def test_attr_function(self: \"TranslatorTestProtocol\") -> None: cases = [ (\"::attr(name)\", \"descendant-or-self::*/@name\"), (\"a::attr(href)\", \"descendant-or-self::a/@href\"), ( \"a ::attr(img)\", \"descendant-or-self::a/descendant-or-self::*/@img\", ), (\"a > ::attr(class)\", \"descendant-or-self::a/*/@class\"), ] for css, xpath in cases: self.assertEqual(self.c2x(css), xpath, css)"}
{"name": "parsel.tests.test_selector_csstranslator.TranslatorTestMixin.test_attr_function_exception", "code": "def test_attr_function_exception(self: \"TranslatorTestProtocol\") -> None: cases = [ (\"::attr(12)\", ExpressionError), (\"::attr(34test)\", ExpressionError), (\"::attr(@href)\", SelectorSyntaxError), ] for css, exc in cases: self.assertRaises(exc, self.c2x, css)"}
{"name": "parsel.tests.test_selector_csstranslator.TranslatorTestMixin.test_text_pseudo_element", "code": "def test_text_pseudo_element(self: \"TranslatorTestProtocol\") -> None: cases = [ (\"::text\", \"descendant-or-self::text()\"), (\"p::text\", \"descendant-or-self::p/text()\"), (\"p ::text\", \"descendant-or-self::p/descendant-or-self::text()\"), (\"#id::text\", \"descendant-or-self::*[@id = 'id']/text()\"), (\"p#id::text\", \"descendant-or-self::p[@id = 'id']/text()\"), ( \"p#id ::text\", \"descendant-or-self::p[@id = 'id']/descendant-or-self::text()\", ), (\"p#id > ::text\", \"descendant-or-self::p[@id = 'id']/*/text()\"), ( \"p#id ~ ::text\", \"descendant-or-self::p[@id = 'id']/following-sibling::*/text()\", ), (\"a[href]::text\", \"descendant-or-self::a[@href]/text()\"), ( \"a[href] ::text\", \"descendant-or-self::a[@href]/descendant-or-self::text()\", ), ( \"p::text, a::text\", \"descendant-or-self::p/text() | descendant-or-self::a/text()\", ), ] for css, xpath in cases: self.assertEqual(self.c2x(css), xpath, css)"}
{"name": "parsel.tests.test_selector_csstranslator.TranslatorTestMixin.test_pseudo_function_exception", "code": "def test_pseudo_function_exception(self: \"TranslatorTestProtocol\") -> None: cases = [ (\"::attribute(12)\", ExpressionError), (\"::text()\", ExpressionError), (\"::attr(@href)\", SelectorSyntaxError), ] for css, exc in cases: self.assertRaises(exc, self.c2x, css)"}
{"name": "parsel.tests.test_selector_csstranslator.TranslatorTestMixin.test_unknown_pseudo_element", "code": "def test_unknown_pseudo_element(self: \"TranslatorTestProtocol\") -> None: cases = [ (\"::text-node\", ExpressionError), ] for css, exc in cases: self.assertRaises(exc, self.c2x, css)"}
{"name": "parsel.tests.test_selector_csstranslator.TranslatorTestMixin.test_unknown_pseudo_class", "code": "def test_unknown_pseudo_class(self: \"TranslatorTestProtocol\") -> None: cases = [ (\":text\", ExpressionError), (\":attribute(name)\", ExpressionError), ] for css, exc in cases: self.assertRaises(exc, self.c2x, css)"}
{"name": "parsel.tests.test_selector_csstranslator.UtilCss2XPathTest.test_css2xpath", "code": "def test_css2xpath(self) -> None: from parsel import css2xpath  expected_xpath = ( \"descendant-or-self::*[@class and contains(\" \"concat(' ', normalize-space(@class), ' '), ' some-class ')]\" ) self.assertEqual(css2xpath(\".some-class\"), expected_xpath)"}
{"name": "parsel.tests.test_selector_csstranslator.CSSSelectorTest.setUp", "code": "def setUp(self) -> None: self.sel = self.sscls(text=HTMLBODY)"}
{"name": "parsel.tests.test_selector_csstranslator.CSSSelectorTest.x", "code": "def x(self, *a: Any, **kw: Any) -> List[str]: return [ v.strip() for v in self.sel.css(*a, **kw).extract() if v.strip() ]"}
{"name": "parsel.tests.test_selector_csstranslator.CSSSelectorTest.test_selector_simple", "code": "def test_selector_simple(self) -> None: for x in self.sel.css(\"input\"): self.assertTrue(isinstance(x, self.sel.__class__), x) self.assertEqual( self.sel.css(\"input\").extract(), [x.extract() for x in self.sel.css(\"input\")], )"}
{"name": "parsel.tests.test_selector_csstranslator.CSSSelectorTest.test_text_pseudo_element", "code": "def test_text_pseudo_element(self) -> None: self.assertEqual(self.x(\"#p-b2\"), ['<b id=\"p-b2\">guy</b>']) self.assertEqual(self.x(\"#p-b2::text\"), [\"guy\"]) self.assertEqual(self.x(\"#p-b2 ::text\"), [\"guy\"]) self.assertEqual(self.x(\"#paragraph::text\"), [\"lorem ipsum text\"]) self.assertEqual( self.x(\"#paragraph ::text\"), [\"lorem ipsum text\", \"hi\", \"there\", \"guy\"], ) self.assertEqual(self.x(\"p::text\"), [\"lorem ipsum text\"]) self.assertEqual( self.x(\"p ::text\"), [\"lorem ipsum text\", \"hi\", \"there\", \"guy\"] )"}
{"name": "parsel.tests.test_selector_csstranslator.CSSSelectorTest.test_attribute_function", "code": "def test_attribute_function(self) -> None: self.assertEqual(self.x(\"#p-b2::attr(id)\"), [\"p-b2\"]) self.assertEqual(self.x(\".cool-footer::attr(class)\"), [\"cool-footer\"]) self.assertEqual( self.x(\".cool-footer ::attr(id)\"), [\"foobar-div\", \"foobar-span\"] ) self.assertEqual( self.x('map[name=\"dummymap\"] ::attr(shape)'), [\"circle\", \"default\"] )"}
{"name": "parsel.tests.test_selector_csstranslator.CSSSelectorTest.test_nested_selector", "code": "def test_nested_selector(self) -> None: self.assertEqual( self.sel.css(\"p\").css(\"b::text\").extract(), [\"hi\", \"guy\"] ) self.assertEqual( self.sel.css(\"div\").css(\"area:last-child\").extract(), ['<area shape=\"default\" id=\"area-nohref\">'], )"}
{"name": "parsel.tests.test_selector_csstranslator.CSSSelectorTest.test_pseudoclass_has", "code": "def test_pseudoclass_has(self) -> None: self.assertEqual(self.x(\"p:has(b)::text\"), [\"lorem ipsum text\"])"}
{"name": "parsel.tests.test_selector_csstranslator.CSSSelectorTestBytes.setUp", "code": "def setUp(self) -> None: self.sel = self.sscls(body=bytes(HTMLBODY, encoding=\"utf8\"))"}
{"name": "parsel.tests.test_utils.test_shorten", "code": "def test_shorten(width: int, expected: Union[str, Type[Exception]]) -> None: if isinstance(expected, str): assert shorten(\"foobar\", width) == expected else: with raises(expected): shorten(\"foobar\", width)"}
{"name": "parsel.tests.test_utils.test_extract_regex", "code": "def test_extract_regex( regex: Union[str, Pattern[str]], text: str, replace_entities: bool, expected: List[str], ) -> None: assert extract_regex(regex, text, replace_entities) == expected"}
{"name": "parsel.tests.test_selector.SelectorTestCase.assertIsSelector", "code": "def assertIsSelector(self, value: Any) -> None: self.assertEqual(type(value), type(self.sscls(text=\"\")))"}
{"name": "parsel.tests.test_selector.SelectorTestCase.assertIsSelectorList", "code": "def assertIsSelectorList(self, value: Any) -> None: self.assertEqual(type(value), type(self.sscls.selectorlist_cls()))"}
{"name": "parsel.tests.test_selector.SelectorTestCase.test_pickle_selector", "code": "def test_pickle_selector(self) -> None: sel = self.sscls(text=\"<html><body><p>some text</p></body></html>\") self.assertRaises( TypeError, lambda s: pickle.dumps(s, protocol=2), sel )"}
{"name": "parsel.tests.test_selector.SelectorTestCase.test_pickle_selector_list", "code": "def test_pickle_selector_list(self) -> None: sel = self.sscls( text=\"<html><body><ul><li>1</li><li>2</li><li>3</li></ul></body></html>\" ) sel_list = sel.css(\"li\") empty_sel_list = sel.css(\"p\") self.assertIsSelectorList(sel_list) self.assertIsSelectorList(empty_sel_list) self.assertRaises( TypeError, lambda s: pickle.dumps(s, protocol=2), sel_list ) self.assertRaises( TypeError, lambda s: pickle.dumps(s, protocol=2), empty_sel_list )"}
{"name": "parsel.tests.test_selector.SelectorTestCase.test_simple_selection", "code": "def test_simple_selection(self) -> None: \"\"\"Simple selector tests\"\"\" body = \"<p><input name='a'value='1'/><input name='b'value='2'/></p>\" sel = self.sscls(text=body)  xl = sel.xpath(\"//input\") self.assertEqual(2, len(xl)) for x in xl: self.assertIsSelector(x)  self.assertEqual( sel.xpath(\"//input\").extract(), [x.extract() for x in sel.xpath(\"//input\")], )  self.assertEqual( [x.extract() for x in sel.xpath(\"//input[@name='a']/@name\")], [\"a\"], ) self.assertEqual( [ x.extract() for x in sel.xpath( \"number(concat(//input[@name='a']/@value, //input[@name='b']/@value))\" ) ], [\"12.0\"], )  self.assertEqual( sel.xpath(\"concat('xpath', 'rules')\").extract(), [\"xpathrules\"] ) self.assertEqual( [ x.extract() for x in sel.xpath( \"concat(//input[@name='a']/@value, //input[@name='b']/@value)\" ) ], [\"12\"], )"}
{"name": "parsel.tests.test_selector.SelectorTestCase.test_simple_selection_with_variables", "code": "def test_simple_selection_with_variables(self) -> None: \"\"\"Using XPath variables\"\"\" body = \"<p><input name='a' value='1'/><input name='b' value='2'/></p>\" sel = self.sscls(text=body)  self.assertEqual( [ x.extract() for x in sel.xpath(\"//input[@value=$number]/@name\", number=1) ], [\"a\"], ) self.assertEqual( [ x.extract() for x in sel.xpath(\"//input[@name=$letter]/@value\", letter=\"b\") ], [\"2\"], )  self.assertEqual( sel.xpath( \"count(//input[@value=$number or @name=$letter])\", number=2, letter=\"a\", ).extract(), [\"2.0\"], )  # you can also pass booleans self.assertEqual( sel.xpath( \"boolean(count(//input)=$cnt)=$test\", cnt=2, test=True ).extract(), [\"1\"], ) self.assertEqual( sel.xpath( \"boolean(count(//input)=$cnt)=$test\", cnt=4, test=True ).extract(), [\"0\"], ) self.assertEqual( sel.xpath( \"boolean(count(//input)=$cnt)=$test\", cnt=4, test=False ).extract(), [\"1\"], )  # for named nodes, you need to use \"name()=node_name\" self.assertEqual( sel.xpath( \"boolean(count(//*[name()=$tag])=$cnt)=$test\", tag=\"input\", cnt=2, test=True, ).extract(), [\"1\"], )"}
{"name": "parsel.tests.test_selector.SelectorTestCase.test_simple_selection_with_variables_escape_friendly", "code": "def test_simple_selection_with_variables_escape_friendly(self) -> None: \"\"\"Using XPath variables with quotes that would need escaping with string formatting\"\"\" body = \"\"\"<p>I'm mixing single and <input name='a' value='I say \"Yeah!\"'/> \"double quotes\" and I don't care :)</p>\"\"\" sel = self.sscls(text=body)  t = 'I say \"Yeah!\"' # naive string formatting with give something like: # ValueError: XPath error: Invalid predicate in //input[@value=\"I say \"Yeah!\"\"]/@name self.assertRaises( ValueError, sel.xpath, f'//input[@value=\"{t}\"]/@name' )  # with XPath variables, escaping is done for you self.assertEqual( [ x.extract() for x in sel.xpath(\"//input[@value=$text]/@name\", text=t) ], [\"a\"], ) lt = \"\"\"I'm mixing single and \"double quotes\" and I don't care :)\"\"\" # the following gives you something like # ValueError: XPath error: Invalid predicate in //p[normalize-space()='I'm mixing single and \"double quotes\" and I don't care :)']//@name self.assertRaises( ValueError, sel.xpath, f\"//p[normalize-space()='{lt}']//@name\" )  self.assertEqual( [ x.extract() for x in sel.xpath( \"//p[normalize-space()=$lng]//@name\", lng=lt ) ], [\"a\"], )"}
{"name": "parsel.tests.test_selector.SelectorTestCase.test_accessing_attributes", "code": "def test_accessing_attributes(self) -> None: body = \"\"\" <html lang=\"en\" version=\"1.0\"> <body> <ul id=\"some-list\" class=\"list-cls\" class=\"list-cls\"> <li class=\"item-cls\" id=\"list-item-1\"> <li class=\"item-cls active\" id=\"list-item-2\"> <li class=\"item-cls\" id=\"list-item-3\"> </ul> </body> </html> \"\"\" sel = self.sscls(text=body) self.assertEqual({\"lang\": \"en\", \"version\": \"1.0\"}, sel.attrib) self.assertEqual( {\"id\": \"some-list\", \"class\": \"list-cls\"}, sel.css(\"ul\")[0].attrib )  # for a SelectorList, bring the attributes of first-element only self.assertEqual( {\"id\": \"some-list\", \"class\": \"list-cls\"}, sel.css(\"ul\").attrib ) self.assertEqual( {\"class\": \"item-cls\", \"id\": \"list-item-1\"}, sel.css(\"li\").attrib ) self.assertEqual({}, sel.css(\"body\").attrib) self.assertEqual({}, sel.css(\"non-existing-element\").attrib)  self.assertEqual( [ {\"class\": \"item-cls\", \"id\": \"list-item-1\"}, {\"class\": \"item-cls active\", \"id\": \"list-item-2\"}, {\"class\": \"item-cls\", \"id\": \"list-item-3\"}, ], [e.attrib for e in sel.css(\"li\")], )"}
{"name": "parsel.tests.test_selector.SelectorTestCase.test_representation_slice", "code": "def test_representation_slice(self) -> None: body = f\"<p><input name='{50 * 'b'}' value='\\xa9'/></p>\" sel = self.sscls(text=body)  representation = ( f\"<Selector query='//input/@name' data='{37 * 'b'}...'>\" )  self.assertEqual( [repr(it) for it in sel.xpath(\"//input/@name\")], [representation] )"}
{"name": "parsel.tests.test_selector.SelectorTestCase.test_representation_unicode_query", "code": "def test_representation_unicode_query(self) -> None: body = f\"<p><input name='{50 * 'b'}' value='\\xa9'/></p>\"  representation = ( \"<Selector query='//input[@value=\\\"\u00a9\\\"]/@value' data='\u00a9'>\" )  sel = self.sscls(text=body) self.assertEqual( [repr(it) for it in sel.xpath('//input[@value=\"\\xa9\"]/@value')], [representation], )"}
{"name": "parsel.tests.test_selector.SelectorTestCase.test_check_text_argument_type", "code": "def test_check_text_argument_type(self) -> None: self.assertRaisesRegex( TypeError, \"text argument should be of type\", self.sscls, b\"<html/>\", )"}
{"name": "parsel.tests.test_selector.SelectorTestCase.test_extract_first", "code": "def test_extract_first(self) -> None: \"\"\"Test if extract_first() returns first element\"\"\" body = '<ul><li id=\"1\">1</li><li id=\"2\">2</li></ul>' sel = self.sscls(text=body)  self.assertEqual( sel.xpath(\"//ul/li/text()\").extract_first(), sel.xpath(\"//ul/li/text()\").extract()[0], )  self.assertEqual( sel.xpath('//ul/li[@id=\"1\"]/text()').extract_first(), sel.xpath('//ul/li[@id=\"1\"]/text()').extract()[0], )  self.assertEqual( sel.xpath(\"//ul/li[2]/text()\").extract_first(), sel.xpath(\"//ul/li/text()\").extract()[1], )  self.assertEqual( sel.xpath('/ul/li[@id=\"doesnt-exist\"]/text()').extract_first(), None, )"}
{"name": "parsel.tests.test_selector.SelectorTestCase.test_extract_first_default", "code": "def test_extract_first_default(self) -> None: \"\"\"Test if extract_first() returns default value when no results found\"\"\" body = '<ul><li id=\"1\">1</li><li id=\"2\">2</li></ul>' sel = self.sscls(text=body)  self.assertEqual( sel.xpath(\"//div/text()\").extract_first(default=\"missing\"), \"missing\", )"}
{"name": "parsel.tests.test_selector.SelectorTestCase.test_selector_get_alias", "code": "def test_selector_get_alias(self) -> None: \"\"\"Test if get() returns extracted value on a Selector\"\"\" body = '<ul><li id=\"1\">1</li><li id=\"2\">2</li><li id=\"3\">3</li></ul>' sel = self.sscls(text=body)  self.assertEqual( sel.xpath(\"//ul/li[position()>1]\")[0].get(), '<li id=\"2\">2</li>' ) self.assertEqual( sel.xpath(\"//ul/li[position()>1]/text()\")[0].get(), \"2\" )"}
{"name": "parsel.tests.test_selector.SelectorTestCase.test_selector_getall_alias", "code": "def test_selector_getall_alias(self) -> None: \"\"\"Test if get() returns extracted value on a Selector\"\"\" body = '<ul><li id=\"1\">1</li><li id=\"2\">2</li><li id=\"3\">3</li></ul>' sel = self.sscls(text=body)  self.assertListEqual( sel.xpath(\"//ul/li[position()>1]\")[0].getall(), ['<li id=\"2\">2</li>'], ) self.assertListEqual( sel.xpath(\"//ul/li[position()>1]/text()\")[0].getall(), [\"2\"] )"}
{"name": "parsel.tests.test_selector.SelectorTestCase.test_selectorlist_get_alias", "code": "def test_selectorlist_get_alias(self) -> None: \"\"\"Test if get() returns first element for a selection call\"\"\" body = '<ul><li id=\"1\">1</li><li id=\"2\">2</li><li id=\"3\">3</li></ul>' sel = self.sscls(text=body)  self.assertEqual(sel.xpath(\"//ul/li\").get(), '<li id=\"1\">1</li>') self.assertEqual(sel.xpath(\"//ul/li/text()\").get(), \"1\")"}
{"name": "parsel.tests.test_selector.SelectorTestCase.test_re_first", "code": "def test_re_first(self) -> None: \"\"\"Test if re_first() returns first matched element\"\"\" body = '<ul><li id=\"1\">1</li><li id=\"2\">2</li></ul>' sel = self.sscls(text=body)  self.assertEqual( sel.xpath(\"//ul/li/text()\").re_first(r\"\\d\"), sel.xpath(\"//ul/li/text()\").re(r\"\\d\")[0], )  self.assertEqual( sel.xpath('//ul/li[@id=\"1\"]/text()').re_first(r\"\\d\"), sel.xpath('//ul/li[@id=\"1\"]/text()').re(r\"\\d\")[0], )  self.assertEqual( sel.xpath(\"//ul/li[2]/text()\").re_first(r\"\\d\"), sel.xpath(\"//ul/li/text()\").re(r\"\\d\")[1], )  self.assertEqual(sel.xpath(\"/ul/li/text()\").re_first(r\"\\w+\"), None) self.assertEqual( sel.xpath('/ul/li[@id=\"doesnt-exist\"]/text()').re_first(r\"\\d\"), None, )  self.assertEqual(sel.re_first(r'id=\"(\\d+)'), \"1\") self.assertEqual(sel.re_first(r\"foo\"), None) self.assertEqual(sel.re_first(r\"foo\", default=\"bar\"), \"bar\")"}
{"name": "parsel.tests.test_selector.SelectorTestCase.test_extract_first_re_default", "code": "def test_extract_first_re_default(self) -> None: \"\"\"Test if re_first() returns default value when no results found\"\"\" body = '<ul><li id=\"1\">1</li><li id=\"2\">2</li></ul>' sel = self.sscls(text=body)  self.assertEqual( sel.xpath(\"//div/text()\").re_first(r\"\\w+\", default=\"missing\"), \"missing\", ) self.assertEqual( sel.xpath(\"/ul/li/text()\").re_first(r\"\\w+\", default=\"missing\"), \"missing\", )"}
{"name": "parsel.tests.test_selector.SelectorTestCase.test_select_unicode_query", "code": "def test_select_unicode_query(self) -> None: body = \"<p><input name='\\xa9' value='1'/></p>\" sel = self.sscls(text=body) self.assertEqual( sel.xpath('//input[@name=\"\\xa9\"]/@value').extract(), [\"1\"] )"}
{"name": "parsel.tests.test_selector.SelectorTestCase.test_list_elements_type", "code": "def test_list_elements_type(self) -> None: \"\"\"Test Selector returning the same type in selection methods\"\"\" text = \"<p>test<p>\" self.assertEqual( type(self.sscls(text=text).xpath(\"//p\")[0]), type(self.sscls(text=text)), ) self.assertEqual( type(self.sscls(text=text).css(\"p\")[0]), type(self.sscls(text=text)), )"}
{"name": "parsel.tests.test_selector.SelectorTestCase.test_boolean_result", "code": "def test_boolean_result(self) -> None: body = \"<p><input name='a'value='1'/><input name='b'value='2'/></p>\" xs = self.sscls(text=body) self.assertEqual( xs.xpath(\"//input[@name='a']/@name='a'\").extract(), [\"1\"] ) self.assertEqual( xs.xpath(\"//input[@name='a']/@name='n'\").extract(), [\"0\"] )"}
{"name": "parsel.tests.test_selector.SelectorTestCase.test_differences_parsing_xml_vs_html", "code": "def test_differences_parsing_xml_vs_html(self) -> None: \"\"\"Test that XML and HTML Selector's behave differently\"\"\" # some text which is parsed differently by XML and HTML flavors text = '<div><img src=\"a.jpg\"><p>Hello</div>' hs = self.sscls(text=text, type=\"html\") self.assertEqual( hs.xpath(\"//div\").extract(), ['<div><img src=\"a.jpg\"><p>Hello</p></div>'], )  xs = self.sscls(text=text, type=\"xml\") self.assertEqual( xs.xpath(\"//div\").extract(), ['<div><img src=\"a.jpg\"><p>Hello</p></img></div>'], )"}
{"name": "parsel.tests.test_selector.SelectorTestCase.test_error_for_unknown_selector_type", "code": "def test_error_for_unknown_selector_type(self) -> None: self.assertRaises(ValueError, self.sscls, text=\"\", type=\"_na_\")"}
{"name": "parsel.tests.test_selector.SelectorTestCase.test_text_or_root_is_required", "code": "def test_text_or_root_is_required(self) -> None: self.assertRaisesRegex( ValueError, \"Selector needs text, body, or root arguments\", self.sscls, )"}
{"name": "parsel.tests.test_selector.SelectorTestCase.test_bool", "code": "def test_bool(self) -> None: text = '<a href=\"\" >false</a><a href=\"nonempty\">true</a>' hs = self.sscls(text=text, type=\"html\") falsish = hs.xpath(\"//a/@href\")[0] self.assertEqual(falsish.extract(), \"\") self.assertFalse(falsish) trueish = hs.xpath(\"//a/@href\")[1] self.assertEqual(trueish.extract(), \"nonempty\") self.assertTrue(trueish)"}
{"name": "parsel.tests.test_selector.SelectorTestCase.test_slicing", "code": "def test_slicing(self) -> None: text = \"<div><p>1</p><p>2</p><p>3</p></div>\" hs = self.sscls(text=text, type=\"html\") self.assertIsSelector(hs.css(\"p\")[2]) self.assertIsSelectorList(hs.css(\"p\")[2:3]) self.assertIsSelectorList(hs.css(\"p\")[:2]) self.assertEqual(hs.css(\"p\")[2:3].extract(), [\"<p>3</p>\"]) self.assertEqual(hs.css(\"p\")[1:3].extract(), [\"<p>2</p>\", \"<p>3</p>\"])"}
{"name": "parsel.tests.test_selector.SelectorTestCase.test_nested_selectors", "code": "def test_nested_selectors(self) -> None: \"\"\"Nested selector tests\"\"\" body = \"\"\"<body> <div class='one'> <ul> <li>one</li><li>two</li> </ul> </div> <div class='two'> <ul> <li>four</li><li>five</li><li>six</li> </ul> </div> </body>\"\"\"  x = self.sscls(text=body) divtwo = x.xpath('//div[@class=\"two\"]') self.assertEqual( divtwo.xpath(\"//li\").extract(), [ \"<li>one</li>\", \"<li>two</li>\", \"<li>four</li>\", \"<li>five</li>\", \"<li>six</li>\", ], ) self.assertEqual( divtwo.xpath(\"./ul/li\").extract(), [\"<li>four</li>\", \"<li>five</li>\", \"<li>six</li>\"], ) self.assertEqual( divtwo.xpath(\".//li\").extract(), [\"<li>four</li>\", \"<li>five</li>\", \"<li>six</li>\"], ) self.assertEqual(divtwo.xpath(\"./li\").extract(), [])"}
{"name": "parsel.tests.test_selector.SelectorTestCase.test_selectorlist_getall_alias", "code": "def test_selectorlist_getall_alias(self) -> None: \"\"\"Nested selector tests using getall()\"\"\" body = \"\"\"<body> <div class='one'> <ul> <li>one</li><li>two</li> </ul> </div> <div class='two'> <ul> <li>four</li><li>five</li><li>six</li> </ul> </div> </body>\"\"\"  x = self.sscls(text=body) divtwo = x.xpath('//div[@class=\"two\"]') self.assertEqual( divtwo.xpath(\"//li\").getall(), [ \"<li>one</li>\", \"<li>two</li>\", \"<li>four</li>\", \"<li>five</li>\", \"<li>six</li>\", ], ) self.assertEqual( divtwo.xpath(\"./ul/li\").getall(), [\"<li>four</li>\", \"<li>five</li>\", \"<li>six</li>\"], ) self.assertEqual( divtwo.xpath(\".//li\").getall(), [\"<li>four</li>\", \"<li>five</li>\", \"<li>six</li>\"], ) self.assertEqual(divtwo.xpath(\"./li\").getall(), [])"}
{"name": "parsel.tests.test_selector.SelectorTestCase.test_mixed_nested_selectors", "code": "def test_mixed_nested_selectors(self) -> None: body = \"\"\"<body> <div id=1>not<span>me</span></div> <div class=\"dos\"><p>text</p><a href='#'>foo</a></div> </body>\"\"\" sel = self.sscls(text=body) self.assertEqual( sel.xpath('//div[@id=\"1\"]').css(\"span::text\").extract(), [\"me\"] ) self.assertEqual( sel.css(\"#1\").xpath(\"./span/text()\").extract(), [\"me\"] )"}
{"name": "parsel.tests.test_selector.SelectorTestCase.test_dont_strip", "code": "def test_dont_strip(self) -> None: sel = self.sscls(text='<div>fff: <a href=\"#\">zzz</a></div>') self.assertEqual(sel.xpath(\"//text()\").extract(), [\"fff: \", \"zzz\"])"}
{"name": "parsel.tests.test_selector.SelectorTestCase.test_namespaces_simple", "code": "def test_namespaces_simple(self) -> None: body = \"\"\" <test xmlns:somens=\"http://scrapy.org\"> <somens:a id=\"foo\">take this</a> <a id=\"bar\">found</a> </test> \"\"\"  x = self.sscls(text=body, type=\"xml\")  x.register_namespace(\"somens\", \"http://scrapy.org\") self.assertEqual(x.xpath(\"//somens:a/text()\").extract(), [\"take this\"])"}
{"name": "parsel.tests.test_selector.SelectorTestCase.test_namespaces_adhoc", "code": "def test_namespaces_adhoc(self) -> None: body = \"\"\" <test xmlns:somens=\"http://scrapy.org\"> <somens:a id=\"foo\">take this</a> <a id=\"bar\">found</a> </test> \"\"\"  x = self.sscls(text=body, type=\"xml\")  self.assertEqual( x.xpath( \"//somens:a/text()\", namespaces={\"somens\": \"http://scrapy.org\"}, ).extract(), [\"take this\"], )"}
{"name": "parsel.tests.test_selector.SelectorTestCase.test_namespaces_adhoc_variables", "code": "def test_namespaces_adhoc_variables(self) -> None: body = \"\"\" <test xmlns:somens=\"http://scrapy.org\"> <somens:a id=\"foo\">take this</a> <a id=\"bar\">found</a> </test> \"\"\"  x = self.sscls(text=body, type=\"xml\")  self.assertEqual( x.xpath( \"//somens:a/following-sibling::a[@id=$identifier]/text()\", namespaces={\"somens\": \"http://scrapy.org\"}, identifier=\"bar\", ).extract(), [\"found\"], )"}
{"name": "parsel.tests.test_selector.SelectorTestCase.test_namespaces_multiple", "code": "def test_namespaces_multiple(self) -> None: body = \"\"\"<?xml version=\"1.0\" encoding=\"UTF-8\"?> <BrowseNode xmlns=\"http://webservices.amazon.com/AWSECommerceService/2005-10-05\" xmlns:b=\"http://somens.com\" xmlns:p=\"http://www.scrapy.org/product\" > <b:Operation>hello</b:Operation> <TestTag b:att=\"value\"><Other>value</Other></TestTag> <p:SecondTestTag><material>iron</material><price>90</price><p:name>Dried Rose</p:name></p:SecondTestTag> </BrowseNode> \"\"\" x = self.sscls(text=body, type=\"xml\") x.register_namespace( \"xmlns\", \"http://webservices.amazon.com/AWSECommerceService/2005-10-05\", ) x.register_namespace(\"p\", \"http://www.scrapy.org/product\") x.register_namespace(\"b\", \"http://somens.com\") self.assertEqual(len(x.xpath(\"//xmlns:TestTag\")), 1) self.assertEqual(x.xpath(\"//b:Operation/text()\").extract()[0], \"hello\") self.assertEqual( x.xpath(\"//xmlns:TestTag/@b:att\").extract()[0], \"value\" ) self.assertEqual( x.xpath(\"//p:SecondTestTag/xmlns:price/text()\").extract()[0], \"90\" ) self.assertEqual( x.xpath(\"//p:SecondTestTag\") .xpath(\"./xmlns:price/text()\")[0] .extract(), \"90\", ) self.assertEqual( x.xpath(\"//p:SecondTestTag/xmlns:material/text()\").extract()[0], \"iron\", )"}
{"name": "parsel.tests.test_selector.SelectorTestCase.test_namespaces_multiple_adhoc", "code": "def test_namespaces_multiple_adhoc(self) -> None: body = \"\"\"<?xml version=\"1.0\" encoding=\"UTF-8\"?> <BrowseNode xmlns=\"http://webservices.amazon.com/AWSECommerceService/2005-10-05\" xmlns:b=\"http://somens.com\" xmlns:p=\"http://www.scrapy.org/product\" > <b:Operation>hello</b:Operation> <TestTag b:att=\"value\"><Other>value</Other></TestTag> <p:SecondTestTag><material>iron</material><price>90</price><p:name>Dried Rose</p:name></p:SecondTestTag> </BrowseNode> \"\"\" x = self.sscls(text=body, type=\"xml\") x.register_namespace( \"xmlns\", \"http://webservices.amazon.com/AWSECommerceService/2005-10-05\", ) self.assertEqual(len(x.xpath(\"//xmlns:TestTag\")), 1)  # \"b\" namespace is not declared yet self.assertRaises(ValueError, x.xpath, \"//xmlns:TestTag/@b:att\")  # \"b\" namespace being passed ad-hoc self.assertEqual( x.xpath( \"//b:Operation/text()\", namespaces={\"b\": \"http://somens.com\"} ).extract()[0], \"hello\", )  # \"b\" namespace declaration is not cached self.assertRaises(ValueError, x.xpath, \"//xmlns:TestTag/@b:att\")  # \"xmlns\" is still defined self.assertEqual( x.xpath( \"//xmlns:TestTag/@b:att\", namespaces={\"b\": \"http://somens.com\"}, ).extract()[0], \"value\", )  # chained selectors still have knowledge of register_namespace() operations self.assertEqual( x.xpath( \"//p:SecondTestTag\", namespaces={\"p\": \"http://www.scrapy.org/product\"}, ) .xpath(\"./xmlns:price/text()\")[0] .extract(), \"90\", )  # but chained selector don't know about parent ad-hoc declarations self.assertRaises( ValueError, x.xpath( \"//p:SecondTestTag\", namespaces={\"p\": \"http://www.scrapy.org/product\"}, ).xpath, \"p:name/text()\", )  # ad-hoc declarations need repeats when chaining self.assertEqual( x.xpath( \"//p:SecondTestTag\", namespaces={\"p\": \"http://www.scrapy.org/product\"}, ) .xpath( \"p:name/text()\", namespaces={\"p\": \"http://www.scrapy.org/product\"}, ) .extract_first(), \"Dried Rose\", )  # declaring several ad-hoc namespaces self.assertEqual( x.xpath( \"string(//b:Operation/following-sibling::xmlns:TestTag\" \"/following-sibling::*//p:name)\", namespaces={ \"b\": \"http://somens.com\", \"p\": \"http://www.scrapy.org/product\", }, ).extract_first(), \"Dried Rose\", )  # \"p\" prefix is not cached from previous calls self.assertRaises( ValueError, x.xpath, \"//p:SecondTestTag/xmlns:price/text()\" )  x.register_namespace(\"p\", \"http://www.scrapy.org/product\") self.assertEqual( x.xpath(\"//p:SecondTestTag/xmlns:material/text()\").extract()[0], \"iron\", )"}
{"name": "parsel.tests.test_selector.SelectorTestCase.test_make_links_absolute", "code": "def test_make_links_absolute(self) -> None: text = '<a href=\"file.html\">link to file</a>' sel = Selector(text=text, base_url=\"http://example.com\") typing.cast(HtmlElement, sel.root).make_links_absolute() self.assertEqual( \"http://example.com/file.html\", sel.xpath(\"//a/@href\").extract_first(), )"}
{"name": "parsel.tests.test_selector.SelectorTestCase.test_re", "code": "def test_re(self) -> None: body = \"\"\"<div>Name: Mary <ul> <li>Name: John</li> <li>Age: 10</li> <li>Name: Paul</li> <li>Age: 20</li> </ul> Age: 20 </div>\"\"\" x = self.sscls(text=body)  name_re = re.compile(r\"Name: (\\w+)\") self.assertEqual(x.xpath(\"//ul/li\").re(name_re), [\"John\", \"Paul\"]) self.assertEqual(x.xpath(\"//ul/li\").re(r\"Age: (\\d+)\"), [\"10\", \"20\"])  # Test named group, hit and miss x = self.sscls(text=\"foobar\") self.assertEqual(x.re(\"(?P<extract>foo)\"), [\"foo\"]) self.assertEqual(x.re(\"(?P<extract>baz)\"), [])  # A purposely constructed test for an edge case x = self.sscls(text=\"baz\") self.assertEqual(x.re(\"(?P<extract>foo)|(?P<bar>baz)\"), [])"}
{"name": "parsel.tests.test_selector.SelectorTestCase.test_re_replace_entities", "code": "def test_re_replace_entities(self) -> None: body = \"\"\"<script>{\"foo\":\"bar &amp; &quot;baz&quot;\"}</script>\"\"\" x = self.sscls(text=body)  name_re = re.compile('{\"foo\":(.*)}')  # by default, only &amp; and &lt; are preserved ; # other entities are converted expected = '\"bar &amp; \"baz\"\"' self.assertEqual(x.xpath(\"//script/text()\").re(name_re), [expected]) self.assertEqual(x.xpath(\"//script\").re(name_re), [expected]) self.assertEqual(x.xpath(\"//script/text()\")[0].re(name_re), [expected]) self.assertEqual(x.xpath(\"//script\")[0].re(name_re), [expected])  # check that re_first() works the same way for single value output self.assertEqual(x.xpath(\"//script\").re_first(name_re), expected) self.assertEqual(x.xpath(\"//script\")[0].re_first(name_re), expected)  # switching off replace_entities will preserve &quot; also expected = '\"bar &amp; &quot;baz&quot;\"' self.assertEqual( x.xpath(\"//script/text()\").re(name_re, replace_entities=False), [expected], ) self.assertEqual( x.xpath(\"//script\")[0].re(name_re, replace_entities=False), [expected], )  self.assertEqual( x.xpath(\"//script/text()\").re_first( name_re, replace_entities=False ), expected, ) self.assertEqual( x.xpath(\"//script\")[0].re_first(name_re, replace_entities=False), expected, )"}
{"name": "parsel.tests.test_selector.SelectorTestCase.test_re_intl", "code": "def test_re_intl(self) -> None: body = \"<div>Evento: cumplea\\xf1os</div>\" x = self.sscls(text=body) self.assertEqual( x.xpath(\"//div\").re(r\"Evento: (\\w+)\"), [\"cumplea\\xf1os\"] )"}
{"name": "parsel.tests.test_selector.SelectorTestCase.test_selector_over_text", "code": "def test_selector_over_text(self) -> None: hs = self.sscls(text=\"<root>lala</root>\") self.assertEqual( hs.extract(), \"<html><body><root>lala</root></body></html>\" ) xs = self.sscls(text=\"<root>lala</root>\", type=\"xml\") self.assertEqual(xs.extract(), \"<root>lala</root>\") self.assertEqual(xs.xpath(\".\").extract(), [\"<root>lala</root>\"])"}
{"name": "parsel.tests.test_selector.SelectorTestCase.test_invalid_xpath", "code": "def test_invalid_xpath(self) -> None: \"Test invalid xpath raises ValueError with the invalid xpath\" x = self.sscls(text=\"<html></html>\") xpath = \"//test[@foo='bar]\" self.assertRaisesRegex(ValueError, re.escape(xpath), x.xpath, xpath)"}
{"name": "parsel.tests.test_selector.SelectorTestCase.test_invalid_xpath_unicode", "code": "def test_invalid_xpath_unicode(self) -> None: \"Test *Unicode* invalid xpath raises ValueError with the invalid xpath\" x = self.sscls(text=\"<html></html>\") xpath = \"//test[@foo='\\\\u0431ar]\" self.assertRaisesRegex(ValueError, re.escape(xpath), x.xpath, xpath)"}
{"name": "parsel.tests.test_selector.SelectorTestCase.test_http_header_encoding_precedence", "code": "def test_http_header_encoding_precedence(self) -> None: # '\\xa3'     = pound symbol in unicode # '\\xc2\\xa3' = pound symbol in utf-8 # '\\xa3'     = pound symbol in latin-1 (iso-8859-1)  text = \"\"\"<html> <head><meta http-equiv=\"Content-Type\" content=\"text/html; charset=iso-8859-1\"></head> <body><span id=\"blank\">\\xa3</span></body></html>\"\"\" x = self.sscls(text=text) self.assertEqual( x.xpath(\"//span[@id='blank']/text()\").extract(), [\"\\xa3\"] )"}
{"name": "parsel.tests.test_selector.SelectorTestCase.test_empty_bodies_shouldnt_raise_errors", "code": "def test_empty_bodies_shouldnt_raise_errors(self) -> None: self.sscls(text=\"\").xpath(\"//text()\").extract()"}
{"name": "parsel.tests.test_selector.SelectorTestCase.test_bodies_with_comments_only", "code": "def test_bodies_with_comments_only(self) -> None: sel = self.sscls( text=\"<!-- hello world -->\", base_url=\"http://example.com\" ) self.assertEqual(\"http://example.com\", sel.root.base)"}
{"name": "parsel.tests.test_selector.SelectorTestCase.test_null_bytes_shouldnt_raise_errors", "code": "def test_null_bytes_shouldnt_raise_errors(self) -> None: text = \"<root>pre\\x00post</root>\" self.sscls(text).xpath(\"//text()\").extract()"}
{"name": "parsel.tests.test_selector.SelectorTestCase.test_replacement_char_from_badly_encoded_body", "code": "def test_replacement_char_from_badly_encoded_body(self) -> None: # \\xe9 alone isn't valid utf8 sequence text = \"<html><p>an Jos\\\\ufffd de</p><html>\" self.assertEqual( [\"an Jos\\\\ufffd de\"], self.sscls(text).xpath(\"//text()\").extract() )"}
{"name": "parsel.tests.test_selector.SelectorTestCase.test_select_on_unevaluable_nodes", "code": "def test_select_on_unevaluable_nodes(self) -> None: r = self.sscls(text='<span class=\"big\">some text</span>') # Text node x1 = r.xpath(\"//text()\") self.assertEqual(x1.extract(), [\"some text\"]) self.assertEqual(x1.xpath(\".//b\").extract(), []) # Tag attribute x1 = r.xpath(\"//span/@class\") self.assertEqual(x1.extract(), [\"big\"]) self.assertEqual(x1.xpath(\".//text()\").extract(), [])"}
{"name": "parsel.tests.test_selector.SelectorTestCase.test_select_on_text_nodes", "code": "def test_select_on_text_nodes(self) -> None: r = self.sscls( text=\"<div><b>Options:</b>opt1</div><div><b>Other</b>opt2</div>\" ) x1 = r.xpath( \"//div/descendant::text()[preceding-sibling::b[contains(text(), 'Options')]]\" ) self.assertEqual(x1.extract(), [\"opt1\"])  x1 = r.xpath( \"//div/descendant::text()/preceding-sibling::b[contains(text(), 'Options')]\" ) self.assertEqual(x1.extract(), [\"<b>Options:</b>\"])"}
{"name": "parsel.tests.test_selector.SelectorTestCase.test_nested_select_on_text_nodes", "code": "def test_nested_select_on_text_nodes(self) -> None: # FIXME: does not work with lxml backend [upstream] r = self.sscls( text=\"<div><b>Options:</b>opt1</div><div><b>Other</b>opt2</div>\" ) x1 = r.xpath(\"//div/descendant::text()\") x2 = x1.xpath(\"./preceding-sibling::b[contains(text(), 'Options')]\") self.assertEqual(x2.extract(), [\"<b>Options:</b>\"])"}
{"name": "parsel.tests.test_selector.SelectorTestCase.test_weakref_slots", "code": "def test_weakref_slots(self) -> None: \"\"\"Check that classes are using slots and are weak-referenceable\"\"\" x = self.sscls(text=\"\") weakref.ref(x) assert not hasattr( x, \"__dict__\" ), f\"{x.__class__.__name__} does not use __slots__\""}
{"name": "parsel.tests.test_selector.SelectorTestCase.test_remove_namespaces", "code": "def test_remove_namespaces(self) -> None: xml = \"\"\"<?xml version=\"1.0\" encoding=\"UTF-8\"?> <feed xmlns=\"http://www.w3.org/2005/Atom\" xml:lang=\"en-US\" xmlns:media=\"http://search.yahoo.com/mrss/\"> <link type=\"text/html\"/> <entry> <link type=\"text/html\"/> </entry> <link type=\"application/atom+xml\"/> </feed> \"\"\" sel = self.sscls(text=xml, type=\"xml\") self.assertEqual(len(sel.xpath(\"//link\")), 0) self.assertEqual(len(sel.xpath(\"./namespace::*\")), 3) sel.remove_namespaces() self.assertEqual(len(sel.xpath(\"//link\")), 3) self.assertEqual(len(sel.xpath(\"./namespace::*\")), 1)"}
{"name": "parsel.tests.test_selector.SelectorTestCase.test_remove_namespaces_embedded", "code": "def test_remove_namespaces_embedded(self) -> None: xml = \"\"\" <feed xmlns=\"http://www.w3.org/2005/Atom\"> <link type=\"text/html\"/> <entry> <link type=\"text/html\"/> </entry> <svg xmlns=\"http://www.w3.org/2000/svg\" version=\"1.1\" viewBox=\"0 0 100 100\"> <linearGradient id=\"gradient\"> <stop class=\"begin\" offset=\"0%\" style=\"stop-color:yellow;\"/> <stop class=\"end\" offset=\"80%\" style=\"stop-color:green;\"/> </linearGradient> <circle cx=\"50\" cy=\"50\" r=\"30\" style=\"fill:url(#gradient)\" /> </svg> </feed> \"\"\" sel = self.sscls(text=xml, type=\"xml\") self.assertEqual(len(sel.xpath(\"//link\")), 0) self.assertEqual(len(sel.xpath(\"//stop\")), 0) self.assertEqual(len(sel.xpath(\"./namespace::*\")), 2) self.assertEqual( len( sel.xpath( \"//f:link\", namespaces={\"f\": \"http://www.w3.org/2005/Atom\"}, ) ), 2, ) self.assertEqual( len( sel.xpath( \"//s:stop\", namespaces={\"s\": \"http://www.w3.org/2000/svg\"} ) ), 2, ) sel.remove_namespaces() self.assertEqual(len(sel.xpath(\"//link\")), 2) self.assertEqual(len(sel.xpath(\"//stop\")), 2) self.assertEqual(len(sel.xpath(\"./namespace::*\")), 1)"}
{"name": "parsel.tests.test_selector.SelectorTestCase.test_remove_attributes_namespaces", "code": "def test_remove_attributes_namespaces(self) -> None: xml = \"\"\"<?xml version=\"1.0\" encoding=\"UTF-8\"?> <feed xmlns:atom=\"http://www.w3.org/2005/Atom\" xml:lang=\"en-US\" xmlns:media=\"http://search.yahoo.com/mrss/\"> <link atom:type=\"text/html\"/> <entry> <link atom:type=\"text/html\"/> </entry> <link atom:type=\"application/atom+xml\"/> </feed> \"\"\" sel = self.sscls(text=xml, type=\"xml\") self.assertEqual(len(sel.xpath(\"//link/@type\")), 0) sel.remove_namespaces() self.assertEqual(len(sel.xpath(\"//link/@type\")), 3)"}
{"name": "parsel.tests.test_selector.SelectorTestCase.test_smart_strings", "code": "def test_smart_strings(self) -> None: \"\"\"Lxml smart strings return values\"\"\"  class SmartStringsSelector(Selector): _lxml_smart_strings = True  body = \"\"\"<body> <div class='one'> <ul> <li>one</li><li>two</li> </ul> </div> <div class='two'> <ul> <li>four</li><li>five</li><li>six</li> </ul> </div> </body>\"\"\"  # .getparent() is available for text nodes and attributes # only when smart_strings are on x = self.sscls(text=body) li_text = x.xpath(\"//li/text()\") self.assertFalse(any([hasattr(e.root, \"getparent\") for e in li_text])) div_class = x.xpath(\"//div/@class\") self.assertFalse( any([hasattr(e.root, \"getparent\") for e in div_class]) )  smart_x = SmartStringsSelector(text=body) smart_li_text = smart_x.xpath(\"//li/text()\") self.assertTrue( all([hasattr(e.root, \"getparent\") for e in smart_li_text]) ) smart_div_class = smart_x.xpath(\"//div/@class\") self.assertTrue( all([hasattr(e.root, \"getparent\") for e in smart_div_class]) )"}
{"name": "parsel.tests.test_selector.SelectorTestCase.test_xml_entity_expansion", "code": "def test_xml_entity_expansion(self) -> None: malicious_xml = ( '<?xml version=\"1.0\" encoding=\"ISO-8859-1\"?>' \"<!DOCTYPE foo [ <!ELEMENT foo ANY > <!ENTITY xxe SYSTEM \" '\"file:///etc/passwd\" >]><foo>&xxe;</foo>' )  sel = self.sscls(text=malicious_xml, type=\"xml\")  self.assertEqual(sel.extract(), \"<foo>&xxe;</foo>\")"}
{"name": "parsel.tests.test_selector.SelectorTestCase.test_configure_base_url", "code": "def test_configure_base_url(self) -> None: sel = self.sscls(text=\"nothing\", base_url=\"http://example.com\") self.assertEqual(\"http://example.com\", sel.root.base)"}
{"name": "parsel.tests.test_selector.SelectorTestCase.test_extending_selector", "code": "def test_extending_selector(self) -> None: class MySelectorList(SelectorList[\"MySelector\"]): pass  class MySelector(Selector): selectorlist_cls = MySelectorList  def extra_method(self) -> str: return \"extra\" + cast(str, self.get())  sel = MySelector(text=\"<html><div>foo</div></html>\") self.assertIsInstance(sel.xpath(\"//div\"), MySelectorList) self.assertIsInstance(sel.xpath(\"//div\")[0], MySelector) self.assertIsInstance(sel.css(\"div\"), MySelectorList) self.assertIsInstance(sel.css(\"div\")[0], MySelector) content: str = sel.css(\"div\")[0].extra_method() self.assertEqual(\"extra<div>foo</div>\", content)"}
{"name": "parsel.tests.test_selector.SelectorTestCase.test_extending_selector.MySelector.extra_method", "code": "def extra_method(self) -> str: return \"extra\" + cast(str, self.get())"}
{"name": "parsel.tests.test_selector.SelectorTestCase.test_replacement_null_char_from_body", "code": "def test_replacement_null_char_from_body(self) -> None: text = \"<html>\\x00<body><p>Grainy</p></body></html>\" self.assertEqual( \"<html><body><p>Grainy</p></body></html>\", self.sscls(text).extract(), )"}
{"name": "parsel.tests.test_selector.SelectorTestCase.test_remove_selector_list", "code": "def test_remove_selector_list(self) -> None: sel = self.sscls( text=\"<html><body><ul><li>1</li><li>2</li><li>3</li></ul></body></html>\" ) sel_list = sel.css(\"li\") sel_list.drop() self.assertIsSelectorList(sel.css(\"li\")) self.assertEqual(sel.css(\"li\"), [])"}
{"name": "parsel.tests.test_selector.SelectorTestCase.test_remove_selector", "code": "def test_remove_selector(self) -> None: sel = self.sscls( text=\"<html><body><ul><li>1</li><li>2</li><li>3</li></ul></body></html>\" ) sel_list = sel.css(\"li\") sel_list[0].drop() self.assertIsSelectorList(sel.css(\"li\")) self.assertEqual(sel.css(\"li::text\").getall(), [\"2\", \"3\"])"}
{"name": "parsel.tests.test_selector.SelectorTestCase.test_remove_pseudo_element_selector_list", "code": "def test_remove_pseudo_element_selector_list(self) -> None: sel = self.sscls( text=\"<html><body><ul><li>1</li><li>2</li><li>3</li></ul></body></html>\" ) sel_list = sel.css(\"li::text\") self.assertEqual(sel_list.getall(), [\"1\", \"2\", \"3\"]) with self.assertRaises(CannotRemoveElementWithoutRoot): sel_list.drop()  self.assertIsSelectorList(sel.css(\"li\")) self.assertEqual(sel.css(\"li::text\").getall(), [\"1\", \"2\", \"3\"])"}
{"name": "parsel.tests.test_selector.SelectorTestCase.test_remove_pseudo_element_selector", "code": "def test_remove_pseudo_element_selector(self) -> None: sel = self.sscls( text=\"<html><body><ul><li>1</li><li>2</li><li>3</li></ul></body></html>\" ) sel_list = sel.css(\"li::text\") self.assertEqual(sel_list.getall(), [\"1\", \"2\", \"3\"]) with self.assertRaises(CannotRemoveElementWithoutRoot): sel_list[0].drop()  self.assertIsSelectorList(sel.css(\"li\")) self.assertEqual(sel.css(\"li::text\").getall(), [\"1\", \"2\", \"3\"])"}
{"name": "parsel.tests.test_selector.SelectorTestCase.test_remove_root_element_selector", "code": "def test_remove_root_element_selector(self) -> None: sel = self.sscls( text=\"<html><body><ul><li>1</li><li>2</li><li>3</li></ul></body></html>\" ) sel_list = sel.css(\"li::text\") self.assertEqual(sel_list.getall(), [\"1\", \"2\", \"3\"]) with self.assertRaises(CannotRemoveElementWithoutParent): sel.drop()  with self.assertRaises(CannotRemoveElementWithoutParent): sel.css(\"html\").drop()  self.assertIsSelectorList(sel.css(\"li\")) self.assertEqual(sel.css(\"li::text\").getall(), [\"1\", \"2\", \"3\"])  sel.css(\"body\").drop() self.assertEqual(sel.get(), \"<html></html>\")"}
{"name": "parsel.tests.test_selector.SelectorTestCase.test_deep_nesting", "code": "def test_deep_nesting(self) -> None: lxml_version = parse_version(etree.__version__) lxml_huge_tree_version = parse_version(\"4.2\")  content = \"\"\" <html> <body> <span><span><span><span><span><span><span><span><span><span><span><span><span><span><span><span><span><span> <span><span><span><span><span><span><span><span><span><span><span><span><span><span><span><span><span><span> <span><span><span><span><span><span><span><span><span><span><span><span><span><span><span><span><span><span> <span><span><span><span><span><span><span><span><span><span><span><span><span><span><span><span><span><span> <span><span><span><span><span><span><span><span><span><span><span><span><span><span><span><span><span><span> <span><span><span><span><span><span><span><span><span><span><span><span><span><span><span><span><span><span> <span><span><span><span><span><span><span><span><span><span><span><span><span><span><span><span><span><span> <span><span><span><span><span><span><span><span><span><span><span><span><span><span><span><span><span><span> <span><span><span><span><span><span><span><span><span><span><span><span><span><span><span><span><span><span> <span><span><span><span><span><span><span><span><span><span><span><span><span><span><span><span><span><span> <span><span><span><span><span><span><span><span><span><span><span><span><span><span><span><span><span><span> <span><span><span><span><span><span><span><span><span><span><span><span><span><span><span><span><span><span> <span><span><span><span><span><span><span><span><span><span><span><span><span><span><span><span><span><span> <span><span><span><span><span><span><span><span><span><span><span><span><span><span><span><span><span><span> <span><span><span><span><span><span><span><span><span><span><span><span><span><span><span><span><span><span> <span><span><span><span><span><span><span><span><span><span><span><span> hello world </span></span></span></span></span></span></span></span></span></span></span></span></span></span></span></span> </span></span></span></span></span></span></span></span></span></span></span></span></span></span></span></span> </span></span></span></span></span></span></span></span></span></span></span></span></span></span></span></span> </span></span></span></span></span></span></span></span></span></span></span></span></span></span></span></span> </span></span></span></span></span></span></span></span></span></span></span></span></span></span></span></span> </span></span></span></span></span></span></span></span></span></span></span></span></span></span></span></span> </span></span></span></span></span></span></span></span></span></span></span></span></span></span></span></span> </span></span></span></span></span></span></span></span></span></span></span></span></span></span></span></span> </span></span></span></span></span></span></span></span></span></span></span></span></span></span></span></span> </span></span></span></span></span></span></span></span></span></span></span></span></span></span></span></span> </span></span></span></span></span></span></span></span></span></span></span></span></span></span></span></span> </span></span></span></span></span></span></span></span></span></span></span></span></span></span></span></span> </span></span></span></span></span></span></span></span></span></span></span></span></span></span></span></span> </span></span></span></span></span></span></span></span></span></span></span></span></span></span></span></span> </span></span></span></span></span></span></span></span></span></span></span></span></span></span></span></span> </span></span></span></span></span></span></span></span></span></span></span></span></span></span></span></span> </span></span></span></span></span></span></span></span></span></span></span></span></span></span></span></span> </span></span></span></span></span></span></span></span></span></span> <table> <tr><td>some test</td></tr> </table> </body> </html> \"\"\"  # If lxml doesn't support huge trees expect wrong results and a warning if lxml_version < lxml_huge_tree_version: with warnings.catch_warnings(record=True) as w: sel = Selector(text=content) self.assertIn(\"huge_tree\", str(w[0].message)) self.assertLessEqual(len(sel.css(\"span\")), 256) self.assertEqual(len(sel.css(\"td\")), 0) return  # Same goes for explicitly disabling huge trees with warnings.catch_warnings(record=True) as w: sel = Selector(text=content, huge_tree=False) self.assertIn(\"huge_tree\", str(w[0].message)) self.assertLessEqual(len(sel.css(\"span\")), 256) self.assertEqual(len(sel.css(\"td\")), 0)  # If huge trees are enabled, elements with a depth > 255 should be found sel = Selector(text=content) nest_level = 282 self.assertEqual(len(sel.css(\"span\")), nest_level) self.assertEqual(len(sel.css(\"td\")), 1)"}
{"name": "parsel.tests.test_selector.SelectorTestCase.test_invalid_type", "code": "def test_invalid_type(self) -> None: with self.assertRaises(ValueError): self.sscls(\"\", type=\"xhtml\")"}
{"name": "parsel.tests.test_selector.SelectorTestCase.test_default_type", "code": "def test_default_type(self) -> None: text = \"foo\" selector = self.sscls(text) self.assertEqual(selector.type, \"html\")"}
{"name": "parsel.tests.test_selector.SelectorTestCase.test_json_type", "code": "def test_json_type(self) -> None: obj = 1 selector = self.sscls(str(obj), type=\"json\") self.assertEqual(selector.root, obj) self.assertEqual(selector.type, \"json\")"}
{"name": "parsel.tests.test_selector.SelectorTestCase.test_html_root", "code": "def test_html_root(self) -> None: root = etree.fromstring(\"<html/>\") selector = self.sscls(root=root) self.assertEqual(selector.root, root) self.assertEqual(selector.type, \"html\")"}
{"name": "parsel.tests.test_selector.SelectorTestCase.test_json_root", "code": "def test_json_root(self) -> None: obj = 1 selector = self.sscls(root=obj) self.assertEqual(selector.root, obj) self.assertEqual(selector.type, \"json\")"}
{"name": "parsel.tests.test_selector.SelectorTestCase.test_json_xpath", "code": "def test_json_xpath(self) -> None: obj = 1 selector = self.sscls(root=obj) with self.assertRaises(ValueError): selector.xpath(\"//*\")"}
{"name": "parsel.tests.test_selector.SelectorTestCase.test_json_css", "code": "def test_json_css(self) -> None: obj = 1 selector = self.sscls(root=obj) with self.assertRaises(ValueError): selector.css(\"*\")"}
{"name": "parsel.tests.test_selector.SelectorTestCase.test_invalid_json", "code": "def test_invalid_json(self) -> None: text = \"<html/>\" selector = self.sscls(text, type=\"json\") self.assertEqual(selector.root, None) self.assertEqual(selector.type, \"json\")"}
{"name": "parsel.tests.test_selector.SelectorTestCase.test_text_and_root_warning", "code": "def test_text_and_root_warning(self) -> None: with warnings.catch_warnings(record=True) as w: Selector(text=\"a\", root=\"b\") self.assertIn(\"both text and root\", str(w[0].message))"}
{"name": "parsel.tests.test_selector.SelectorTestCase.test_etree_root_invalid_type", "code": "def test_etree_root_invalid_type(self) -> None: selector = Selector(\"<html></html>\") self.assertRaisesRegex( ValueError, \"object as root\", Selector, root=selector.root, type=\"text\", ) self.assertRaisesRegex( ValueError, \"object as root\", Selector, root=selector.root, type=\"json\", )"}
{"name": "parsel.tests.test_selector.ExsltTestCase.test_regexp", "code": "def test_regexp(self) -> None: \"\"\"EXSLT regular expression tests\"\"\" body = \"\"\" <p><input name='a' value='1'/><input name='b' value='2'/></p> <div class=\"links\"> <a href=\"/first.html\">first link</a> <a href=\"/second.html\">second link</a> <a href=\"http://www.bayes.co.uk/xml/index.xml?/xml/utils/rechecker.xml\">EXSLT match example</a> </div> \"\"\" sel = self.sscls(text=body)  # re:test() self.assertEqual( sel.xpath('//input[re:test(@name, \"[A-Z]+\", \"i\")]').extract(), [ x.extract() for x in sel.xpath('//input[re:test(@name, \"[A-Z]+\", \"i\")]') ], ) self.assertEqual( [ x.extract() for x in sel.xpath(r'//a[re:test(@href, \"\\.html$\")]/text()') ], [\"first link\", \"second link\"], ) self.assertEqual( [ x.extract() for x in sel.xpath('//a[re:test(@href, \"first\")]/text()') ], [\"first link\"], ) self.assertEqual( [ x.extract() for x in sel.xpath('//a[re:test(@href, \"second\")]/text()') ], [\"second link\"], )  # re:match() is rather special: it returns a node-set of <match> nodes # ['<match>http://www.bayes.co.uk/xml/index.xml?/xml/utils/rechecker.xml</match>', # '<match>http</match>', # '<match>www.bayes.co.uk</match>', # '<match></match>', # '<match>/xml/index.xml?/xml/utils/rechecker.xml</match>'] self.assertEqual( sel.xpath( r're:match(//a[re:test(@href, \"\\.xml$\")]/@href,' r'\"(\\w+):\\/\\/([^/:]+)(:\\d*)?([^# ]*)\")/text()' ).extract(), [ \"http://www.bayes.co.uk/xml/index.xml?/xml/utils/rechecker.xml\", \"http\", \"www.bayes.co.uk\", \"\", \"/xml/index.xml?/xml/utils/rechecker.xml\", ], )  # re:replace() self.assertEqual( sel.xpath( r're:replace(//a[re:test(@href, \"\\.xml$\")]/@href,' r'\"(\\w+)://(.+)(\\.xml)\", \"\",\"https://\\2.html\")' ).extract(), [ \"https://www.bayes.co.uk/xml/index.xml?/xml/utils/rechecker.html\" ], )"}
{"name": "parsel.tests.test_selector.ExsltTestCase.test_set", "code": "def test_set(self) -> None: \"\"\"EXSLT set manipulation tests\"\"\" # microdata example from http://schema.org/Event body = \"\"\" <div itemscope itemtype=\"http://schema.org/Event\"> <a itemprop=\"url\" href=\"nba-miami-philidelphia-game3.html\"> NBA Eastern Conference First Round Playoff Tickets: <span itemprop=\"name\"> Miami Heat at Philadelphia 76ers - Game 3 (Home Game 1) </span> </a>  <meta itemprop=\"startDate\" content=\"2016-04-21T20:00\"> Thu, 04/21/16 8:00 p.m.  <div itemprop=\"location\" itemscope itemtype=\"http://schema.org/Place\"> <a itemprop=\"url\" href=\"wells-fargo-center.html\"> Wells Fargo Center </a> <div itemprop=\"address\" itemscope itemtype=\"http://schema.org/PostalAddress\"> <span itemprop=\"addressLocality\">Philadelphia</span>, <span itemprop=\"addressRegion\">PA</span> </div> </div>  <div itemprop=\"offers\" itemscope itemtype=\"http://schema.org/AggregateOffer\"> Priced from: <span itemprop=\"lowPrice\">$35</span> <span itemprop=\"offerCount\">1938</span> tickets left </div> </div> \"\"\" sel = self.sscls(text=body)  self.assertEqual( sel.xpath( \"\"\"//div[@itemtype=\"http://schema.org/Event\"] //@itemprop\"\"\" ).extract(), [ \"url\", \"name\", \"startDate\", \"location\", \"url\", \"address\", \"addressLocality\", \"addressRegion\", \"offers\", \"lowPrice\", \"offerCount\", ], )  self.assertEqual( sel.xpath( \"\"\" set:difference(//div[@itemtype=\"http://schema.org/Event\"] //@itemprop, //div[@itemtype=\"http://schema.org/Event\"] //*[@itemscope]/*/@itemprop)\"\"\" ).extract(), [\"url\", \"name\", \"startDate\", \"location\", \"offers\"], )"}
{"name": "parsel.tests.test_selector.ExsltTestCase.test_dont_remove_text_after_deleted_element", "code": "def test_dont_remove_text_after_deleted_element(self) -> None: sel = self.sscls( text=\"\"\"<html><body>Text before.<span>Text in.</span> Text after.</body></html> \"\"\" ) sel.css(\"span\").drop() self.assertEqual( sel.get(), \"<html><body>Text before. Text after.</body></html>\" )"}
{"name": "parsel.tests.test_selector.ExsltTestCase.test_drop_with_xml_type", "code": "def test_drop_with_xml_type(self) -> None: sel = self.sscls(text=\"<a><b></b><c/></a>\", type=\"xml\") el = sel.xpath(\"//b\")[0] assert el.root.getparent() is not None el.drop() assert sel.get() == \"<a><c/></a>\""}
{"name": "parsel.tests.test_selector.SelectorBytesInput.__init__", "code": "def __init__( self, text: Optional[str] = None, type: Optional[str] = None, body: bytes = b\"\", encoding: str = \"utf8\", namespaces: Optional[Mapping[str, str]] = None, root: Optional[Any] = _NOT_SET, base_url: Optional[str] = None, _expr: Optional[str] = None, huge_tree: bool = LXML_SUPPORTS_HUGE_TREE, ) -> None: if text: body = bytes(text, encoding=encoding) text = None super().__init__( text=text, type=type, body=body, encoding=encoding, namespaces=namespaces, root=root, base_url=base_url, _expr=_expr, huge_tree=huge_tree, )"}
{"name": "parsel.tests.test_selector.SelectorTestCaseBytes.test_representation_slice", "code": "def test_representation_slice(self) -> None: pass"}
{"name": "parsel.tests.test_selector.SelectorTestCaseBytes.test_representation_unicode_query", "code": "def test_representation_unicode_query(self) -> None: pass"}
{"name": "parsel.tests.test_selector.SelectorTestCaseBytes.test_weakref_slots", "code": "def test_weakref_slots(self) -> None: pass"}
{"name": "parsel.tests.test_selector.SelectorTestCaseBytes.test_check_text_argument_type", "code": "def test_check_text_argument_type(self) -> None: self.assertRaisesRegex( TypeError, \"body argument should be of type\", self.sscls, body=\"<html/>\", )"}
{"name": "parsel.tests.typing.selector.correct", "code": "def correct() -> None: selector = Selector( text=\"<html><body><ul><li>1</li><li>2</li><li>3</li></ul></body></html>\" )  li_values: list[str] = selector.css(\"li\").getall() selector.re_first(re.compile(r\"[32]\"), \"\").strip() xpath_values: list[str] = selector.xpath( \"//somens:a/text()\", namespaces={\"somens\": \"http://scrapy.org\"} ).extract()  class MySelector(Selector): def my_own_func(self) -> int: return 3  my_selector = MySelector() res: int = my_selector.my_own_func() sub_res: int = my_selector.xpath(\"//somens:a/text()\")[0].my_own_func()"}
{"name": "parsel.tests.typing.selector.correct.MySelector.my_own_func", "code": "def my_own_func(self) -> int: return 3"}
{"name": "parsel.tests.typing.selector.incorrect", "code": "def incorrect() -> None: selector = Selector( text=\"<html><body><ul><li>1</li><li>2</li><li>3</li></ul></body></html>\" )  # Wrong query type in css. selector.css(5).getall()  # type: ignore  # Cannot assign a list of str to an int. li_values: int = selector.css(\"li\").getall()  # type: ignore  # Cannot use a string to define namespaces in xpath. selector.xpath( \"//somens:a/text()\", namespaces='{\"somens\": \"http://scrapy.org\"}'  # type: ignore ).extract()  # Typo in the extract method name. selector.css(\"li\").extact()  # type: ignore  class MySelector(Selector): def my_own_func(self) -> int: return 3  my_selector = MySelector() res: str = my_selector.my_own_func()  # type: ignore sub_res: str = my_selector.xpath(\"//somens:a/text()\")[0].my_own_func()  # type: ignore"}
{"name": "parsel.tests.typing.selector.incorrect.MySelector.my_own_func", "code": "def my_own_func(self) -> int: return 3"}
{"name": "parsel.tests.test_xml_attacks._load", "code": "def _load(attack: str) -> str: folder_path = path.dirname(__file__) file_path = path.join(folder_path, \"xml_attacks\", f\"{attack}.xml\") with open(file_path, \"rb\") as attack_file: return attack_file.read().decode(\"utf-8\")"}
{"name": "parsel.tests.test_xml_attacks.XMLAttackTestCase.test_billion_laughs", "code": "def test_billion_laughs(self) -> None: process = Process() memory_usage_before = process.memory_info().rss selector = Selector(text=_load(\"billion_laughs\")) lolz = selector.css(\"lolz::text\").get() memory_usage_after = process.memory_info().rss memory_change = memory_usage_after - memory_usage_before assert_message = f\"Memory change: {memory_change}B\" assert memory_change <= MiB_1, assert_message assert lolz == \"&lol9;\""}
{"name": "parsel.tests.test_xpathfuncs.XPathFuncsTestCase.test_has_class_simple", "code": "def test_has_class_simple(self) -> None: body = \"\"\" <p class=\"foo bar-baz\">First</p> <p class=\"foo\">Second</p> <p class=\"bar\">Third</p> <p>Fourth</p> \"\"\" sel = Selector(text=body) self.assertEqual( [x.extract() for x in sel.xpath('//p[has-class(\"foo\")]/text()')], [\"First\", \"Second\"], ) self.assertEqual( [x.extract() for x in sel.xpath('//p[has-class(\"bar\")]/text()')], [\"Third\"], ) self.assertEqual( [ x.extract() for x in sel.xpath('//p[has-class(\"foo\",\"bar\")]/text()') ], [], ) self.assertEqual( [ x.extract() for x in sel.xpath('//p[has-class(\"foo\",\"bar-baz\")]/text()') ], [\"First\"], )"}
{"name": "parsel.tests.test_xpathfuncs.XPathFuncsTestCase.test_has_class_error_no_args", "code": "def test_has_class_error_no_args(self) -> None: body = \"\"\" <p CLASS=\"foo\">First</p> \"\"\" sel = Selector(text=body) self.assertRaisesRegex( ValueError, \"has-class must have at least 1 argument\", sel.xpath, \"has-class()\", )"}
{"name": "parsel.tests.test_xpathfuncs.XPathFuncsTestCase.test_has_class_error_invalid_arg_type", "code": "def test_has_class_error_invalid_arg_type(self) -> None: body = \"\"\" <p CLASS=\"foo\">First</p> \"\"\" sel = Selector(text=body) self.assertRaisesRegex( ValueError, \"has-class arguments must be strings\", sel.xpath, \"has-class(.)\", )"}
{"name": "parsel.tests.test_xpathfuncs.XPathFuncsTestCase.test_has_class_error_invalid_unicode", "code": "def test_has_class_error_invalid_unicode(self) -> None: body = \"\"\" <p CLASS=\"foo\">First</p> \"\"\" sel = Selector(text=body) self.assertRaisesRegex( ValueError, \"All strings must be XML compatible\", sel.xpath, 'has-class(\"h\u00e9ll\u00f6\")'.encode(), )"}
{"name": "parsel.tests.test_xpathfuncs.XPathFuncsTestCase.test_has_class_unicode", "code": "def test_has_class_unicode(self) -> None: body = \"\"\" <p CLASS=\"f\u00f3\u00f3\">First</p> \"\"\" sel = Selector(text=body) self.assertEqual( [x.extract() for x in sel.xpath('//p[has-class(\"f\u00f3\u00f3\")]/text()')], [\"First\"], )"}
{"name": "parsel.tests.test_xpathfuncs.XPathFuncsTestCase.test_has_class_uppercase", "code": "def test_has_class_uppercase(self) -> None: body = \"\"\" <p CLASS=\"foo\">First</p> \"\"\" sel = Selector(text=body) self.assertEqual( [x.extract() for x in sel.xpath('//p[has-class(\"foo\")]/text()')], [\"First\"], )"}
{"name": "parsel.tests.test_xpathfuncs.XPathFuncsTestCase.test_has_class_newline", "code": "def test_has_class_newline(self) -> None: body = \"\"\" <p CLASS=\"foo bar\">First</p> \"\"\" sel = Selector(text=body) self.assertEqual( [x.extract() for x in sel.xpath('//p[has-class(\"foo\")]/text()')], [\"First\"], )"}
{"name": "parsel.tests.test_xpathfuncs.XPathFuncsTestCase.test_has_class_tab", "code": "def test_has_class_tab(self) -> None: body = \"\"\" <p CLASS=\"foo\\tbar\">First</p> \"\"\" sel = Selector(text=body) self.assertEqual( [x.extract() for x in sel.xpath('//p[has-class(\"foo\")]/text()')], [\"First\"], )"}
{"name": "parsel.tests.test_xpathfuncs.XPathFuncsTestCase.test_set_xpathfunc", "code": "def test_set_xpathfunc(self) -> None: def myfunc(ctx: Any) -> None: myfunc.call_count += 1  # type: ignore[attr-defined]  myfunc.call_count = 0  # type: ignore[attr-defined]  body = \"\"\" <p CLASS=\"foo\">First</p> \"\"\" sel = Selector(text=body) self.assertRaisesRegex( ValueError, \"Unregistered function in myfunc\", sel.xpath, \"myfunc()\", )  set_xpathfunc(\"myfunc\", myfunc) sel.xpath(\"myfunc()\") self.assertEqual(myfunc.call_count, 1)  # type: ignore[attr-defined]  set_xpathfunc(\"myfunc\", None) self.assertRaisesRegex( ValueError, \"Unregistered function in myfunc\", sel.xpath, \"myfunc()\", )"}
{"name": "parsel.tests.test_xpathfuncs.XPathFuncsTestCase.test_set_xpathfunc.myfunc", "code": "def myfunc(ctx: Any) -> None: myfunc.call_count += 1  # type: ignore[attr-defined]"}
{"name": "parsel.docs.conftest.load_selector", "code": "def load_selector(filename, **kwargs): input_path = os.path.join(os.path.dirname(__file__), \"_static\", filename) with open(input_path, encoding=\"utf-8\") as input_file: return Selector(text=input_file.read(), **kwargs)"}
{"name": "parsel.docs.conftest.setup", "code": "def setup(namespace): namespace[\"load_selector\"] = load_selector"}
{"name": "parsel.parsel.utils.flatten", "code": "def flatten(x: Iterable[Any]) -> List[Any]: \"\"\"flatten(sequence) -> list Returns a single, flat list which contains all elements retrieved from the sequence and all recursively contained sub-sequences (iterables). Examples: >>> [1, 2, [3,4], (5,6)] [1, 2, [3, 4], (5, 6)] >>> flatten([[[1,2,3], (42,None)], [4,5], [6], 7, (8,9,10)]) [1, 2, 3, 42, None, 4, 5, 6, 7, 8, 9, 10] >>> flatten([\"foo\", \"bar\"]) ['foo', 'bar'] >>> flatten([\"foo\", [\"baz\", 42], \"bar\"]) ['foo', 'baz', 42, 'bar'] \"\"\" return list(iflatten(x))"}
{"name": "parsel.parsel.utils.iflatten", "code": "def iflatten(x: Iterable[Any]) -> Iterator[Any]: \"\"\"iflatten(sequence) -> Iterator Similar to ``.flatten()``, but returns iterator instead\"\"\" for el in x: if _is_listlike(el): yield from flatten(el) else: yield el"}
{"name": "parsel.parsel.utils._is_listlike", "code": "def _is_listlike(x: Any) -> bool: \"\"\" >>> _is_listlike(\"foo\") False >>> _is_listlike(5) False >>> _is_listlike(b\"foo\") False >>> _is_listlike([b\"foo\"]) True >>> _is_listlike((b\"foo\",)) True >>> _is_listlike({}) True >>> _is_listlike(set()) True >>> _is_listlike((x for x in range(3))) True >>> _is_listlike(range(5)) True \"\"\" return hasattr(x, \"__iter__\") and not isinstance(x, (str, bytes))"}
{"name": "parsel.parsel.utils.extract_regex", "code": "def extract_regex( regex: Union[str, Pattern[str]], text: str, replace_entities: bool = True ) -> List[str]: \"\"\"Extract a list of strings from the given text/encoding using the following policies: * if the regex contains a named group called \"extract\" that will be returned * if the regex contains multiple numbered groups, all those will be returned (flattened) * if the regex doesn't contain any group the entire regex matching is returned \"\"\" if isinstance(regex, str): regex = re.compile(regex, re.UNICODE)  if \"extract\" in regex.groupindex: # named group try: extracted = cast(Match[str], regex.search(text)).group(\"extract\") except AttributeError: strings = [] else: strings = [extracted] if extracted is not None else [] else: # full regex or numbered groups strings = regex.findall(text)  strings = flatten(strings) if not replace_entities: return strings return [w3lib_replace_entities(s, keep=[\"lt\", \"amp\"]) for s in strings]"}
{"name": "parsel.parsel.utils.shorten", "code": "def shorten(text: str, width: int, suffix: str = \"...\") -> str: \"\"\"Truncate the given text to fit in the given width.\"\"\" if len(text) <= width: return text if width > len(suffix): return text[: width - len(suffix)] + suffix if width >= 0: return suffix[len(suffix) - width :] raise ValueError(\"width must be equal or greater than 0\")"}
{"name": "parsel.parsel.xpathfuncs.set_xpathfunc", "code": "def set_xpathfunc(fname: str, func: Optional[Callable]) -> None:  # type: ignore[type-arg] \"\"\"Register a custom extension function to use in XPath expressions.  The function ``func`` registered under ``fname`` identifier will be called for every matching node, being passed a ``context`` parameter as well as any parameters passed from the corresponding XPath expression.  If ``func`` is ``None``, the extension function will be removed.  See more `in lxml documentation`_.  .. _`in lxml documentation`: https://lxml.de/extensions.html#xpath-extension-functions  \"\"\" ns_fns = etree.FunctionNamespace(None)  # type: ignore[attr-defined] if func is not None: ns_fns[fname] = func else: del ns_fns[fname]"}
{"name": "parsel.parsel.xpathfuncs.setup", "code": "def setup() -> None: set_xpathfunc(\"has-class\", has_class)"}
{"name": "parsel.parsel.xpathfuncs.has_class", "code": "def has_class(context: Any, *classes: str) -> bool: \"\"\"has-class function.  Return True if all ``classes`` are present in element's class attr.  \"\"\" if not context.eval_context.get(\"args_checked\"): if not classes: raise ValueError( \"XPath error: has-class must have at least 1 argument\" ) for c in classes: if not isinstance(c, str): raise ValueError( \"XPath error: has-class arguments must be strings\" ) context.eval_context[\"args_checked\"] = True  node_cls = context.context_node.get(\"class\") if node_cls is None: return False node_cls = \" \" + node_cls + \" \" node_cls = replace_html5_whitespaces(\" \", node_cls) for cls in classes: if \" \" + cls + \" \" not in node_cls: return False return True"}
{"name": "parsel.parsel.csstranslator.XPathExpr.from_xpath", "code": "def from_xpath( cls, xpath: OriginalXPathExpr, textnode: bool = False, attribute: Optional[str] = None, ) -> \"Self\": x = cls( path=xpath.path, element=xpath.element, condition=xpath.condition ) x.textnode = textnode x.attribute = attribute return x"}
{"name": "parsel.parsel.csstranslator.XPathExpr.__str__", "code": "def __str__(self) -> str: path = super().__str__() if self.textnode: if path == \"*\": path = \"text()\" elif path.endswith(\"::*/*\"): path = path[:-3] + \"text()\" else: path += \"/text()\"  if self.attribute is not None: if path.endswith(\"::*/*\"): path = path[:-2] path += f\"/@{self.attribute}\"  return path"}
{"name": "parsel.parsel.csstranslator.XPathExpr.join", "code": "def join( self: \"Self\", combiner: str, other: OriginalXPathExpr, *args: Any, **kwargs: Any, ) -> \"Self\": if not isinstance(other, XPathExpr): raise ValueError( f\"Expressions of type {__name__}.XPathExpr can ony join expressions\" f\" of the same type (or its descendants), got {type(other)}\" ) super().join(combiner, other, *args, **kwargs) self.textnode = other.textnode self.attribute = other.attribute return self"}
{"name": "parsel.parsel.csstranslator.TranslatorProtocol.xpath_element", "code": "def xpath_element(self, selector: Element) -> OriginalXPathExpr: pass"}
{"name": "parsel.parsel.csstranslator.TranslatorProtocol.css_to_xpath", "code": "def css_to_xpath(self, css: str, prefix: str = ...) -> str: pass"}
{"name": "parsel.parsel.csstranslator.TranslatorMixin.xpath_element", "code": "def xpath_element( self: \"TranslatorProtocol\", selector: Element ) -> XPathExpr: # https://github.com/python/mypy/issues/12344 xpath = super().xpath_element(selector)  # type: ignore[safe-super] return XPathExpr.from_xpath(xpath)"}
{"name": "parsel.parsel.csstranslator.TranslatorMixin.xpath_pseudo_element", "code": "def xpath_pseudo_element( self, xpath: OriginalXPathExpr, pseudo_element: PseudoElement ) -> OriginalXPathExpr: \"\"\" Dispatch method that transforms XPath to support pseudo-element \"\"\" if isinstance(pseudo_element, FunctionalPseudoElement): method_name = f\"xpath_{pseudo_element.name.replace('-', '_')}_functional_pseudo_element\" method = getattr(self, method_name, None) if not method: raise ExpressionError( f\"The functional pseudo-element ::{pseudo_element.name}() is unknown\" ) xpath = method(xpath, pseudo_element) else: method_name = f\"xpath_{pseudo_element.replace('-', '_')}_simple_pseudo_element\" method = getattr(self, method_name, None) if not method: raise ExpressionError( f\"The pseudo-element ::{pseudo_element} is unknown\" ) xpath = method(xpath) return xpath"}
{"name": "parsel.parsel.csstranslator.TranslatorMixin.xpath_attr_functional_pseudo_element", "code": "def xpath_attr_functional_pseudo_element( self, xpath: OriginalXPathExpr, function: FunctionalPseudoElement ) -> XPathExpr: \"\"\"Support selecting attribute values using ::attr() pseudo-element\"\"\" if function.argument_types() not in ([\"STRING\"], [\"IDENT\"]): raise ExpressionError( f\"Expected a single string or ident for ::attr(), got {function.arguments!r}\" ) return XPathExpr.from_xpath( xpath, attribute=function.arguments[0].value )"}
{"name": "parsel.parsel.csstranslator.TranslatorMixin.xpath_text_simple_pseudo_element", "code": "def xpath_text_simple_pseudo_element( self, xpath: OriginalXPathExpr ) -> XPathExpr: \"\"\"Support selecting text nodes using ::text pseudo-element\"\"\" return XPathExpr.from_xpath(xpath, textnode=True)"}
{"name": "parsel.parsel.csstranslator.GenericTranslator.css_to_xpath", "code": "def css_to_xpath( self, css: str, prefix: str = \"descendant-or-self::\" ) -> str: return super().css_to_xpath(css, prefix)"}
{"name": "parsel.parsel.csstranslator.HTMLTranslator.css_to_xpath", "code": "def css_to_xpath( self, css: str, prefix: str = \"descendant-or-self::\" ) -> str: return super().css_to_xpath(css, prefix)"}
{"name": "parsel.parsel.csstranslator.css2xpath", "code": "def css2xpath(query: str) -> str: \"Return translated XPath version of a given CSS query\" return _translator.css_to_xpath(query)"}
{"name": "parsel.parsel.selector.SafeXMLParser.__init__", "code": "def __init__(self, *args: Any, **kwargs: Any) -> None: kwargs.setdefault(\"resolve_entities\", False) super().__init__(*args, **kwargs)"}
{"name": "parsel.parsel.selector._xml_or_html", "code": "def _xml_or_html(type: Optional[str]) -> str: return \"xml\" if type == \"xml\" else \"html\""}
{"name": "parsel.parsel.selector.create_root_node", "code": "def create_root_node( text: str, parser_cls: Type[_ParserType], base_url: Optional[str] = None, huge_tree: bool = LXML_SUPPORTS_HUGE_TREE, body: bytes = b\"\", encoding: str = \"utf8\", ) -> etree._Element: \"\"\"Create root node for text using given parser class.\"\"\" if not text: body = body.replace(b\"\\x00\", b\"\").strip() else: body = text.strip().replace(\"\\x00\", \"\").encode(encoding) or b\"<html/>\"  if huge_tree and LXML_SUPPORTS_HUGE_TREE: parser = parser_cls(recover=True, encoding=encoding, huge_tree=True) root = etree.fromstring(body, parser=parser, base_url=base_url) else: parser = parser_cls(recover=True, encoding=encoding) root = etree.fromstring(body, parser=parser, base_url=base_url) for error in parser.error_log: if \"use XML_PARSE_HUGE option\" in error.message: warnings.warn( f\"Input data is too big. Upgrade to lxml \" f\"{lxml_huge_tree_version} or later for huge_tree support.\" ) if root is None: root = etree.fromstring(b\"<html/>\", parser=parser, base_url=base_url) return root"}
{"name": "parsel.parsel.selector.SelectorList.__getitem__", "code": "def __getitem__( self, pos: Union[\"SupportsIndex\", slice] ) -> Union[_SelectorType, \"SelectorList[_SelectorType]\"]: o = super().__getitem__(pos) if isinstance(pos, slice): return self.__class__( typing.cast(\"SelectorList[_SelectorType]\", o) ) else: return typing.cast(_SelectorType, o)"}
{"name": "parsel.parsel.selector.SelectorList.__getstate__", "code": "def __getstate__(self) -> None: raise TypeError(\"can't pickle SelectorList objects\")"}
{"name": "parsel.parsel.selector.SelectorList.jmespath", "code": "def jmespath( self, query: str, **kwargs: Any ) -> \"SelectorList[_SelectorType]\": \"\"\" Call the ``.jmespath()`` method for each element in this list and return their results flattened as another :class:`SelectorList`.  ``query`` is the same argument as the one in :meth:`Selector.jmespath`.  Any additional named arguments are passed to the underlying ``jmespath.search`` call, e.g.::  selector.jmespath('author.name', options=jmespath.Options(dict_cls=collections.OrderedDict)) \"\"\" return self.__class__( flatten([x.jmespath(query, **kwargs) for x in self]) )"}
{"name": "parsel.parsel.selector.SelectorList.xpath", "code": "def xpath( self, xpath: str, namespaces: Optional[Mapping[str, str]] = None, **kwargs: Any, ) -> \"SelectorList[_SelectorType]\": \"\"\" Call the ``.xpath()`` method for each element in this list and return their results flattened as another :class:`SelectorList`.  ``xpath`` is the same argument as the one in :meth:`Selector.xpath`  ``namespaces`` is an optional ``prefix: namespace-uri`` mapping (dict) for additional prefixes to those registered with ``register_namespace(prefix, uri)``. Contrary to ``register_namespace()``, these prefixes are not saved for future calls.  Any additional named arguments can be used to pass values for XPath variables in the XPath expression, e.g.::  selector.xpath('//a[href=$url]', url=\"http://www.example.com\") \"\"\" return self.__class__( flatten( [x.xpath(xpath, namespaces=namespaces, **kwargs) for x in self] ) )"}
{"name": "parsel.parsel.selector.SelectorList.css", "code": "def css(self, query: str) -> \"SelectorList[_SelectorType]\": \"\"\" Call the ``.css()`` method for each element in this list and return their results flattened as another :class:`SelectorList`.  ``query`` is the same argument as the one in :meth:`Selector.css` \"\"\" return self.__class__(flatten([x.css(query) for x in self]))"}
{"name": "parsel.parsel.selector.SelectorList.re", "code": "def re( self, regex: Union[str, Pattern[str]], replace_entities: bool = True ) -> List[str]: \"\"\" Call the ``.re()`` method for each element in this list and return their results flattened, as a list of strings.  By default, character entity references are replaced by their corresponding character (except for ``&amp;`` and ``&lt;``. Passing ``replace_entities`` as ``False`` switches off these replacements. \"\"\" return flatten( [x.re(regex, replace_entities=replace_entities) for x in self] )"}
{"name": "parsel.parsel.selector.SelectorList.re_first", "code": "def re_first( self, regex: Union[str, Pattern[str]], default: Optional[str] = None, replace_entities: bool = True, ) -> Optional[str]: \"\"\" Call the ``.re()`` method for the first element in this list and return the result in an string. If the list is empty or the regex doesn't match anything, return the default value (``None`` if the argument is not provided).  By default, character entity references are replaced by their corresponding character (except for ``&amp;`` and ``&lt;``. Passing ``replace_entities`` as ``False`` switches off these replacements. \"\"\" for el in iflatten( x.re(regex, replace_entities=replace_entities) for x in self ): return typing.cast(str, el) return default"}
{"name": "parsel.parsel.selector.SelectorList.getall", "code": "def getall(self) -> List[str]: \"\"\" Call the ``.get()`` method for each element is this list and return their results flattened, as a list of strings. \"\"\" return [x.get() for x in self]"}
{"name": "parsel.parsel.selector.SelectorList.get", "code": "def get(self, default: Optional[str] = None) -> Any: \"\"\" Return the result of ``.get()`` for the first element in this list. If the list is empty, return the default value. \"\"\" for x in self: return x.get() return default"}
{"name": "parsel.parsel.selector.SelectorList.attrib", "code": "def attrib(self) -> Mapping[str, str]: \"\"\"Return the attributes dictionary for the first element. If the list is empty, return an empty dict. \"\"\" for x in self: return x.attrib return {}"}
{"name": "parsel.parsel.selector.SelectorList.remove", "code": "def remove(self) -> None:  # type: ignore[override] \"\"\" Remove matched nodes from the parent for each element in this list. \"\"\" warn( \"Method parsel.selector.SelectorList.remove is deprecated, please use parsel.selector.SelectorList.drop method instead\", category=DeprecationWarning, stacklevel=2, ) for x in self: x.remove()"}
{"name": "parsel.parsel.selector.SelectorList.drop", "code": "def drop(self) -> None: \"\"\" Drop matched nodes from the parent for each element in this list. \"\"\" for x in self: x.drop()"}
{"name": "parsel.parsel.selector._get_root_from_text", "code": "def _get_root_from_text( text: str, *, type: str, **lxml_kwargs: Any ) -> etree._Element: return create_root_node(text, _ctgroup[type][\"_parser\"], **lxml_kwargs)"}
{"name": "parsel.parsel.selector._get_root_and_type_from_bytes", "code": "def _get_root_and_type_from_bytes( body: bytes, encoding: str, *, input_type: Optional[str], **lxml_kwargs: Any, ) -> Tuple[Any, str]: if input_type == \"text\": return body.decode(encoding), input_type if encoding == \"utf8\": try: data = json.load(BytesIO(body)) except ValueError: data = _NOT_SET if data is not _NOT_SET: return data, \"json\" if input_type == \"json\": return None, \"json\" assert input_type in (\"html\", \"xml\", None)  # nosec type = _xml_or_html(input_type) root = create_root_node( text=\"\", body=body, encoding=encoding, parser_cls=_ctgroup[type][\"_parser\"], **lxml_kwargs, ) return root, type"}
{"name": "parsel.parsel.selector._get_root_and_type_from_text", "code": "def _get_root_and_type_from_text( text: str, *, input_type: Optional[str], **lxml_kwargs: Any ) -> Tuple[Any, str]: if input_type == \"text\": return text, input_type try: data = json.loads(text) except ValueError: data = _NOT_SET if data is not _NOT_SET: return data, \"json\" if input_type == \"json\": return None, \"json\" assert input_type in (\"html\", \"xml\", None)  # nosec type = _xml_or_html(input_type) root = _get_root_from_text(text, type=type, **lxml_kwargs) return root, type"}
{"name": "parsel.parsel.selector._get_root_type", "code": "def _get_root_type(root: Any, *, input_type: Optional[str]) -> str: if isinstance(root, etree._Element):  # pylint: disable=protected-access if input_type in {\"json\", \"text\"}: raise ValueError( f\"Selector got an lxml.etree._Element object as root, \" f\"and {input_type!r} as type.\" ) return _xml_or_html(input_type) elif isinstance(root, (dict, list)) or _is_valid_json(root): return \"json\" return input_type or \"json\""}
{"name": "parsel.parsel.selector._is_valid_json", "code": "def _is_valid_json(text: str) -> bool: try: json.loads(text) except (TypeError, ValueError): return False else: return True"}
{"name": "parsel.parsel.selector._load_json_or_none", "code": "def _load_json_or_none(text: str) -> Any: if isinstance(text, (str, bytes, bytearray)): try: return json.loads(text) except ValueError: return None return None"}
{"name": "parsel.parsel.selector.Selector.__init__", "code": "def __init__( self, text: Optional[str] = None, type: Optional[str] = None, body: bytes = b\"\", encoding: str = \"utf8\", namespaces: Optional[Mapping[str, str]] = None, root: Optional[Any] = _NOT_SET, base_url: Optional[str] = None, _expr: Optional[str] = None, huge_tree: bool = LXML_SUPPORTS_HUGE_TREE, ) -> None: self.root: Any if type not in (\"html\", \"json\", \"text\", \"xml\", None): raise ValueError(f\"Invalid type: {type}\")  if text is None and not body and root is _NOT_SET: raise ValueError(\"Selector needs text, body, or root arguments\")  if text is not None and not isinstance(text, str): msg = f\"text argument should be of type str, got {text.__class__}\" raise TypeError(msg)  if text is not None: if root is not _NOT_SET: warnings.warn( \"Selector got both text and root, root is being ignored.\", stacklevel=2, ) if not isinstance(text, str): msg = f\"text argument should be of type str, got {text.__class__}\" raise TypeError(msg)  root, type = _get_root_and_type_from_text( text, input_type=type, base_url=base_url, huge_tree=huge_tree, ) self.root = root self.type = type elif body: if not isinstance(body, bytes): msg = f\"body argument should be of type bytes, got {body.__class__}\" raise TypeError(msg) root, type = _get_root_and_type_from_bytes( body=body, encoding=encoding, input_type=type, base_url=base_url, huge_tree=huge_tree, ) self.root = root self.type = type elif root is _NOT_SET: raise ValueError(\"Selector needs text, body, or root arguments\") else: self.root = root self.type = _get_root_type(root, input_type=type)  self.namespaces = dict(self._default_namespaces) if namespaces is not None: self.namespaces.update(namespaces)  self._expr = _expr self._huge_tree = huge_tree self._text = text"}
{"name": "parsel.parsel.selector.Selector.__getstate__", "code": "def __getstate__(self) -> Any: raise TypeError(\"can't pickle Selector objects\")"}
{"name": "parsel.parsel.selector.Selector._get_root", "code": "def _get_root( self, text: str = \"\", base_url: Optional[str] = None, huge_tree: bool = LXML_SUPPORTS_HUGE_TREE, type: Optional[str] = None, body: bytes = b\"\", encoding: str = \"utf8\", ) -> etree._Element: return create_root_node( text, body=body, encoding=encoding, parser_cls=_ctgroup[type or self.type][\"_parser\"], base_url=base_url, huge_tree=huge_tree, )"}
{"name": "parsel.parsel.selector.Selector.jmespath", "code": "def jmespath( self: _SelectorType, query: str, **kwargs: Any, ) -> SelectorList[_SelectorType]: \"\"\" Find objects matching the JMESPath ``query`` and return the result as a :class:`SelectorList` instance with all elements flattened. List elements implement :class:`Selector` interface too.  ``query`` is a string containing the `JMESPath <https://jmespath.org/>`_ query to apply.  Any additional named arguments are passed to the underlying ``jmespath.search`` call, e.g.::  selector.jmespath('author.name', options=jmespath.Options(dict_cls=collections.OrderedDict)) \"\"\" if self.type == \"json\": if isinstance(self.root, str): # Selector received a JSON string as root. data = _load_json_or_none(self.root) else: data = self.root else: assert self.type in {\"html\", \"xml\"}  # nosec data = _load_json_or_none(self.root.text)  result = jmespath.search(query, data, **kwargs) if result is None: result = [] elif not isinstance(result, list): result = [result]  def make_selector(x: Any) -> _SelectorType:  # closure function if isinstance(x, str): return self.__class__(text=x, _expr=query, type=\"text\") else: return self.__class__(root=x, _expr=query)  result = [make_selector(x) for x in result] return typing.cast( SelectorList[_SelectorType], self.selectorlist_cls(result) )"}
{"name": "parsel.parsel.selector.Selector.jmespath.make_selector", "code": "def make_selector(x: Any) -> _SelectorType:  # closure function if isinstance(x, str): return self.__class__(text=x, _expr=query, type=\"text\") else: return self.__class__(root=x, _expr=query)"}
{"name": "parsel.parsel.selector.Selector.xpath", "code": "def xpath( self: _SelectorType, query: str, namespaces: Optional[Mapping[str, str]] = None, **kwargs: Any, ) -> SelectorList[_SelectorType]: \"\"\" Find nodes matching the xpath ``query`` and return the result as a :class:`SelectorList` instance with all elements flattened. List elements implement :class:`Selector` interface too.  ``query`` is a string containing the XPATH query to apply.  ``namespaces`` is an optional ``prefix: namespace-uri`` mapping (dict) for additional prefixes to those registered with ``register_namespace(prefix, uri)``. Contrary to ``register_namespace()``, these prefixes are not saved for future calls.  Any additional named arguments can be used to pass values for XPath variables in the XPath expression, e.g.::  selector.xpath('//a[href=$url]', url=\"http://www.example.com\") \"\"\" if self.type not in (\"html\", \"xml\", \"text\"): raise ValueError( f\"Cannot use xpath on a Selector of type {self.type!r}\" ) if self.type in (\"html\", \"xml\"): try: xpathev = self.root.xpath except AttributeError: return typing.cast( SelectorList[_SelectorType], self.selectorlist_cls([]) ) else: try: xpathev = self._get_root(self._text or \"\", type=\"html\").xpath except AttributeError: return typing.cast( SelectorList[_SelectorType], self.selectorlist_cls([]) )  nsp = dict(self.namespaces) if namespaces is not None: nsp.update(namespaces) try: result = xpathev( query, namespaces=nsp, smart_strings=self._lxml_smart_strings, **kwargs, ) except etree.XPathError as exc: raise ValueError(f\"XPath error: {exc} in {query}\")  if type(result) is not list: result = [result]  result = [ self.__class__( root=x, _expr=query, namespaces=self.namespaces, type=_xml_or_html(self.type), ) for x in result ] return typing.cast( SelectorList[_SelectorType], self.selectorlist_cls(result) )"}
{"name": "parsel.parsel.selector.Selector.css", "code": "def css(self: _SelectorType, query: str) -> SelectorList[_SelectorType]: \"\"\" Apply the given CSS selector and return a :class:`SelectorList` instance.  ``query`` is a string containing the CSS selector to apply.  In the background, CSS queries are translated into XPath queries using `cssselect`_ library and run ``.xpath()`` method.  .. _cssselect: https://pypi.python.org/pypi/cssselect/ \"\"\" if self.type not in (\"html\", \"xml\", \"text\"): raise ValueError( f\"Cannot use css on a Selector of type {self.type!r}\" ) return self.xpath(self._css2xpath(query))"}
{"name": "parsel.parsel.selector.Selector._css2xpath", "code": "def _css2xpath(self, query: str) -> str: type = _xml_or_html(self.type) return _ctgroup[type][\"_csstranslator\"].css_to_xpath(query)"}
{"name": "parsel.parsel.selector.Selector.re", "code": "def re( self, regex: Union[str, Pattern[str]], replace_entities: bool = True ) -> List[str]: \"\"\" Apply the given regex and return a list of strings with the matches.  ``regex`` can be either a compiled regular expression or a string which will be compiled to a regular expression using ``re.compile(regex)``.  By default, character entity references are replaced by their corresponding character (except for ``&amp;`` and ``&lt;``). Passing ``replace_entities`` as ``False`` switches off these replacements. \"\"\" data = self.get() return extract_regex(regex, data, replace_entities=replace_entities)"}
{"name": "parsel.parsel.selector.Selector.re_first", "code": "def re_first( self, regex: Union[str, Pattern[str]], default: Optional[str] = None, replace_entities: bool = True, ) -> Optional[str]: \"\"\" Apply the given regex and return the first string which matches. If there is no match, return the default value (``None`` if the argument is not provided).  By default, character entity references are replaced by their corresponding character (except for ``&amp;`` and ``&lt;``). Passing ``replace_entities`` as ``False`` switches off these replacements. \"\"\" return next( iflatten(self.re(regex, replace_entities=replace_entities)), default, )"}
{"name": "parsel.parsel.selector.Selector.get", "code": "def get(self) -> Any: \"\"\" Serialize and return the matched nodes in a single string. Percent encoded content is unquoted. \"\"\" if self.type in (\"text\", \"json\"): return self.root try: return typing.cast( str, etree.tostring( self.root, method=_ctgroup[self.type][\"_tostring_method\"], encoding=\"unicode\", with_tail=False, ), ) except (AttributeError, TypeError): if self.root is True: return \"1\" elif self.root is False: return \"0\" else: return str(self.root)"}
{"name": "parsel.parsel.selector.Selector.getall", "code": "def getall(self) -> List[str]: \"\"\" Serialize and return the matched node in a 1-element list of strings. \"\"\" return [self.get()]"}
{"name": "parsel.parsel.selector.Selector.register_namespace", "code": "def register_namespace(self, prefix: str, uri: str) -> None: \"\"\" Register the given namespace to be used in this :class:`Selector`. Without registering namespaces you can't select or extract data from non-standard namespaces. See :ref:`selector-examples-xml`. \"\"\" self.namespaces[prefix] = uri"}
{"name": "parsel.parsel.selector.Selector.remove_namespaces", "code": "def remove_namespaces(self) -> None: \"\"\" Remove all namespaces, allowing to traverse the document using namespace-less xpaths. See :ref:`removing-namespaces`. \"\"\" for el in self.root.iter(\"*\"): if el.tag.startswith(\"{\"): el.tag = el.tag.split(\"}\", 1)[1] # loop on element attributes also for an in el.attrib: if an.startswith(\"{\"): el.attrib[an.split(\"}\", 1)[1]] = el.attrib.pop(an) # remove namespace declarations etree.cleanup_namespaces(self.root)"}
{"name": "parsel.parsel.selector.Selector.remove", "code": "def remove(self) -> None: \"\"\" Remove matched nodes from the parent element. \"\"\" warn( \"Method parsel.selector.Selector.remove is deprecated, please use parsel.selector.Selector.drop method instead\", category=DeprecationWarning, stacklevel=2, ) try: parent = self.root.getparent() except AttributeError: # 'str' object has no attribute 'getparent' raise CannotRemoveElementWithoutRoot( \"The node you're trying to remove has no root, \" \"are you trying to remove a pseudo-element? \" \"Try to use 'li' as a selector instead of 'li::text' or \" \"'//li' instead of '//li/text()', for example.\" )  try: parent.remove(self.root) except AttributeError: # 'NoneType' object has no attribute 'remove' raise CannotRemoveElementWithoutParent( \"The node you're trying to remove has no parent, \" \"are you trying to remove a root element?\" )"}
{"name": "parsel.parsel.selector.Selector.drop", "code": "def drop(self) -> None: \"\"\" Drop matched nodes from the parent element. \"\"\" try: parent = self.root.getparent() except AttributeError: # 'str' object has no attribute 'getparent' raise CannotRemoveElementWithoutRoot( \"The node you're trying to drop has no root, \" \"are you trying to drop a pseudo-element? \" \"Try to use 'li' as a selector instead of 'li::text' or \" \"'//li' instead of '//li/text()', for example.\" )  try: if self.type == \"xml\": if parent is None: raise ValueError(\"This node has no parent\") parent.remove(self.root) else: typing.cast(html.HtmlElement, self.root).drop_tree() except (AttributeError, AssertionError): # 'NoneType' object has no attribute 'drop' raise CannotDropElementWithoutParent( \"The node you're trying to remove has no parent, \" \"are you trying to remove a root element?\" )"}
{"name": "parsel.parsel.selector.Selector.attrib", "code": "def attrib(self) -> Dict[str, str]: \"\"\"Return the attributes dictionary for underlying element.\"\"\" return dict(self.root.attrib)"}
{"name": "parsel.parsel.selector.Selector.__bool__", "code": "def __bool__(self) -> bool: \"\"\" Return ``True`` if there is any real content selected or ``False`` otherwise.  In other words, the boolean value of a :class:`Selector` is given by the contents it selects. \"\"\" return bool(self.get())"}
{"name": "parsel.parsel.selector.Selector.__str__", "code": "def __str__(self) -> str: data = repr(shorten(self.get(), width=40)) return f\"<{type(self).__name__} query={self._expr!r} data={data}>\""}
