{"name": "passpie.tests.test_database.StorageTests.setUp", "code": "def setUp(self): self.mock_os = self.patch('passpie.database.os') self.mock_shutil = self.patch(\"passpie.database.shutil\") self.storage = PasspieStorage(\"path\")"}
{"name": "passpie.tests.test_database.StorageTests.test_read_returns_all_found_credentials_in_default_dict", "code": "def test_read_returns_all_found_credentials_in_default_dict(self): mock_open = self.patch(\"passpie.database.open\", self.mock_open(), create=True) mock_open().read.return_value = \"{}\" self.mock_os = self.patch('passpie.database.os') self.mock_os.walk.return_value = [ ('/foo', ('bar',), ('baz',)), ('/foo/bar', (), ('eggs.pass',)), ('/foo/bar2', (), ('spam.pass',)) ] storage = PasspieStorage(\"path\") storage.write = self.Mock() elements = storage.read() self.assertIn(\"_default\", elements.keys()) self.assertEqual(len(elements[\"_default\"]), 2)"}
{"name": "passpie.tests.test_database.StorageTests.test_write_writes_all_elements_from_data_default_dict", "code": "def test_write_writes_all_elements_from_data_default_dict(self): mock_mkdir_open = self.patch(\"passpie.database.mkdir_open\", self.mock_open(), create=True)  self.patch(\"passpie.database.PasspieStorage.read\", return_value={\"_default\": {}}) data = {\"_default\": {1: {\"name\": \"example\", \"login\": \"foo\"}, 2: {\"name\": \"example\", \"login\": \"bar\"}}} storage = PasspieStorage(\"path\")  storage.write(data)  self.assertEqual(mock_mkdir_open.call_count, 2)"}
{"name": "passpie.tests.test_database.StorageTests.test_delete_removes_credentials_files", "code": "def test_delete_removes_credentials_files(self): credentials = [ {\"name\": \"bar\", \"login\": \"foo\"}, {\"name\": \"spam\", \"login\": \"foozy\"}, ]  self.storage.delete(credentials)  for cred in credentials: credpath = self.mock_os.path.join(cred[\"name\"], cred[\"login\"]) self.mock_os.remove.assert_any_call(credpath)"}
{"name": "passpie.tests.test_database.StorageTests.test_delete_removes_empty_directories", "code": "def test_delete_removes_empty_directories(self): credentials = [ {\"name\": \"bar\", \"login\": \"foo\"}, {\"name\": \"spam\", \"login\": \"foozy\"}, ] self.mock_os.listdir.side_effect = [[], [\"not empty\"]] self.storage.delete(credentials)  credpath = self.mock_os.path.join(credentials[0][\"name\"], credentials[0][\"login\"]) self.mock_shutil.rmtree.assert_called_once_with( self.mock_os.path.dirname(credpath))"}
{"name": "passpie.tests.test_cli.CliTests.test_cli_cli_list_credentials", "code": "def test_cli_cli_list_credentials(self, mockie, mock_config, creds, irunner): credentials = creds.make(5)  result = irunner.invoke(cli.cli, []) output = result.output assert result.exit_code == 0 for credential in credentials: assert credential['name'] in output, output assert credential['login'] in output assert credential['comment'] in output"}
{"name": "passpie.tests.test_cli.CliTests.test_cli_show_error_no_such_command", "code": "def test_cli_show_error_no_such_command(self, mocker, mock_config, irunner): with mock_config(): result = irunner.invoke(cli.cli, ['nocommand']) assert result.exit_code == 2 assert 'Error: No such command \"nocommand\"' in result.output"}
{"name": "passpie.tests.test_cli.CliAddTests.test_add_credentials_with_random_password", "code": "def test_add_credentials_with_random_password(self, mocker, mock_config, irunner): fullname = \"foo@example.com\" mock_genpass = mocker.patch('passpie.cli.genpass', return_value='random')  with mock_config() as cfg: pattern = cfg['genpass_pattern'] result = irunner.invoke(cli.cli, ['add', fullname, '--random'])  assert result.exit_code == 0 assert mock_genpass.called is True mock_genpass.assert_called_once_with(pattern=pattern)"}
{"name": "passpie.tests.test_cli.CliAddTests.test_add_credentials_with_force_rewrites_credential", "code": "def test_add_credentials_with_force_rewrites_credential(self, mocker, creds, mock_config, irunner): credentials = creds.make(2) fullname = credentials[0]['fullname'] mock_genpass = mocker.patch('passpie.cli.genpass', return_value='random') mock_db_add = mocker.patch('passpie.cli.Database.add') mocker.patch('passpie.cli.Database.credential', return_value=credentials[0])  with mock_config() as cfg: pattern = cfg['genpass_pattern'] result = irunner.invoke(cli.cli, ['add', fullname, '--random', '--force'])  assert result.exit_code == 0 assert mock_db_add.called is True"}
{"name": "passpie.tests.test_cli.CliAddTests.test_add_credentials_with_copy_copy_to_clipboard", "code": "def test_add_credentials_with_copy_copy_to_clipboard(self, mocker, mock_config, irunner): mock_genpass = mocker.patch('passpie.cli.genpass', return_value='random') mock_copy = mocker.patch('passpie.cli.clipboard.copy')  with mock_config() as cfg: pattern = cfg['genpass_pattern'] result = irunner.invoke(cli.cli, ['add', \"fullname@name\", '--random', '--copy'])  assert result.exit_code == 0 assert mock_copy.called is True"}
{"name": "passpie.tests.test_cli.CliAddTests.test_add_credentials_with_interactive_open_cred_in_editor", "code": "def test_add_credentials_with_interactive_open_cred_in_editor(self, mocker, mock_config, irunner): filename = 'path/to/credential.pass' mocker.patch('passpie.cli.Database.filename', return_value=filename) mock_genpass = mocker.patch('passpie.cli.genpass', return_value='random') mock_click_edit = mocker.patch('passpie.cli.click.edit')  with mock_config() as cfg: pattern = cfg['genpass_pattern'] result = irunner.invoke(cli.cli, ['add', \"fullname@name\", '--random', '--interactive'])  assert result.exit_code == 0 assert mock_click_edit.called is True mock_click_edit.assert_called_once_with(filename=filename)"}
{"name": "passpie.tests.conftest.mock_config.Config.__init__", "code": "def __init__(self, overrides={}): self.overrides = overrides self.values = config.DEFAULT.copy() self.values['path'] = tempfile.NamedTemporaryFile().name self.values.update(overrides) mocker.patch.dict('passpie.validators.config.DEFAULT', self.values, clear=True) mocker.patch('passpie.config.read', self.read) mocker.patch('passpie.config.setup_crypt', self.setup_crypt)"}
{"name": "passpie.tests.conftest.mock_config.Config.__enter__", "code": "def __enter__(self, *args, **kwargs): return self"}
{"name": "passpie.tests.conftest.mock_config.Config.__exit__", "code": "def __exit__(self, *args, **kwargs): pass"}
{"name": "passpie.tests.conftest.mock_config.Config.__getitem__", "code": "def __getitem__(self, name): return self.values[name]"}
{"name": "passpie.tests.conftest.mock_config.Config.read", "code": "def read(self, *args, **kwargs): return self.overrides"}
{"name": "passpie.tests.conftest.mock_config.Config.setup_crypt", "code": "def setup_crypt(self, *args, **kwargs): keysfile = tempfile.NamedTemporaryFile(mode=\"w\") keysfile.write(helpers.KEYS) configuration = self.values configuration['homedir'] = tempfile.mkdtemp() import_keys(keysfile.name, configuration['homedir']) configuration['recipient'] = get_default_recipient(configuration['homedir']) return configuration"}
{"name": "passpie.tests.conftest.creds.CredentialFaker.make", "code": "def make(self, number=1): credentials = [] for _ in range(number): credential = { 'name': faker.domain_name(), 'login': faker.user_name(), 'password': faker.md5(), 'comment': faker.word(), } credential['fullname'] =  u\"{}@{}\".format( credential['login'], credential['name']) credentials.append(credential) mocker.patch('passpie.cli.Database.credentials', return_value=deepcopy(credentials)) return credentials"}
{"name": "passpie.tests.helpers.MockerTestCase.__init__", "code": "def __init__(self, *args, **kwargs): self.mock_open = mock_open self.Mock = Mock self.MagicMock = MagicMock  super(MockerTestCase, self).__init__(*args, **kwargs)"}
{"name": "passpie.tests.helpers.MockerTestCase.patch", "code": "def patch(self, *args, **kwargs): patcher = patch(*args, **kwargs) thing = patcher.start() self.addCleanup(patcher.stop) return thing"}
{"name": "passpie.tests.helpers.MockerTestCase.patch_object", "code": "def patch_object(self, *args, **kwargs): patcher = patch.object(*args, **kwargs) thing = patcher.start() self.addCleanup(patcher.stop) return thing"}
{"name": "passpie.tests.helpers.MockerTestCase.patch_multiple", "code": "def patch_multiple(self, *args, **kwargs): patcher = patch.multiple(*args, **kwargs) thing = patcher.start() self.addCleanup(patcher.stop) return thing"}
{"name": "passpie.tests.helpers.MockerTestCase.patch_dict", "code": "def patch_dict(self, *args, **kwargs): patcher = patch.dict(*args, **kwargs) thing = patcher.start() self.addCleanup(patcher.stop) return thing"}
{"name": "passpie.setup.PyTest.initialize_options", "code": "def initialize_options(self): self.pytest_args = [\"-v\", \"tests/\"]"}
{"name": "passpie.setup.PyTest.finalize_options", "code": "def finalize_options(self): pass"}
{"name": "passpie.setup.PyTest.run", "code": "def run(self): import pytest errno = pytest.main(self.pytest_args) sys.exit(errno)"}
{"name": "passpie.setup.PyTestCoverage.initialize_options", "code": "def initialize_options(self): self.pytest_args = [ \"-v\", \"tests\", \"--cov\", 'passpie', \"--cov-config\", \".coveragerc\", \"--cov-report\", \"term-missing\", ]"}
{"name": "passpie.passpie.importers.pysswords_importer.PysswordsImporter.match", "code": "def match(self, filepath): if not found_pysswords(): self.log('Pysswords is not installed') return False  try: assert os.path.isdir(filepath) assert '.keys' in os.listdir(filepath) except AssertionError: self.log('.keys not found in path') return False  return True"}
{"name": "passpie.passpie.importers.pysswords_importer.PysswordsImporter.handle", "code": "def handle(self, filepath): db = Database(path=filepath) passphrase = click.prompt('Pysswords passphrase', hide_input=True) if not db.check(passphrase): return []  credentials = [] for cred in db.credentials: credential_dict = { 'fullname': make_fullname(cred.login, cred.name), 'name': cred.name, 'login': cred.login, 'password': db.decrypt(cred.password, passphrase), 'comment': cred.comment, 'modified': datetime.now(), } credentials.append(credential_dict)  return credentials"}
{"name": "passpie.passpie.importers.csv_importer.CSVImporter.match", "code": "def match(self, filepath): \"\"\"Dont match this importer\"\"\" return False"}
{"name": "passpie.passpie.importers.csv_importer.CSVImporter.handle", "code": "def handle(self, filepath, cols): credentials = [] with open(filepath) as csv_file: reader = unicode_csv_reader(csv_file) try: next(reader) except StopIteration: raise ValueError('empty csv file: %s' % filepath) for row in reader: credential = { 'name': row[cols['name']], 'login': row[cols.get('login', '')], 'password': row[cols['password']], 'comment': row[cols.get('comment', '')], } credentials.append(credential) return credentials"}
{"name": "passpie.passpie.importers.default_importer.DefaultImporter.match", "code": "def match(self, filepath): try: with open(filepath) as fp: file_content = fp.read() except OSError: return False  try: dict_content = yaml.load(file_content) except (ReaderError, ScannerError): return False  try: assert dict_content.get('handler') == 'passpie' assert isinstance(dict_content.get('version'), float) except AssertionError: return False  return True"}
{"name": "passpie.passpie.importers.default_importer.DefaultImporter.handle", "code": "def handle(self, filepath): with open(filepath) as fp: file_content = fp.read() dict_content = yaml.load(file_content) credentials = dict_content.get('credentials') return credentials"}
{"name": "passpie.passpie.importers.keepass_importer.KeepassImporter.match", "code": "def match(self, filepath): expected_headers = ['Group', 'Title', 'Username', 'Password', 'URL', 'Notes'] with open(filepath) as csv_file: reader = unicode_csv_reader(csv_file) try: headers = next(reader) except StopIteration: raise ValueError('empty csv file: %s' % filepath) return headers == expected_headers return False"}
{"name": "passpie.passpie.importers.keepass_importer.KeepassImporter.handle", "code": "def handle(self, filepath, **kwargs): credentials = [] with open(filepath) as csv_file: reader = unicode_csv_reader(csv_file) try: next(reader) except StopIteration: raise ValueError('empty csv file: %s' % filepath) for row in reader: credential = { 'name': row[4], 'login': row[2], 'password': row[3], 'comment': row[5], } credentials.append(credential) return credentials"}
{"name": "passpie.passpie.importers.__init__.BaseImporter.log", "code": "def log(self, message): logging.debug(message)"}
{"name": "passpie.passpie.importers.__init__.BaseImporter.name", "code": "def name(self): return self.__class__.__name__.lower().replace('importer', '')"}
{"name": "passpie.passpie.importers.__init__.BaseImporter.match", "code": "def match(self, filepath): \"\"\"Return True if file for filepath parseable by importer \"\"\" raise NotImplementedError('Handle should be implemented by base class')"}
{"name": "passpie.passpie.importers.__init__.BaseImporter.handle", "code": "def handle(self, filepath): \"\"\"Return all credentials decrypted from filepath \"\"\" raise NotImplementedError('Handle should be implemented by base class')"}
{"name": "passpie.passpie.process.Proc.communicate", "code": "def communicate(self, **kwargs): if kwargs.get('input') and isinstance(kwargs['input'], basestring): kwargs['input'] = kwargs['input'].encode('utf-8') return super(Proc, self).communicate(**kwargs)"}
{"name": "passpie.passpie.process.Proc.__exit__", "code": "def __exit__(self, *args, **kwargs): if hasattr(super(Proc, self), '__exit__'): super(Proc, self).__exit__(*args, **kwargs)"}
{"name": "passpie.passpie.process.Proc.__enter__", "code": "def __enter__(self, *args, **kwargs): if hasattr(super(Proc, self), '__enter__'): return super(Proc, self).__enter__(*args, **kwargs) return self"}
{"name": "passpie.passpie.cli.AliasGroup.get_command", "code": "def get_command(self, ctx, name): cmd = super(AliasGroup, self).get_command(ctx, name) aliases = ctx.params.get('configuration', {}).get('aliases', {}) if cmd: return cmd elif name in aliases: aliased_name = aliases[name] cmd = super(AliasGroup, self).get_command(ctx, aliased_name) return cmd"}
{"name": "passpie.passpie._compat.FileNotFoundError.__init__", "code": "def __init__(self, message=\"No such file or directory\"): super(FileNotFoundError, self).__init__(2, message)"}
{"name": "passpie.passpie._compat.FileExistsError.__init__", "code": "def __init__(self, message=\"File exists\"): super(FileExistsError, self).__init__(17, message)"}
{"name": "passpie.passpie.table.Table.__init__", "code": "def __init__(self, headers, table_format='rst', colors=None, hidden=None, missing=None, hidden_string=\"*****\"): self.headers = headers self.colors = colors if colors else {} self.hidden = hidden if hidden else [] self.hidden_string = hidden_string self.table_format = table_format self.missing = missing"}
{"name": "passpie.passpie.table.Table.colorize", "code": "def colorize(self, key, text): return click.style(text, fg=self.colors.get(key))"}
{"name": "passpie.passpie.table.Table.render", "code": "def render(self, data): data = sorted(data, key=lambda c: c[self.headers[0]]) rows = [] for entry in data: row = [] for header in self.headers: if header in self.hidden: entry[header] = self.hidden_string elif header in self.colors: text = entry[header] entry[header] = self.colorize(header, text) row.append(entry[header]) rows.append(row)  headers = [click.style(h.title(), bold=True) for h in self.headers] if rows: return tabulate(rows, headers, tablefmt=self.table_format, missingval=self.missing, numalign='left')"}
{"name": "passpie.passpie.database.PasspieStorage.__init__", "code": "def __init__(self, path): super(PasspieStorage, self).__init__() self.path = path"}
{"name": "passpie.passpie.database.PasspieStorage.make_credpath", "code": "def make_credpath(self, name, login): dirname, filename = name, login + self.extension credpath = os.path.join(self.path, dirname, filename) return credpath"}
{"name": "passpie.passpie.database.PasspieStorage.delete", "code": "def delete(self, credentials): for cred in credentials: credpath = self.make_credpath(cred[\"name\"], cred[\"login\"]) os.remove(credpath) if not os.listdir(os.path.dirname(credpath)): shutil.rmtree(os.path.dirname(credpath))"}
{"name": "passpie.passpie.database.PasspieStorage.read", "code": "def read(self): elements = [] for rootdir, dirs, files in os.walk(self.path): filenames = [f for f in files if f.endswith(self.extension)] for filename in filenames: docpath = os.path.join(rootdir, filename) with open(docpath) as f: elements.append(yaml.load(f.read()))  return {\"_default\": {idx: elem for idx, elem in enumerate(elements, start=1)}}"}
{"name": "passpie.passpie.database.PasspieStorage.write", "code": "def write(self, data): from .utils import mkdir_open deleted = [c for c in self.read()[\"_default\"].values() if c not in data[\"_default\"].values()] self.delete(deleted)  for eid, cred in data[\"_default\"].items(): credpath = self.make_credpath(cred[\"name\"], cred[\"login\"]) with mkdir_open(credpath, \"w\") as f: f.write(yaml.safe_dump(dict(cred), default_flow_style=False))"}
{"name": "passpie.passpie.database.Database.__init__", "code": "def __init__(self, config, storage=PasspieStorage): self.config = config self.path = config['path'] self.repo = Repository(self.path, autopull=config.get('autopull'), autopush=config.get('autopush')) PasspieStorage.extension = config['extension'] super(Database, self).__init__(self.path, storage=storage)"}
{"name": "passpie.passpie.database.Database.has_keys", "code": "def has_keys(self): return os.path.exists(os.path.join(self.path, '.keys'))"}
{"name": "passpie.passpie.database.Database.filename", "code": "def filename(self, fullname): login, name = split_fullname(fullname) return self._storage.make_credpath(name=name, login=login)"}
{"name": "passpie.passpie.database.Database.credential", "code": "def credential(self, fullname): login, name = split_fullname(fullname) Credential = Query() if login is None: creds = self.get(Credential.name == name) else: creds = self.get((Credential.login == login) & (Credential.name == name)) return creds"}
{"name": "passpie.passpie.database.Database.add", "code": "def add(self, fullname, password, comment): login, name = split_fullname(fullname) if login is None: logging.error('Cannot add credential with empty login. use \"@<name>\" syntax') return None credential = dict(fullname=fullname, name=name, login=login, password=password, comment=comment, modified=datetime.now()) self.insert(credential) return credential"}
{"name": "passpie.passpie.database.Database.update", "code": "def update(self, fullname, values): login, name = split_fullname(fullname) values['fullname'] = make_fullname(values[\"login\"], values[\"name\"]) values['modified'] = datetime.now() Credential = Query() if login is None: query = (Credential.name == name) else: query = ((Credential.login == login) & (Credential.name == name)) self.table().update(values, query)"}
{"name": "passpie.passpie.database.Database.credentials", "code": "def credentials(self, fullname=None): if fullname: login, name = split_fullname(fullname) Credential = Query() if login is None: creds = self.search(Credential.name == name) else: creds = self.search((Credential.login == login) & (Credential.name == name)) else: creds = self.all() return sorted(creds, key=lambda x: x[\"name\"] + x[\"login\"])"}
{"name": "passpie.passpie.database.Database.remove", "code": "def remove(self, fullname): self.table().remove(where('fullname') == fullname)"}
{"name": "passpie.passpie.database.Database.matches", "code": "def matches(self, regex): Credential = Query() credentials = self.search( Credential.name.matches(regex) | Credential.login.matches(regex) | Credential.comment.matches(regex) ) return sorted(credentials, key=lambda x: x[\"name\"] + x[\"login\"])"}
{"name": "passpie.passpie.history.Repository.__init__", "code": "def __init__(self, path, autopull=None, autopush=None): self.path = path self.autopush = autopush self.autopull = autopull self.author = \"Passpie <passpie@localhost>\" if autopull: self.pull_rebase(*autopull)"}
{"name": "passpie.passpie.history.Repository.init", "code": "def init(self): cmd = ['git', 'init', self.path] process.call(cmd)"}
{"name": "passpie.passpie.history.Repository.pull_rebase", "code": "def pull_rebase(self, remote='origin', branch='master'): cmd = ['git', 'pull', '--rebase', remote, branch] process.call(cmd, cwd=self.path)"}
{"name": "passpie.passpie.history.Repository.push", "code": "def push(self, remote='origin', branch='master'): cmd = ['git', 'push', remote, branch] process.call(cmd, cwd=self.path)"}
{"name": "passpie.passpie.history.Repository.add", "code": "def add(self, all=False): if all is True: cmd = ['git', 'add', '--all', '.'] else: cmd = ['git', 'add', '.'] process.call(cmd, cwd=self.path)"}
{"name": "passpie.passpie.history.Repository.commit", "code": "def commit(self, message, add=True): author_option = \"--author={}\".format(self.author) if add: self.add(all=True) cmd = ['git', 'commit', author_option, '-m', message] process.call(cmd, cwd=self.path) if self.autopush: self.push()"}
{"name": "passpie.passpie.history.Repository.commit_list", "code": "def commit_list(self): cmd = ['git', 'log', '--reverse', '--pretty=format:%s'] output, _ = process.call(cmd, cwd=self.path) return output.splitlines()"}
{"name": "passpie.passpie.history.Repository.sha_list", "code": "def sha_list(self): cmd = ['git', 'log', '--reverse', '--pretty=format:%h'] output, _ = process.call(cmd, cwd=self.path) return output.splitlines()"}
{"name": "passpie.passpie.history.Repository.reset", "code": "def reset(self, to_index): try: sha = self.sha_list()[to_index] cmd = ['git', 'reset', '--hard', sha] process.call(cmd, cwd=self.path) except IndexError: logging.info('commit on index \"{}\" not found'.format(to_index))"}
