{"name": "principalmapper.tests.test_org_trees.OrgTreeTests", "code": "class OrgTreeTests(unittest.TestCase): def test_admin_cannot_bypass_scps(self): graph = build_graph_with_one_admin() principal = graph.nodes[0]  # SCP list of lists, this would be akin to an account in the root OU with the S3 service denied scp_collection = [ [ { \"Version\": \"2012-10-17\", \"Statement\": [ { \"Effect\": \"Allow\", \"Action\": \"*\", \"Resource\": \"*\" } ] } ], [ { \"Version\": \"2012-10-17\", \"Statement\": [ { \"Effect\": \"Allow\", \"Action\": \"*\", \"Resource\": \"*\" } ] }, { \"Version\": \"2012-10-17\", \"Statement\": [ { \"Effect\": \"Deny\", \"Action\": [ \"s3:*\" ], \"Resource\": \"*\", \"Sid\": \"Statement1\" } ] } ] ] self.assertFalse( local_check_authorization_full( principal, 's3:CreateBucket', 'arn:aws:s3:::fakebucket', {}, None, None, scp_collection, None ) ) self.assertTrue( local_check_authorization_full( principal, 'ec2:RunInstances', '*', {}, None, None, scp_collection, None ) )  def test_service_linked_role_avoids_scp_restriction(self): principal = Node( 'arn:aws:iam::000000000000:role/AWSServiceRoleForSupport', 'AROAASDF', [ Policy( 'arn:aws:iam::000000000000:role/AWSServiceRoleForS3Support', 'inline-1', { 'Version': '2012-10-17', 'Statement': [ { 'Effect': 'Allow', 'Action': 's3:*', 'Resource': '*' } ] } ) ], None, { 'Version': '2012-10-17', 'Statement': [ { 'Effect': 'Allow', 'Action': 'sts:AssumeRole', 'Principal': { 'Service': 's3support.amazonaws.com' } } ] }, None, 0, False, False, None, False, None ) # SCP list of lists, this would be akin to an account in the root OU with the S3 service denied scp_collection = [ [ { \"Version\": \"2012-10-17\", \"Statement\": [ { \"Effect\": \"Allow\", \"Action\": \"*\", \"Resource\": \"*\" } ] } ], [ { \"Version\": \"2012-10-17\", \"Statement\": [ { \"Effect\": \"Allow\", \"Action\": \"*\", \"Resource\": \"*\" } ] }, { \"Version\": \"2012-10-17\", \"Statement\": [ { \"Effect\": \"Deny\", \"Action\": [ \"s3:*\" ], \"Resource\": \"*\", \"Sid\": \"Statement1\" } ] } ] ] self.assertTrue( local_check_authorization_full( principal, 's3:CreateBucket', 'arn:aws:s3:::fakebucket', {}, None, None, scp_collection, None ), 'AWSServiceRoleFor... check failed, this role should have access DESPITE the SCPs' ) self.assertFalse( local_check_authorization_full( principal, 'ec2:RunInstances', '*', {}, None, None, scp_collection, None ) )"}
{"name": "principalmapper.tests.test_local_querying.LocalQueryingTests", "code": "class LocalQueryingTests(unittest.TestCase): def test_admin_can_do_anything(self): graph = build_graph_with_one_admin() principal = graph.nodes[0] self.assertTrue(local_check_authorization(principal, 'iam:PutUserPolicy', '*', {})) self.assertTrue(local_check_authorization(principal, 'iam:PutUserPolicy', principal.arn, {})) self.assertTrue(local_check_authorization(principal, 'iam:CreateRole', '*', {})) self.assertTrue(local_check_authorization(principal, 'sts:AssumeRole', '*', {}))  def test_condition_key_handling_in_resources(self): test_node = _build_user_with_policy({ 'Version': '2012-10-17', 'Statement': [{ 'Effect': 'Allow', 'Action': 'iam:CreateAccessKey', 'Resource': 'arn:aws:iam::000000000000:user/${aws:username}' }] })  self.assertTrue(has_matching_statement(test_node, 'Allow', 'iam:CreateAccessKey', test_node.arn, {'aws:username': 'asdf'}))  def test_inferred_keys(self): test_node = _build_user_with_policy( { 'Version': '2012-10-17', 'Statement': [{ 'Effect': 'Allow', 'Action': '*', 'Resource': '*' }] }, user_name='infer' )  inferred_keys = _infer_condition_keys(test_node, {}) self.assertTrue('aws:username' in inferred_keys) self.assertTrue(inferred_keys['aws:username'] == 'infer')  def test_arn_condition(self): \"\"\" Validate the following conditions are correctly handled: ArnEquals, ArnLike, ArnNotEquals, ArnNotLike.  Note, ArnEquals and ArnLike have the same behavior, as well as ArnNotEquals and ArnNotLike  Validated against the Simulator API  TODO: Check on ForAnyValue and ForAllValues \"\"\"  # ArnEquals (and ArnLike) testing: no wildcards test_arn_equals = _build_user_with_policy( { 'Version': '2012-10-17', 'Statement': [ { 'Effect': 'Allow', 'Action': '*', 'Resource': '*', 'Condition': { 'ArnEquals': { 'aws:SourceArn': 'arn:aws:iam::000000000000:user/test1', } } } ] } ) self.assertTrue( local_check_authorization( test_arn_equals, 'iam:CreateUser', '*', {'aws:SourceArn': 'arn:aws:iam::000000000000:user/test1'} ) ) self.assertFalse( local_check_authorization( test_arn_equals, 'iam:CreateUser', '*', {'aws:SourceArn': 'arn:aws:iam::000000000000:user/test2'} ) )  # ArnEquals (and ArnLike) testing: wildcards test_arn_equals_wild = _build_user_with_policy( { 'Version': '2012-10-17', 'Statement': [ { 'Effect': 'Allow', 'Action': '*', 'Resource': '*', 'Condition': { 'ArnEquals': { 'aws:SourceArn': 'arn:aws:iam::*:user/test1', } } } ] } ) self.assertTrue( local_check_authorization( test_arn_equals_wild, 'iam:CreateUser', '*', {'aws:SourceArn': 'arn:aws:iam::000000000000:user/test1'}, ) ) self.assertFalse( local_check_authorization( test_arn_equals_wild, 'iam:CreateUser', '*', {'aws:SourceArn': 'arn:aws:iam::000000000000:user/test2'}, ) )  # ArnNotEquals (and ArnNotLike) testing: wildcards test_arn_equals_wild = _build_user_with_policy( { 'Version': '2012-10-17', 'Statement': [ { 'Effect': 'Allow', 'Action': '*', 'Resource': '*', 'Condition': { 'ArnNotLike': { 'aws:SourceArn': 'arn:aws:iam::*:user/test1', } } } ] } ) self.assertFalse( local_check_authorization( test_arn_equals_wild, 'iam:CreateUser', '*', {'aws:SourceArn': 'arn:aws:iam::000000000000:user/test1'}, ) ) self.assertTrue( local_check_authorization( test_arn_equals_wild, 'iam:CreateUser', '*', {'aws:SourceArn': 'arn:aws:iam::000000000000:user/test2'}, ) ) self.assertFalse( local_check_authorization( test_arn_equals_wild, 'iam:CreateUser', '*', {'aws:SourceArn': 'test2'}, ) )  def test_null_condition_handling(self): \"\"\" Validate the following conditions are correctly handled: Null, ForAnyValue:Null, ForAllValues:Null  Validated against the Simulator API \"\"\"  # Basic use validation test_node_null = _build_user_with_policy( { 'Version': '2012-10-17', 'Statement': [ { 'Effect': 'Allow', 'Action': '*', 'Resource': '*', 'Condition': { 'Null': { 'aws:username': 'true',  # aws:username MUST NOT be present 'aws:userid': 'false'    # aws:userid MUST be present } } } ] } ) self.assertTrue( local_check_authorization(test_node_null, 'iam:CreateUser', '*', {'aws:userid': 'asdf', 'aws:username': ''}) ) self.assertFalse( local_check_authorization(test_node_null, 'iam:CreateUser', '*', {'aws:userid': '', 'aws:username': ''}) )  # Array use validation test_node_null_array = _build_user_with_policy( { 'Version': '2012-10-17', 'Statement': [ { 'Effect': 'Allow', 'Action': '*', 'Resource': '*', 'Condition': { 'Null': { 'aws:username': ['true', 'false'],  # doesn't matter if it's in or not } } } ] } ) self.assertTrue( local_check_authorization(test_node_null_array, 'iam:CreateUser', '*', {'aws:username': ''}) ) self.assertTrue( local_check_authorization(test_node_null_array, 'iam:CreateUser', '*', {'aws:username': 'asdf'}) )  # ForAllValues: validation test_node_null_forallvalues_1 = _build_user_with_policy( { 'Version': '2012-10-17', 'Statement': [ { 'Effect': 'Allow', 'Action': '*', 'Resource': '*', 'Condition': { 'ForAllValues:Null': {        # For all valid context values... 'aws:username': 'false',  # aws:username MUST be present } } } ] } ) self.assertTrue( local_check_authorization(test_node_null_forallvalues_1, 'iam:CreateUser', '*', {'aws:username': 'asdf'}) ) self.assertTrue( local_check_authorization(test_node_null_forallvalues_1, 'iam:CreateUser', '*', {'aws:username': ''}) ) test_node_null_forallvalues_2 = _build_user_with_policy( { 'Version': '2012-10-17', 'Statement': [ { 'Effect': 'Allow', 'Action': '*', 'Resource': '*', 'Condition': { 'ForAllValues:Null': {       # For all valid context values... 'aws:username': 'true',  # aws:username MUST NOT be present } } } ] } ) self.assertFalse( local_check_authorization(test_node_null_forallvalues_2, 'iam:CreateUser', '*', {'aws:username': 'asdf'}) ) self.assertTrue( local_check_authorization(test_node_null_forallvalues_2, 'iam:CreateUser', '*', {'aws:username': ''}) )  # ForAnyValue: validation test_node_null_foranyvalue_1 = _build_user_with_policy( { 'Version': '2012-10-17', 'Statement': [ { 'Effect': 'Allow', 'Action': '*', 'Resource': '*', 'Condition': { 'ForAnyValue:Null': {        # Among the valid context values... 'aws:username': 'true',  # aws:username MUST NOT be present (cannot fulfill this) } } } ] } ) self.assertFalse( local_check_authorization(test_node_null_foranyvalue_1, 'iam:CreateUser', '*', {'aws:username': 'asdf'}) ) self.assertFalse( local_check_authorization(test_node_null_foranyvalue_1, 'iam:CreateUser', '*', {'aws:username': ''}) )  test_node_null_foranyvalue_2 = _build_user_with_policy( { 'Version': '2012-10-17', 'Statement': [ { 'Effect': 'Allow', 'Action': '*', 'Resource': '*', 'Condition': { 'ForAnyValue:Null': {         # Among the valid context values... 'aws:username': 'false',  # aws:username MUST be present } } } ] } ) self.assertTrue( local_check_authorization(test_node_null_foranyvalue_2, 'iam:CreateUser', '*', {'aws:username': 'asdf'}) ) self.assertFalse( local_check_authorization(test_node_null_foranyvalue_2, 'iam:CreateUser', '*', {'aws:username': ''}) )  def test_datetime_condition_handling(self): \"\"\" Validate the following conditions are correctly handled: DateEquals DateNotEquals DateLessThan DateLessThanEquals DateGreaterThan DateGreaterThanEquals  TODO: Check on ForAnyValue and ForAllValues \"\"\" # DateEquals test_node_date_equals = _build_user_with_policy( { 'Version': '2012-10-17', 'Statement': [ { 'Effect': 'Allow', 'Action': '*', 'Resource': '*', 'Condition': { 'DateEquals': { 'aws:CurrentTime': '2018-08-10T00:00:00Z' } } } ] } ) self.assertTrue(local_check_authorization(test_node_date_equals, 'iam:CreateUser', '*', {'aws:CurrentTime': '2018-08-10T00:00:00Z'})) self.assertTrue(local_check_authorization(test_node_date_equals, 'iam:CreateUser', '*', {'aws:CurrentTime': '1533859200.0'})) self.assertTrue(local_check_authorization(test_node_date_equals, 'iam:CreateUser', '*', {'aws:CurrentTime': '1533859200'})) self.assertFalse(local_check_authorization(test_node_date_equals, 'iam:CreateUser', '*', {'aws:CurrentTime': '1533859201'})) self.assertFalse(local_check_authorization(test_node_date_equals, 'iam:CreateUser', '*', {'aws:CurrentTime': '2018-08-10T00:00:01Z'}))  # DateNotEquals test_node_date_not_equals = _build_user_with_policy( { 'Version': '2012-10-17', 'Statement': [ { 'Effect': 'Allow', 'Action': '*', 'Resource': '*', 'Condition': { 'DateNotEquals': { 'aws:CurrentTime': '2018-08-10T00:00:00Z' } } } ] } ) self.assertFalse(local_check_authorization(test_node_date_not_equals, 'iam:CreateUser', '*', {'aws:CurrentTime': '2018-08-10T00:00:00Z'})) self.assertTrue(local_check_authorization(test_node_date_not_equals, 'iam:CreateUser', '*', {'aws:CurrentTime': '2018-08-10T00:00:01Z'}))  # DateGreaterThan test_node_date_greater_than = _build_user_with_policy( { 'Version': '2012-10-17', 'Statement': [ { 'Effect': 'Allow', 'Action': '*', 'Resource': '*', 'Condition': { 'DateGreaterThan': { 'aws:CurrentTime': '2018-08-10T00:00:00Z' } } } ] } ) self.assertFalse(local_check_authorization(test_node_date_greater_than, 'iam:CreateUser', '*', {'aws:CurrentTime': '2018-08-10T00:00:00Z'})) self.assertTrue(local_check_authorization(test_node_date_greater_than, 'iam:CreateUser', '*', {'aws:CurrentTime': '2018-08-10T00:00:01Z'}))  # DateGreaterThanEquals test_node_date_greater_than_equals = _build_user_with_policy( { 'Version': '2012-10-17', 'Statement': [ { 'Effect': 'Allow', 'Action': '*', 'Resource': '*', 'Condition': { 'DateGreaterThanEquals': { 'aws:CurrentTime': '2018-08-10T00:00:00Z' } } } ] } ) self.assertFalse(local_check_authorization(test_node_date_greater_than_equals, 'iam:CreateUser', '*', {'aws:CurrentTime': '2018-08-09T23:59:59Z'})) self.assertTrue(local_check_authorization(test_node_date_greater_than_equals, 'iam:CreateUser', '*', {'aws:CurrentTime': '2018-08-10T00:00:00Z'})) self.assertTrue(local_check_authorization(test_node_date_greater_than_equals, 'iam:CreateUser', '*', {'aws:CurrentTime': '2018-08-10T00:00:01Z'}))  # DateLessThan test_node_date_less_than = _build_user_with_policy( { 'Version': '2012-10-17', 'Statement': [ { 'Effect': 'Allow', 'Action': '*', 'Resource': '*', 'Condition': { 'DateLessThan': { 'aws:CurrentTime': '2018-08-10T00:00:00Z' } } } ] } ) self.assertTrue(local_check_authorization(test_node_date_less_than, 'iam:CreateUser', '*', {'aws:CurrentTime': '2018-08-09T23:59:59Z'})) self.assertFalse(local_check_authorization(test_node_date_less_than, 'iam:CreateUser', '*', {'aws:CurrentTime': '2018-08-10T00:00:01Z'}))  # DateLessThanEquals test_node_date_less_than_equals = _build_user_with_policy( { 'Version': '2012-10-17', 'Statement': [ { 'Effect': 'Allow', 'Action': '*', 'Resource': '*', 'Condition': { 'DateLessThanEquals': { 'aws:CurrentTime': '2018-08-10T00:00:00Z' } } } ] } ) self.assertTrue(local_check_authorization(test_node_date_less_than_equals, 'iam:CreateUser', '*', {'aws:CurrentTime': '2018-08-09T23:59:59Z'})) self.assertTrue(local_check_authorization(test_node_date_less_than_equals, 'iam:CreateUser', '*', {'aws:CurrentTime': '2018-08-10T00:00:00Z'})) self.assertFalse(local_check_authorization(test_node_date_less_than_equals, 'iam:CreateUser', '*', {'aws:CurrentTime': '2018-08-10T00:00:01Z'}))  def test_ipaddress_condition_handling(self): \"\"\" Validate the following conditions are handled: * IpAddress * NotIpAddress  TODO: Check on ForAnyValue and ForAllValues \"\"\" # IpAddress: single IP test_node_ipaddress = _build_user_with_policy( { 'Version': '2012-10-17', 'Statement': [ { 'Effect': 'Allow', 'Action': '*', 'Resource': '*', 'Condition': { 'IpAddress': { 'aws:SourceIp': '10.0.0.1' } } } ] } ) self.assertTrue(local_check_authorization(test_node_ipaddress, 'iam:CreateUser', '*', {'aws:SourceIp': '10.0.0.1'})) self.assertFalse(local_check_authorization(test_node_ipaddress, 'iam:CreateUser', '*', {'aws:SourceIp': '10.0.0.2'}))  # IpAddress: IP range test_node_ipaddress = _build_user_with_policy( { 'Version': '2012-10-17', 'Statement': [ { 'Effect': 'Allow', 'Action': '*', 'Resource': '*', 'Condition': { 'IpAddress': { 'aws:SourceIp': '10.0.0.0/8' } } } ] } ) self.assertTrue(local_check_authorization(test_node_ipaddress, 'iam:CreateUser', '*', {'aws:SourceIp': '10.0.0.1'})) self.assertFalse(local_check_authorization(test_node_ipaddress, 'iam:CreateUser', '*', {'aws:SourceIp': '127.0.0.1'}))  # IpAddress: IP ranges test_node_ipaddress = _build_user_with_policy( { 'Version': '2012-10-17', 'Statement': [ { 'Effect': 'Allow', 'Action': '*', 'Resource': '*', 'Condition': { 'IpAddress': { 'aws:SourceIp': ['10.0.0.0/8', '127.0.0.0/8'] } } } ] } ) self.assertTrue(local_check_authorization(test_node_ipaddress, 'iam:CreateUser', '*', {'aws:SourceIp': '10.0.0.1'})) self.assertTrue(local_check_authorization(test_node_ipaddress, 'iam:CreateUser', '*', {'aws:SourceIp': '127.0.0.1'})) self.assertFalse(local_check_authorization(test_node_ipaddress, 'iam:CreateUser', '*', {'aws:SourceIp': '192.168.0.1'}))  def test_bool_condition_handling(self): \"\"\" Validate the following conditions are handled: * Bool  TODO: Check on ForAnyValue and ForAllValues \"\"\" # Bool: true test_node_true = _build_user_with_policy( { 'Version': '2012-10-17', 'Statement': [ { 'Effect': 'Allow', 'Action': '*', 'Resource': '*', 'Condition': { 'Bool': { 'aws:SecureTransport': 'true' } } } ] } ) self.assertTrue(local_check_authorization(test_node_true, 'iam:CreateUser', '*', {'aws:SecureTransport': 'true'})) self.assertTrue(local_check_authorization(test_node_true, 'iam:CreateUser', '*', {'aws:SecureTransport': 'True'})) self.assertFalse(local_check_authorization(test_node_true, 'iam:CreateUser', '*', {'aws:SecureTransport': 'tru'})) self.assertFalse(local_check_authorization(test_node_true, 'iam:CreateUser', '*', {'aws:SecureTransport': ''})) self.assertFalse(local_check_authorization(test_node_true, 'iam:CreateUser', '*', {'aws:SecureTransport': 'false'}))  # Bool: false test_node_false = _build_user_with_policy( { 'Version': '2012-10-17', 'Statement': [ { 'Effect': 'Allow', 'Action': '*', 'Resource': '*', 'Condition': { 'Bool': { 'aws:SecureTransport': 'false' } } } ] } ) self.assertTrue(local_check_authorization(test_node_false, 'iam:CreateUser', '*', {'aws:SecureTransport': 'false'})) self.assertFalse(local_check_authorization(test_node_false, 'iam:CreateUser', '*', {'aws:SecureTransport': 'true'})) self.assertTrue(local_check_authorization(test_node_false, 'iam:CreateUser', '*', {'aws:SecureTransport': 'asdf'}))  # policy sim behavior self.assertTrue(local_check_authorization(test_node_false, 'iam:CreateUser', '*', {'aws:SecureTransport': 't'}))  def test_documented_ddb_authorization_behavior(self): test_node = _build_user_with_policy( { \"Version\": \"2012-10-17\", \"Statement\": [ { \"Effect\": \"Allow\", \"Action\": \"dynamodb:GetItem\", \"Resource\": \"arn:aws:dynamodb:*:*:table/Thread\", \"Condition\": { \"ForAllValues:StringEquals\": { \"dynamodb:Attributes\": [ \"ID\", \"Message\", \"Tags\" ] } } } ] } ) self.assertTrue( local_check_authorization( test_node, 'dynamodb:GetItem', 'arn:aws:dynamodb:us-west-2:000000000000:table/Thread', { 'dynamodb:attributes': ['ID', 'Message', 'Tags'] } ) ) self.assertTrue( local_check_authorization( test_node, 'dynamodb:GetItem', 'arn:aws:dynamodb:us-west-2:000000000000:table/Thread', { 'dynamodb:attributes': ['ID', 'Message'] } ) ) self.assertTrue( local_check_authorization( test_node, 'dynamodb:GetItem', 'arn:aws:dynamodb:us-west-2:000000000000:table/Thread', {} ) ) self.assertFalse( local_check_authorization( test_node, 'dynamodb:GetItem', 'arn:aws:dynamodb:us-west-2:000000000000:table/Thread', { 'dynamodb:Attributes': ['ID', 'Message', 'Tags', 'Password'] } ) )  test_node = _build_user_with_policy( { \"Version\": \"2012-10-17\", \"Statement\": [ { \"Effect\": \"Allow\", \"Action\": \"dynamodb:GetItem\", \"Resource\": \"arn:aws:dynamodb:*:*:table/Thread\", \"Condition\": { \"ForAnyValue:StringEquals\": { \"dynamodb:Attributes\": [ \"ID\", \"Message\", \"Tags\" ] } } } ] } ) self.assertTrue( local_check_authorization( test_node, 'dynamodb:GetItem', 'arn:aws:dynamodb:us-west-2:000000000000:table/Thread', { 'dynamodb:Attributes': ['ID', 'Message', 'Tags'] } ) ) self.assertTrue( local_check_authorization( test_node, 'dynamodb:GetItem', 'arn:aws:dynamodb:us-west-2:000000000000:table/Thread', { 'dynamodb:Attributes': ['Tags', 'Password'] } ) ) self.assertFalse( local_check_authorization( test_node, 'dynamodb:GetItem', 'arn:aws:dynamodb:us-west-2:000000000000:table/Thread', { 'dynamodb:Attributes': ['Password'] } ) ) self.assertFalse( local_check_authorization( test_node, 'dynamodb:GetItem', 'arn:aws:dynamodb:us-west-2:000000000000:table/Thread', {} ) )  def test_local_mfa_handling(self): mfa_policy = Policy( arn='arn:aws:iam::000000000000:policy/mfa_policy', name='mfa_policy', policy_doc={ \"Version\": \"2012-10-17\", \"Statement\": [ { \"Sid\": \"AllowManageOwnUserMFA\", \"Effect\": \"Allow\", \"Action\": [ \"iam:DeactivateMFADevice\", \"iam:EnableMFADevice\", \"iam:GetUser\", \"iam:ListMFADevices\", \"iam:ResyncMFADevice\" ], \"Resource\": \"arn:aws:iam::*:user/${aws:username}\" }, { \"Sid\": \"DenyAllExceptListedIfNoMFA\", \"Effect\": \"Deny\", \"NotAction\": [ \"iam:CreateVirtualMFADevice\", \"iam:EnableMFADevice\", \"iam:GetUser\", \"iam:ListMFADevices\", \"iam:ListVirtualMFADevices\", \"iam:ResyncMFADevice\", \"sts:GetSessionToken\" ], \"Resource\": \"*\", \"Condition\": { \"BoolIfExists\": {\"aws:MultiFactorAuthPresent\": \"false\"} } } ] } ) s3_policy = Policy( 'arn:aws:iam::000000000000:policy/s3access', 's3access', { \"Version\": \"2012-10-17\", \"Statement\": [ { \"Sid\": \"AllowViewAccountInfo\", \"Effect\": \"Allow\", \"Action\": \"s3:ListAllMyBuckets\", \"Resource\": \"*\" } ] } ) test_node = Node( 'arn:aws:iam::000000000000:user/uses_mfa', 'AIDA00000000000000000', [mfa_policy, s3_policy], [], None, None, 1, False, False, None, True, None )  print(mfa_policy.to_dictionary()) print(s3_policy.to_dictionary()) print(test_node.to_dictionary())  # Test that lack of MFA conditions is not allowed (note the function call diff) # This matches policy sim feedback auth_result = local_check_authorization( test_node, 's3:ListAllMyBuckets', '*', {} ) self.assertFalse(auth_result)  # Test that MFA set to false is disallowed auth_result, mfa_result = local_check_authorization_handling_mfa( test_node, 's3:ListAllMyBuckets', '*', {'aws:MultiFactorAuthPresent': 'false'} ) self.assertFalse(auth_result) self.assertFalse(mfa_result)  # Test that testing both with and without MFA yields correct results auth_result, mfa_result = local_check_authorization_handling_mfa( test_node, 's3:ListAllMyBuckets', '*', {} ) self.assertTrue(auth_result) self.assertTrue(mfa_result)  # Test that iam:EnableMFADevice is allowed despite lack of MFA auth_result, mfa_result = local_check_authorization_handling_mfa( test_node, 'iam:EnableMFADevice', 'arn:aws:iam::000000000000:user/uses_mfa', {} )  self.assertFalse(mfa_result) self.assertTrue(auth_result)"}
{"name": "principalmapper.tests.test_local_policy_sim.TestLocalPolicyStatementMatching", "code": "class TestLocalPolicyStatementMatching(unittest.TestCase): def test_action_matching(self): statement_1 = { 'Effect': 'Allow', 'Action': ['ec2:RunInstances', 's3:*', 'iam:Get*'], 'Resource': '*' } self.assertTrue(_statement_matches_action(statement_1, 'ec2:RunInstances')) self.assertTrue(_statement_matches_action(statement_1, 's3:GetObject')) self.assertTrue(_statement_matches_action(statement_1, 'iam:GetRole')) self.assertFalse(_statement_matches_action(statement_1, 'ec2:DescribeInstances')) self.assertFalse(_statement_matches_action(statement_1, 'iam:PutRolePolicy'))  statement_2 = { 'Effect': 'Allow', 'Action': '*', 'Resource': '*' } self.assertTrue(_statement_matches_action(statement_2, 'iam:GetRole'))  statement_3 = { 'Effect': 'Allow', 'NotAction': '*', 'Resource': '*' } self.assertFalse(_statement_matches_action(statement_3, 'iam:GetRole'))  statement_4 = { 'Effect': 'Allow', 'NotAction': ['iam:*', 's3:Put*'], 'Resource': '*' } self.assertFalse(_statement_matches_action(statement_4, 'iam:GetRole')) self.assertFalse(_statement_matches_action(statement_4, 's3:PutObject')) self.assertTrue(_statement_matches_action(statement_4, 'ec2:RunInstances'))  def test_resource_matching(self): statement_1 = { 'Effect': 'Allow', 'Action': '*', 'Resource': ['arn:aws:s3:::bucket/*', 'arn:aws:s3:::*/object', 'arn:aws:s3:::${aws:SourceAccount}/win'] } self.assertTrue(_statement_matches_resource(statement_1, 'arn:aws:s3:::bucket/anything')) self.assertTrue(_statement_matches_resource(statement_1, 'arn:aws:s3:::anything/object')) self.assertTrue(_statement_matches_resource(statement_1, 'arn:aws:s3:::000000000000/win', {'aws:SourceAccount': '000000000000'}))  statement_2 = { 'Effect': 'Allow', 'Action': '*', 'NotResource': ['arn:aws:s3:::bucket/*', 'arn:aws:s3:::*/object', 'arn:aws:s3:::${aws:SourceAccount}/win'] } self.assertFalse(_statement_matches_resource(statement_2, 'arn:aws:s3:::bucket/anything')) self.assertFalse(_statement_matches_resource(statement_2, 'arn:aws:s3:::anything/object')) self.assertFalse(_statement_matches_resource(statement_2, 'arn:aws:s3:::000000000000/win', {'aws:SourceAccount': '000000000000'}))  def test_condition_matching(self): condition_1 = { 'IpAddress': { 'aws:SourceIp': '128.223.0.0/16' } } self.assertTrue( _get_condition_match( condition_1, CaseInsensitiveDict({ 'aws:SourceIp': '128.223.0.1' }) ) ) self.assertTrue( _get_condition_match( condition_1, CaseInsensitiveDict({ 'aws:sourceip': '128.223.0.1' }) ), 'Condition keys are supposed to be case-insensitive' )"}
{"name": "principalmapper.tests.test_local_policy_sim.TestLocalPolicyVariableExpansions", "code": "class TestLocalPolicyVariableExpansions(unittest.TestCase): def test_var_expansion(self): self.assertTrue(_matches_after_expansion( 'arn:aws:iam::000000000000:user/test', 'arn:aws:iam::000000000000:user/${aws:username}', CaseInsensitiveDict({'aws:username': 'test'}) ))  def test_asterisk_expansion(self): self.assertTrue(_matches_after_expansion( 'test-123', 'test*', None, )) self.assertTrue(_matches_after_expansion( 'test', 'test*', None, )) self.assertFalse(_matches_after_expansion( 'tset', 'test*', None, ))  def test_qmark_expansion(self): self.assertTrue(_matches_after_expansion( 'test-1', 'test-?', None, )) self.assertFalse(_matches_after_expansion( 'test1', 'test-?', None, ))"}
{"name": "principalmapper.tests.test_constructors.ConstructorTest", "code": "class ConstructorTest(unittest.TestCase): def test_graphs(self): with self.assertRaises(ValueError): Graph(nodes=None, edges=[], policies=[], groups=[]) with self.assertRaises(ValueError): Graph(nodes=[], edges=None, policies=[], groups=[]) with self.assertRaises(ValueError): Graph(nodes=[], edges=[], policies=None, groups=[]) with self.assertRaises(ValueError): Graph(nodes=[], edges=[], policies=[], groups=None)  def test_nodes(self): with self.assertRaises(ValueError): Node(arn='arn:aws:iam::000000000000:group/notauser', id_value='AIDA00000000000000000', attached_policies=[], group_memberships=[], trust_policy=None, instance_profile=None, num_access_keys=0, active_password=False, is_admin=False, permissions_boundary=None, has_mfa=False, tags={}) try: Node(arn='arn:aws:iam::000000000000:user/auser', id_value='AIDA00000000000000001', attached_policies=[], group_memberships=[], trust_policy=None, instance_profile=None, num_access_keys=0, active_password=False, is_admin=False, permissions_boundary=None, has_mfa=False, tags={}) except Exception as ex: self.fail('Unexpected error: ' + str(ex))"}
{"name": "principalmapper.tests.test_admin_identification.TestAdminIdentification", "code": "class TestAdminIdentification(unittest.TestCase): def test_admin_verified_by_inline_policies(self): admin_policy = Policy('arn:aws:iam::000000000000:user/user_1', 'inline_admin', { 'Version': '2012-10-17', 'Statement': [{ 'Effect': 'Allow', 'Action': '*', 'Resource': '*' }] })  not_admin_policy = Policy('arn:aws:iam::000000000000:user/user_2', 'inline_not_admin', { 'Version': '2012-10-17', 'Statement': [ { 'Effect': 'Allow', 'Action': '*', 'Resource': '*' }, { 'Effect': 'Deny', 'Action': '*', 'Resource': '*' } ] })  new_node_1 = Node('arn:aws:iam::000000000000:user/user_1', 'id1', [admin_policy], [], None, None, 1, False, False, None, False, None) new_node_2 = Node('arn:aws:iam::000000000000:user/user_2', 'id2', [not_admin_policy], [], None, None, 1, False, False, None, False, None)  update_admin_status([new_node_1, new_node_2])  self.assertTrue(new_node_1.is_admin, 'User with admin policy should be marked as an admin') self.assertFalse(new_node_2.is_admin, 'User with non-admin policy should not be marked as an admin')  def test_admin_verified_for_group_member(self): admin_policy = Policy('arn:aws:iam::000000000000:group/admins', 'inline_admin', { 'Version': '2012-10-17', 'Statement': [{ 'Effect': 'Allow', 'Action': '*', 'Resource': '*' }] })  admin_group = Group('arn:aws:iam::000000000000:group/admins', [admin_policy]) not_admin_group = Group('arn:aws:iam::000000000000:group/losers', [])  new_node_1 = Node('arn:aws:iam::000000000000:user/node_1', 'id1', [], [admin_group], None, None, 1, False, False, None, False, None) new_node_2 = Node('arn:aws:iam::000000000000:user/node_2', 'id2', [], [not_admin_group], None, None, 1, False, False, None, False, None)  update_admin_status([new_node_1, new_node_2])  self.assertTrue(new_node_1.is_admin, 'Member of admin group should be marked as an admin') self.assertFalse(new_node_2.is_admin, 'Member of non-admin group should not be marked as an admin')"}
{"name": "principalmapper.tests.test_resource_policy_evaluation.LocalResourcePolicyEvalTests", "code": "class LocalResourcePolicyEvalTests(unittest.TestCase): def test_iam_assume_role(self): \"\"\"Test that we are correctly validating policies for calls to `sts:AssumeRole`\"\"\" trust_doc_1 = { 'Version': '2012-10-17', 'Statement': [{ 'Effect': 'Allow', 'Principal': { 'AWS': 'arn:aws:iam::000000000000:root' }, 'Action': 'sts:AssumeRole' }] }  trust_doc_2 = { 'Version': '2012-10-17', 'Statement': [{ 'Effect': 'Allow', 'Principal': { 'AWS': 'arn:aws:iam::999999999999:root' }, 'Action': 'sts:AssumeRole' }] }  iam_user_1 = _build_user_with_policy( { 'Version': '2012-10-17', 'Statement': [{ 'Effect': 'Allow', 'Action': 'sts:AssumeRole', 'Resource': '*' }] }, 'single_user_policy', 'asdf1', '1' )  iam_user_2 = _build_user_with_policy( { 'Version': '2012-10-17', 'Statement': [{ 'Effect': 'Allow', 'Action': 's3:GetObject', 'Resource': '*' }] }, 'single_user_policy', 'asdf2', '2' )  # account root + iam policy => authorized self.assertTrue( local_check_authorization_full( iam_user_1, 'sts:AssumeRole', 'arn:aws:iam::000000000000:role/test1', {}, trust_doc_1, '000000000000' ) )  # iam policy only => not authorized self.assertFalse( local_check_authorization_full( iam_user_1, 'sts:AssumeRole', 'arn:aws:iam::000000000000:role/test1', {}, trust_doc_2, '000000000000' ) )  # account root only => not authorized self.assertFalse( local_check_authorization_full( iam_user_2, 'sts:AssumeRole', 'arn:aws:iam::000000000000:role/test1', {}, trust_doc_1, '000000000000' ) )  # Neither the account root nor the iam policy => not authorized self.assertFalse( local_check_authorization_full( iam_user_2, 'sts:AssumeRole', 'arn:aws:iam::000000000000:role/test1', {}, trust_doc_2, '000000000000' ) )  # A user from another account other_account_node = Node( 'arn:aws:iam::999999999999:role/test_other', 'ARIA00', [ Policy( 'arn:aws:iam::999999999999:role/test_other', 'inline1', { 'Version': '2012-10-17', 'Statement': [{ 'Effect': 'Allow', 'Action': 'sts:AssumeRole', 'Resource': '*' }] } ) ], [], {}, [], 0, False, False, None, False, None ) self.assertFalse( local_check_authorization_full( other_account_node, 'sts:AssumeRole', 'arn:aws:iam::000000000000:role/test1', {}, trust_doc_1, '000000000000' ) )  def test_match_action_resource_policy_elements(self): \"\"\"Test if we're correctly testing Action/Resource elements in resource policies\"\"\" bucket_policy_1 = { 'Version': '2012-10-17', 'Statement': [{ 'Effect': 'Allow', 'Principal': '*', 'Action': 's3:GetObject', 'Resource': 'arn:aws:s3:::bucket/object' }] }  bucket_policy_2 = { 'Version': '2012-10-17', 'Statement': [{ 'Effect': 'Deny', 'Principal': '*', 'Action': 's3:GetObject', 'Resource': 'arn:aws:s3:::bucket/object' }] }  iam_user_1 = _build_user_with_policy( { 'Version': '2012-10-17', 'Statement': [{ 'Effect': 'Allow', 'Action': 's3:GetObject', 'Resource': 'arn:aws:s3:::bucket/object' }] }, 'single_user_policy', 'asdf1', '1' )  iam_user_2 = _build_user_with_policy( { 'Version': '2012-10-17', 'Statement': [{ 'Effect': 'Allow', 'Action': 's3:GetObject', 'Resource': 'arn:aws:s3:::bucket/object' }] }, 'single_user_policy', 'asdf2', '2' )  rpa_result = resource_policy_authorization( iam_user_1, '000000000000', bucket_policy_1, 's3:GetObject', 'arn:aws:s3:::bucket/object', {} ) self.assertTrue( rpa_result == ResourcePolicyEvalResult.NODE_MATCH )  rpa_result = resource_policy_authorization( iam_user_1, '000000000000', bucket_policy_1, 's3:PutObject', 'arn:aws:s3:::bucket/object', {} ) self.assertTrue( rpa_result == ResourcePolicyEvalResult.NO_MATCH )  def test_sns_sqs_alternate_action_matching(self): \"\"\"Test that we handle SNS:... and SQS:... differently with respect to action matching\"\"\" self.assertTrue(_statement_matches_action( { 'Effect': 'Allow', 'Action': 'SQS:CreateQueue', 'Resource': '*' }, 'sqs:CreateQueue', {}, True )) self.assertTrue(_statement_matches_action( { 'Effect': 'Allow', 'Action': 'SNS:CreateTopic', 'Resource': '*' }, 'sns:CreateTopic', {}, True )) self.assertFalse(_statement_matches_action( { 'Effect': 'Allow', 'Action': 'S3:CreateBucket', 'Resource': '*' }, 's3:CreateTopic', {}, True ))"}
{"name": "principalmapper.tests.test_edge_identification.TestEdgeIdentification", "code": "class TestEdgeIdentification(unittest.TestCase):  def test_playground_assume_role(self): graph = build_playground_graph() jump_user_node = graph.get_node_by_searchable_name('user/jumpuser') assumable_s3_role_node = graph.get_node_by_searchable_name('role/s3_access_role') assumable_s3_role_node_alt = graph.get_node_by_searchable_name('role/s3_access_role_alt') nonassumable_role_node = graph.get_node_by_searchable_name('role/external_s3_access_role') self.assertTrue(is_connected(graph, jump_user_node, assumable_s3_role_node)) self.assertTrue(is_connected(graph, jump_user_node, assumable_s3_role_node_alt)) self.assertFalse(is_connected(graph, jump_user_node, nonassumable_role_node))  def test_admin_access(self): graph = build_playground_graph() admin_user_node = graph.get_node_by_searchable_name('user/admin') jump_user = graph.get_node_by_searchable_name('user/jumpuser') other_jump_user = graph.get_node_by_searchable_name('user/some_other_jumpuser') other_assumable_role = graph.get_node_by_searchable_name('role/somerole') nonassumable_role_node = graph.get_node_by_searchable_name('role/external_s3_access_role') self.assertTrue(is_connected(graph, admin_user_node, jump_user)) self.assertTrue(is_connected(graph, admin_user_node, nonassumable_role_node)) self.assertTrue(is_connected(graph, other_jump_user, other_assumable_role))"}
{"name": "principalmapper.tests.test_graph_checking.GraphCheckingTest", "code": "class GraphCheckingTest(unittest.TestCase): pass"}
{"name": "principalmapper.tests.test_permissions_boundaries.LocalPermissionsBoundaryHandlingTests", "code": "class LocalPermissionsBoundaryHandlingTests(unittest.TestCase): \"\"\"Test cases to ensure that Principal Mapper correctly handles permission boundaries:  https://docs.aws.amazon.com/IAM/latest/UserGuide/access_policies_boundaries.html \"\"\"  def test_permissions_boundary_no_resource_policy(self): \"\"\"In the case of no resource policy, the effective permissions are the \"intersection\" of the caller's identity policies + the boundary policy. Both the user's identity policies + boundary policy must permit the API call. A matching deny statement in either set will deny the whole call. \"\"\" boundary = Policy( 'arn:aws:iam::aws:policy/AmazonS3ReadOnlyAccess', 'AmazonS3ReadOnlyAccess', { \"Version\": \"2012-10-17\", \"Statement\": [ { \"Action\": [ \"s3:Get*\", \"s3:List*\" ], \"Resource\": \"*\", \"Effect\": \"Allow\" } ] } )  iam_user_1 = _build_user_with_policy( { 'Version': '2012-10-17', 'Statement': [{ 'Effect': 'Allow', 'Action': '*', 'Resource': '*' }] }, 'admin_policy', 'asdf1', '1' )  iam_user_1.permissions_boundary = boundary  self.assertTrue( local_check_authorization(iam_user_1, 's3:GetObject', 'arn:aws:s3:::bucket/object', {}) )  self.assertFalse( local_check_authorization(iam_user_1, 's3:PutObject', 'arn:aws:s3:::bucket/object', {}) )  def test_permissions_boundary_with_resource_policy(self): boundary_1 = Policy( 'arn:aws:iam::aws:policy/AssumeJumpRole', 'AssumeJumpRole', { \"Version\": \"2012-10-17\", \"Statement\": [ { \"Action\": \"sts:AssumeRole\", \"Resource\": \"arn:aws:iam::000000000000:role/JumpRole\", \"Effect\": \"Allow\" } ] } )  iam_user_1 = _build_user_with_policy( { 'Version': '2012-10-17', 'Statement': [{ 'Effect': 'Allow', 'Action': '*', 'Resource': '*' }] }, 'admin_policy', 'asdf1', '1' )  iam_user_1.permissions_boundary = boundary_1  boundary_2 = Policy( 'arn:aws:iam::aws:policy/EmptyPolicy', 'EmptyPolicy', { \"Version\": \"2012-10-17\", \"Statement\": [] } )  iam_user_2 = _build_user_with_policy( { 'Version': '2012-10-17', 'Statement': [] }, 'admin_policy', 'asdf2', '2' )  iam_user_2.permissions_boundary = boundary_2  trust_doc = { 'Version': '2012-10-17', 'Statement': [{ 'Effect': 'Allow', 'Principal': { 'AWS': [ 'arn:aws:iam::000000000000:user/asdf2', 'arn:aws:iam::000000000000:root' ] }, 'Action': 'sts:AssumeRole' }] }  self.assertTrue( local_check_authorization_full( iam_user_1, 'sts:AssumeRole', 'arn:aws:iam::000000000000:role/JumpRole', {}, trust_doc, '000000000000' ) )  self.assertTrue( local_check_authorization_full( iam_user_2, 'sts:AssumeRole', 'arn:aws:iam::000000000000:role/JumpRole', {}, trust_doc, '000000000000' ) )"}
{"name": "principalmapper.tests.test_cross_account_checks.LocalResourcePolicyEvalTests", "code": "class LocalResourcePolicyEvalTests(unittest.TestCase): def test_iam_assume_role(self): \"\"\"Test that we are correctly validating policies for calls to `sts:AssumeRole`\"\"\" trust_doc_1 = { 'Version': '2012-10-17', 'Statement': [{ 'Effect': 'Allow', 'Principal': { 'AWS': 'arn:aws:iam::000000000000:root' }, 'Action': 'sts:AssumeRole' }] }  trust_doc_2 = { 'Version': '2012-10-17', 'Statement': [{ 'Effect': 'Allow', 'Principal': { 'AWS': 'arn:aws:iam::999999999999:root' }, 'Action': 'sts:AssumeRole' }] }  iam_user_1 = _build_user_with_policy( { 'Version': '2012-10-17', 'Statement': [{ 'Effect': 'Allow', 'Action': 'sts:AssumeRole', 'Resource': '*' }] }, 'single_user_policy', 'asdf1', '1' )  iam_user_2 = _build_user_with_policy( { 'Version': '2012-10-17', 'Statement': [{ 'Effect': 'Allow', 'Action': 's3:GetObject', 'Resource': '*' }] }, 'single_user_policy', 'asdf2', '2' )  # account root + iam policy => authorized self.assertTrue( local_check_authorization_full( iam_user_1, 'sts:AssumeRole', 'arn:aws:iam::000000000000:role/test1', {}, trust_doc_1, '000000000000' ) )  # iam policy only => not authorized self.assertFalse( local_check_authorization_full( iam_user_1, 'sts:AssumeRole', 'arn:aws:iam::000000000000:role/test1', {}, trust_doc_2, '000000000000' ) )  # account root only => not authorized self.assertFalse( local_check_authorization_full( iam_user_2, 'sts:AssumeRole', 'arn:aws:iam::000000000000:role/test1', {}, trust_doc_1, '000000000000' ) )  # Neither the account root nor the iam policy => not authorized self.assertFalse( local_check_authorization_full( iam_user_2, 'sts:AssumeRole', 'arn:aws:iam::000000000000:role/test1', {}, trust_doc_2, '000000000000' ) )  # A user from another account other_account_node = Node( 'arn:aws:iam::999999999999:role/test_other', 'ARIA00', [ Policy( 'arn:aws:iam::999999999999:role/test_other', 'inline1', { 'Version': '2012-10-17', 'Statement': [{ 'Effect': 'Allow', 'Action': 'sts:AssumeRole', 'Resource': '*' }] } ) ], [], {}, [], 0, False, False, None, False, None ) self.assertFalse( local_check_authorization_full( other_account_node, 'sts:AssumeRole', 'arn:aws:iam::000000000000:role/test1', {}, trust_doc_1, '000000000000' ) )  def test_match_action_resource_policy_elements(self): \"\"\"Test if we're correctly testing Action/Resource elements in resource policies\"\"\" bucket_policy_1 = { 'Version': '2012-10-17', 'Statement': [{ 'Effect': 'Allow', 'Principal': '*', 'Action': 's3:GetObject', 'Resource': 'arn:aws:s3:::bucket/object' }] }  bucket_policy_2 = { 'Version': '2012-10-17', 'Statement': [{ 'Effect': 'Deny', 'Principal': '*', 'Action': 's3:GetObject', 'Resource': 'arn:aws:s3:::bucket/object' }] }  iam_user_1 = _build_user_with_policy( { 'Version': '2012-10-17', 'Statement': [{ 'Effect': 'Allow', 'Action': 's3:GetObject', 'Resource': 'arn:aws:s3:::bucket/object' }] }, 'single_user_policy', 'asdf1', '1' )  iam_user_2 = _build_user_with_policy( { 'Version': '2012-10-17', 'Statement': [{ 'Effect': 'Allow', 'Action': 's3:GetObject', 'Resource': 'arn:aws:s3:::bucket/object' }] }, 'single_user_policy', 'asdf2', '2' )  rpa_result = resource_policy_authorization( iam_user_1, '000000000000', bucket_policy_1, 's3:GetObject', 'arn:aws:s3:::bucket/object', {} ) self.assertTrue( rpa_result == ResourcePolicyEvalResult.NODE_MATCH )  rpa_result = resource_policy_authorization( iam_user_1, '000000000000', bucket_policy_1, 's3:PutObject', 'arn:aws:s3:::bucket/object', {} ) self.assertTrue( rpa_result == ResourcePolicyEvalResult.NO_MATCH )  def test_sns_sqs_alternate_action_matching(self): \"\"\"Test that we handle SNS:... and SQS:... differently with respect to action matching\"\"\" self.assertTrue(_statement_matches_action( { 'Effect': 'Allow', 'Action': 'SQS:CreateQueue', 'Resource': '*' }, 'sqs:CreateQueue', {}, True )) self.assertTrue(_statement_matches_action( { 'Effect': 'Allow', 'Action': 'SNS:CreateTopic', 'Resource': '*' }, 'sns:CreateTopic', {}, True )) self.assertFalse(_statement_matches_action( { 'Effect': 'Allow', 'Action': 'S3:CreateBucket', 'Resource': '*' }, 's3:CreateTopic', {}, True ))"}
{"name": "principalmapper.principalmapper.querying.query_result.QueryResult", "code": "class QueryResult(object): \"\"\"Query result object returned by querying methods. The allowed field specifies if the passed Node is authorized to make the API call. The edge_list field, if not an empty list, specifies which edges the Node must traverse to make the API call.  **Change, v1.1.x:** If the edge_list param contains the same node as the node param, it's the special case where node is an admin, but could not directly call the API with its perms and had to \"use\" its admin perms to gain the necessary access to call the API. \"\"\" def __init__(self, allowed: bool, edge_list: Union[List[Edge], Node], node: Node): self.allowed = allowed self.edge_list = edge_list self.node = node  def print_result(self, action_param: str, resource_param: str): \"\"\"Prints information about the QueryResult object to stdout.\"\"\" if self.allowed: if isinstance(self.edge_list, Node): if self.edge_list == self.node: # node is an Admin but can't directly call the action print('{} CAN BECOME authorized to call action {} for resource {} THRU its admin privileges'.format( self.node.searchable_name(), action_param, resource_param )) else: raise ValueError('Improperly-generated QueryResult object: edge_list is a Node but not the input Node')  elif len(self.edge_list) == 0: # node itself is auth'd print('{} IS authorized to call action {} for resource {}'.format( self.node.searchable_name(), action_param, resource_param )) else: # node is auth'd through other nodes print('{} CAN call action {} for resource {} THRU {}'.format( self.node.searchable_name(), action_param, resource_param, self.edge_list[-1].destination.searchable_name() ))  # print the path the node has to take for edge in self.edge_list: print('   {}'.format(edge.describe_edge()))  # print that the end-edge is authorized to make the call print('   {} IS authorized to call action {} for resource {}'.format( self.edge_list[-1].destination.searchable_name(), action_param, resource_param )) else: print('{} CANNOT call action {} for resource {}'.format( self.node.searchable_name(), action_param, resource_param ))  def write_result(self, action_param: str, resource_param: str, output: io.StringIO): \"\"\"Writes information about the QueryResult object to the given IO interface.  **Change, v1.1.x:** The `output` param is no longer optional. \"\"\"  if self.allowed: if isinstance(self.edge_list, Node) and self.edge_list == self.node: # node is an Admin but can't directly call the action output.write('{} IS authorized to call action {} for resource {} THRU its admin privileges\\n'.format( self.node.searchable_name(), action_param, resource_param )) if len(self.edge_list) == 0: # node itself is auth'd output.write('{} IS authorized to call action {} for resource {}\\n'.format( self.node.searchable_name(), action_param, resource_param))  else: # node is auth'd through other nodes output.write('{} CAN call action {} for resource {} THRU {}\\n'.format( self.node.searchable_name(), action_param, resource_param, self.edge_list[-1].destination.searchable_name() ))  # print the path the node has to take for edge in self.edge_list: output.write('   {}\\n'.format(edge.describe_edge()))  # print that the end-edge is authorized to make the call output.write('   {} IS authorized to call action {} for resource {}\\n'.format( self.edge_list[-1].destination.searchable_name(), action_param, resource_param )) else: output.write('{} CANNOT call action {} for resource {}\\n'.format( self.node.searchable_name(), action_param, resource_param ))  def as_json(self): \"\"\"Produces a JSON representation of this query's result.\"\"\" if isinstance(self.edge_list, Node): edge_rep = [{ 'src': self.edge_list.arn, 'dst': self.edge_list.arn }] else: edge_rep = [] for edge in self.edge_list: edge_rep.append({ 'src': edge.source.arn, 'dst': edge.destination.arn }) return json.dumps({ 'allowed': self.allowed, 'node': self.node.arn, 'edge_list': edge_rep })"}
{"name": "principalmapper.principalmapper.querying.local_policy_simulation.ResourcePolicyEvalResult", "code": "class ResourcePolicyEvalResult(Enum): \"\"\"For resource policy evaluation, we want to return a result for a few different potential set of results:  1. No match - depends on caller's permissions depending on the service 2. Deny statement match - node or root as Principal (explicit deny) 3. Caller in same account as resource: root Principal only 4. Caller in any account: node Principal matched 5. Caller in different account as resource: root Principal matched 6. Service matches \"\"\" NO_MATCH = 1 DENY_MATCH = 2 ROOT_MATCH = 3 NODE_MATCH = 4 DIFF_ACCOUNT_MATCH = 5 SERVICE_MATCH = 6"}
{"name": "principalmapper.principalmapper.querying.repl.PMapperREPL", "code": "class PMapperREPL: \"\"\"The Principal Mapper REPL class, handles the state and interactions of the REPL.\"\"\"  def __init__(self, graph: Graph): self.cmd_history = [] self.graph = graph  self.argparser = argparse.ArgumentParser() self.argparser.add_argument('-d', '--debug', help='Enable debugging for this command.') self.subparsers = self.argparser.add_subparsers( title='subcommand', dest='subcommand', description='The command to run: query, argquery, help, exit' ) self.helpparser = self.subparsers.add_parser('help') self.exitparser = self.subparsers.add_parser('exit') # TODO: Add graphdata subcommand  self.queryparser = self.subparsers.add_parser( 'query', description='Displays information corresponding to a roughly human-readable query.', help='Displays information corresponding to a query' ) self.queryparser.add_argument( '-s', '--skip-admin', action='store_true', help='Ignores \"admin\" level principals when querying about multiple principals in an account' ) self.queryparser.add_argument( 'query', help='The query to execute.' )  # New Query subcommand self.argqueryparser = self.subparsers.add_parser( 'argquery', description='Displays information corresponding to a arg-specified query.', help='Displays information corresponding to a query' ) self.argqueryparser.add_argument( '-s', '--skip-admin', action='store_true', help='Ignores administrative principals when querying about multiple principals in an account' ) self.argqueryparser.add_argument( '--principal', default='*', help='A string matching one or more IAM users or roles in the account, or use * (the default) to include ' 'all' ) self.argqueryparser.add_argument( '--action', help='An AWS action to test for, allows * wildcards' ) self.argqueryparser.add_argument( '--resource', default='*', help='An AWS resource (denoted by ARN) to test for' ) self.argqueryparser.add_argument( '--condition', action='append', help='A set of key-value pairs to test specific conditions' ) self.argqueryparser.add_argument( '--preset', help='A preset query to run' )  def begin_repl(self): \"\"\"The meat of our work: Read, Eval, Print, and Loop\"\"\" print('##############################') print('#                            #') print('#   Principal Mapper REPL    #') print('#                            #') print('##############################') print() while True: # Read try: # TODO: handle key-up/down for command history (instead of input()?) # TODO: handle key-left/right gracefully # TODO: handle tabbing gracefully command = input('repl> ') # TODO: save input to history (cmd_history list) except KeyboardInterrupt as ex: print('Ctrl+C detected. Exiting.') break  # Eval/Print try: args = shlex.split(command) parsed_args = self.argparser.parse_args(args) if parsed_args.subcommand == 'query': query_actions.query_response(self.graph, parsed_args.query, parsed_args.skip_admin, sys.stdout, parsed_args.debug)  elif parsed_args.subcommand == 'argquery': conditions = {} if parsed_args.condition is not None: for arg in parsed_args.condition: # split on equals-sign (=), assume first instance separates the key and value components = arg.split('=') if len(components) < 2: raise ValueError('Format for condition args not matched: <key>=<value>') key = components[0] value = '='.join(components[1:]) conditions.update({key: value})  query_actions.argquery(self.graph, parsed_args.principal, parsed_args.action, parsed_args.resource, conditions, parsed_args.preset, parsed_args.skip_admin, sys.stdout, parsed_args.debug)  elif parsed_args.subcommand == 'help': self._print_help() elif parsed_args.subcommand == 'exit': print('Exiting.') break else: self._print_help() except KeyboardInterrupt as ex: print('Ctrl+C detected. Exiting.') break except Exception as ex: print('Encountered an error when executing input: {}'.format(command)) print(ex.args)  # Loop  @staticmethod def _print_help(): \"\"\"Prints a helppage for using the REPL.\"\"\" print(_repl_help)"}
{"name": "principalmapper.principalmapper.analysis.report.Report", "code": "class Report: \"\"\"FindingsReport holds information about findings, and where the findings were pulled from. It also provides a utility function to convert the contents of the report to a dictionary object. \"\"\"  def __init__(self, account: str, date_and_time: dt.datetime, findings: List[Finding], source: str): self.account = account self.date_and_time = date_and_time self.findings = findings self.source = source  def as_dictionary(self) -> dict: \"\"\"Produces a dictionary representing this Report's contents.\"\"\" return { 'account': self.account, 'date_and_time': self.date_and_time.isoformat(), 'findings': [x.as_dictionary() for x in self.findings], 'source': self.source }"}
{"name": "principalmapper.principalmapper.analysis.finding.Finding", "code": "class Finding: \"\"\"Finding holds information about a potential risk in an AWS account, as identified by Principal Mapper.\"\"\"  def __init__(self, title: str, severity: str, impact: str, description: str, recommendation: str): self.title = title self.severity = severity self.impact = impact self.description = description self.recommendation = recommendation  def as_dictionary(self) -> dict: \"\"\"Returns a dictionary representation of this Finding.\"\"\" return { 'title': self.title, 'severity': self.severity, 'impact': self.impact, 'description': self.description, 'recommendation': self.recommendation }"}
{"name": "principalmapper.principalmapper.util.case_insensitive_dict.CaseInsensitiveDict", "code": "class CaseInsensitiveDict(MutableMapping): \"\"\"A case-insensitive ``dict``-like object. Implements all methods and operations of ``MutableMapping`` as well as dict's ``copy``. Also provides ``lower_items``.  All keys are expected to be strings. The structure remembers the case of the last key to be set, and ``iter(instance)``, ``keys()``, ``items()``, ``iterkeys()``, and ``iteritems()`` will contain case-sensitive keys. However, querying and contains testing is case insensitive:: cid = CaseInsensitiveDict() cid['aws:SourceIp'] = '128.223.0.1' cid['aws:sourceip'] == '128.223.0.1'  # True  For example, ``context['ec2:InstanceType']`` will return the value of ec2:InstanceType condition context, regardless of how the name was originally stored.  If the constructor, ``.update``, or equality comparison operations are given keys that have equal ``.lower()``s, the behavior is undefined. \"\"\"  def __init__(self, data=None, **kwargs): self._store = OrderedDict() if data is None: data = {} self.update(data, **kwargs)  def __setitem__(self, key, value): # Use the lowercased key for lookups, but store the actual # key alongside the value. self._store[key.lower()] = (key, value)  def __getitem__(self, key): return self._store[key.lower()][1]  def __delitem__(self, key): del self._store[key.lower()]  def __iter__(self): return (casedkey for casedkey, mappedvalue in self._store.values())  def __len__(self): return len(self._store)  def lower_items(self): \"\"\"Like iteritems(), but with all lowercase keys.\"\"\" return ( (lowerkey, keyval[1]) for (lowerkey, keyval) in self._store.items() )  def __eq__(self, other): if isinstance(other, Mapping): other = CaseInsensitiveDict(other) else: return NotImplemented # Compare insensitively return dict(self.lower_items()) == dict(other.lower_items())  # Copy is required def copy(self): return CaseInsensitiveDict(self._store.values())  def __repr__(self): return str(dict(self.items()))"}
{"name": "principalmapper.principalmapper.common.graphs.Graph", "code": "class Graph(object): \"\"\"The basic Graph object: contains nodes, edges, policies, and groups. Also includes code for saving and loading Graph data to/from files stored on-disk. The actual attributes of each graph/node/edge/policy/group object will remain the same across the same major+minor version of Principal Mapper, so a graph generated in v1.0.0 should be loadable in v1.0.1, but not v1.1.0. \"\"\"  def __init__(self, nodes: list = None, edges: list = None, policies: list = None, groups: list = None, metadata: dict = None): \"\"\"Constructor\"\"\" for arg, value in {'nodes': nodes, 'edges': edges, 'policies': policies, 'groups': groups, 'metadata': metadata}.items(): if value is None: raise ValueError('Required constructor argument {} was None'.format(arg)) self.nodes = nodes self.edges = edges self.policies = policies self.groups = groups if 'account_id' not in metadata: raise ValueError('Incomplete metadata input, expected key: \"account_id\"') if 'pmapper_version' not in metadata: raise ValueError('Incomplete metadata input, expected key: \"pmapper_version\"') self.metadata = metadata  def get_node_by_searchable_name(self, name: str) -> Optional[Node]: \"\"\"Locates a node by a given searchable name, returns the Node or None\"\"\" for node in self.nodes: if node.searchable_name() == name: return node return None  def store_graph_as_json(self, root_directory: str): \"\"\"Stores the current Graph as a set of JSON documents on-disk in a standard layout.  If the directory does not exist yet, it is created.  Structure: | <root_directory parameter> |---- metadata.json |---- graph/ |-------- nodes.json |-------- edges.json |-------- policies.json |-------- groups.json  The client app (such as __main__.py of principalmapper) will specify where to retrieve the data. \"\"\" rootpath = root_directory if not os.path.exists(rootpath): os.makedirs(rootpath, 0o700) graphdir = os.path.join(rootpath, 'graph') if not os.path.exists(graphdir): os.makedirs(graphdir, 0o700) metadatafilepath = os.path.join(rootpath, 'metadata.json') nodesfilepath = os.path.join(graphdir, 'nodes.json') edgesfilepath = os.path.join(graphdir, 'edges.json') policiesfilepath = os.path.join(graphdir, 'policies.json') groupsfilepath = os.path.join(graphdir, 'groups.json')  old_umask = os.umask(0o077)  # block rwx for group/all with open(metadatafilepath, 'w') as f: json.dump(self.metadata, f, indent=4) with open(nodesfilepath, 'w') as f: json.dump([node.to_dictionary() for node in self.nodes], f, indent=4) with open(edgesfilepath, 'w') as f: json.dump([edge.to_dictionary() for edge in self.edges], f, indent=4) with open(policiesfilepath, 'w') as f: json.dump([policy.to_dictionary() for policy in self.policies], f, indent=4) with open(groupsfilepath, 'w') as f: json.dump([group.to_dictionary() for group in self.groups], f, indent=4) os.umask(old_umask)  @classmethod def create_graph_from_local_disk(cls, root_directory: str): \"\"\"Generates a Graph object by pulling data from disk at root_directory.  Structure: | <root_directory parameter> |---- metadata.json |---- graph/ |-------- nodes.json |-------- edges.json |-------- policies.json |-------- groups.json  Loads metadata, then policies, then groups, then nodes, then edges. Specific ordering is for handling different dependencies when generating the objects.  Validates, using metadata, that the version of Principal Mapper that created the graph is the same major/minor version of the current version of Principal Mapper. Raises a ValueError otherwise. \"\"\" logger.debug('Loading Graph object from {}'.format(root_directory)) rootpath = root_directory if not os.path.exists(rootpath): raise ValueError('Did not find file at: {}'.format(rootpath)) graphdir = os.path.join(rootpath, 'graph') metadatafilepath = os.path.join(rootpath, 'metadata.json') nodesfilepath = os.path.join(graphdir, 'nodes.json') edgesfilepath = os.path.join(graphdir, 'edges.json') policiesfilepath = os.path.join(graphdir, 'policies.json') groupsfilepath = os.path.join(graphdir, 'groups.json')  with open(metadatafilepath) as f: metadata = json.load(f)  current_pmapper_version = packaging.version.parse(principalmapper.__version__) loaded_graph_version = packaging.version.parse(metadata['pmapper_version']) if current_pmapper_version.release[0] != loaded_graph_version.release[0] or \\ current_pmapper_version.release[1] != loaded_graph_version.release[1]: raise ValueError('Loaded Graph data was from a different version of Principal Mapper ({}), but the current ' 'version of Principal Mapper ({}) may not support it. Either update the stored Graph data ' 'and its metadata, or regraph the account.'.format(loaded_graph_version, current_pmapper_version))  policies = [] with open(policiesfilepath) as f: policies_file_contents = json.load(f)  for policy in policies_file_contents: policies.append(Policy(arn=policy['arn'], name=policy['name'], policy_doc=policy['policy_doc']))  with open(groupsfilepath) as f: unresolved_groups = json.load(f) groups = [] for group in unresolved_groups: # dig through string list of attached policies to match up with policy objects with matching ARNs group_policies = [] for policy_ref in group['attached_policies']: for policy in policies: if policy_ref['arn'] == policy.arn and policy_ref['name'] == policy.name: group_policies.append(policy) break groups.append(Group(arn=group['arn'], attached_policies=group_policies))  with open(nodesfilepath) as f: unresolved_nodes = json.load(f) nodes = [] for node in unresolved_nodes: # dig through string list of groups and policies to match up with group and policy objects node_policies = [] group_memberships = [] for policy_ref in node['attached_policies']: for policy in policies: if policy_ref['arn'] == policy.arn and policy_ref['name'] == policy.name: node_policies.append(policy) break # match permission boundaries node_permission_boundary = node['permissions_boundary'] if node_permission_boundary is not None: # find policy by arn/name and load for policy in policies: if policy.name == node_permission_boundary['name'] and policy.arn == node_permission_boundary['arn']: node_permission_boundary = policy break  for group in groups: if group.arn in node['group_memberships']: group_memberships.append(group) nodes.append(Node(arn=node['arn'], id_value=node['id_value'], attached_policies=node_policies, group_memberships=group_memberships, trust_policy=node['trust_policy'], instance_profile=node['instance_profile'], num_access_keys=node['access_keys'], active_password=node['active_password'], is_admin=node['is_admin'], permissions_boundary=node_permission_boundary, has_mfa=node['has_mfa'], tags=node['tags']))  with open(edgesfilepath) as f: unresolved_edges = json.load(f) edges = [] for edge in unresolved_edges: # dig through nodes to find matching ARNs source = None destination = None for node in nodes: if source is None and node.arn == edge['source']: source = node if destination is None and node.arn == edge['destination']: destination = node if source is not None and destination is not None: break edges.append(Edge(source=source, destination=destination, reason=edge['reason'], short_reason=edge['short_reason']))  return Graph(nodes=nodes, edges=edges, policies=policies, groups=groups, metadata=metadata)"}
{"name": "principalmapper.principalmapper.common.org_trees.OrganizationAccount", "code": "class OrganizationAccount(object): \"\"\"The OrganizationAccount object represents an account within an AWS Organization.\"\"\"  def __init__(self, account_id: str, scps: List[Policy], tags: Optional[dict]): self.account_id = account_id self.scps = scps if tags is None: self.tags = {} else: self.tags = tags  def as_dictionary(self) -> dict: \"\"\"Returns a dictionary representation of this OrganizationAccount object. Used for serialization to disk. We only return the SCP ARN since it is stored in a separate file.\"\"\"  return { 'account_id': self.account_id, 'scps': [x.arn for x in self.scps], 'tags': self.tags }"}
{"name": "principalmapper.principalmapper.common.org_trees.OrganizationNode", "code": "class OrganizationNode(object): \"\"\"The OrganizationNode object represents an Organizational Unit which can have its own Service Control Policy as well as a collection of AWS accounts.\"\"\"  def __init__(self, ou_id: str, ou_name: str, accounts: List[OrganizationAccount], child_nodes: list, scps: List[Policy], tags: Optional[dict]): \"\"\" Constructor. Note the self-referential typing.  :type child_nodes List[OrganizationNode] \"\"\" self.ou_id = ou_id self.ou_name = ou_name self.accounts = accounts self.child_nodes = child_nodes  # type: List[OrganizationNode] self.scps = scps if tags is None: self.tags = {} else: self.tags = tags  def as_dictionary(self) -> dict: \"\"\"Returns a dictionary representation of this OrganizationNode object. Used for serialization to disk. We only return the SCP ARN since it is stored in a separate file.\"\"\"  return { 'ou_id': self.ou_id, 'ou_name': self.ou_name, 'accounts': [x.as_dictionary() for x in self.accounts], 'child_nodes': [x.as_dictionary() for x in self.child_nodes], 'scps': [x.arn for x in self.scps], 'tags': self.tags }"}
{"name": "principalmapper.principalmapper.common.org_trees.OrganizationTree", "code": "class OrganizationTree(object): \"\"\"The OrganizationGraph object represents an AWS Organization, which is a collection of AWS accounts. These accounts are organized in a hierarchy (we use a tree for this). \"\"\"  def __init__(self, org_id: str, management_account_id: str, root_ous: List[OrganizationNode], all_scps: List[Policy], accounts: List[str], edge_list: List[Edge], metadata: dict): self.org_id = org_id self.management_account_id = management_account_id self.root_ous = root_ous self.all_scps = all_scps self.accounts = accounts self.edge_list = edge_list if 'pmapper_version' not in metadata: raise ValueError('The pmapper_version key/value (str) is required: {\"pmapper_version\": \"...\"}') self.metadata = metadata  def as_dictionary(self) -> dict: \"\"\"Returns a dictionary representation of this OrganizationTree object. Used for serialization to disk. We exclude the SCPs and metadata since `save_organization_to_disk` does those in a separate file.\"\"\"  return { 'org_id': self.org_id, 'management_account_id': self.management_account_id, 'root_ous': [x.as_dictionary() for x in self.root_ous], 'edge_list': [x.to_dictionary() for x in self.edge_list], 'accounts': self.accounts }  def save_organization_to_disk(self, dirpath: str): \"\"\"Stores this Organization object as a collection of JSON data to disk, in a standard layout from the given root directory path.  If the given path does not exist, we try to create it.  Structure: | <root_directory parameter> |---- metadata.json |---- scps.json |---- org_data.json  The client app (such as __main__.py of principalmapper) will specify where to retrieve the data.\"\"\"  rootpath = dirpath if not os.path.exists(rootpath): os.makedirs(rootpath, 0o700)  metadata_filepath = os.path.join(rootpath, 'metadata.json') scps_filepath = os.path.join(rootpath, 'scps.json') org_data_filepath = os.path.join(rootpath, 'org_data.json')  old_umask = os.umask(0o077)  # block rwx for group/all with open(metadata_filepath, 'w') as f: json.dump(self.metadata, f, indent=4) with open(scps_filepath, 'w') as f: json.dump([x.to_dictionary() for x in self.all_scps], f, indent=4) with open(org_data_filepath, 'w') as f: org_data_dict = self.as_dictionary() json.dump(org_data_dict, f, indent=4) os.umask(old_umask)  @classmethod def create_from_dir(cls, dirpath: str): \"\"\"This class method instantiates an OrganizationTree object with the contained OrganizationNode/OrganizationAccount objects.\"\"\"  # load up the Policy objects policies = {} policies_path = os.path.join(dirpath, 'scps.json') with open(policies_path) as fd: policies_list = json.load(fd) for policy_dict_obj in policies_list: policy_obj = Policy(policy_dict_obj['arn'], policy_dict_obj['name'], policy_dict_obj['policy_doc']) policies[policy_obj.arn] = policy_obj  # load up the metadata object metadata_filepath = os.path.join(dirpath, 'metadata.json') with open(metadata_filepath) as fd: metadata_obj = json.load(fd)  # load the OrganizationX objects org_datafile_path = os.path.join(dirpath, 'org_data.json') with open(org_datafile_path) as fd: org_dictrepr = json.load(fd)  def _produce_ou(ou_dict: dict) -> OrganizationNode: return OrganizationNode( ou_dict['ou_id'], ou_dict['ou_name'], [OrganizationAccount(x['account_id'], [policies[y] for y in x['scps']], x['tags']) for x in ou_dict['accounts']], [_produce_ou(x) for x in ou_dict['child_nodes']], [policies[x] for x in ou_dict['scps']], ou_dict['tags'] )  # we have to build the OrganizationNodes first root_ous = [_produce_ou(x) for x in org_dictrepr['root_ous']]  return OrganizationTree( org_dictrepr['org_id'], org_dictrepr['management_account_id'], root_ous, [x for x in policies.values()], org_dictrepr['accounts'], org_dictrepr['edge_list'], metadata_obj )"}
{"name": "principalmapper.principalmapper.common.policies.Policy", "code": "class Policy(object): \"\"\"The basic Policy object: tracks data about the IAM Policy this represents. This includes who the policy is attached to (arn is the IAM User/Role for inline, policy ARN otherwose), what its name is (inline), and the contents of the policy (in dictionary form).\"\"\"  def __init__(self, arn: str, name: str, policy_doc: dict): \"\"\"Constructor.  Expects an ARN with either :user/, :role/, :group/, or :policy/ in it (tracked as managed or inline this way) Expects a dictionary for the policy document parameter, so you must parse the JSON beforehand \"\"\" if arn is None: raise ValueError('The parameter arn must be a string with an ARN for a principal, policy, or resource') if policy_doc is None or not isinstance(policy_doc, dict): raise ValueError('Policy objects must be constructed with a dictionary policy_doc parameter')  self.arn = arn self.name = name self.policy_doc = policy_doc  def to_dictionary(self) -> dict: \"\"\"Returns a dictionary representation of this object for storage\"\"\" return { 'arn': self.arn, 'name': self.name, 'policy_doc': self.policy_doc }"}
{"name": "principalmapper.principalmapper.common.edges.Edge", "code": "class Edge(object): \"\"\"The Edge object: contains a source and destination Node object, as well as a string that explains how the source Node is able to access the destination Node. \"\"\"  def __init__(self, source, destination, reason: str, short_reason: str): \"\"\"Constructor\"\"\" if source is None: raise ValueError('Edges must have a source Node object') if destination is None: raise ValueError('Edges must have a destination Node object') if reason is None: raise ValueError('Edges must be constructed with a reason parameter (str)') if short_reason is None: raise ValueError('Edges must be constructed with a short_reason parameter (str)')  self.source = source self.destination = destination self.reason = reason self.short_reason = short_reason  def describe_edge(self) -> str: \"\"\"Returns a human-readable string explaining the edge\"\"\" return \"{} {} {}\".format( self.source.searchable_name(), self.reason, self.destination.searchable_name() )  def to_dictionary(self) -> dict: \"\"\"Returns a dictionary representation of this object for storage\"\"\" return { 'source': self.source.arn, 'destination': self.destination.arn, 'reason': self.reason, 'short_reason': self.short_reason }"}
{"name": "principalmapper.principalmapper.common.groups.Group", "code": "class Group(object): \"\"\"The basic Group object: Contains the ARN and attached IAM policies (inline and attached) of the AWS IAM group that the object represents. \"\"\"  def __init__(self, arn: str, attached_policies: Optional[List[Policy]]): \"\"\"Constructor\"\"\" if arn is None or not arns.get_resource(arn).startswith('group/'): raise ValueError('Group objects must be constructed with a valid ARN for a group') self.arn = arn  if attached_policies is None: self.attached_policies = [] else: self.attached_policies = attached_policies  def to_dictionary(self) -> dict: \"\"\"Returns a dictionary representation of this object for storage\"\"\" return { 'arn': self.arn, 'attached_policies': [{'arn': policy.arn, 'name': policy.name} for policy in self.attached_policies] }"}
{"name": "principalmapper.principalmapper.common.nodes.Node", "code": "class Node(object): \"\"\"The basic Node object: tracks data about the IAM User/Role this Node represents. Includes the ARN, ID, attached policies (inline or attached), group memberships, trust doc (if IAM Role), instance profiles (if IAM Role), if a password is active (if IAM User), if there are active access keys (if IAM User), and if the IAM User/Role has administrative permissions for the account.  * (1.1.0) Added permissions_boundary support, has_mfa support, tags support\"\"\"  def __init__(self, arn: str, id_value: str, attached_policies: Optional[List[Policy]], group_memberships: Optional[List[Group]], trust_policy: Optional[dict], instance_profile: Optional[List[str]], num_access_keys: int, active_password: bool, is_admin: bool, permissions_boundary: Optional[Union[str, Policy]], has_mfa: bool, tags: Optional[dict]): \"\"\"Constructor. Expects an ARN and ID value. Validates parameters based on the type of Node (User/Role), and rejects contradictory arguments like an IAM User with a trust policy. \"\"\"  resource_value = arns.get_resource(arn) if arn is None or not (resource_value.startswith('user/') or resource_value.startswith('role/')): raise ValueError('The parameter arn must be a valid ARN for an IAM user or role.') self.arn = arn  if id_value is None or len(id_value) == 0: raise ValueError('The parameter id_value must be a non-empty string.') self.id_value = id_value  if attached_policies is None: self.attached_policies = [] else: self.attached_policies = attached_policies  if group_memberships is None: self.group_memberships = [] else: self.group_memberships = group_memberships  if resource_value.startswith('user/') and trust_policy is not None: raise ValueError('IAM users do not have trust policies, pass None for the parameter trust_policy.') if resource_value.startswith('role/') and (trust_policy is None or not isinstance(trust_policy, dict)): raise ValueError('IAM roles have trust policies, which must be passed as a dictionary in trust_policy') self.trust_policy = trust_policy  # None denotes no trust policy (not a role), {} denotes empty trust policy  if resource_value.startswith('user/') and instance_profile is not None: raise ValueError('IAM users do not have instance profiles. Pass None for the parameter instance_profile.') self.instance_profile = instance_profile  self.active_password = active_password  if num_access_keys is None: self.access_keys = [] else: self.access_keys = num_access_keys  self.is_admin = is_admin  self.permissions_boundary = permissions_boundary  # None denotes no permissions boundary, str denotes need to fill in  self.has_mfa = has_mfa  if tags is None: self.tags = {} else: self.tags = tags  self.cache = {}  def searchable_name(self) -> str: \"\"\"Creates and caches the searchable name of this node. First it splits the user/.../name into its parts divided by slashes, then returns the first and last element. The last element is supposed to be unique within users and roles (RoleName/--role-name or UserName/--user-name parameter when using the API/CLI). \"\"\" if 'searchable_name' not in self.cache: components = arns.get_resource(self.arn).split('/') self.cache['searchable_name'] = \"{}/{}\".format(components[0], components[-1]) return self.cache['searchable_name']  def get_outbound_edges(self, graph):  # -> List[Edge], can't import Edge/Graph in this module \"\"\"Creates and caches a collection of edges where this (self) Node is the source.\"\"\" if 'outbound_edges' not in self.cache: self.cache['outbound_edges'] = [] if self.is_admin: for node in graph.nodes: if node == self: continue else: self.cache['outbound_edges'].append( principalmapper.common.edges.Edge( self, node, 'can access through administrative actions', 'Admin' ) ) else: for edge in graph.edges: if edge.source == self: self.cache['outbound_edges'].append(edge) return self.cache['outbound_edges']  def to_dictionary(self) -> dict: \"\"\"Creates a dictionary representation of this Node for storage.\"\"\" _pb = self.permissions_boundary if _pb is not None: _pb = {'arn': self.permissions_boundary.arn, 'name': self.permissions_boundary.name} return { \"arn\": self.arn, \"id_value\": self.id_value, \"attached_policies\": [{'arn': policy.arn, 'name': policy.name} for policy in self.attached_policies], \"group_memberships\": [group.arn for group in self.group_memberships], \"trust_policy\": self.trust_policy, \"instance_profile\": self.instance_profile, \"active_password\": self.active_password, \"access_keys\": self.access_keys, \"is_admin\": self.is_admin, \"permissions_boundary\": _pb, \"has_mfa\": self.has_mfa, \"tags\": self.tags }"}
{"name": "principalmapper.principalmapper.graphing.ssm_edges.SSMEdgeChecker", "code": "class SSMEdgeChecker(EdgeChecker): \"\"\"Class for identifying if SSM can be used by IAM principals to gain access to other IAM principals.\"\"\"  def return_edges(self, nodes: List[Node], region_allow_list: Optional[List[str]] = None, region_deny_list: Optional[List[str]] = None, scps: Optional[List[List[dict]]] = None, client_args_map: Optional[dict] = None) -> List[Edge]: \"\"\"Fulfills expected method return_edges. If session object is None, runs checks in offline mode.\"\"\"  logger.info('Generating Edges based on SSM') result = generate_edges_locally(nodes, scps)  for edge in result: logger.info(\"Found new edge: {}\".format(edge.describe_edge()))  return result"}
{"name": "principalmapper.principalmapper.graphing.iam_edges.IAMEdgeChecker", "code": "class IAMEdgeChecker(EdgeChecker): \"\"\"Class for identifying if IAM can be used by IAM principals to gain access to other IAM principals.\"\"\"  def return_edges(self, nodes: List[Node], region_allow_list: Optional[List[str]] = None, region_deny_list: Optional[List[str]] = None, scps: Optional[List[List[dict]]] = None, client_args_map: Optional[dict] = None) -> List[Edge]: \"\"\"Fulfills expected method return_edges.\"\"\"  logger.info('Generating Edges based on IAM') result = generate_edges_locally(nodes, scps)  for edge in result: logger.info(\"Found new edge: {}\\n\".format(edge.describe_edge()))  return result"}
{"name": "principalmapper.principalmapper.graphing.cloudformation_edges.CloudFormationEdgeChecker", "code": "class CloudFormationEdgeChecker(EdgeChecker): \"\"\"Class for identifying if CloudFormation can be used by IAM principals to gain access to other IAM principals.\"\"\"  def return_edges(self, nodes: List[Node], region_allow_list: Optional[List[str]] = None, region_deny_list: Optional[List[str]] = None, scps: Optional[List[List[dict]]] = None, client_args_map: Optional[dict] = None) -> List[Edge]: \"\"\"Fulfills expected method return_edges.\"\"\"  logger.info('Pulling data on CloudFormation stacks.')  if client_args_map is None: cfargs = {} else: cfargs = client_args_map.get('cloudformation', {})  # Grab existing stacks in each region cloudformation_clients = [] if self.session is not None: cf_regions = botocore_tools.get_regions_to_search(self.session, 'cloudformation', region_allow_list, region_deny_list) for region in cf_regions: cloudformation_clients.append(self.session.create_client('cloudformation', region_name=region, **cfargs))  # grab existing cloudformation stacks stack_list = [] for cf_client in cloudformation_clients: logger.debug('Looking at region {}'.format(cf_client.meta.region_name)) try: paginator = cf_client.get_paginator('describe_stacks') for page in paginator.paginate(): for stack in page['Stacks']: if stack['StackStatus'] not in ['CREATE_FAILED', 'DELETE_COMPLETE', 'DELETE_FAILED', 'DELETE_IN_PROGRESS']:  # ignore unusable stacks stack_list.append(stack) except ClientError as ex: logger.warning('Unable to search region {} for stacks. The region may be disabled, or the error may ' 'be caused by an authorization issue. Continuing.'.format(cf_client.meta.region_name)) logger.debug('Exception details: {}'.format(ex))  logger.info('Generating Edges based on data from CloudFormation.') result = generate_edges_locally(nodes, stack_list, scps)  for edge in result: logger.info(\"Found new edge: {}\".format(edge.describe_edge())) return result"}
{"name": "principalmapper.principalmapper.graphing.lambda_edges.LambdaEdgeChecker", "code": "class LambdaEdgeChecker(EdgeChecker): \"\"\"Class for identifying if Lambda can be used by IAM principals to gain access to other IAM principals.\"\"\"  def return_edges(self, nodes: List[Node], region_allow_list: Optional[List[str]] = None, region_deny_list: Optional[List[str]] = None, scps: Optional[List[List[dict]]] = None, client_args_map: Optional[dict] = None) -> List[Edge]: \"\"\"Fulfills expected method return_edges. If session object is None, runs checks in offline mode.\"\"\"  logger.info('Pulling data on Lambda functions')  if client_args_map is None: lambdaargs = {} else: lambdaargs = client_args_map.get('lambda', {})  lambda_clients = [] if self.session is not None: lambda_regions = botocore_tools.get_regions_to_search(self.session, 'lambda', region_allow_list, region_deny_list) for region in lambda_regions: lambda_clients.append(self.session.create_client('lambda', region_name=region, **lambdaargs))  # grab existing lambda functions function_list = [] for lambda_client in lambda_clients: try: paginator = lambda_client.get_paginator('list_functions') for page in paginator.paginate(PaginationConfig={'PageSize': 25}): for func in page['Functions']: function_list.append(func) except ClientError as ex: logger.warning('Unable to search region {} for stacks. The region may be disabled, or the error may ' 'be caused by an authorization issue. Continuing.'.format(lambda_client.meta.region_name)) logger.debug('Exception details: {}'.format(ex))  logger.info('Generating Edges based on Lambda data.') logger.debug('Identified {} Lambda functions for processing'.format(len(function_list))) result = generate_edges_locally(nodes, function_list, scps)  for edge in result: logger.info(\"Found new edge: {}\".format(edge.describe_edge()))  return result"}
{"name": "principalmapper.principalmapper.graphing.sts_edges.STSEdgeChecker", "code": "class STSEdgeChecker(EdgeChecker): \"\"\"Class for identifying if STS can be used by IAM principals to gain access to other IAM principals.\"\"\"  def return_edges(self, nodes: List[Node], region_allow_list: Optional[List[str]] = None, region_deny_list: Optional[List[str]] = None, scps: Optional[List[List[dict]]] = None, client_args_map: Optional[dict] = None) -> List[Edge]: \"\"\"Fulfills expected method return_edges. If the session object is None, performs checks in offline-mode\"\"\"  result = generate_edges_locally(nodes, scps) logger.info('Generating Edges based on STS')  for edge in result: logger.info(\"Found new edge: {}\".format(edge.describe_edge()))  return result"}
{"name": "principalmapper.principalmapper.graphing.ec2_edges.EC2EdgeChecker", "code": "class EC2EdgeChecker(EdgeChecker): \"\"\"Class for identifying if EC2 can be used by IAM principals to gain access to other IAM principals.\"\"\"  def return_edges(self, nodes: List[Node], region_allow_list: Optional[List[str]] = None, region_deny_list: Optional[List[str]] = None, scps: Optional[List[List[dict]]] = None, client_args_map: Optional[dict] = None) -> List[Edge]: \"\"\"Fulfills expected method return_edges.\"\"\"  logger.info('Generating Edges based on EC2.') result = generate_edges_locally(nodes, scps)  for edge in result: logger.info(\"Found new edge: {}\".format(edge.describe_edge()))  return result"}
{"name": "principalmapper.principalmapper.graphing.autoscaling_edges.AutoScalingEdgeChecker", "code": "class AutoScalingEdgeChecker(EdgeChecker): \"\"\"Class for identifying if EC2 Auto Scaling can be used by IAM principals to gain access to other IAM principals.\"\"\"  def return_edges(self, nodes: List[Node], region_allow_list: Optional[List[str]] = None, region_deny_list: Optional[List[str]] = None, scps: Optional[List[List[dict]]] = None, client_args_map: Optional[dict] = None) -> List[Edge]: \"\"\"Fulfills expected method return_edges.\"\"\"  logger.info('Generating Edges based on EC2 Auto Scaling.')  if client_args_map is None: asargs = {} else: asargs = client_args_map.get('autoscaling', {})  # Gather projects information for each region autoscaling_clients = [] if self.session is not None: as_regions = botocore_tools.get_regions_to_search(self.session, 'autoscaling', region_allow_list, region_deny_list) for region in as_regions: autoscaling_clients.append(self.session.create_client('autoscaling', region_name=region, **asargs))  launch_configs = [] for as_client in autoscaling_clients: logger.debug('Looking at region {}'.format(as_client.meta.region_name)) try: lc_paginator = as_client.get_paginator('describe_launch_configurations') for page in lc_paginator.paginate(): if 'LaunchConfigurations' in page: for launch_config in page['LaunchConfigurations']: if 'IamInstanceProfile' in launch_config and launch_config['IamInstanceProfile']: launch_configs.append({ 'lc_arn': launch_config['LaunchConfigurationARN'], 'lc_iip': launch_config['IamInstanceProfile'] })  except ClientError as ex: logger.warning('Unable to search region {} for launch configs. The region may be disabled, or the error may ' 'be caused by an authorization issue. Continuing.'.format(as_client.meta.region_name)) logger.debug('Exception details: {}'.format(ex))  result = generate_edges_locally(nodes, scps, launch_configs)  for edge in result: logger.info(\"Found new edge: {}\".format(edge.describe_edge()))  return result"}
{"name": "principalmapper.principalmapper.graphing.edge_checker.EdgeChecker", "code": "class EdgeChecker(object): \"\"\"Base class for all edge-identifying classes.\"\"\"  def __init__(self, session: botocore.session.Session): self.session = session  def return_edges(self, nodes: List[Node], region_allow_list: Optional[List[str]] = None, region_deny_list: Optional[List[str]] = None, scps: Optional[List[List[dict]]] = None, client_args_map: Optional[dict] = None) -> List[Edge]: \"\"\"Subclasses shall override this method. Given a list of nodes, the EdgeChecker should be able to use its session object in order to make clients and call the AWS API to resolve information about the account. Then, with this information, it should return a list of edges between the passed nodes.  The region allow/deny lists are mutually-exclusive (i.e. at least one of which has the value None) lists of allowed/denied regions to pull data from. \"\"\" raise NotImplementedError('The return_edges method should not be called from EdgeChecker, but rather from an ' 'object that subclasses EdgeChecker')"}
{"name": "principalmapper.principalmapper.graphing.sagemaker_edges.SageMakerEdgeChecker", "code": "class SageMakerEdgeChecker(EdgeChecker): \"\"\"Class for identifying if Amazon SageMaker can be used by IAM principals to access other principals.  TODO: add checks for CreateDomain and related operations \"\"\"  def return_edges(self, nodes: List[Node], region_allow_list: Optional[List[str]] = None, region_deny_list: Optional[List[str]] = None, scps: Optional[List[List[dict]]] = None, client_args_map: Optional[dict] = None) -> List[Edge]: \"\"\"fulfills expected method\"\"\"  logger.info('Generating Edges based on SageMaker') result = generate_edges_locally(nodes, scps)  for edge in result: logger.info(\"Found new edge: {}\".format(edge.describe_edge()))  return result"}
{"name": "principalmapper.principalmapper.graphing.codebuild_edges.CodeBuildEdgeChecker", "code": "class CodeBuildEdgeChecker(EdgeChecker): \"\"\"Class for identifying if CodeBuild can be used by IAM principals to gain access to other IAM principals.\"\"\"  def return_edges(self, nodes: List[Node], region_allow_list: Optional[List[str]] = None, region_deny_list: Optional[List[str]] = None, scps: Optional[List[List[dict]]] = None, client_args_map: Optional[dict] = None) -> List[Edge]: \"\"\"Fulfills expected method return_edges.\"\"\"  logger.info('Generating Edges based on CodeBuild.')  # Gather projects information for each region  if client_args_map is None: cbargs = {} else: cbargs = client_args_map.get('codebuild', {})  codebuild_clients = [] if self.session is not None: cf_regions = botocore_tools.get_regions_to_search(self.session, 'codebuild', region_allow_list, region_deny_list) for region in cf_regions: codebuild_clients.append(self.session.create_client('codebuild', region_name=region, **cbargs))  codebuild_projects = [] for cb_client in codebuild_clients: logger.debug('Looking at region {}'.format(cb_client.meta.region_name)) region_project_list_list = [] try: # list the projects first, 50 at a time paginator = cb_client.get_paginator('list_projects') for page in paginator.paginate(PaginationConfig={'MaxItems': 50}): if 'projects' in page and len(page['projects']) > 0: region_project_list_list.append(page['projects'])  for region_project_list in region_project_list_list: batch_project_data = cb_client.batch_get_projects(names=region_project_list)  # no pagination if 'projects' in batch_project_data: for project_data in batch_project_data['projects']: if 'serviceRole' in project_data: codebuild_projects.append({ 'project_arn': project_data['arn'], 'project_role': project_data['serviceRole'], 'project_tags': project_data['tags'] })  except ClientError as ex: logger.warning('Unable to search region {} for projects. The region may be disabled, or the error may ' 'be caused by an authorization issue. Continuing.'.format(cb_client.meta.region_name)) logger.debug('Exception details: {}'.format(ex))  result = generate_edges_locally(nodes, scps, codebuild_projects)  for edge in result: logger.info(\"Found new edge: {}\".format(edge.describe_edge()))  return result"}
