{"name": "PyLaTeX.pylatex.base_classes.float.Float.__init__", "code": "def __init__(self, *, position=None, **kwargs): \"\"\" Args ---- position: str Define the positioning of a floating environment, for instance ``'h'``. See the references for more information.  References ---------- * https://www.sharelatex.com/learn/Positioning_of_Figures \"\"\"  super().__init__(options=position, **kwargs)"}
{"name": "PyLaTeX.pylatex.base_classes.float.Float.add_caption", "code": "def add_caption(self, caption): \"\"\"Add a caption to the float.  Args ---- caption: str The text of the caption. \"\"\"  self.append(Command(\"caption\", caption))"}
{"name": "PyLaTeX.pylatex.base_classes.command.CommandBase.__init__", "code": "def __init__(self, arguments=None, options=None, *, extra_arguments=None): r\"\"\" Args ---- arguments: None, str, list or `~.Arguments` The main arguments of the command. options: None, str, list or `~.Options` Options of the command. These are placed in front of the arguments. extra_arguments: None, str, list or `~.Arguments` Extra arguments for the command. When these are supplied the options will be placed before them instead of before the normal arguments. This allows for a way of having one or more arguments before the options.  \"\"\"  self._set_parameters(arguments, \"arguments\") self._set_parameters(options, \"options\") if extra_arguments is None: self.extra_arguments = None else: self._set_parameters(extra_arguments, \"extra_arguments\")  super().__init__()"}
{"name": "PyLaTeX.pylatex.base_classes.command.CommandBase._set_parameters", "code": "def _set_parameters(self, parameters, argument_type): parameter_cls = Options if argument_type == \"options\" else Arguments  if parameters is None: parameters = parameter_cls() elif not isinstance(parameters, parameter_cls): parameters = parameter_cls(parameters)  # Pass on escaping to generated parameters parameters._default_escape = self._default_escape  setattr(self, argument_type, parameters)"}
{"name": "PyLaTeX.pylatex.base_classes.command.CommandBase.__key", "code": "def __key(self): \"\"\"Return a hashable key, representing the command.  Returns ------- tuple \"\"\"  return (self.latex_name, self.arguments, self.options, self.extra_arguments)"}
{"name": "PyLaTeX.pylatex.base_classes.command.CommandBase.__eq__", "code": "def __eq__(self, other): \"\"\"Compare two commands.  Args ---- other: `~.CommandBase` instance The command to compare this command to   Returns ------- bool: If the two instances are equal \"\"\"  if isinstance(other, CommandBase): return self.__key() == other.__key()  return False"}
{"name": "PyLaTeX.pylatex.base_classes.command.CommandBase.__hash__", "code": "def __hash__(self): \"\"\"Calculate the hash of a command.  Returns ------- int: The hash of the command \"\"\"  return hash(self.__key())"}
{"name": "PyLaTeX.pylatex.base_classes.command.CommandBase.dumps", "code": "def dumps(self): \"\"\"Represent the command as a string in LaTeX syntax.  Returns ------- str The LaTeX formatted command \"\"\"  options = self.options.dumps() arguments = self.arguments.dumps()  if self.extra_arguments is None: return r\"\\{command}{options}{arguments}\".format( command=self.latex_name, options=options, arguments=arguments )  extra_arguments = self.extra_arguments.dumps()  return r\"\\{command}{arguments}{options}{extra_arguments}\".format( command=self.latex_name, arguments=arguments, options=options, extra_arguments=extra_arguments, )"}
{"name": "PyLaTeX.pylatex.base_classes.command.Command.__init__", "code": "def __init__( self, command=None, arguments=None, options=None, *, extra_arguments=None, packages=None ): r\"\"\" Args ---- command: str Name of the command arguments: None, str, list or `~.Arguments` The main arguments of the command. options: None, str, list or `~.Options` Options of the command. These are placed in front of the arguments. extra_arguments: None, str, list or `~.Arguments` Extra arguments for the command. When these are supplied the options will be placed before them instead of before the normal arguments. This allows for a way of having one or more arguments before the options. packages: list of `~.Package` instances A list of the packages that this command requires  Examples -------- >>> Command('documentclass', >>>         options=Options('12pt', 'a4paper', 'twoside'), >>>         arguments='article').dumps() '\\\\documentclass[12pt,a4paper,twoside]{article}' >>> Command('com') '\\\\com' >>> Command('com', 'first') '\\\\com{first}' >>> Command('com', 'first', 'option') '\\\\com[option]{first}' >>> Command('com', 'first', 'option', 'second') '\\\\com{first}[option]{second}'  \"\"\"  self.latex_name = command  super().__init__(arguments, options, extra_arguments=extra_arguments)  if packages is not None: self.packages |= packages"}
{"name": "PyLaTeX.pylatex.base_classes.command.Parameters.__repr__", "code": "def __repr__(self): args = [repr(a) for a in self._positional_args] args += [\"%s=%r\" % k_v for k_v in self._key_value_args.items()] return self.__class__.__name__ + \"(\" + \", \".join(args) + \")\""}
{"name": "PyLaTeX.pylatex.base_classes.command.Parameters.__init__", "code": "def __init__(self, *args, **kwargs): r\"\"\" Args ---- \\*args: Positional parameters \\*\\*kwargs: Keyword parameters \"\"\"  if len(args) == 1 and not isinstance(args[0], str): if hasattr(args[0], \"items\") and len(kwargs) == 0: kwargs = args[0]  # do not just iterate over the dict keys args = () elif hasattr(args[0], \"__iter__\"): args = args[0]  self._positional_args = list(args) self._key_value_args = dict(kwargs)  super().__init__()"}
{"name": "PyLaTeX.pylatex.base_classes.command.Parameters.__key", "code": "def __key(self): \"\"\"Generate a unique hashable key representing the parameter object.  Returns ------- tuple \"\"\"  return tuple(self._list_args_kwargs())"}
{"name": "PyLaTeX.pylatex.base_classes.command.Parameters.__eq__", "code": "def __eq__(self, other): \"\"\"Compare two parameters.  Returns ------- bool \"\"\"  return type(self) == type(other) and self.__key() == other.__key()"}
{"name": "PyLaTeX.pylatex.base_classes.command.Parameters.__hash__", "code": "def __hash__(self): \"\"\"Generate a hash of the parameters.  Returns ------- int \"\"\"  return hash(self.__key())"}
{"name": "PyLaTeX.pylatex.base_classes.command.Parameters._format_contents", "code": "def _format_contents(self, prefix, separator, suffix): \"\"\"Format the parameters.  The formatting is done using the three arguments suplied to this function.  Arguments --------- prefix: str separator: str suffix: str  Returns ------- str \"\"\"  params = self._list_args_kwargs()  if len(params) <= 0: return \"\"  string = ( prefix + dumps_list(params, escape=self.escape, token=separator) + suffix )  return string"}
{"name": "PyLaTeX.pylatex.base_classes.command.Parameters._list_args_kwargs", "code": "def _list_args_kwargs(self): \"\"\"Make a list of strings representing al parameters.  Returns ------- list \"\"\"  params = [] params.extend(self._positional_args) params.extend( [\"{k}={v}\".format(k=k, v=v) for k, v in self._key_value_args.items()] )  return params"}
{"name": "PyLaTeX.pylatex.base_classes.command.Options.dumps", "code": "def dumps(self): \"\"\"Represent the parameters as a string in LaTeX syntax.  This is to be appended to a command.  Returns ------- str \"\"\"  return self._format_contents(\"[\", \",\", \"]\")"}
{"name": "PyLaTeX.pylatex.base_classes.command.SpecialOptions.dumps", "code": "def dumps(self): \"\"\"Represent the parameters as a string in LaTex syntax.\"\"\"  return self._format_contents(\"[\", \"][\", \"]\")"}
{"name": "PyLaTeX.pylatex.base_classes.command.Arguments.dumps", "code": "def dumps(self): \"\"\"Represent the parameters as a string in LaTeX syntax.  This is to be appended to a command.  Returns ------- str \"\"\"  return self._format_contents(\"{\", \"}{\", \"}\")"}
{"name": "PyLaTeX.pylatex.base_classes.command.SpecialArguments.dumps", "code": "def dumps(self): \"\"\"Represent the parameters as a string in LaTeX syntax.  This is to be appended to a command.  Returns ------- str \"\"\"  return self._format_contents(\"{\", \",\", \"}\")"}
{"name": "PyLaTeX.pylatex.base_classes.latex_object._CreatePackages.__init__", "code": "def __init__(cls, name, bases, d):  # noqa packages = OrderedSet()  for b in bases: if hasattr(b, \"packages\"): packages |= b.packages  if \"packages\" in d: packages |= d[\"packages\"]  cls.packages = packages  super().__init__(name, bases, d)"}
{"name": "PyLaTeX.pylatex.base_classes.latex_object.LatexObject.escape", "code": "def escape(self): \"\"\"Determine whether or not to escape content of this class.  This defaults to `True` for most classes. \"\"\" if self._escape is not None: return self._escape if self._default_escape is not None: return self._default_escape return True"}
{"name": "PyLaTeX.pylatex.base_classes.latex_object.LatexObject.escape", "code": "def escape(self, value): \"\"\"Escape flag setter - to be used at object level.\"\"\" self._escape = value"}
{"name": "PyLaTeX.pylatex.base_classes.latex_object.LatexObject.__init__", "code": "def __init__(self): # TODO: only create a copy of packages when it will # Create a copy of the packages attribute, so changing it in an # instance will not change the class default. self.packages = self.packages.copy()"}
{"name": "PyLaTeX.pylatex.base_classes.latex_object.LatexObject.__repr__", "code": "def __repr__(self): \"\"\"Create a printable representation of the object.\"\"\"  return ( self.__class__.__name__ + \"(\" + \", \".join(map(repr, self._repr_values)) + \")\" )"}
{"name": "PyLaTeX.pylatex.base_classes.latex_object.LatexObject._repr_values", "code": "def _repr_values(self): \"\"\"Return values that are to be shown in repr string.\"\"\"  def getattr_better(obj, field): try: return getattr(obj, field) except AttributeError as e: try: return getattr(obj, \"_\" + field) except AttributeError: raise e  return (getattr_better(self, attr) for attr in self._repr_attributes)"}
{"name": "PyLaTeX.pylatex.base_classes.latex_object.LatexObject._repr_attributes", "code": "def _repr_attributes(self): \"\"\"Return attributes that should be part of the repr string.\"\"\" if self._repr_attributes_override is None: # Default to init arguments attrs = getfullargspec(self.__init__).args[1:] mapping = self._repr_attributes_mapping if mapping: attrs = [mapping[a] if a in mapping else a for a in attrs] return attrs  return self._repr_attributes_override"}
{"name": "PyLaTeX.pylatex.base_classes.latex_object.LatexObject.latex_name", "code": "def latex_name(self): \"\"\"Return the name of the class used in LaTeX.  It can be `None` when the class doesn't have a name. \"\"\" star = \"*\" if self._star_latex_name else \"\" if self._latex_name is not None: return self._latex_name + star return self.__class__.__name__.lower() + star"}
{"name": "PyLaTeX.pylatex.base_classes.latex_object.LatexObject.latex_name", "code": "def latex_name(self, value): self._latex_name = value"}
{"name": "PyLaTeX.pylatex.base_classes.latex_object.LatexObject.dumps", "code": "def dumps(self): \"\"\"Represent the class as a string in LaTeX syntax.  This method should be implemented by any class that subclasses this class. \"\"\""}
{"name": "PyLaTeX.pylatex.base_classes.latex_object.LatexObject.dump", "code": "def dump(self, file_w): \"\"\"Write the LaTeX representation of the class to a file.  Args ---- file_w: io.TextIOBase The file object in which to save the data  \"\"\"  file_w.write(self.dumps())"}
{"name": "PyLaTeX.pylatex.base_classes.latex_object.LatexObject.generate_tex", "code": "def generate_tex(self, filepath): \"\"\"Generate a .tex file.  Args ---- filepath: str The name of the file (without .tex) \"\"\"  with open(filepath + \".tex\", \"w\", encoding=\"utf-8\") as newf: self.dump(newf)"}
{"name": "PyLaTeX.pylatex.base_classes.latex_object.LatexObject.dumps_packages", "code": "def dumps_packages(self): \"\"\"Represent the packages needed as a string in LaTeX syntax.  Returns ------- list \"\"\"  return dumps_list(self.packages)"}
{"name": "PyLaTeX.pylatex.base_classes.latex_object.LatexObject.dump_packages", "code": "def dump_packages(self, file_w): \"\"\"Write the LaTeX representation of the packages to a file.  Args ---- file_w: io.TextIOBase The file object in which to save the data  \"\"\"  file_w.write(self.dumps_packages())"}
{"name": "PyLaTeX.pylatex.base_classes.latex_object.LatexObject.dumps_as_content", "code": "def dumps_as_content(self): \"\"\"Create a string representation of the object as content.  This is currently only used to add new lines before and after the output of the dumps function. These can be added or removed by changing the `begin_paragraph`, `end_paragraph` and `separate_paragraph` attributes of the class. \"\"\"  string = self.dumps()  if self.separate_paragraph or self.begin_paragraph: string = \"\\n\\n\" + string.lstrip(\"\\n\")  if self.separate_paragraph or self.end_paragraph: string = string.rstrip(\"\\n\") + \"\\n\\n\"  return string"}
{"name": "PyLaTeX.pylatex.base_classes.containers.Container.__init__", "code": "def __init__(self, *, data=None): r\"\"\" Args ---- data: list, `~.LatexObject` or something that can be converted to a \\ string The content with which the container is initialized \"\"\"  if data is None: data = [] elif not isinstance(data, list): # If the data is not already a list make it a list, otherwise list # operations will not work data = [data]  self.data = data self.real_data = data  # Always the data of this instance  super().__init__()"}
{"name": "PyLaTeX.pylatex.base_classes.containers.Container._repr_attributes", "code": "def _repr_attributes(self): return super()._repr_attributes + [\"real_data\"]"}
{"name": "PyLaTeX.pylatex.base_classes.containers.Container.dumps_content", "code": "def dumps_content(self, **kwargs): r\"\"\"Represent the container as a string in LaTeX syntax.  Args ---- \\*\\*kwargs: Arguments that can be passed to `~.dumps_list`   Returns ------- string: A LaTeX string representing the container \"\"\"  return dumps_list( self, escape=self.escape, token=self.content_separator, **kwargs )"}
{"name": "PyLaTeX.pylatex.base_classes.containers.Container._propagate_packages", "code": "def _propagate_packages(self): \"\"\"Make sure packages get propagated.\"\"\"  for item in self.data: if isinstance(item, LatexObject): if isinstance(item, Container): item._propagate_packages() for p in item.packages: self.packages.add(p)"}
{"name": "PyLaTeX.pylatex.base_classes.containers.Container.dumps_packages", "code": "def dumps_packages(self): r\"\"\"Represent the packages needed as a string in LaTeX syntax.  Returns ------- string: A LaTeX string representing the packages of the container \"\"\"  self._propagate_packages()  return super().dumps_packages()"}
{"name": "PyLaTeX.pylatex.base_classes.containers.Container.create", "code": "def create(self, child): \"\"\"Add a LaTeX object to current container, context-manager style.  Args ---- child: `~.Container` An object to be added to the current container \"\"\"  prev_data = self.data self.data = child.data  # This way append works appends to the child  yield child  # allows with ... as to be used as well  self.data = prev_data self.append(child)"}
{"name": "PyLaTeX.pylatex.base_classes.containers.Environment.__init__", "code": "def __init__(self, *, options=None, arguments=None, start_arguments=None, **kwargs): r\"\"\" Args ---- options: str or list or  `~.Options` Options to be added to the ``\\begin`` command  arguments: str or list or `~.Arguments` Arguments to be added to the ``\\begin`` command  start_arguments: str or list or `~.Arguments` Arguments to be added before the options \"\"\"  self.options = options self.arguments = arguments self.start_arguments = start_arguments  super().__init__(**kwargs)"}
{"name": "PyLaTeX.pylatex.base_classes.containers.Environment.dumps", "code": "def dumps(self): \"\"\"Represent the environment as a string in LaTeX syntax.  Returns ------- str A LaTeX string representing the environment. \"\"\"  content = self.dumps_content() if not content.strip() and self.omit_if_empty: return \"\"  string = \"\"  # Something other than None needs to be used as extra arguments, that # way the options end up behind the latex_name argument. if self.arguments is None: extra_arguments = Arguments() else: extra_arguments = self.arguments  begin = Command( \"begin\", self.start_arguments, self.options, extra_arguments=extra_arguments ) begin.arguments._positional_args.insert(0, self.latex_name) string += begin.dumps() + self.content_separator  string += content + self.content_separator  string += Command(\"end\", self.latex_name).dumps()  return string"}
{"name": "PyLaTeX.pylatex.base_classes.containers.Fragment.__init__", "code": "def __init__(self, **kwargs): \"\"\" Args ---- \"\"\"  super().__init__(**kwargs)"}
{"name": "PyLaTeX.pylatex.base_classes.containers.Fragment.dumps", "code": "def dumps(self): \"\"\"Represent the fragment as a string in LaTeX syntax. Returns ------- str \"\"\"  return self.dumps_content()"}
{"name": "PyLaTeX.pylatex.base_classes.containers.ContainerCommand.__init__", "code": "def __init__(self, arguments=None, options=None, *, data=None, **kwargs): r\"\"\" Args ---- arguments: str or `list` The arguments for the container command options: str, list or `~.Options` The options for the preamble command data: str or `~.LatexObject` The data to place inside the preamble command \"\"\"  self.arguments = arguments self.options = options  super().__init__(data=data, **kwargs)"}
{"name": "PyLaTeX.pylatex.base_classes.containers.ContainerCommand.dumps", "code": "def dumps(self): r\"\"\"Convert the container to a string in latex syntax.\"\"\"  content = self.dumps_content()  if not content.strip() and self.omit_if_empty: return \"\"  string = \"\"  start = Command(self.latex_name, arguments=self.arguments, options=self.options)  string += start.dumps() + \"{%\\n\"  if content != \"\": string += content + \"%\\n}\" else: string += \"}\"  return string"}
{"name": "PyLaTeX.pylatex.position.HorizontalSpace.__init__", "code": "def __init__(self, size, *, star=True): \"\"\" Args ---- size: str The amount of space to add star: bool Use the star variant of the command. Enabling this makes sure the space is also added where page breaking takes place. \"\"\"  if star: self.latex_name += \"*\"  super().__init__(arguments=size)"}
{"name": "PyLaTeX.pylatex.position.MiniPage.__init__", "code": "def __init__( self, *, width=NoEscape(r\"\\textwidth\"), pos=None, height=None, content_pos=None, align=None, fontsize=None, data=None ): r\"\"\" Args ---- width: str width of the minipage pos: str The vertical alignment of the minipage relative to the baseline (center(c), top(t), bottom(b)) height: str height of the minipage content_pos: str The position of the content inside the minipage (center(c), bottom(b), top(t), spread(s)) align: str alignment of the minibox fontsize: str The font size of the minipage data: str or `~.LatexObject` The data to place inside the MiniPage element \"\"\"  options = []  if pos is not None: options.append(pos)  if height is not None: options.append(NoEscape(height))  if (content_pos is not None) and (pos is not None) and (height is not None): options.append(content_pos)  options = SpecialOptions(*options)  arguments = [NoEscape(str(width))]  extra_data = []  if align is not None: if align == \"l\": extra_data.append(Command(command=\"flushleft\")) elif align == \"c\": extra_data.append(Command(command=\"centering\")) elif align == \"r\": extra_data.append(Command(command=\"flushright\"))  if fontsize is not None: extra_data.append(Command(command=fontsize))  if data is not None: if isinstance(data, list): data = extra_data + data else: data = extra_data + [data] else: data = extra_data  super().__init__(arguments=arguments, options=options, data=data)"}
{"name": "PyLaTeX.pylatex.position.TextBlock.__init__", "code": "def __init__(self, width, horizontal_pos, vertical_pos, *, indent=False, data=None): r\"\"\" Args ---- width: float Width of the text block in the units specified by TPHorizModule horizontal_pos: float Horizontal position in units specified by the TPHorizModule indent: bool Determines whether the text block has an indent before it vertical_pos: float Vertical position in units specified by the TPVertModule data: str or `~.LatexObject` The data to place inside the TextBlock element \"\"\"  arguments = width self.horizontal_pos = horizontal_pos self.vertical_pos = vertical_pos  super().__init__(arguments=arguments)  self.append(\"(%s, %s)\" % (str(self.horizontal_pos), str(self.vertical_pos)))  if not indent: self.append(NoEscape(r\"\\noindent\"))"}
{"name": "PyLaTeX.pylatex.section.Section.__init__", "code": "def __init__(self, title, numbering=None, *, label=True, **kwargs): \"\"\" Args ---- title: str The section title. numbering: bool Add a number before the section title. label: Label or bool or str Can set a label manually or use a boolean to set preference between automatic or no label \"\"\"  self.title = title  if numbering is not None: self.numbering = numbering if isinstance(label, Label): self.label = label elif isinstance(label, str): if \":\" in label: label = label.split(\":\", 1) self.label = Label(Marker(label[1], label[0])) else: self.label = Label(Marker(label, self.marker_prefix)) elif label: self.label = Label(Marker(title, self.marker_prefix)) else: self.label = None  super().__init__(**kwargs)"}
{"name": "PyLaTeX.pylatex.section.Section.dumps", "code": "def dumps(self): \"\"\"Represent the section as a string in LaTeX syntax.  Returns ------- str  \"\"\"  if not self.numbering: num = \"*\" else: num = \"\"  string = Command(self.latex_name + num, self.title).dumps() if self.label is not None: string += \"%\\n\" + self.label.dumps() string += \"%\\n\" + self.dumps_content()  return string"}
{"name": "PyLaTeX.pylatex.figure.Figure.add_image", "code": "def add_image( self, filename, *, width=NoEscape(r\"0.8\\textwidth\"), placement=NoEscape(r\"\\centering\") ): \"\"\"Add an image to the figure.  Args ---- filename: str Filename of the image. width: str The width of the image placement: str Placement of the figure, `None` is also accepted.  \"\"\"  if width is not None: if self.escape: width = escape_latex(width)  width = \"width=\" + str(width)  if placement is not None: self.append(placement)  self.append( StandAloneGraphic(image_options=width, filename=fix_filename(filename)) )"}
{"name": "PyLaTeX.pylatex.figure.Figure._save_plot", "code": "def _save_plot(self, *args, extension=\"pdf\", **kwargs): \"\"\"Save the plot.  Returns ------- str The basename with which the plot has been saved. \"\"\" import matplotlib.pyplot as plt  tmp_path = make_temp_dir() filename = \"{}.{}\".format(str(uuid.uuid4()), extension.strip(\".\")) filepath = posixpath.join(tmp_path, filename)  plt.savefig(filepath, *args, **kwargs) return filepath"}
{"name": "PyLaTeX.pylatex.figure.Figure.add_plot", "code": "def add_plot(self, *args, extension=\"pdf\", **kwargs): \"\"\"Add the current Matplotlib plot to the figure.  The plot that gets added is the one that would normally be shown when using ``plt.show()``.  Args ---- args: Arguments passed to plt.savefig for displaying the plot. extension : str extension of image file indicating figure file type kwargs: Keyword arguments passed to plt.savefig for displaying the plot. In case these contain ``width`` or ``placement``, they will be used for the same purpose as in the add_image command. Namely the width and placement of the generated plot in the LaTeX document. \"\"\"  add_image_kwargs = {}  for key in (\"width\", \"placement\"): if key in kwargs: add_image_kwargs[key] = kwargs.pop(key)  filename = self._save_plot(*args, extension=extension, **kwargs)  self.add_image(filename, **add_image_kwargs)"}
{"name": "PyLaTeX.pylatex.figure.SubFigure.__init__", "code": "def __init__(self, width=NoEscape(r\"0.45\\linewidth\"), **kwargs): \"\"\" Args ---- width: str Width of the subfigure itself. It needs a width because it is inside another figure.  \"\"\"  super().__init__(arguments=width, **kwargs)"}
{"name": "PyLaTeX.pylatex.figure.SubFigure.add_image", "code": "def add_image(self, filename, *, width=NoEscape(r\"\\linewidth\"), placement=None): \"\"\"Add an image to the subfigure.  Args ---- filename: str Filename of the image. width: str Width of the image in LaTeX terms. placement: str Placement of the figure, `None` is also accepted. \"\"\"  super().add_image(filename, width=width, placement=placement)"}
{"name": "PyLaTeX.pylatex.figure.StandAloneGraphic.__init__", "code": "def __init__( self, filename, image_options=NoEscape(r\"width=0.8\\textwidth\"), extra_arguments=None, ): r\"\"\" Args ---- filename: str The path to the image file image_options: str or `list` Specifies the options for the image (ie. height, width) \"\"\"  arguments = [NoEscape(filename)]  super().__init__( command=self._latex_name, arguments=arguments, options=image_options, extra_arguments=extra_arguments, )"}
{"name": "PyLaTeX.pylatex.config.Version1.__init__", "code": "def __init__(self, **kwargs): \"\"\" Args ---- kwargs: Key value pairs of the default attributes that should be overridden \"\"\" for k, v in kwargs.items(): setattr(self, k, v)"}
{"name": "PyLaTeX.pylatex.config.Version1.use", "code": "def use(self): \"\"\"Use the config temporarily in specific context.  A simple usage example::  with Version1(indent=False).use(): # Do stuff where indent should be False ...   \"\"\" global active prev = active active = self yield active = prev"}
{"name": "PyLaTeX.pylatex.config.Version1.change", "code": "def change(self, **kwargs): \"\"\"Override some attributes of the config in a specific context.  A simple usage example::  with pylatex.config.active.change(indent=False): # Do stuff where indent should be False ...  Args ---- kwargs: Key value pairs of the default attributes that should be overridden \"\"\"  old_attrs = {}  for k, v in kwargs.items(): old_attrs[k] = getattr(self, k, v) setattr(self, k, v)  yield self  # allows with ... as ...  for k, v in old_attrs.items(): setattr(self, k, v)"}
{"name": "PyLaTeX.pylatex.headfoot.PageStyle.__init__", "code": "def __init__(self, name, *, header_thickness=0, footer_thickness=0, data=None): r\"\"\" Args ---- name: str The name of the page style header_thickness: float Value to set for the line under the header footer_thickness: float Value to set for the line over the footer data: str or `~.LatexObject` The data to place inside the PageStyle \"\"\"  self.name = name  super().__init__(data=data, arguments=self.name)  self.change_thickness(element=\"header\", thickness=header_thickness) self.change_thickness(element=\"footer\", thickness=footer_thickness)  # Clear the current header and footer self.append(Head()) self.append(Foot())"}
{"name": "PyLaTeX.pylatex.headfoot.PageStyle.change_thickness", "code": "def change_thickness(self, element, thickness): r\"\"\"Change line thickness.  Changes the thickness of the line under/over the header/footer to the specified thickness.  Args ---- element: str the name of the element to change thickness for: header, footer thickness: float the thickness to set the line to \"\"\"  if element == \"header\": self.data.append( Command( \"renewcommand\", arguments=[NoEscape(r\"\\headrulewidth\"), str(thickness) + \"pt\"], ) ) elif element == \"footer\": self.data.append( Command( \"renewcommand\", arguments=[NoEscape(r\"\\footrulewidth\"), str(thickness) + \"pt\"], ) )"}
{"name": "PyLaTeX.pylatex.headfoot.Head.__init__", "code": "def __init__(self, position=None, *, data=None): r\"\"\" Args ---- position: str the headers position: L, C, R data: str or `~.LatexObject` The data to place inside the Head element \"\"\"  self.position = position  super().__init__(data=data, options=position)"}
{"name": "PyLaTeX.pylatex.labelref.Marker.__init__", "code": "def __init__(self, name, prefix=\"\", del_invalid_char=True): \"\"\" Args ---- name: str Name of the marker. prefix: str Prefix to add before the name (prefix:name). del_invalid_char: bool If True invalid and dangerous characters will be removed from the marker \"\"\"  if del_invalid_char: prefix = _remove_invalid_char(prefix) name = _remove_invalid_char(name) self.prefix = prefix self.name = name"}
{"name": "PyLaTeX.pylatex.labelref.Marker.__str__", "code": "def __str__(self): return ((self.prefix + \":\") if self.prefix != \"\" else \"\") + self.name"}
{"name": "PyLaTeX.pylatex.labelref.Marker.dumps", "code": "def dumps(self): \"\"\"Represent the Marker as a string in LaTeX syntax.  Returns ------- str  \"\"\" return str(self)"}
{"name": "PyLaTeX.pylatex.labelref.RefLabelBase.__init__", "code": "def __init__(self, marker): \"\"\" Args ---- marker: Marker The marker to use with the label/ref. \"\"\"  self.marker = marker super().__init__(arguments=(str(marker)))"}
{"name": "PyLaTeX.pylatex.labelref.Hyperref.__init__", "code": "def __init__(self, marker, text): \"\"\" Args ---- marker: Marker The marker to use with the label/ref. text: str The text that will be shown as a link to the label of the same marker. \"\"\"  self.marker = marker super().__init__(options=(str(marker)), arguments=text)"}
{"name": "PyLaTeX.pylatex.table.Tabular.__init__", "code": "def __init__( self, table_spec, data=None, pos=None, *, row_height=None, col_space=None, width=None, booktabs=None, **kwargs ): \"\"\" Args ---- table_spec: str A string that represents how many columns a table should have and if it should contain vertical lines and where. pos: list row_height: float Specifies the heights of the rows in relation to the default row height col_space: str Specifies the spacing between table columns booktabs: bool Enable or disable booktabs style tables. These tables generally look nicer than regular tables. If this is `None` it will use the value of the ``booktabs`` attribte from the `~.active` configuration. This attribute is `False` by default. width: int The amount of columns that the table has. If this is `None` it is calculated based on the ``table_spec``, but this is only works for simple specs. In cases where this calculation is wrong override the width using this argument.  References ---------- * https://en.wikibooks.org/wiki/LaTeX/Tables#The_tabular_environment \"\"\"  if width is None: self.width = _get_table_width(table_spec) else: self.width = width  if booktabs is None: booktabs = cf.active.booktabs self.booktabs = booktabs  if self.booktabs: self.packages.add(Package(\"booktabs\")) table_spec = \"@{}%s@{}\" % table_spec  self.row_height = row_height if row_height is not None else cf.active.row_height self.col_space = col_space  super().__init__( data=data, options=pos, arguments=NoEscape(table_spec), **kwargs )  # Parameter that determines if the xcolor package has been added. self.color = False"}
{"name": "PyLaTeX.pylatex.table.Tabular.dumps", "code": "def dumps(self): r\"\"\"Turn the Latex Object into a string in Latex format.\"\"\"  string = \"\"  if self.row_height is not None: row_height = Command( \"renewcommand\", arguments=[NoEscape(r\"\\arraystretch\"), self.row_height] ) string += row_height.dumps() + \"%\\n\"  if self.col_space is not None: col_space = Command( \"setlength\", arguments=[NoEscape(r\"\\tabcolsep\"), self.col_space] ) string += col_space.dumps() + \"%\\n\"  return string + super().dumps()"}
{"name": "PyLaTeX.pylatex.table.Tabular.dumps_content", "code": "def dumps_content(self, **kwargs): r\"\"\"Represent the content of the tabular in LaTeX syntax.  This adds the top and bottomrule when using a booktabs style tabular.  Args ---- \\*\\*kwargs: Arguments that can be passed to `~.dumps_list`  Returns ------- string: A LaTeX string representing the \"\"\"  content = \"\" if self.booktabs: content += \"\\\\toprule%\\n\"  content += super().dumps_content(**kwargs)  if self.booktabs: content += \"\\\\bottomrule%\\n\"  return NoEscape(content)"}
{"name": "PyLaTeX.pylatex.table.Tabular.add_hline", "code": "def add_hline(self, start=None, end=None, *, color=None, cmidruleoption=None): r\"\"\"Add a horizontal line to the table.  Args ---- start: int At what cell the line should begin end: int At what cell the line should end color: str The hline color. cmidruleoption: str The option to be used for the booktabs cmidrule, i.e. the ``x`` in ``\\cmidrule(x){1-3}``. \"\"\" if self.booktabs: hline = \"midrule\" cline = \"cmidrule\" if cmidruleoption is not None: cline += \"(\" + cmidruleoption + \")\" else: hline = \"hline\" cline = \"cline\"  if color is not None: if not self.color: self.packages.append(Package(\"xcolor\", options=\"table\")) self.color = True color_command = Command(command=\"arrayrulecolor\", arguments=color) self.append(color_command)  if start is None and end is None: self.append(Command(hline)) else: if start is None: start = 1 elif end is None: end = self.width  self.append(Command(cline, dumps_list([start, NoEscape(\"-\"), end])))"}
{"name": "PyLaTeX.pylatex.table.Tabular.add_empty_row", "code": "def add_empty_row(self): \"\"\"Add an empty row to the table.\"\"\"  self.append(NoEscape((self.width - 1) * \"&\" + r\"\\\\\"))"}
{"name": "PyLaTeX.pylatex.table.Tabular.add_row", "code": "def add_row(self, *cells, color=None, escape=None, mapper=None, strict=True): \"\"\"Add a row of cells to the table.  Args ---- cells: iterable, such as a `list` or `tuple` There's two ways to use this method. The first method is to pass the content of each cell as a separate argument. The second method is to pass a single argument that is an iterable that contains each contents. color: str The name of the color used to highlight the row mapper: callable or `list` A function or a list of functions that should be called on all entries of the list after converting them to a string, for instance bold strict: bool Check for correct count of cells in row or not. \"\"\"  if len(cells) == 1 and _is_iterable(cells): cells = cells[0]  if escape is None: escape = self.escape  # Propagate packages used in cells for c in cells: if isinstance(c, LatexObject): for p in c.packages: self.packages.add(p)  # Count cell contents cell_count = 0  for c in cells: if isinstance(c, MultiColumn): cell_count += c.size else: cell_count += 1  if strict and cell_count != self.width: msg = ( \"Number of cells added to table ({}) \" \"did not match table width ({})\".format(cell_count, self.width) ) raise TableRowSizeError(msg)  if color is not None: if not self.color: self.packages.append(Package(\"xcolor\", options=\"table\")) self.color = True color_command = Command(command=\"rowcolor\", arguments=color) self.append(color_command)  self.append( dumps_list(cells, escape=escape, token=\"&\", mapper=mapper) + NoEscape(r\"\\\\\") )"}
{"name": "PyLaTeX.pylatex.table.Tabularx.__init__", "code": "def __init__(self, *args, width_argument=NoEscape(r\"\\textwidth\"), **kwargs): \"\"\" Args ---- width_argument: The width of the table. By default the table is as wide as the text. \"\"\" super().__init__(*args, start_arguments=width_argument, **kwargs)"}
{"name": "PyLaTeX.pylatex.table.MultiColumn.__init__", "code": "def __init__(self, size, *, align=\"c\", color=None, data=None): \"\"\" Args ---- size: int The amount of columns that this cell should fill. align: str How to align the content of the cell. data: str, list or `~.LatexObject` The content of the cell. color: str The color for the MultiColumn \"\"\"  self.size = size self.align = align  super().__init__(data=data)  # Add a cell color to the MultiColumn if color is not None: self.packages.append(Package(\"xcolor\", options=\"table\")) color_command = Command(\"cellcolor\", arguments=color) self.append(color_command)"}
{"name": "PyLaTeX.pylatex.table.MultiColumn.dumps", "code": "def dumps(self): \"\"\"Represent the multicolumn as a string in LaTeX syntax.  Returns ------- str \"\"\"  args = [self.size, self.align, self.dumps_content()] string = Command(self.latex_name, args).dumps()  return string"}
{"name": "PyLaTeX.pylatex.table.MultiRow.__init__", "code": "def __init__(self, size, *, width=\"*\", color=None, data=None): \"\"\" Args ---- size: int The amount of rows that this cell should fill. width: str Width of the cell. The default is ``*``, which means the content's natural width. data: str, list or `~.LatexObject` The content of the cell. color: str The color for the MultiRow \"\"\"  self.size = size self.width = width  super().__init__(data=data)  if color is not None: self.packages.append(Package(\"xcolor\", options=\"table\")) color_command = Command(\"cellcolor\", arguments=color) self.append(color_command)"}
{"name": "PyLaTeX.pylatex.table.MultiRow.dumps", "code": "def dumps(self): \"\"\"Represent the multirow as a string in LaTeX syntax.  Returns ------- str \"\"\"  args = [self.size, self.width, self.dumps_content()] string = Command(self.latex_name, args).dumps()  return string"}
{"name": "PyLaTeX.pylatex.table.Tabu.__init__", "code": "def __init__( self, table_spec, data=None, pos=None, *, row_height=None, col_space=None, width=None, booktabs=None, spread=None, to=None, **kwargs ): \"\"\" Args ---- table_spec: str A string that represents how many columns a table should have and if it should contain vertical lines and where. pos: list row_height: float Specifies the heights of the rows in relation to the default row height col_space: str Specifies the spacing between table columns booktabs: bool Enable or disable booktabs style tables. These tables generally look nicer than regular tables. If this is `None` it will use the value of the ``booktabs`` attribte from the `~.active` configuration. This attribute is `False` by default. spread: str Specifies the Tabu table should add a given amount of 'padding' to the width of the table. This should be a latex dimension; for example: \"0 pt\" or \"1in\" to: str Specifies the Tabu table should extend to a given width. This should be a latex dimension; for example '4in' width: int The amount of columns that the table has. If this is `None` it is calculated based on the ``table_spec``, but this is only works for simple specs. In cases where this calculation is wrong override the width using this argument.  References ---------- * https://en.wikibooks.org/wiki/LaTeX/Tables#The_tabular_environment \"\"\"  super().__init__( table_spec, data, pos, row_height=row_height, col_space=col_space, width=width, booktabs=booktabs, **kwargs )  self._preamble = \"\" if spread: self._preamble = \"spread \" + spread elif to: self._preamble = \"to \" + to"}
{"name": "PyLaTeX.pylatex.table.Tabu.dumps", "code": "def dumps(self): \"\"\"Turn the tabu object into a string in Latex format.\"\"\"  _s = super().dumps()  # Tabu tables support a unusual syntax: # \\begin{tabu} spread 0pt {<col format...>} # # Since this syntax isn't common, it doesn't make # sense to support it in the baseclass (e.g., Environment) # rather, here we fix the LaTeX string post-hoc if self._preamble: if _s.startswith(r\"\\begin{longtabu}\"): _s = _s[:16] + self._preamble + _s[16:] elif _s.startswith(r\"\\begin{tabu}\"): _s = _s[:12] + self._preamble + _s[12:] else: raise TableError( \"Can't apply preamble to Tabu table \" \"(unexpected initial command sequence)\" )  return _s"}
{"name": "PyLaTeX.pylatex.table.LongTable.end_table_header", "code": "def end_table_header(self): r\"\"\"End the table header which will appear on every page.\"\"\"  if self.header: msg = \"Table already has a header\" raise TableError(msg)  self.header = True  self.append(Command(r\"endhead\"))"}
{"name": "PyLaTeX.pylatex.table.LongTable.end_table_footer", "code": "def end_table_footer(self): r\"\"\"End the table foot which will appear on every page.\"\"\"  if self.foot: msg = \"Table already has a foot\" raise TableError(msg)  self.foot = True  self.append(Command(\"endfoot\"))"}
{"name": "PyLaTeX.pylatex.table.LongTable.end_table_last_footer", "code": "def end_table_last_footer(self): r\"\"\"End the table foot which will appear on the last page.\"\"\"  if self.lastFoot: msg = \"Table already has a last foot\" raise TableError(msg)  self.lastFoot = True  self.append(Command(\"endlastfoot\"))"}
{"name": "PyLaTeX.pylatex.table.ColumnType.__init__", "code": "def __init__(self, name, base, modifications, *, parameters=None): \"\"\" Args ---- name: str The name of the new column type (a single letter) base: str The name of the column type that the new one is based on (a single letter) modifications: str The modifications to be made to the base column type parameters: int The number of # parameters inside the modifications string, if this is `None` this is calculated automatically. \"\"\"  # repr vars self._base = base self._modifications = modifications  COLUMN_LETTERS.add(name)  if parameters is None: # count the number of non escaped #<number> parameters parameters = len(re.findall(r\"(?<!\\\\)#\\d\", modifications)) parameters += len(re.findall(r\"(?<!\\\\)#\\d\", base))  if parameters == 0: parameters = None  modified = r\">{%s\\arraybackslash}%s\" % (modifications, base)  super().__init__( command=\"newcolumntype\", arguments=name, options=parameters, extra_arguments=modified, )"}
{"name": "PyLaTeX.pylatex.basic.HugeText.__init__", "code": "def __init__(self, data=None): \"\"\" Args ---- data : str or `~.LatexObject` The string or LatexObject to be formatted. \"\"\"  super().__init__(data=data)"}
{"name": "PyLaTeX.pylatex.basic.TextColor.__init__", "code": "def __init__(self, color, data): \"\"\" Args ---- color: str The color to set for the data inside of the environment. data: str or `~.LatexObject` The string or LatexObject to be formatted. \"\"\"  super().__init__(arguments=color, data=data)"}
{"name": "PyLaTeX.pylatex.document.Document.__init__", "code": "def __init__( self, default_filepath=\"default_filepath\", *, documentclass=\"article\", document_options=None, fontenc=\"T1\", inputenc=\"utf8\", font_size=\"normalsize\", lmodern=True, textcomp=True, microtype=None, page_numbers=True, indent=None, geometry_options=None, data=None ): r\"\"\" Args ---- default_filepath: str The default path to save files. documentclass: str or `~.Command` The LaTeX class of the document. document_options: str or `list` The options to supply to the documentclass fontenc: str The option for the fontenc package. If it is `None`, the fontenc package will not be loaded at all. inputenc: str The option for the inputenc package. If it is `None`, the inputenc package will not be loaded at all. font_size: str The font size to declare as normalsize lmodern: bool Use the Latin Modern font. This is a font that contains more glyphs than the standard LaTeX font. textcomp: bool Adds even more glyphs, for instance the Euro (\u20ac) sign. page_numbers: bool Adds the ability to add the last page to the document. indent: bool Determines whether or not the document requires indentation. If it is `None` it will use the value from the active config. Which is `True` by default. geometry_options: dict The options to supply to the geometry package data: list Initial content of the document. \"\"\"  self.default_filepath = default_filepath  if isinstance(documentclass, Command): self.documentclass = documentclass else: self.documentclass = Command( \"documentclass\", arguments=documentclass, options=document_options ) if indent is None: indent = cf.active.indent if microtype is None: microtype = cf.active.microtype  # These variables are used by the __repr__ method self._fontenc = fontenc self._inputenc = inputenc self._lmodern = lmodern self._indent = indent self._microtype = microtype  packages = []  if fontenc is not None: packages.append(Package(\"fontenc\", options=fontenc)) if inputenc is not None: packages.append(Package(\"inputenc\", options=inputenc)) if lmodern: packages.append(Package(\"lmodern\")) if textcomp: packages.append(Package(\"textcomp\")) if page_numbers: packages.append(Package(\"lastpage\")) if not indent: packages.append(Package(\"parskip\")) if microtype: packages.append(Package(\"microtype\"))  if geometry_options is not None: packages.append(Package(\"geometry\")) # Make sure we don't add this options command for an empty list, # because that breaks. if geometry_options: packages.append( Command( \"geometry\", arguments=SpecialArguments(geometry_options), ) )  super().__init__(data=data)  # Usually the name is the class name, but if we create our own # document class, \\begin{document} gets messed up. self._latex_name = \"document\"  self.packages |= packages self.variables = []  self.preamble = []  if not page_numbers: self.change_document_style(\"empty\")  # No colors have been added to the document yet self.color = False self.meta_data = False  self.append(Command(command=font_size))"}
{"name": "PyLaTeX.pylatex.document.Document._propagate_packages", "code": "def _propagate_packages(self): r\"\"\"Propogate packages.  Make sure that all the packages included in the previous containers are part of the full list of packages. \"\"\"  super()._propagate_packages()  for item in self.preamble: if isinstance(item, LatexObject): if isinstance(item, Container): item._propagate_packages() for p in item.packages: self.packages.add(p)"}
{"name": "PyLaTeX.pylatex.document.Document.dumps", "code": "def dumps(self): \"\"\"Represent the document as a string in LaTeX syntax.  Returns ------- str \"\"\"  head = self.documentclass.dumps() + \"%\\n\" head += self.dumps_packages() + \"%\\n\" head += dumps_list(self.variables) + \"%\\n\" head += dumps_list(self.preamble) + \"%\\n\"  return head + \"%\\n\" + super().dumps()"}
{"name": "PyLaTeX.pylatex.document.Document.generate_tex", "code": "def generate_tex(self, filepath=None): \"\"\"Generate a .tex file for the document.  Args ---- filepath: str The name of the file (without .tex), if this is not supplied the default filepath attribute is used as the path. \"\"\"  super().generate_tex(self._select_filepath(filepath))"}
{"name": "PyLaTeX.pylatex.document.Document.generate_pdf", "code": "def generate_pdf( self, filepath=None, *, clean=True, clean_tex=True, compiler=None, compiler_args=None, silent=True ): \"\"\"Generate a pdf file from the document.  Args ---- filepath: str The name of the file (without .pdf), if it is `None` the ``default_filepath`` attribute will be used. clean: bool Whether non-pdf files created that are created during compilation should be removed. clean_tex: bool Also remove the generated tex file. compiler: `str` or `None` The name of the LaTeX compiler to use. If it is None, PyLaTeX will choose a fitting one on its own. Starting with ``latexmk`` and then ``pdflatex``. compiler_args: `list` or `None` Extra arguments that should be passed to the LaTeX compiler. If this is None it defaults to an empty list. silent: bool Whether to hide compiler output \"\"\"  if compiler_args is None: compiler_args = []  # In case of newer python with the use of the cwd parameter # one can avoid to physically change the directory # to the destination folder python_cwd_available = sys.version_info >= (3, 6)  filepath = self._select_filepath(filepath) if not os.path.basename(filepath): filepath = os.path.join(os.path.abspath(filepath), \"default_basename\") else: filepath = os.path.abspath(filepath)  cur_dir = os.getcwd() dest_dir = os.path.dirname(filepath)  if not python_cwd_available: os.chdir(dest_dir)  self.generate_tex(filepath)  if compiler is not None: compilers = ((compiler, []),) else: latexmk_args = [\"--pdf\"]  compilers = ((\"latexmk\", latexmk_args), (\"pdflatex\", []))  main_arguments = [\"--interaction=nonstopmode\", filepath + \".tex\"]  check_output_kwargs = {} if python_cwd_available: check_output_kwargs = {\"cwd\": dest_dir}  os_error = None  for compiler, arguments in compilers: command = [compiler] + arguments + compiler_args + main_arguments  try: output = subprocess.check_output( command, stderr=subprocess.STDOUT, **check_output_kwargs ) except (OSError, IOError) as e: # Use FileNotFoundError when python 2 is dropped os_error = e  if os_error.errno == errno.ENOENT: # If compiler does not exist, try next in the list continue raise except subprocess.CalledProcessError as e: # For all other errors print the output and raise the error print(e.output.decode()) raise else: if not silent: print(output.decode())  if clean: try: # Try latexmk cleaning first subprocess.check_output( [\"latexmk\", \"-c\", filepath], stderr=subprocess.STDOUT, **check_output_kwargs ) except (OSError, IOError, subprocess.CalledProcessError): # Otherwise just remove some file extensions. extensions = [\"aux\", \"log\", \"out\", \"fls\", \"fdb_latexmk\"]  for ext in extensions: try: os.remove(filepath + \".\" + ext) except (OSError, IOError) as e: # Use FileNotFoundError when python 2 is dropped if e.errno != errno.ENOENT: raise rm_temp_dir()  if clean_tex: os.remove(filepath + \".tex\")  # Remove generated tex file  # Compilation has finished, so no further compilers have to be # tried break  else: # Notify user that none of the compilers worked. raise ( CompilerError( \"No LaTex compiler was found\\n\" \"Either specify a LaTex compiler \" \"or make sure you have latexmk or pdfLaTex installed.\" ) )  if not python_cwd_available: os.chdir(cur_dir)"}
{"name": "PyLaTeX.pylatex.document.Document._select_filepath", "code": "def _select_filepath(self, filepath): \"\"\"Make a choice between ``filepath`` and ``self.default_filepath``.  Args ---- filepath: str the filepath to be compared with ``self.default_filepath``  Returns ------- str The selected filepath \"\"\"  if filepath is None: return self.default_filepath else: if os.path.basename(filepath) == \"\": filepath = os.path.join( filepath, os.path.basename(self.default_filepath) ) return filepath"}
{"name": "PyLaTeX.pylatex.document.Document.change_page_style", "code": "def change_page_style(self, style): r\"\"\"Alternate page styles of the current page.  Args ---- style: str value to set for the page style of the current page \"\"\"  self.append(Command(\"thispagestyle\", arguments=style))"}
{"name": "PyLaTeX.pylatex.document.Document.change_document_style", "code": "def change_document_style(self, style): r\"\"\"Alternate page style for the entire document.  Args ---- style: str value to set for the document style \"\"\"  self.append(Command(\"pagestyle\", arguments=style))"}
{"name": "PyLaTeX.pylatex.document.Document.add_color", "code": "def add_color(self, name, model, description): r\"\"\"Add a color that can be used throughout the document.  Args ---- name: str Name to set for the color model: str The color model to use when defining the color description: str The values to use to define the color \"\"\"  if self.color is False: self.packages.append(Package(\"color\")) self.color = True  self.preamble.append( Command(\"definecolor\", arguments=[name, model, description]) )"}
{"name": "PyLaTeX.pylatex.document.Document.change_length", "code": "def change_length(self, parameter, value): r\"\"\"Change the length of a certain parameter to a certain value.  Args ---- parameter: str The name of the parameter to change the length for value: str The value to set the parameter to \"\"\"  self.preamble.append(UnsafeCommand(\"setlength\", arguments=[parameter, value]))"}
{"name": "PyLaTeX.pylatex.document.Document.set_variable", "code": "def set_variable(self, name, value): r\"\"\"Add a variable which can be used inside the document.  Variables are defined before the preamble. If a variable with that name has already been set, the new value will override it for future uses. This is done by appending ``\\renewcommand`` to the document.  Args ---- name: str The name to set for the variable value: str The value to set for the variable \"\"\"  name_arg = \"\\\\\" + name variable_exists = False  for variable in self.variables: if name_arg == variable.arguments._positional_args[0]: variable_exists = True break  if variable_exists: renew = Command( command=\"renewcommand\", arguments=[NoEscape(name_arg), value] ) self.append(renew) else: new = Command(command=\"newcommand\", arguments=[NoEscape(name_arg), value]) self.variables.append(new)"}
{"name": "PyLaTeX.pylatex.tikz.TikZOptions.append_positional", "code": "def append_positional(self, option): \"\"\"Add a new positional option.\"\"\"  self._positional_args.append(option)"}
{"name": "PyLaTeX.pylatex.tikz.Axis.__init__", "code": "def __init__(self, options=None, *, data=None): \"\"\" Args ---- options: str, list or `~.Options` Options to format the axis environment. \"\"\"  super().__init__(options=options, data=data)"}
{"name": "PyLaTeX.pylatex.tikz.TikZCoordinate.__init__", "code": "def __init__(self, x, y, relative=False): \"\"\" Args ---- x: float or int X coordinate y: float or int Y coordinate relative: bool Coordinate is relative or absolute \"\"\" self._x = float(x) self._y = float(y) self.relative = relative"}
{"name": "PyLaTeX.pylatex.tikz.TikZCoordinate.__repr__", "code": "def __repr__(self): if self.relative: ret_str = \"++\" else: ret_str = \"\" return ret_str + \"({},{})\".format(self._x, self._y)"}
{"name": "PyLaTeX.pylatex.tikz.TikZCoordinate.dumps", "code": "def dumps(self): \"\"\"Return representation.\"\"\"  return self.__repr__()"}
{"name": "PyLaTeX.pylatex.tikz.TikZCoordinate.from_str", "code": "def from_str(cls, coordinate): \"\"\"Build a TikZCoordinate object from a string.\"\"\"  m = cls._coordinate_str_regex.match(coordinate)  if m is None: raise ValueError(\"invalid coordinate string\")  if m.group(1) == \"++\": relative = True else: relative = False  return TikZCoordinate(float(m.group(2)), float(m.group(4)), relative=relative)"}
{"name": "PyLaTeX.pylatex.tikz.TikZCoordinate.__eq__", "code": "def __eq__(self, other): if isinstance(other, tuple): # if comparing to a tuple, assume it to be an absolute coordinate. other_relative = False other_x = float(other[0]) other_y = float(other[1]) elif isinstance(other, TikZCoordinate): other_relative = other.relative other_x = other._x other_y = other._y else: raise TypeError(\"can only compare tuple and TiKZCoordinate types\")  # prevent comparison between relative and non relative # by returning False if other_relative != self.relative: return False  # return comparison result return other_x == self._x and other_y == self._y"}
{"name": "PyLaTeX.pylatex.tikz.TikZCoordinate._arith_check", "code": "def _arith_check(self, other): if isinstance(other, tuple): other_coord = TikZCoordinate(*other) elif isinstance(other, TikZCoordinate): if other.relative is True or self.relative is True: raise ValueError(\"refusing to add relative coordinates\") other_coord = other else: raise TypeError(\"can only add tuple or TiKZCoordinate types\")  return other_coord"}
{"name": "PyLaTeX.pylatex.tikz.TikZCoordinate.__add__", "code": "def __add__(self, other): other_coord = self._arith_check(other) return TikZCoordinate(self._x + other_coord._x, self._y + other_coord._y)"}
{"name": "PyLaTeX.pylatex.tikz.TikZCoordinate.__radd__", "code": "def __radd__(self, other): self.__add__(other)"}
{"name": "PyLaTeX.pylatex.tikz.TikZCoordinate.__sub__", "code": "def __sub__(self, other): other_coord = self._arith_check(other) return TikZCoordinate(self._x - other_coord._y, self._y - other_coord._y)"}
{"name": "PyLaTeX.pylatex.tikz.TikZCoordinate.distance_to", "code": "def distance_to(self, other): \"\"\"Euclidean distance between two coordinates.\"\"\"  other_coord = self._arith_check(other) return math.sqrt( math.pow(self._x - other_coord._x, 2) + math.pow(self._y - other_coord._y, 2) )"}
{"name": "PyLaTeX.pylatex.tikz.TikZObject.__init__", "code": "def __init__(self, options=None): \"\"\" Args ---- options: list Options pertaining to the object \"\"\"  super(TikZObject, self).__init__() self.options = options"}
{"name": "PyLaTeX.pylatex.tikz.TikZNodeAnchor.__init__", "code": "def __init__(self, node_handle, anchor_name): \"\"\" Args ---- node_handle: str Node's identifier anchor_name: str Name of the anchor \"\"\"  self.handle = node_handle self.anchor = anchor_name"}
{"name": "PyLaTeX.pylatex.tikz.TikZNodeAnchor.__repr__", "code": "def __repr__(self): return \"({}.{})\".format(self.handle, self.anchor)"}
{"name": "PyLaTeX.pylatex.tikz.TikZNodeAnchor.dumps", "code": "def dumps(self): \"\"\"Return a representation. Alias for consistency.\"\"\"  return self.__repr__()"}
{"name": "PyLaTeX.pylatex.tikz.TikZNode.__init__", "code": "def __init__(self, handle=None, options=None, at=None, text=None): \"\"\" Args ---- handle: str Node identifier options: list List of options at: TikZCoordinate Coordinate where node is placed text: str Body text of the node \"\"\" super(TikZNode, self).__init__(options=options)  self.handle = handle  if isinstance(at, (TikZCoordinate, type(None))): self._node_position = at else: raise TypeError( \"at parameter must be an object of the\" \"TikzCoordinate class\" )  self._node_text = text"}
{"name": "PyLaTeX.pylatex.tikz.TikZNode.dumps", "code": "def dumps(self): \"\"\"Return string representation of the node.\"\"\"  ret_str = [] ret_str.append(Command(\"node\", options=self.options).dumps())  if self.handle is not None: ret_str.append(\"({})\".format(self.handle))  if self._node_position is not None: ret_str.append(\"at {}\".format(str(self._node_position)))  if self._node_text is not None: ret_str.append(\"{{{text}}};\".format(text=self._node_text)) else: ret_str.append(\"{};\")  return \" \".join(ret_str)"}
{"name": "PyLaTeX.pylatex.tikz.TikZNode.get_anchor_point", "code": "def get_anchor_point(self, anchor_name): \"\"\"Return an anchor point of the node, if it exists.\"\"\"  if anchor_name in self._possible_anchors: return TikZNodeAnchor(self.handle, anchor_name) else: try: anchor = int(anchor_name.split(\"_\")[1]) except: anchor = None  if anchor is not None: return TikZNodeAnchor(self.handle, str(anchor))  raise ValueError('Invalid anchor name: \"{}\"'.format(anchor_name))"}
{"name": "PyLaTeX.pylatex.tikz.TikZNode.__getattr__", "code": "def __getattr__(self, attr_name): try: point = self.get_anchor_point(attr_name) return point except ValueError: pass  # raise AttributeError( #    'Invalid attribute requested: \"{}\"'.format(attr_name))"}
{"name": "PyLaTeX.pylatex.tikz.TikZUserPath.__init__", "code": "def __init__(self, path_type, options=None): \"\"\" Args ---- path_type: str Type of path used options: Options List of options to add \"\"\" super(TikZUserPath, self).__init__() self.path_type = path_type self.options = options"}
{"name": "PyLaTeX.pylatex.tikz.TikZUserPath.dumps", "code": "def dumps(self): \"\"\"Return path command representation.\"\"\"  ret_str = self.path_type  if self.options is not None: ret_str += self.options.dumps()  return ret_str"}
{"name": "PyLaTeX.pylatex.tikz.TikZPathList.__init__", "code": "def __init__(self, *args): \"\"\" Args ---- args: list A list of path elements \"\"\" self._last_item_type = None self._arg_list = []  # parse list and verify legality self._parse_arg_list(args)"}
{"name": "PyLaTeX.pylatex.tikz.TikZPathList.append", "code": "def append(self, item): \"\"\"Add a new element to the current path.\"\"\" self._parse_next_item(item)"}
{"name": "PyLaTeX.pylatex.tikz.TikZPathList._parse_next_item", "code": "def _parse_next_item(self, item): # assume first item is a point if self._last_item_type is None: try: self._add_point(item) except (TypeError, ValueError): # not a point, do something raise TypeError( \"First element of path list must be a node identifier\" \" or coordinate\" ) elif self._last_item_type == \"point\": # point after point is permitted, doesnt draw try: self._add_point(item) return except (ValueError, TypeError): # not a point, try path pass  # will raise typeerror if wrong self._add_path(item) elif self._last_item_type == \"path\": # only point allowed after path original_exception = None try: self._add_point(item) return except (TypeError, ValueError) as ex: # check if trying to insert path after path try: self._add_path(item, parse_only=True) not_a_path = False original_exception = ex except (TypeError, ValueError) as ex: # not a path either! not_a_path = True original_exception = ex  # disentangle exceptions if not_a_path is False: raise ValueError( \"only a point descriptor can come\" \" after a path descriptor\" )  if original_exception is not None: raise original_exception"}
{"name": "PyLaTeX.pylatex.tikz.TikZPathList._parse_arg_list", "code": "def _parse_arg_list(self, args): for item in args: self._parse_next_item(item)"}
{"name": "PyLaTeX.pylatex.tikz.TikZPathList._add_path", "code": "def _add_path(self, path, parse_only=False): if isinstance(path, str): if path in self._legal_path_types: _path = TikZUserPath(path) else: raise ValueError('Illegal user path type: \"{}\"'.format(path)) elif isinstance(path, TikZUserPath): _path = path else: raise TypeError(\"Only string or TikZUserPath types are allowed\")  # add if parse_only is False: self._arg_list.append(_path) self._last_item_type = \"path\" else: return _path"}
{"name": "PyLaTeX.pylatex.tikz.TikZPathList._add_point", "code": "def _add_point(self, point, parse_only=False): if isinstance(point, str): try: _item = TikZCoordinate.from_str(point) except ValueError: raise ValueError('Illegal point string: \"{}\"'.format(point)) elif isinstance(point, TikZCoordinate): _item = point elif isinstance(point, tuple): _item = TikZCoordinate(*point) elif isinstance(point, TikZNode): _item = \"({})\".format(point.handle) elif isinstance(point, TikZNodeAnchor): _item = point.dumps() else: raise TypeError( \"Only str, tuple, TikZCoordinate,\" \"TikZNode or TikZNodeAnchor types are allowed,\" \" got: {}\".format(type(point)) ) # add, finally if parse_only is False: self._arg_list.append(_item) self._last_item_type = \"point\" else: return _item"}
{"name": "PyLaTeX.pylatex.tikz.TikZPathList.dumps", "code": "def dumps(self): \"\"\"Return representation of the path command.\"\"\"  ret_str = [] for item in self._arg_list: if isinstance(item, TikZUserPath): ret_str.append(item.dumps()) elif isinstance(item, TikZCoordinate): ret_str.append(item.dumps()) elif isinstance(item, str): ret_str.append(item)  return \" \".join(ret_str)"}
{"name": "PyLaTeX.pylatex.tikz.TikZPath.__init__", "code": "def __init__(self, path=None, options=None): \"\"\" Args ---- path: TikZPathList A list of the nodes, path types in the path options: TikZOptions A list of options for the command \"\"\"  super(TikZPath, self).__init__(options=options)  if isinstance(path, TikZPathList): self.path = path elif isinstance(path, list): self.path = TikZPathList(*path) elif path is None: self.path = TikZPathList() else: raise TypeError('argument \"path\" can only be of types list or TikZPathList')"}
{"name": "PyLaTeX.pylatex.tikz.TikZPath.append", "code": "def append(self, element): \"\"\"Append a path element to the current list.\"\"\" self.path.append(element)"}
{"name": "PyLaTeX.pylatex.tikz.TikZPath.dumps", "code": "def dumps(self): \"\"\"Return a representation for the command.\"\"\"  ret_str = [Command(\"path\", options=self.options).dumps()]  ret_str.append(self.path.dumps())  return \" \".join(ret_str) + \";\""}
{"name": "PyLaTeX.pylatex.tikz.TikZDraw.__init__", "code": "def __init__(self, path=None, options=None): \"\"\" Args ---- path: TikZPathList A list of the nodes, path types in the path options: TikZOptions A list of options for the command \"\"\" super(TikZDraw, self).__init__(path=path, options=options)  # append option if self.options is not None: self.options.append_positional(\"draw\") else: self.options = TikZOptions(\"draw\")"}
{"name": "PyLaTeX.pylatex.tikz.Plot.__init__", "code": "def __init__( self, name=None, func=None, coordinates=None, error_bar=None, options=None ): \"\"\" Args ---- name: str Name of the plot. func: str A function that should be plotted. coordinates: list A list of exact coordinates tat should be plotted.  options: str, list or `~.Options` \"\"\"  self.name = name self.func = func self.coordinates = coordinates self.error_bar = error_bar self.options = options  super().__init__()"}
{"name": "PyLaTeX.pylatex.tikz.Plot.dumps", "code": "def dumps(self): \"\"\"Represent the plot as a string in LaTeX syntax.  Returns ------- str \"\"\"  string = Command(\"addplot\", options=self.options).dumps()  if self.coordinates is not None: string += \" coordinates {%\\n\"  if self.error_bar is None: for x, y in self.coordinates: # ie: \"(x,y)\" string += \"(\" + str(x) + \",\" + str(y) + \")%\\n\"  else: for (x, y), (e_x, e_y) in zip(self.coordinates, self.error_bar): # ie: \"(x,y) +- (e_x,e_y)\" string += ( \"(\" + str(x) + \",\" + str(y) + \") +- (\" + str(e_x) + \",\" + str(e_y) + \")%\\n\" )  string += \"};%\\n%\\n\"  elif self.func is not None: string += \"{\" + self.func + \"};%\\n%\\n\"  if self.name is not None: string += Command(\"addlegendentry\", self.name).dumps()  super().dumps()  return string"}
{"name": "PyLaTeX.pylatex.quantities.Quantity.__init__", "code": "def __init__(self, quantity, *, options=None, format_cb=None): r\"\"\" Args ---- quantity: `quantities.quantity.Quantity` The quantity that should be displayed options: None, str, list or `~.Options` Options of the command. These are placed in front of the arguments. format_cb: callable A function which formats the number in the quantity. By default this uses `numpy.array_str`.  Examples -------- >>> import quantities as pq >>> speed = 3.14159265 * pq.meter / pq.second >>> Quantity(speed, options={'round-precision': 3, ...                          'round-mode': 'figures'}).dumps() '\\\\SI[round-mode=figures,round-precision=3]{3.14159265}{\\meter\\per\\second}'  Uncertainties are also handled:  >>> length = pq.UncertainQuantity(16.0, pq.meter, 0.3) >>> width = pq.UncertainQuantity(16.0, pq.meter, 0.4) >>> Quantity(length*width).dumps() '\\\\SI{256.0 +- 0.5}{\\meter\\tothe{2}}  Ordinary numbers are also supported:  >>> Avogadro_constant = 6.022140857e23 >>> Quantity(Avogadro_constant, options={'round-precision': 3}).dumps() '\\\\num[round-precision=3]{6.022e23}'  \"\"\" import numpy as np import quantities as pq  self.quantity = quantity self._format_cb = format_cb  def _format(val): if format_cb is None: try: return np.array_str(val) except AttributeError: return escape_latex(val)  # Python float and int else: return format_cb(val)  if isinstance(quantity, pq.UncertainQuantity): magnitude_str = \"{} +- {}\".format( _format(quantity.magnitude), _format(quantity.uncertainty.magnitude) ) elif isinstance(quantity, pq.Quantity): magnitude_str = _format(quantity.magnitude)  if isinstance(quantity, (pq.UncertainQuantity, pq.Quantity)): unit_str = _dimensionality_to_siunitx(quantity.dimensionality) super().__init__( command=\"SI\", arguments=(magnitude_str, unit_str), options=options ) else: super().__init__( command=\"num\", arguments=_format(quantity), options=options )  self.arguments._escape = False  # dash in e.g. \\num{3 +- 2} if self.options is not None: self.options._escape = False  # siunitx uses dashes in kwargs"}
{"name": "PyLaTeX.pylatex.utils.NoEscape.__repr__", "code": "def __repr__(self): return \"%s(%s)\" % (self.__class__.__name__, self)"}
{"name": "PyLaTeX.pylatex.utils.NoEscape.__add__", "code": "def __add__(self, right): s = super().__add__(right) if isinstance(right, NoEscape): return NoEscape(s) return s"}
{"name": "PyLaTeX.pylatex.math.Alignat.__init__", "code": "def __init__(self, aligns=2, numbering=True, escape=None): \"\"\" Parameters ---------- aligns : int number of alignments numbering : bool Whether to number equations escape : bool if True, will escape strings \"\"\" self.aligns = aligns self.numbering = numbering self.escape = escape if not numbering: self._star_latex_name = True super().__init__(start_arguments=[str(int(aligns))])"}
{"name": "PyLaTeX.pylatex.math.Math.__init__", "code": "def __init__(self, *, inline=False, data=None, escape=None): r\"\"\" Args ---- data: list Content of the math container. inline: bool If the math should be displayed inline or not. escape : bool if True, will escape strings \"\"\"  self.inline = inline self.escape = escape super().__init__(data=data)"}
{"name": "PyLaTeX.pylatex.math.Math.dumps", "code": "def dumps(self): \"\"\"Return a LaTeX formatted string representing the object.  Returns ------- str  \"\"\" if self.inline: return \"$\" + self.dumps_content() + \"$\" return \"\\\\[%\\n\" + self.dumps_content() + \"%\\n\\\\]\""}
{"name": "PyLaTeX.pylatex.math.VectorName.__init__", "code": "def __init__(self, name): \"\"\" Args ---- name: str Name of the vector \"\"\"  super().__init__(\"mathbf\", arguments=name)"}
{"name": "PyLaTeX.pylatex.math.Matrix.__init__", "code": "def __init__(self, matrix, *, mtype=\"p\", alignment=None): r\"\"\" Args ---- matrix: `numpy.ndarray` instance The matrix to display mtype: str What kind of brackets are used around the matrix. The different options and their corresponding brackets are: p = ( ), b = [ ], B = { }, v = \\| \\|, V = \\|\\| \\|\\| alignment: str How to align the content of the cells in the matrix. This is ``c`` by default.  References ---------- * https://en.wikibooks.org/wiki/LaTeX/Mathematics#Matrices_and_arrays \"\"\"  import numpy  # noqa, Sanity check if numpy is installed  self.matrix = matrix  self.latex_name = mtype + \"matrix\" self._mtype = mtype if alignment is not None: self.latex_name += \"*\"  super().__init__(arguments=alignment)"}
{"name": "PyLaTeX.pylatex.math.Matrix.dumps_content", "code": "def dumps_content(self): \"\"\"Return a string representing the matrix in LaTeX syntax.  Returns ------- str \"\"\"  import numpy as np  string = \"\" shape = self.matrix.shape  for (y, x), value in np.ndenumerate(self.matrix): if x: string += \"&\" string += str(value)  if x == shape[1] - 1 and y != shape[0] - 1: string += r\"\\\\\" + \"%\\n\"  super().dumps_content()  return string"}
{"name": "PyLaTeX.pylatex.lists.List.add_item", "code": "def add_item(self, s): \"\"\"Add an item to the list.  Args ---- s: str or `~.LatexObject` The item itself. \"\"\" self.append(Command(\"item\")) self.append(s)"}
{"name": "PyLaTeX.pylatex.lists.Enumerate.__init__", "code": "def __init__(self, enumeration_symbol=None, *, options=None, **kwargs): r\"\"\" Args ---- enumeration_symbol: str The enumeration symbol to use, see the `enumitem <https://www.ctan.org/pkg/enumitem>`_ documentation to see what can be used here. This argument is not escaped as it usually should usually contain commands, so do not use user input here. options: str or list or `.Options` Custom options to be added to the enumerate list. These options are merged with the options created by ``enumeration_symbol``. \"\"\"  self._enumeration_symbol = enumeration_symbol  if enumeration_symbol is not None: self.packages.add(Package(\"enumitem\"))  if options is not None: options = Options(options) else: options = Options() options._positional_args.append(NoEscape(\"label=\" + enumeration_symbol))  super().__init__(options=options, **kwargs)"}
{"name": "PyLaTeX.pylatex.lists.Description.add_item", "code": "def add_item(self, label, s): \"\"\"Add an item to the list.  Args ---- label: str Description of the item. s: str or `~.LatexObject` The item itself. \"\"\" self.append(Command(\"item\", options=label)) self.append(s)"}
{"name": "PyLaTeX.pylatex.package.Package.__init__", "code": "def __init__(self, name, options=None): \"\"\" Args ---- name: str Name of the package. options: `str`, `list` or `~.Options` Options of the package.  \"\"\"  super().__init__(arguments=name, options=options)"}
{"name": "PyLaTeX.versioneer.get_cmdclass.cmd_version.initialize_options", "code": "def initialize_options(self) -> None: pass"}
{"name": "PyLaTeX.versioneer.get_cmdclass.cmd_version.finalize_options", "code": "def finalize_options(self) -> None: pass"}
{"name": "PyLaTeX.versioneer.get_cmdclass.cmd_version.run", "code": "def run(self) -> None: vers = get_versions(verbose=True) print(\"Version: %s\" % vers[\"version\"]) print(\" full-revisionid: %s\" % vers.get(\"full-revisionid\")) print(\" dirty: %s\" % vers.get(\"dirty\")) print(\" date: %s\" % vers.get(\"date\")) if vers[\"error\"]: print(\" error: %s\" % vers[\"error\"])"}
{"name": "PyLaTeX.versioneer.get_cmdclass.cmd_build_py.run", "code": "def run(self) -> None: root = get_root() cfg = get_config_from_root(root) versions = get_versions() _build_py.run(self) if getattr(self, \"editable_mode\", False): # During editable installs `.py` and data files are # not copied to build_lib return # now locate _version.py in the new build/ directory and replace # it with an updated value if cfg.versionfile_build: target_versionfile = os.path.join(self.build_lib, cfg.versionfile_build) print(\"UPDATING %s\" % target_versionfile) write_to_version_file(target_versionfile, versions)"}
{"name": "PyLaTeX.versioneer.get_cmdclass.cmd_build_ext.run", "code": "def run(self) -> None: root = get_root() cfg = get_config_from_root(root) versions = get_versions() _build_ext.run(self) if self.inplace: # build_ext --inplace will only build extensions in # build/lib<..> dir with no _version.py to write to. # As in place builds will already have a _version.py # in the module dir, we do not need to write one. return # now locate _version.py in the new build/ directory and replace # it with an updated value if not cfg.versionfile_build: return target_versionfile = os.path.join(self.build_lib, cfg.versionfile_build) if not os.path.exists(target_versionfile): print(f\"Warning: {target_versionfile} does not exist, skipping \" \"version update. This can happen if you are running build_ext \" \"without first running build_py.\") return print(\"UPDATING %s\" % target_versionfile) write_to_version_file(target_versionfile, versions)"}
{"name": "PyLaTeX.versioneer.get_cmdclass.cmd_build_exe.run", "code": "def run(self) -> None: root = get_root() cfg = get_config_from_root(root) versions = get_versions() target_versionfile = cfg.versionfile_source print(\"UPDATING %s\" % target_versionfile) write_to_version_file(target_versionfile, versions)  _build_exe.run(self) os.unlink(target_versionfile) with open(cfg.versionfile_source, \"w\") as f: LONG = LONG_VERSION_PY[cfg.VCS] f.write(LONG % {\"DOLLAR\": \"$\", \"STYLE\": cfg.style, \"TAG_PREFIX\": cfg.tag_prefix, \"PARENTDIR_PREFIX\": cfg.parentdir_prefix, \"VERSIONFILE_SOURCE\": cfg.versionfile_source, })"}
{"name": "PyLaTeX.versioneer.get_cmdclass.cmd_py2exe.run", "code": "def run(self) -> None: root = get_root() cfg = get_config_from_root(root) versions = get_versions() target_versionfile = cfg.versionfile_source print(\"UPDATING %s\" % target_versionfile) write_to_version_file(target_versionfile, versions)  _py2exe.run(self) os.unlink(target_versionfile) with open(cfg.versionfile_source, \"w\") as f: LONG = LONG_VERSION_PY[cfg.VCS] f.write(LONG % {\"DOLLAR\": \"$\", \"STYLE\": cfg.style, \"TAG_PREFIX\": cfg.tag_prefix, \"PARENTDIR_PREFIX\": cfg.parentdir_prefix, \"VERSIONFILE_SOURCE\": cfg.versionfile_source, })"}
{"name": "PyLaTeX.versioneer.get_cmdclass.cmd_egg_info.find_sources", "code": "def find_sources(self) -> None: # egg_info.find_sources builds the manifest list and writes it # in one shot super().find_sources()  # Modify the filelist and normalize it root = get_root() cfg = get_config_from_root(root) self.filelist.append('versioneer.py') if cfg.versionfile_source: # There are rare cases where versionfile_source might not be # included by default, so we must be explicit self.filelist.append(cfg.versionfile_source) self.filelist.sort() self.filelist.remove_duplicates()  # The write method is hidden in the manifest_maker instance that # generated the filelist and was thrown away # We will instead replicate their final normalization (to unicode, # and POSIX-style paths) from setuptools import unicode_utils normalized = [unicode_utils.filesys_decode(f).replace(os.sep, '/') for f in self.filelist.files]  manifest_filename = os.path.join(self.egg_info, 'SOURCES.txt') with open(manifest_filename, 'w') as fobj: fobj.write('\\n'.join(normalized))"}
{"name": "PyLaTeX.versioneer.get_cmdclass.cmd_sdist.run", "code": "def run(self) -> None: versions = get_versions() self._versioneer_generated_versions = versions # unless we update this, the command will keep using the old # version self.distribution.metadata.version = versions[\"version\"] return _sdist.run(self)"}
{"name": "PyLaTeX.versioneer.get_cmdclass.cmd_sdist.make_release_tree", "code": "def make_release_tree(self, base_dir: str, files: List[str]) -> None: root = get_root() cfg = get_config_from_root(root) _sdist.make_release_tree(self, base_dir, files) # now locate _version.py in the new base_dir directory # (remembering that it may be a hardlink) and replace it with an # updated value target_versionfile = os.path.join(base_dir, cfg.versionfile_source) print(\"UPDATING %s\" % target_versionfile) write_to_version_file(target_versionfile, self._versioneer_generated_versions)"}
{"name": "PyLaTeX.tests.test_utils_latex_item_to_string.test_user_latex_object.TestLatexObject.dumps", "code": "def dumps(self): return TEST_STR"}
{"name": "PyLaTeX.tests.test_utils_latex_item_to_string.test_foreign_object.ForeignObject.dumps", "code": "def dumps(self): return 15"}
{"name": "PyLaTeX.tests.test_utils_latex_item_to_string.test_foreign_object.ForeignObject.__str__", "code": "def __str__(self): return TEST_STR"}
{"name": "PyLaTeX.tests.test_inheritance.TestInheritance.test_latex_name", "code": "def test_latex_name(self): class MyDoc(Document): def __init__(self): super().__init__()  doc = Document() my_doc = MyDoc() self.assertEqual(my_doc.latex_name, doc.latex_name)"}
{"name": "PyLaTeX.tests.test_inheritance.TestInheritance.test_latex_name.MyDoc.__init__", "code": "def __init__(self): super().__init__()"}
{"name": "PyLaTeX.setup.CustomInstall.run", "code": "def run(self): convert_to_py2() install.run(self)"}
{"name": "PyLaTeX.setup.CustomEggInfo.initialize_options", "code": "def initialize_options(self): convert_to_py2() egg_info.initialize_options(self)"}
{"name": "PyLaTeX.examples.basic_inheritance.MyDocument.__init__", "code": "def __init__(self): super().__init__()  self.preamble.append(Command(\"title\", \"Awesome Title\")) self.preamble.append(Command(\"author\", \"Anonymous author\")) self.preamble.append(Command(\"date\", NoEscape(r\"\\today\"))) self.append(NoEscape(r\"\\maketitle\"))"}
{"name": "PyLaTeX.examples.basic_inheritance.MyDocument.fill_document", "code": "def fill_document(self): \"\"\"Add a section, a subsection and some text to the document.\"\"\" with self.create(Section(\"A section\")): self.append(\"Some regular text and some \") self.append(italic(\"italic text. \"))  with self.create(Subsection(\"A subsection\")): self.append(\"Also some crazy characters: $&#{}\")"}
