{"name": "pymusic-dl.music_dl.song.BasicSong.__init__", "code": "def __init__(self): self.idx = 0 self.id = 0 self.title = \"\" self.singer = \"\" self.ext = \"mp3\" self.album = \"\" self.size = \"\" self.rate = \"\" self._duration = \"\" self.source = \"\" self._song_url = \"\" # self.song_file = \"\" self.cover_url = \"\" # self.cover_file = \"\" self.lyrics_url = \"\" self.lyrics_text = \"\" # self.lyrics_file = \"\" self._fullname = \"\" self.logger = logging.getLogger(__name__)"}
{"name": "pymusic-dl.music_dl.song.BasicSong.__repr__", "code": "def __repr__(self): \"\"\" Abstract of the song \"\"\" source = colorize(\"%s\" % self.source.upper(), self.source) return \"%s #%s %s-%s-%s \\n %s \\n\" % ( source, self.id, self.title, self.singer, self.album, self.song_url, )"}
{"name": "pymusic-dl.music_dl.song.BasicSong.__str__", "code": "def __str__(self): \"\"\" Song details \"\"\" source = colorize(\"%s\" % self.source.upper(), self.source) return _( \" -> Source: {source} #{id}\\n\" \" -> Title: {title}\\n\" \" -> Singer: {singer}\\n\" \" -> Album: {album}\\n\" \" -> Duration: {duration}\\n\" \" -> Size: {size}MB\\n\" \" -> Bit Rate: {rate}\\n\" \" -> Song URL: {song_url}\\n\" \" -> Lyrics URL: {lyrics_url}\\n\" \" -> Cover URL: {cover_url}\\n\" ).format( source=source, id=self.id, title=self.title, singer=self.singer, album=self.album, duration=self.duration, size=self.size, rate=self.rate, song_url=self.song_url, lyrics_url=self.lyrics_url, cover_url=self.cover_url, )"}
{"name": "pymusic-dl.music_dl.song.BasicSong.available", "code": "def available(self) -> bool: \"\"\" Not available when url is none or size equal 0 \"\"\" return bool(self.song_url and self.size)"}
{"name": "pymusic-dl.music_dl.song.BasicSong.name", "code": "def name(self) -> str: \"\"\" Song file name \"\"\" return \"%s - %s.%s\" % (self.singer, self.title, self.ext)"}
{"name": "pymusic-dl.music_dl.song.BasicSong.duration", "code": "def duration(self): \"\"\" \u6301\u7eed\u65f6\u95f4 H:M:S \"\"\" return self._duration"}
{"name": "pymusic-dl.music_dl.song.BasicSong.duration", "code": "def duration(self, seconds): self._duration = str(datetime.timedelta(seconds=int(seconds)))"}
{"name": "pymusic-dl.music_dl.song.BasicSong.song_url", "code": "def song_url(self) -> str: return self._song_url"}
{"name": "pymusic-dl.music_dl.song.BasicSong.song_url", "code": "def song_url(self, url): \"\"\" Set song url and update size. \"\"\" try: r = requests.get( url, stream=True, headers=config.get(\"wget_headers\"), proxies=config.get(\"proxies\"), ) self._song_url = url size = int(r.headers.get(\"Content-Length\", 0)) # \u8f6c\u6362\u6210MB\u5e76\u4fdd\u7559\u4e24\u4f4d\u5c0f\u6570 self.size = round(size / 1048576, 2) # \u8bbe\u7f6e\u5b8c\u6574\u7684\u6587\u4ef6\u540d\uff08\u4e0d\u542b\u540e\u7f00\uff09 if not self._fullname: self._set_fullname() except Exception as e: self.logger.info(_(\"Request failed: {url}\").format(url=url)) self.logger.info(e)"}
{"name": "pymusic-dl.music_dl.song.BasicSong.row", "code": "def row(self) -> list: \"\"\" Song details in list form \"\"\"  def highlight(s, k): return s.replace(k, colorize(k, \"xiami\")).replace( k.title(), colorize(k.title(), \"xiami\") )  ht_singer = self.singer if len(self.singer) < 30 else self.singer[:30] + \"...\" ht_title = self.title if len(self.title) < 30 else self.title[:30] + \"...\" ht_album = self.album if len(self.album) < 20 else self.album[:20] + \"...\"  if config.get(\"keyword\"): keywords = re.split(\";|,|\\s|\\*\", config.get(\"keyword\")) for k in keywords: if not k: continue ht_singer = highlight(ht_singer, k) ht_title = highlight(ht_title, k) ht_album = highlight(ht_album, k)  size = \"%sMB\" % self.size ht_size = size if int(self.size) < 8 else colorize(size, \"flac\")  return [ colorize(self.idx, \"baidu\"), ht_title, ht_singer, ht_size, self.duration, ht_album, self.source.upper(), ]"}
{"name": "pymusic-dl.music_dl.song.BasicSong._set_fullname", "code": "def _set_fullname(self): \"\"\" Full name without suffix, to resolve file name conflicts\"\"\" outdir = config.get(\"outdir\") outfile = os.path.abspath(os.path.join(outdir, self.name)) if os.path.exists(outfile): name, ext = self.name.rsplit(\".\", 1) names = [ x for x in os.listdir(outdir) if x.startswith(name) and x.endswith(ext) ] names = [x.rsplit(\".\", 1)[0] for x in names] suffixes = [x.replace(name, \"\") for x in names] # filter suffixes that match ' (x)' pattern suffixes = [ x[2:-1] for x in suffixes if x.startswith(\" (\") and x.endswith(\")\") ] indexes = [int(x) for x in suffixes if set(x) <= set(\"0123456789\")] idx = 1 if indexes: idx += sorted(indexes)[-1] self._fullname = os.path.abspath( os.path.join(outdir, \"%s (%d)\" % (name, idx)) ) else: self._fullname = outfile.rpartition(\".\")[0]"}
{"name": "pymusic-dl.music_dl.song.BasicSong.song_fullname", "code": "def song_fullname(self): return self._fullname + \".\" + self.ext"}
{"name": "pymusic-dl.music_dl.song.BasicSong.lyrics_fullname", "code": "def lyrics_fullname(self): return self._fullname + \".lrc\""}
{"name": "pymusic-dl.music_dl.song.BasicSong.cover_fullname", "code": "def cover_fullname(self): return self._fullname + \".jpg\""}
{"name": "pymusic-dl.music_dl.song.BasicSong._download_file", "code": "def _download_file(self, url, outfile, stream=False): \"\"\" Helper function for download :param url: :param outfile: :param stream: need process bar or not :return: \"\"\" if not url: self.logger.error(\"URL is empty.\") return try: r = requests.get( url, stream=stream, headers=config.get(\"wget_headers\"), proxies=config.get(\"proxies\"), ) if stream: total_size = int(r.headers[\"content-length\"]) with click.progressbar( length=total_size, label=_(\" :: Downloading ...\") ) as bar: with open(outfile, \"wb\") as f: for chunk in r.iter_content(chunk_size=1024): if chunk: f.write(chunk) bar.update(len(chunk)) else: with open(outfile, \"wb\") as f: f.write(r.content) click.echo( _(\" :: Saved to: {outfile}\").format( outfile=colorize(outfile, \"highlight\") ) ) except Exception as e: click.echo(\"\") self.logger.error(_(\"Download failed: \") + \"\\n\") self.logger.error(_(\"URL: {url}\").format(url=url) + \"\\n\") self.logger.error( _(\"File location: {outfile}\").format(outfile=outfile) + \"\\n\" ) if config.get(\"verbose\"): self.logger.error(e)"}
{"name": "pymusic-dl.music_dl.song.BasicSong._save_lyrics_text", "code": "def _save_lyrics_text(self): with open(self.lyrics_fullname, \"w\") as f: f.write(self.lyrics_text) click.echo( _(\" :: Saved to: {outfile}\").format( outfile=colorize(self.lyrics_fullname, \"highlight\") ) )"}
{"name": "pymusic-dl.music_dl.song.BasicSong.download_song", "code": "def download_song(self): if self.song_url: self._download_file(self.song_url, self.song_fullname, stream=True)"}
{"name": "pymusic-dl.music_dl.song.BasicSong.download_lyrics", "code": "def download_lyrics(self): if self.lyrics_url: self._download_file(self.lyrics_url, self.lyrics_fullname, stream=False)"}
{"name": "pymusic-dl.music_dl.song.BasicSong.download_cover", "code": "def download_cover(self): if self.cover_url: self._download_file(self.cover_url, self.cover_fullname, stream=False)"}
{"name": "pymusic-dl.music_dl.song.BasicSong.download", "code": "def download(self): \"\"\" Main download function \"\"\" click.echo(\"===============================================================\") if config.get(\"verbose\"): click.echo(str(self)) else: click.echo(\" | \".join(self.row))  self.download_song() if config.get(\"lyrics\"): self.download_lyrics() if config.get(\"cover\"): self.download_cover()  click.echo(\"===============================================================\\n\")"}
{"name": "pymusic-dl.music_dl.addons.migu.MiguSong.__init__", "code": "def __init__(self): super(MiguSong, self).__init__() self.content_id = \"\""}
{"name": "pymusic-dl.music_dl.addons.qq.QQSong.__init__", "code": "def __init__(self): super(QQSong, self).__init__() self.mid = \"\""}
{"name": "pymusic-dl.music_dl.addons.qq.QQSong.download_lyrics", "code": "def download_lyrics(self): url = \"https://c.y.qq.com/lyric/fcgi-bin/fcg_query_lyric_new.fcg\" params = { \"songmid\": self.mid, \"loginUin\": \"0\", \"hostUin\": \"0\", \"format\": \"json\", \"inCharset\": \"utf8\", \"outCharset\": \"utf-8\", \"notice\": \"0\", \"platform\": \"yqq.json\", \"needNewCode\": \"0\", }  res_data = QQApi.request( \"https://c.y.qq.com/lyric/fcgi-bin/fcg_query_lyric_new.fcg\", method=\"GET\", data=params, ) lyric = res_data.get(\"lyric\", \"\") self.lyrics_text = base64.b64decode(lyric).decode(\"utf-8\") super(QQSong, self)._save_lyrics_text()"}
{"name": "pymusic-dl.music_dl.addons.qq.QQSong.download_cover", "code": "def download_cover(self): pass"}
{"name": "pymusic-dl.music_dl.addons.qq.QQSong.download", "code": "def download(self): # \u8ba1\u7b97vkey guid = str(random.randrange(1000000000, 10000000000)) params = { \"guid\": guid, \"loginUin\": \"3051522991\", \"format\": \"json\", \"platform\": \"yqq\", \"cid\": \"205361747\", \"uin\": \"3051522991\", \"songmid\": self.mid, \"needNewCode\": 0, } rate_list = [ (\"A000\", \"ape\", 800), (\"F000\", \"flac\", 800), (\"M800\", \"mp3\", 320), (\"C400\", \"m4a\", 128), (\"M500\", \"mp3\", 128), ] QQApi.session.headers.update({\"referer\": \"http://y.qq.com\"}) for rate in rate_list: params[\"filename\"] = \"%s%s.%s\" % (rate[0], self.mid, rate[1]) res_data = QQApi.request( \"https://c.y.qq.com/base/fcgi-bin/fcg_music_express_mobile3.fcg\", method=\"GET\", data=params, ) vkey = res_data.get(\"data\", {}).get(\"items\", [])[0].get(\"vkey\", \"\") if vkey: url = ( \"http://dl.stream.qqmusic.qq.com/%s?vkey=%s&guid=%s&uin=3051522991&fromtag=64\" % (params[\"filename\"], vkey, guid) ) self.song_url = url if self.available: self.ext = rate[1] self.rate = rate[2] break super(QQSong, self).download()"}
{"name": "pymusic-dl.music_dl.addons.baidu.BaiduSong.__init__", "code": "def __init__(self): super(BaiduSong, self).__init__()"}
{"name": "pymusic-dl.music_dl.addons.xiami.XiamiApi.encrypted_params", "code": "def encrypted_params(cls, keyword): number = config.get(\"number\") or 5 _q = dict(key=keyword, pagingVO=dict(page=1, pageSize=number)) _q = json.dumps(_q) url = \"https://www.xiami.com/search?key={}\".format(keyword) res = cls.session.get(url) cookie = res.cookies.get(\"xm_sg_tk\", \"\").split(\"_\")[0] origin_str = \"%s_xmMain_/api/search/searchSongs_%s\" % (cookie, _q) _s = hashlib.md5(origin_str.encode()).hexdigest() return dict(_q=_q, _s=_s)"}
{"name": "pymusic-dl.music_dl.addons.xiami.XiamiSong.__init__", "code": "def __init__(self): super(XiamiSong, self).__init__()"}
{"name": "pymusic-dl.music_dl.addons.kugou.KugouSong.__init__", "code": "def __init__(self): super(KugouSong, self).__init__() self.hash = \"\""}
{"name": "pymusic-dl.music_dl.addons.kugou.KugouSong.download_lyrics", "code": "def download_lyrics(self): pass"}
{"name": "pymusic-dl.music_dl.addons.kugou.KugouSong.download", "code": "def download(self): params = dict(cmd=\"playInfo\", hash=self.hash) res_data = KugouApi.request( \"http://m.kugou.com/app/i/getSongInfo.php\", method=\"GET\", data=params ) if not res_data.get(\"url\", \"\"): self.logger.error(self.name + \" @KUGOU is not available.\") return self.song_url = res_data.get(\"url\", \"\") self.rate = res_data.get(\"bitRate\", 128) self.ext = res_data.get(\"extName\", \"mp3\") self.cover_url = res_data.get(\"album_img\", \"\").replace(\"{size}\", \"150\")  super(KugouSong, self).download()"}
{"name": "pymusic-dl.music_dl.addons.netease.NeteaseApi.encode_netease_data", "code": "def encode_netease_data(cls, data) -> str: data = json.dumps(data) key = binascii.unhexlify(\"7246674226682325323F5E6544673A51\") encryptor = AES.new(key, AES.MODE_ECB) # \u8865\u8db3data\u957f\u5ea6\uff0c\u4f7f\u5176\u662f16\u7684\u500d\u6570 pad = 16 - len(data) % 16 fix = chr(pad) * pad byte_data = (data + fix).encode(\"utf-8\") return binascii.hexlify(encryptor.encrypt(byte_data)).upper().decode()"}
{"name": "pymusic-dl.music_dl.addons.netease.NeteaseApi.encrypted_request", "code": "def encrypted_request(cls, data) -> dict: MODULUS = ( \"00e0b509f6259df8642dbc35662901477df22677ec152b5ff68ace615bb7\" \"b725152b3ab17a876aea8a5aa76d2e417629ec4ee341f56135fccf695280\" \"104e0312ecbda92557c93870114af6c9d05c4f7f0c3685b7a46bee255932\" \"575cce10b424d813cfe4875d3e82047b97ddef52741d546b8e289dc6935b\" \"3ece0462db0a22b8e7\" ) PUBKEY = \"010001\" NONCE = b\"0CoJUm6Qyw8W8jud\" data = json.dumps(data).encode(\"utf-8\") secret = cls.create_key(16) params = cls.aes(cls.aes(data, NONCE), secret) encseckey = cls.rsa(secret, PUBKEY, MODULUS) return {\"params\": params, \"encSecKey\": encseckey}"}
{"name": "pymusic-dl.music_dl.addons.netease.NeteaseApi.aes", "code": "def aes(cls, text, key): pad = 16 - len(text) % 16 text = text + bytearray([pad] * pad) encryptor = AES.new(key, 2, b\"0102030405060708\") ciphertext = encryptor.encrypt(text) return base64.b64encode(ciphertext)"}
{"name": "pymusic-dl.music_dl.addons.netease.NeteaseApi.rsa", "code": "def rsa(cls, text, pubkey, modulus): text = text[::-1] rs = pow(int(binascii.hexlify(text), 16), int(pubkey, 16), int(modulus, 16)) return format(rs, \"x\").zfill(256)"}
{"name": "pymusic-dl.music_dl.addons.netease.NeteaseApi.create_key", "code": "def create_key(cls, size): return binascii.hexlify(os.urandom(size))[:16]"}
{"name": "pymusic-dl.music_dl.addons.netease.NeteaseSong.__init__", "code": "def __init__(self): super(NeteaseSong, self).__init__()"}
{"name": "pymusic-dl.music_dl.addons.netease.NeteaseSong.download_lyrics", "code": "def download_lyrics(self): row_data = {\"csrf_token\": \"\", \"id\": self.id, \"lv\": -1, \"tv\": -1} data = NeteaseApi.encrypted_request(row_data)  self.lyrics_text = ( NeteaseApi.request( \"https://music.163.com/weapi/song/lyric\", method=\"POST\", data=data ) .get(\"lrc\", {}) .get(\"lyric\", \"\") )  if self.lyrics_text: super(NeteaseSong, self)._save_lyrics_text()"}
{"name": "pymusic-dl.music_dl.addons.netease.NeteaseSong.download", "code": "def download(self): \"\"\" Download song from netease music \"\"\" data = NeteaseApi.encrypted_request(dict(ids=[self.id], br=32000)) res_data = NeteaseApi.request( \"http://music.163.com/weapi/song/enhance/player/url\", method=\"POST\", data=data, ).get(\"data\", [])  if len(res_data) > 0: self.song_url = res_data[0].get(\"url\", \"\") self.rate = int(res_data[0].get(\"br\", 0) / 1000)  super(NeteaseSong, self).download()"}
{"name": "pymusic-dl.music_dl.source.MusicSource.__init__", "code": "def __init__(self): self.logger = logging.getLogger(__name__)"}
{"name": "pymusic-dl.music_dl.source.MusicSource.search", "code": "def search(self, keyword, sources_list) -> list: sources_map = { \"baidu\": \"baidu\", # \"flac\": \"flac\", \"kugou\": \"kugou\", \"netease\": \"netease\", \"163\": \"netease\", \"qq\": \"qq\", \"migu\": \"migu\", # \"xiami\": \"xiami\", } thread_pool = [] ret_songs_list = [] ret_errors = []  click.echo(\"\") click.echo( _(\"Searching {keyword} from ...\").format( keyword=colorize(config.get(\"keyword\"), \"highlight\") ), nl=False, )  for source_key in sources_list: if not source_key in sources_map: raise ParameterError(\"Invalid music source.\")  t = threading.Thread( target=self.search_thread, args=(sources_map.get(source_key), keyword, ret_songs_list, ret_errors), ) thread_pool.append(t) t.start()  for t in thread_pool: t.join()  click.echo(\"\") # \u8f93\u51fa\u9519\u8bef\u4fe1\u606f for err in ret_errors: self.logger.debug(_(\"\u97f3\u4e50\u5217\u8868 {error} \u83b7\u53d6\u5931\u8d25.\").format(error=err[0].upper())) self.logger.debug(err[1])  # \u5bf9\u641c\u7d22\u7ed3\u679c\u6392\u5e8f\u548c\u53bb\u91cd if not config.get(\"nomerge\"): ret_songs_list.sort( key=lambda song: (song.singer, song.title, song.size), reverse=True ) tmp_list = [] for i in range(len(ret_songs_list)): # \u5982\u679c\u540d\u79f0\u3001\u6b4c\u624b\u90fd\u4e00\u81f4\u7684\u8bdd\u5c31\u53bb\u91cd\uff0c\u4fdd\u7559\u6700\u5927\u7684\u6587\u4ef6 if ( i > 0 and ret_songs_list[i].size <= ret_songs_list[i - 1].size and ret_songs_list[i].title == ret_songs_list[i - 1].title and ret_songs_list[i].singer == ret_songs_list[i - 1].singer ): continue tmp_list.append(ret_songs_list[i]) ret_songs_list = tmp_list  return ret_songs_list"}
{"name": "pymusic-dl.music_dl.source.MusicSource.search_thread", "code": "def search_thread(self, source, keyword, ret_songs_list, ret_errors): try: addon = importlib.import_module(\".addons.\" + source, __package__) ret_songs_list += addon.search(keyword) except (RequestError, ResponseError, DataError) as e: ret_errors.append((source, e)) except Exception as e: # \u6700\u540e\u4e00\u8d77\u8f93\u51fa\u9519\u8bef\u4fe1\u606f\u514d\u5f97\u5f71\u54cd\u641c\u7d22\u7ed3\u679c\u5217\u8868\u6392\u7248 err = traceback.format_exc() if config.get(\"verbose\") else str(e) ret_errors.append((source, err)) finally: # \u653e\u5728\u641c\u7d22\u540e\u8f93\u51fa\u662f\u4e3a\u4e86\u8425\u9020\u51fa\u641c\u7d22\u5f88\u5feb\u7684\u5047\u8c61 click.echo(\" %s ...\" % colorize(source.upper(), source), nl=False)"}
{"name": "pymusic-dl.music_dl.source.MusicSource.single", "code": "def single(self, url): sources_map = { # \"baidu.com\": \"baidu\", # \"flac\": \"flac\", # \"kugou.com\": \"kugou\", \"163.com\": \"netease\", # \"qq.com\": \"qq\", # \"xiami.com\": \"xiami\", } sources = [v for k, v in sources_map.items() if k in url] if not sources: raise ParameterError(\"Invalid url.\") source = sources[0] click.echo(_(\"Downloading song from %s ...\" % source.upper())) try: addon = importlib.import_module(\".addons.\" + source, __package__) song = addon.single(url) return song except (RequestError, ResponseError, DataError) as e: self.logger.error(e) except Exception as e: # \u6700\u540e\u4e00\u8d77\u8f93\u51fa\u9519\u8bef\u4fe1\u606f\u514d\u5f97\u5f71\u54cd\u641c\u7d22\u7ed3\u679c\u5217\u8868\u6392\u7248 err = traceback.format_exc() if config.get(\"verbose\") else str(e) self.logger.error(err)"}
{"name": "pymusic-dl.music_dl.source.MusicSource.playlist", "code": "def playlist(self, url) -> list: sources_map = { # \"baidu.com\": \"baidu\", # \"flac\": \"flac\", # \"kugou.com\": \"kugou\", \"163.com\": \"netease\", # \"qq.com\": \"qq\", # \"xiami.com\": \"xiami\", } sources = [v for k, v in sources_map.items() if k in url] if not sources: raise ParameterError(\"Invalid url.\") source = sources[0] click.echo(_(\"Parsing music playlist from %s ...\" % source.upper())) ret_songs_list = [] try: addon = importlib.import_module(\".addons.\" + source, __package__) ret_songs_list = addon.playlist(url) except (RequestError, ResponseError, DataError) as e: self.logger.error(e) except Exception as e: # \u6700\u540e\u4e00\u8d77\u8f93\u51fa\u9519\u8bef\u4fe1\u606f\u514d\u5f97\u5f71\u54cd\u641c\u7d22\u7ed3\u679c\u5217\u8868\u6392\u7248 err = traceback.format_exc() if config.get(\"verbose\") else str(e) self.logger.error(err)  return ret_songs_list"}
{"name": "pymusic-dl.music_dl.exceptions.RequestError.__init__", "code": "def __init__(self, *args, **kwargs): pass"}
{"name": "pymusic-dl.music_dl.exceptions.ResponseError.__init__", "code": "def __init__(self, *args, **kwargs): pass"}
{"name": "pymusic-dl.music_dl.exceptions.DataError.__init__", "code": "def __init__(self, *args, **kwargs): pass"}
{"name": "pymusic-dl.music_dl.exceptions.ParameterError.__init__", "code": "def __init__(self, *args, **kwargs): pass"}
{"name": "pymusic-dl.music_dl.api.MusicApi.request", "code": "def request(cls, url, method=\"POST\", data=None): if method == \"GET\": resp = cls.session.get(url, params=data, timeout=7) else: resp = cls.session.post(url, data=data, timeout=7) if resp.status_code != requests.codes.ok: raise RequestError(resp.text) if not resp.text: raise ResponseError(\"No response data.\") return resp.json()"}
