{"name": "pytube.pytube.monostate.Monostate.__init__", "code": "def __init__( self, on_progress: Optional[Callable[[Any, bytes, int], None]], on_complete: Optional[Callable[[Any, Optional[str]], None]], title: Optional[str] = None, duration: Optional[int] = None, ): self.on_progress = on_progress self.on_complete = on_complete self.title = title self.duration = duration"}
{"name": "pytube.pytube.contrib.playlist.Playlist.__init__", "code": "def __init__(self, url: str, proxies: Optional[Dict[str, str]] = None): if proxies: install_proxy(proxies)  self._input_url = url  # These need to be initialized as None for the properties. self._html = None self._ytcfg = None self._initial_data = None self._sidebar_info = None  self._playlist_id = None"}
{"name": "pytube.pytube.contrib.playlist.Playlist.playlist_id", "code": "def playlist_id(self): \"\"\"Get the playlist id.  :rtype: str \"\"\" if self._playlist_id: return self._playlist_id self._playlist_id = extract.playlist_id(self._input_url) return self._playlist_id"}
{"name": "pytube.pytube.contrib.playlist.Playlist.playlist_url", "code": "def playlist_url(self): \"\"\"Get the base playlist url.  :rtype: str \"\"\" return f\"https://www.youtube.com/playlist?list={self.playlist_id}\""}
{"name": "pytube.pytube.contrib.playlist.Playlist.html", "code": "def html(self): \"\"\"Get the playlist page html.  :rtype: str \"\"\" if self._html: return self._html self._html = request.get(self.playlist_url) return self._html"}
{"name": "pytube.pytube.contrib.playlist.Playlist.ytcfg", "code": "def ytcfg(self): \"\"\"Extract the ytcfg from the playlist page html.  :rtype: dict \"\"\" if self._ytcfg: return self._ytcfg self._ytcfg = extract.get_ytcfg(self.html) return self._ytcfg"}
{"name": "pytube.pytube.contrib.playlist.Playlist.initial_data", "code": "def initial_data(self): \"\"\"Extract the initial data from the playlist page html.  :rtype: dict \"\"\" if self._initial_data: return self._initial_data else: self._initial_data = extract.initial_data(self.html) return self._initial_data"}
{"name": "pytube.pytube.contrib.playlist.Playlist.sidebar_info", "code": "def sidebar_info(self): \"\"\"Extract the sidebar info from the playlist page html.  :rtype: dict \"\"\" if self._sidebar_info: return self._sidebar_info else: self._sidebar_info = self.initial_data['sidebar'][ 'playlistSidebarRenderer']['items'] return self._sidebar_info"}
{"name": "pytube.pytube.contrib.playlist.Playlist.yt_api_key", "code": "def yt_api_key(self): \"\"\"Extract the INNERTUBE_API_KEY from the playlist ytcfg.  :rtype: str \"\"\" return self.ytcfg['INNERTUBE_API_KEY']"}
{"name": "pytube.pytube.contrib.playlist.Playlist._paginate", "code": "def _paginate( self, until_watch_id: Optional[str] = None ) -> Iterable[List[str]]: \"\"\"Parse the video links from the page source, yields the /watch?v= part from video link  :param until_watch_id Optional[str]: YouTube Video watch id until which the playlist should be read.  :rtype: Iterable[List[str]] :returns: Iterable of lists of YouTube watch ids \"\"\" videos_urls, continuation = self._extract_videos( json.dumps(extract.initial_data(self.html)) ) if until_watch_id: try: trim_index = videos_urls.index(f\"/watch?v={until_watch_id}\") yield videos_urls[:trim_index] return except ValueError: pass yield videos_urls  # Extraction from a playlist only returns 100 videos at a time # if self._extract_videos returns a continuation there are more # than 100 songs inside a playlist, so we need to add further requests # to gather all of them if continuation: load_more_url, headers, data = self._build_continuation_url(continuation) else: load_more_url, headers, data = None, None, None  while load_more_url and headers and data:  # there is an url found logger.debug(\"load more url: %s\", load_more_url) # requesting the next page of videos with the url generated from the # previous page, needs to be a post req = request.post(load_more_url, extra_headers=headers, data=data) # extract up to 100 songs from the page loaded # returns another continuation if more videos are available videos_urls, continuation = self._extract_videos(req) if until_watch_id: try: trim_index = videos_urls.index(f\"/watch?v={until_watch_id}\") yield videos_urls[:trim_index] return except ValueError: pass yield videos_urls  if continuation: load_more_url, headers, data = self._build_continuation_url( continuation ) else: load_more_url, headers, data = None, None, None"}
{"name": "pytube.pytube.contrib.playlist.Playlist._build_continuation_url", "code": "def _build_continuation_url(self, continuation: str) -> Tuple[str, dict, dict]: \"\"\"Helper method to build the url and headers required to request the next page of videos  :param str continuation: Continuation extracted from the json response of the last page :rtype: Tuple[str, dict, dict] :returns: Tuple of an url and required headers for the next http request \"\"\" return ( ( # was changed to this format (and post requests) # between 2021.03.02 and 2021.03.03 \"https://www.youtube.com/youtubei/v1/browse?key=\" f\"{self.yt_api_key}\" ), { \"X-YouTube-Client-Name\": \"1\", \"X-YouTube-Client-Version\": \"2.20200720.00.02\", }, # extra data required for post request { \"continuation\": continuation, \"context\": { \"client\": { \"clientName\": \"WEB\", \"clientVersion\": \"2.20200720.00.02\" } } } )"}
{"name": "pytube.pytube.contrib.playlist.Playlist._extract_videos", "code": "def _extract_videos(raw_json: str) -> Tuple[List[str], Optional[str]]: \"\"\"Extracts videos from a raw json page  :param str raw_json: Input json extracted from the page or the last server response :rtype: Tuple[List[str], Optional[str]] :returns: Tuple containing a list of up to 100 video watch ids and a continuation token, if more videos are available \"\"\" initial_data = json.loads(raw_json) try: # this is the json tree structure, if the json was extracted from # html section_contents = initial_data[\"contents\"][ \"twoColumnBrowseResultsRenderer\"][ \"tabs\"][0][\"tabRenderer\"][\"content\"][ \"sectionListRenderer\"][\"contents\"] try: # Playlist without submenus important_content = section_contents[ 0][\"itemSectionRenderer\"][ \"contents\"][0][\"playlistVideoListRenderer\"] except (KeyError, IndexError, TypeError): # Playlist with submenus important_content = section_contents[ 1][\"itemSectionRenderer\"][ \"contents\"][0][\"playlistVideoListRenderer\"] videos = important_content[\"contents\"] except (KeyError, IndexError, TypeError): try: # this is the json tree structure, if the json was directly sent # by the server in a continuation response # no longer a list and no longer has the \"response\" key important_content = initial_data['onResponseReceivedActions'][0][ 'appendContinuationItemsAction']['continuationItems'] videos = important_content except (KeyError, IndexError, TypeError) as p: logger.info(p) return [], None  try: continuation = videos[-1]['continuationItemRenderer'][ 'continuationEndpoint' ]['continuationCommand']['token'] videos = videos[:-1] except (KeyError, IndexError): # if there is an error, no continuation is available continuation = None  # remove duplicates return ( uniqueify( list( # only extract the video ids from the video data map( lambda x: ( f\"/watch?v=\" f\"{x['playlistVideoRenderer']['videoId']}\" ), videos ) ), ), continuation, )"}
{"name": "pytube.pytube.contrib.playlist.Playlist.trimmed", "code": "def trimmed(self, video_id: str) -> Iterable[str]: \"\"\"Retrieve a list of YouTube video URLs trimmed at the given video ID  i.e. if the playlist has video IDs 1,2,3,4 calling trimmed(3) returns [1,2] :type video_id: str video ID to trim the returned list of playlist URLs at :rtype: List[str] :returns: List of video URLs from the playlist trimmed at the given ID \"\"\" for page in self._paginate(until_watch_id=video_id): yield from (self._video_url(watch_path) for watch_path in page)"}
{"name": "pytube.pytube.contrib.playlist.Playlist.url_generator", "code": "def url_generator(self): \"\"\"Generator that yields video URLs.  :Yields: Video URLs \"\"\" for page in self._paginate(): for video in page: yield self._video_url(video)"}
{"name": "pytube.pytube.contrib.playlist.Playlist.video_urls", "code": "def video_urls(self) -> DeferredGeneratorList: \"\"\"Complete links of all the videos in playlist  :rtype: List[str] :returns: List of video URLs \"\"\" return DeferredGeneratorList(self.url_generator())"}
{"name": "pytube.pytube.contrib.playlist.Playlist.videos_generator", "code": "def videos_generator(self): for url in self.video_urls: yield YouTube(url)"}
{"name": "pytube.pytube.contrib.playlist.Playlist.videos", "code": "def videos(self) -> Iterable[YouTube]: \"\"\"Yields YouTube objects of videos in this playlist  :rtype: List[YouTube] :returns: List of YouTube \"\"\" return DeferredGeneratorList(self.videos_generator())"}
{"name": "pytube.pytube.contrib.playlist.Playlist.__getitem__", "code": "def __getitem__(self, i: Union[slice, int]) -> Union[str, List[str]]: return self.video_urls[i]"}
{"name": "pytube.pytube.contrib.playlist.Playlist.__len__", "code": "def __len__(self) -> int: return len(self.video_urls)"}
{"name": "pytube.pytube.contrib.playlist.Playlist.__repr__", "code": "def __repr__(self) -> str: return f\"{repr(self.video_urls)}\""}
{"name": "pytube.pytube.contrib.playlist.Playlist.last_updated", "code": "def last_updated(self) -> Optional[date]: \"\"\"Extract the date that the playlist was last updated.  For some playlists, this will be a specific date, which is returned as a datetime object. For other playlists, this is an estimate such as \"1 week ago\". Due to the fact that this value is returned as a string, pytube does a best-effort parsing where possible, and returns the raw string where it is not possible.  :return: Date of last playlist update where possible, else the string provided :rtype: datetime.date \"\"\" last_updated_text = self.sidebar_info[0]['playlistSidebarPrimaryInfoRenderer'][ 'stats'][2]['runs'][1]['text'] try: date_components = last_updated_text.split() month = date_components[0] day = date_components[1].strip(',') year = date_components[2] return datetime.strptime( f\"{month} {day:0>2} {year}\", \"%b %d %Y\" ).date() except (IndexError, KeyError): return last_updated_text"}
{"name": "pytube.pytube.contrib.playlist.Playlist.title", "code": "def title(self) -> Optional[str]: \"\"\"Extract playlist title  :return: playlist title (name) :rtype: Optional[str] \"\"\" return self.sidebar_info[0]['playlistSidebarPrimaryInfoRenderer'][ 'title']['runs'][0]['text']"}
{"name": "pytube.pytube.contrib.playlist.Playlist.description", "code": "def description(self) -> str: return self.sidebar_info[0]['playlistSidebarPrimaryInfoRenderer'][ 'description']['simpleText']"}
{"name": "pytube.pytube.contrib.playlist.Playlist.length", "code": "def length(self): \"\"\"Extract the number of videos in the playlist.  :return: Playlist video count :rtype: int \"\"\" count_text = self.sidebar_info[0]['playlistSidebarPrimaryInfoRenderer'][ 'stats'][0]['runs'][0]['text'] count_text = count_text.replace(',','') return int(count_text)"}
{"name": "pytube.pytube.contrib.playlist.Playlist.views", "code": "def views(self): \"\"\"Extract view count for playlist.  :return: Playlist view count :rtype: int \"\"\" # \"1,234,567 views\" views_text = self.sidebar_info[0]['playlistSidebarPrimaryInfoRenderer'][ 'stats'][1]['simpleText'] # \"1,234,567\" count_text = views_text.split()[0] # \"1234567\" count_text = count_text.replace(',', '') return int(count_text)"}
{"name": "pytube.pytube.contrib.playlist.Playlist.owner", "code": "def owner(self): \"\"\"Extract the owner of the playlist.  :return: Playlist owner name. :rtype: str \"\"\" return self.sidebar_info[1]['playlistSidebarSecondaryInfoRenderer'][ 'videoOwner']['videoOwnerRenderer']['title']['runs'][0]['text']"}
{"name": "pytube.pytube.contrib.playlist.Playlist.owner_id", "code": "def owner_id(self): \"\"\"Extract the channel_id of the owner of the playlist.  :return: Playlist owner's channel ID. :rtype: str \"\"\" return self.sidebar_info[1]['playlistSidebarSecondaryInfoRenderer'][ 'videoOwner']['videoOwnerRenderer']['title']['runs'][0][ 'navigationEndpoint']['browseEndpoint']['browseId']"}
{"name": "pytube.pytube.contrib.playlist.Playlist.owner_url", "code": "def owner_url(self): \"\"\"Create the channel url of the owner of the playlist.  :return: Playlist owner's channel url. :rtype: str \"\"\" return f'https://www.youtube.com/channel/{self.owner_id}'"}
{"name": "pytube.pytube.contrib.playlist.Playlist._video_url", "code": "def _video_url(watch_path: str): return f\"https://www.youtube.com{watch_path}\""}
{"name": "pytube.pytube.contrib.search.Search.__init__", "code": "def __init__(self, query): \"\"\"Initialize Search object.  :param str query: Search query provided by the user. \"\"\" self.query = query self._innertube_client = InnerTube(client='WEB')  # The first search, without a continuation, is structured differently #  and contains completion suggestions, so we must store this separately self._initial_results = None  self._results = None self._completion_suggestions = None  # Used for keeping track of query continuations so that new results #  are always returned when get_next_results() is called self._current_continuation = None"}
{"name": "pytube.pytube.contrib.search.Search.completion_suggestions", "code": "def completion_suggestions(self): \"\"\"Return query autocompletion suggestions for the query.  :rtype: list :returns: A list of autocomplete suggestions provided by YouTube for the query. \"\"\" if self._completion_suggestions: return self._completion_suggestions if self.results: self._completion_suggestions = self._initial_results['refinements'] return self._completion_suggestions"}
{"name": "pytube.pytube.contrib.search.Search.results", "code": "def results(self): \"\"\"Return search results.  On first call, will generate and return the first set of results. Additional results can be generated using ``.get_next_results()``.  :rtype: list :returns: A list of YouTube objects. \"\"\" if self._results: return self._results  videos, continuation = self.fetch_and_parse() self._results = videos self._current_continuation = continuation return self._results"}
{"name": "pytube.pytube.contrib.search.Search.get_next_results", "code": "def get_next_results(self): \"\"\"Use the stored continuation string to fetch the next set of results.  This method does not return the results, but instead updates the results property. \"\"\" if self._current_continuation: videos, continuation = self.fetch_and_parse(self._current_continuation) self._results.extend(videos) self._current_continuation = continuation else: raise IndexError"}
{"name": "pytube.pytube.contrib.search.Search.fetch_and_parse", "code": "def fetch_and_parse(self, continuation=None): \"\"\"Fetch from the innertube API and parse the results.  :param str continuation: Continuation string for fetching results. :rtype: tuple :returns: A tuple of a list of YouTube objects and a continuation string. \"\"\" # Begin by executing the query and identifying the relevant sections #  of the results raw_results = self.fetch_query(continuation)  # Initial result is handled by try block, continuations by except block try: sections = raw_results['contents']['twoColumnSearchResultsRenderer'][ 'primaryContents']['sectionListRenderer']['contents'] except KeyError: sections = raw_results['onResponseReceivedCommands'][0][ 'appendContinuationItemsAction']['continuationItems'] item_renderer = None continuation_renderer = None for s in sections: if 'itemSectionRenderer' in s: item_renderer = s['itemSectionRenderer'] if 'continuationItemRenderer' in s: continuation_renderer = s['continuationItemRenderer']  # If the continuationItemRenderer doesn't exist, assume no further results if continuation_renderer: next_continuation = continuation_renderer['continuationEndpoint'][ 'continuationCommand']['token'] else: next_continuation = None  # If the itemSectionRenderer doesn't exist, assume no results. if item_renderer: videos = [] raw_video_list = item_renderer['contents'] for video_details in raw_video_list: # Skip over ads if video_details.get('searchPyvRenderer', {}).get('ads', None): continue  # Skip \"recommended\" type videos e.g. \"people also watched\" and \"popular X\" #  that break up the search results if 'shelfRenderer' in video_details: continue  # Skip auto-generated \"mix\" playlist results if 'radioRenderer' in video_details: continue  # Skip playlist results if 'playlistRenderer' in video_details: continue  # Skip channel results if 'channelRenderer' in video_details: continue  # Skip 'people also searched for' results if 'horizontalCardListRenderer' in video_details: continue  # Can't seem to reproduce, probably related to typo fix suggestions if 'didYouMeanRenderer' in video_details: continue  # Seems to be the renderer used for the image shown on a no results page if 'backgroundPromoRenderer' in video_details: continue  if 'videoRenderer' not in video_details: logger.warn('Unexpected renderer encountered.') logger.warn(f'Renderer name: {video_details.keys()}') logger.warn(f'Search term: {self.query}') logger.warn( 'Please open an issue at ' 'https://github.com/pytube/pytube/issues ' 'and provide this log output.' ) continue  # Extract relevant video information from the details. # Some of this can be used to pre-populate attributes of the #  YouTube object. vid_renderer = video_details['videoRenderer'] vid_id = vid_renderer['videoId'] vid_url = f'https://www.youtube.com/watch?v={vid_id}' vid_title = vid_renderer['title']['runs'][0]['text'] vid_channel_name = vid_renderer['ownerText']['runs'][0]['text'] vid_channel_uri = vid_renderer['ownerText']['runs'][0][ 'navigationEndpoint']['commandMetadata']['webCommandMetadata']['url'] # Livestreams have \"runs\", non-livestreams have \"simpleText\", #  and scheduled releases do not have 'viewCountText' if 'viewCountText' in vid_renderer: if 'runs' in vid_renderer['viewCountText']: vid_view_count_text = vid_renderer['viewCountText']['runs'][0]['text'] else: vid_view_count_text = vid_renderer['viewCountText']['simpleText'] # Strip ' views' text, then remove commas stripped_text = vid_view_count_text.split()[0].replace(',','') if stripped_text == 'No': vid_view_count = 0 else: vid_view_count = int(stripped_text) else: vid_view_count = 0 if 'lengthText' in vid_renderer: vid_length = vid_renderer['lengthText']['simpleText'] else: vid_length = None  vid_metadata = { 'id': vid_id, 'url': vid_url, 'title': vid_title, 'channel_name': vid_channel_name, 'channel_url': vid_channel_uri, 'view_count': vid_view_count, 'length': vid_length }  # Construct YouTube object from metadata and append to results vid = YouTube(vid_metadata['url']) vid.author = vid_metadata['channel_name'] vid.title = vid_metadata['title'] videos.append(vid) else: videos = None  return videos, next_continuation"}
{"name": "pytube.pytube.contrib.search.Search.fetch_query", "code": "def fetch_query(self, continuation=None): \"\"\"Fetch raw results from the innertube API.  :param str continuation: Continuation string for fetching results. :rtype: dict :returns: The raw json object returned by the innertube API. \"\"\" query_results = self._innertube_client.search(self.query, continuation) if not self._initial_results: self._initial_results = query_results return query_results  # noqa:R504"}
{"name": "pytube.pytube.contrib.channel.Channel.__init__", "code": "def __init__(self, url: str, proxies: Optional[Dict[str, str]] = None): \"\"\"Construct a :class:`Channel <Channel>`.  :param str url: A valid YouTube channel URL. :param proxies: (Optional) A dictionary of proxies to use for web requests. \"\"\" super().__init__(url, proxies)  self.channel_uri = extract.channel_name(url)  self.channel_url = ( f\"https://www.youtube.com{self.channel_uri}\" )  self.videos_url = self.channel_url + '/videos' self.playlists_url = self.channel_url + '/playlists' self.community_url = self.channel_url + '/community' self.featured_channels_url = self.channel_url + '/channels' self.about_url = self.channel_url + '/about'  # Possible future additions self._playlists_html = None self._community_html = None self._featured_channels_html = None self._about_html = None"}
{"name": "pytube.pytube.contrib.channel.Channel.channel_name", "code": "def channel_name(self): \"\"\"Get the name of the YouTube channel.  :rtype: str \"\"\" return self.initial_data['metadata']['channelMetadataRenderer']['title']"}
{"name": "pytube.pytube.contrib.channel.Channel.channel_id", "code": "def channel_id(self): \"\"\"Get the ID of the YouTube channel.  This will return the underlying ID, not the vanity URL.  :rtype: str \"\"\" return self.initial_data['metadata']['channelMetadataRenderer']['externalId']"}
{"name": "pytube.pytube.contrib.channel.Channel.vanity_url", "code": "def vanity_url(self): \"\"\"Get the vanity URL of the YouTube channel.  Returns None if it doesn't exist.  :rtype: str \"\"\" return self.initial_data['metadata']['channelMetadataRenderer'].get('vanityChannelUrl', None)  # noqa:E501"}
{"name": "pytube.pytube.contrib.channel.Channel.html", "code": "def html(self): \"\"\"Get the html for the /videos page.  :rtype: str \"\"\" if self._html: return self._html self._html = request.get(self.videos_url) return self._html"}
{"name": "pytube.pytube.contrib.channel.Channel.playlists_html", "code": "def playlists_html(self): \"\"\"Get the html for the /playlists page.  Currently unused for any functionality.  :rtype: str \"\"\" if self._playlists_html: return self._playlists_html else: self._playlists_html = request.get(self.playlists_url) return self._playlists_html"}
{"name": "pytube.pytube.contrib.channel.Channel.community_html", "code": "def community_html(self): \"\"\"Get the html for the /community page.  Currently unused for any functionality.  :rtype: str \"\"\" if self._community_html: return self._community_html else: self._community_html = request.get(self.community_url) return self._community_html"}
{"name": "pytube.pytube.contrib.channel.Channel.featured_channels_html", "code": "def featured_channels_html(self): \"\"\"Get the html for the /channels page.  Currently unused for any functionality.  :rtype: str \"\"\" if self._featured_channels_html: return self._featured_channels_html else: self._featured_channels_html = request.get(self.featured_channels_url) return self._featured_channels_html"}
{"name": "pytube.pytube.contrib.channel.Channel.about_html", "code": "def about_html(self): \"\"\"Get the html for the /about page.  Currently unused for any functionality.  :rtype: str \"\"\" if self._about_html: return self._about_html else: self._about_html = request.get(self.about_url) return self._about_html"}
{"name": "pytube.pytube.contrib.channel.Channel._extract_videos", "code": "def _extract_videos(raw_json: str) -> Tuple[List[str], Optional[str]]: \"\"\"Extracts videos from a raw json page  :param str raw_json: Input json extracted from the page or the last server response :rtype: Tuple[List[str], Optional[str]] :returns: Tuple containing a list of up to 100 video watch ids and a continuation token, if more videos are available \"\"\" initial_data = json.loads(raw_json) # this is the json tree structure, if the json was extracted from # html try: videos = initial_data[\"contents\"][ \"twoColumnBrowseResultsRenderer\"][ \"tabs\"][1][\"tabRenderer\"][\"content\"][ \"sectionListRenderer\"][\"contents\"][0][ \"itemSectionRenderer\"][\"contents\"][0][ \"gridRenderer\"][\"items\"] except (KeyError, IndexError, TypeError): try: # this is the json tree structure, if the json was directly sent # by the server in a continuation response important_content = initial_data[1]['response']['onResponseReceivedActions'][ 0 ]['appendContinuationItemsAction']['continuationItems'] videos = important_content except (KeyError, IndexError, TypeError): try: # this is the json tree structure, if the json was directly sent # by the server in a continuation response # no longer a list and no longer has the \"response\" key important_content = initial_data['onResponseReceivedActions'][0][ 'appendContinuationItemsAction']['continuationItems'] videos = important_content except (KeyError, IndexError, TypeError) as p: logger.info(p) return [], None  try: continuation = videos[-1]['continuationItemRenderer'][ 'continuationEndpoint' ]['continuationCommand']['token'] videos = videos[:-1] except (KeyError, IndexError): # if there is an error, no continuation is available continuation = None  # remove duplicates return ( uniqueify( list( # only extract the video ids from the video data map( lambda x: ( f\"/watch?v=\" f\"{x['gridVideoRenderer']['videoId']}\" ), videos ) ), ), continuation, )"}
{"name": "pytube.pytube.innertube.InnerTube.__init__", "code": "def __init__(self, client='ANDROID_MUSIC', use_oauth=False, allow_cache=True): \"\"\"Initialize an InnerTube object.  :param str client: Client to use for the object. Default to web because it returns the most playback types. :param bool use_oauth: Whether or not to authenticate to YouTube. :param bool allow_cache: Allows caching of oauth tokens on the machine. \"\"\" self.context = _default_clients[client]['context'] self.header = _default_clients[client]['header'] self.api_key = _default_clients[client]['api_key'] self.access_token = None self.refresh_token = None self.use_oauth = use_oauth self.allow_cache = allow_cache  # Stored as epoch time self.expires = None  # Try to load from file if specified if self.use_oauth and self.allow_cache: # Try to load from file if possible if os.path.exists(_token_file): with open(_token_file) as f: data = json.load(f) self.access_token = data['access_token'] self.refresh_token = data['refresh_token'] self.expires = data['expires'] self.refresh_bearer_token()"}
{"name": "pytube.pytube.innertube.InnerTube.cache_tokens", "code": "def cache_tokens(self): \"\"\"Cache tokens to file if allowed.\"\"\" if not self.allow_cache: return  data = { 'access_token': self.access_token, 'refresh_token': self.refresh_token, 'expires': self.expires } if not os.path.exists(_cache_dir): os.mkdir(_cache_dir) with open(_token_file, 'w') as f: json.dump(data, f)"}
{"name": "pytube.pytube.innertube.InnerTube.refresh_bearer_token", "code": "def refresh_bearer_token(self, force=False): \"\"\"Refreshes the OAuth token if necessary.  :param bool force: Force-refresh the bearer token. \"\"\" if not self.use_oauth: return # Skip refresh if it's not necessary and not forced if self.expires > time.time() and not force: return  # Subtracting 30 seconds is arbitrary to avoid potential time discrepencies start_time = int(time.time() - 30) data = { 'client_id': _client_id, 'client_secret': _client_secret, 'grant_type': 'refresh_token', 'refresh_token': self.refresh_token } response = request._execute_request( 'https://oauth2.googleapis.com/token', 'POST', headers={ 'Content-Type': 'application/json' }, data=data ) response_data = json.loads(response.read())  self.access_token = response_data['access_token'] self.expires = start_time + response_data['expires_in'] self.cache_tokens()"}
{"name": "pytube.pytube.innertube.InnerTube.fetch_bearer_token", "code": "def fetch_bearer_token(self): \"\"\"Fetch an OAuth token.\"\"\" # Subtracting 30 seconds is arbitrary to avoid potential time discrepencies start_time = int(time.time() - 30) data = { 'client_id': _client_id, 'scope': 'https://www.googleapis.com/auth/youtube' } response = request._execute_request( 'https://oauth2.googleapis.com/device/code', 'POST', headers={ 'Content-Type': 'application/json' }, data=data ) response_data = json.loads(response.read()) verification_url = response_data['verification_url'] user_code = response_data['user_code'] print(f'Please open {verification_url} and input code {user_code}') input('Press enter when you have completed this step.')  data = { 'client_id': _client_id, 'client_secret': _client_secret, 'device_code': response_data['device_code'], 'grant_type': 'urn:ietf:params:oauth:grant-type:device_code' } response = request._execute_request( 'https://oauth2.googleapis.com/token', 'POST', headers={ 'Content-Type': 'application/json' }, data=data ) response_data = json.loads(response.read())  self.access_token = response_data['access_token'] self.refresh_token = response_data['refresh_token'] self.expires = start_time + response_data['expires_in'] self.cache_tokens()"}
{"name": "pytube.pytube.innertube.InnerTube.base_url", "code": "def base_url(self): \"\"\"Return the base url endpoint for the innertube API.\"\"\" return 'https://www.youtube.com/youtubei/v1'"}
{"name": "pytube.pytube.innertube.InnerTube.base_data", "code": "def base_data(self): \"\"\"Return the base json data to transmit to the innertube API.\"\"\" return { 'context': self.context }"}
{"name": "pytube.pytube.innertube.InnerTube.base_params", "code": "def base_params(self): \"\"\"Return the base query parameters to transmit to the innertube API.\"\"\" return { 'key': self.api_key, 'contentCheckOk': True, 'racyCheckOk': True }"}
{"name": "pytube.pytube.innertube.InnerTube._call_api", "code": "def _call_api(self, endpoint, query, data): \"\"\"Make a request to a given endpoint with the provided query parameters and data.\"\"\" # Remove the API key if oauth is being used. if self.use_oauth: del query['key']  endpoint_url = f'{endpoint}?{parse.urlencode(query)}' headers = { 'Content-Type': 'application/json', } # Add the bearer token if applicable if self.use_oauth: if self.access_token: self.refresh_bearer_token() headers['Authorization'] = f'Bearer {self.access_token}' else: self.fetch_bearer_token() headers['Authorization'] = f'Bearer {self.access_token}'  headers.update(self.header)  response = request._execute_request( endpoint_url, 'POST', headers=headers, data=data ) return json.loads(response.read())"}
{"name": "pytube.pytube.innertube.InnerTube.browse", "code": "def browse(self): \"\"\"Make a request to the browse endpoint.  TODO: Figure out how we can use this \"\"\" # endpoint = f'{self.base_url}/browse'  # noqa:E800 ... # return self._call_api(endpoint, query, self.base_data)  # noqa:E800"}
{"name": "pytube.pytube.innertube.InnerTube.config", "code": "def config(self): \"\"\"Make a request to the config endpoint.  TODO: Figure out how we can use this \"\"\" # endpoint = f'{self.base_url}/config'  # noqa:E800 ... # return self._call_api(endpoint, query, self.base_data)  # noqa:E800"}
{"name": "pytube.pytube.innertube.InnerTube.guide", "code": "def guide(self): \"\"\"Make a request to the guide endpoint.  TODO: Figure out how we can use this \"\"\" # endpoint = f'{self.base_url}/guide'  # noqa:E800 ... # return self._call_api(endpoint, query, self.base_data)  # noqa:E800"}
{"name": "pytube.pytube.innertube.InnerTube.next", "code": "def next(self): \"\"\"Make a request to the next endpoint.  TODO: Figure out how we can use this \"\"\" # endpoint = f'{self.base_url}/next'  # noqa:E800 ... # return self._call_api(endpoint, query, self.base_data)  # noqa:E800"}
{"name": "pytube.pytube.innertube.InnerTube.player", "code": "def player(self, video_id): \"\"\"Make a request to the player endpoint.  :param str video_id: The video id to get player info for. :rtype: dict :returns: Raw player info results. \"\"\" endpoint = f'{self.base_url}/player' query = { 'videoId': video_id, } query.update(self.base_params) return self._call_api(endpoint, query, self.base_data)"}
{"name": "pytube.pytube.innertube.InnerTube.search", "code": "def search(self, search_query, continuation=None): \"\"\"Make a request to the search endpoint.  :param str search_query: The query to search. :rtype: dict :returns: Raw search query results. \"\"\" endpoint = f'{self.base_url}/search' query = { 'query': search_query } query.update(self.base_params) data = {} if continuation: data['continuation'] = continuation data.update(self.base_data) return self._call_api(endpoint, query, data)"}
{"name": "pytube.pytube.innertube.InnerTube.verify_age", "code": "def verify_age(self, video_id): \"\"\"Make a request to the age_verify endpoint.  Notable examples of the types of video this verification step is for: * https://www.youtube.com/watch?v=QLdAhwSBZ3w * https://www.youtube.com/watch?v=hc0ZDaAZQT0  :param str video_id: The video id to get player info for. :rtype: dict :returns: Returns information that includes a URL for bypassing certain restrictions. \"\"\" endpoint = f'{self.base_url}/verify_age' data = { 'nextEndpoint': { 'urlEndpoint': { 'url': f'/watch?v={video_id}' } }, 'setControvercy': True } data.update(self.base_data) result = self._call_api(endpoint, self.base_params, data) return result"}
{"name": "pytube.pytube.innertube.InnerTube.get_transcript", "code": "def get_transcript(self, video_id): \"\"\"Make a request to the get_transcript endpoint.  This is likely related to captioning for videos, but is currently untested. \"\"\" endpoint = f'{self.base_url}/get_transcript' query = { 'videoId': video_id, } query.update(self.base_params) result = self._call_api(endpoint, query, self.base_data) return result"}
{"name": "pytube.pytube.__main__.YouTube.__init__", "code": "def __init__( self, url: str, on_progress_callback: Optional[Callable[[Any, bytes, int], None]] = None, on_complete_callback: Optional[Callable[[Any, Optional[str]], None]] = None, proxies: Dict[str, str] = None, use_oauth: bool = False, allow_oauth_cache: bool = True ): \"\"\"Construct a :class:`YouTube <YouTube>`.  :param str url: A valid YouTube watch URL. :param func on_progress_callback: (Optional) User defined callback function for stream download progress events. :param func on_complete_callback: (Optional) User defined callback function for stream download complete events. :param dict proxies: (Optional) A dict mapping protocol to proxy address which will be used by pytube. :param bool use_oauth: (Optional) Prompt the user to authenticate to YouTube. If allow_oauth_cache is set to True, the user should only be prompted once. :param bool allow_oauth_cache: (Optional) Cache OAuth tokens locally on the machine. Defaults to True. These tokens are only generated if use_oauth is set to True as well. \"\"\" self._js: Optional[str] = None  # js fetched by js_url self._js_url: Optional[str] = None  # the url to the js, parsed from watch html  self._vid_info: Optional[Dict] = None  # content fetched from innertube/player  self._watch_html: Optional[str] = None  # the html of /watch?v=<video_id> self._embed_html: Optional[str] = None self._player_config_args: Optional[Dict] = None  # inline js in the html containing self._age_restricted: Optional[bool] = None  self._fmt_streams: Optional[List[Stream]] = None  self._initial_data = None self._metadata: Optional[YouTubeMetadata] = None  # video_id part of /watch?v=<video_id> self.video_id = extract.video_id(url)  self.watch_url = f\"https://youtube.com/watch?v={self.video_id}\" self.embed_url = f\"https://www.youtube.com/embed/{self.video_id}\"  # Shared between all instances of `Stream` (Borg pattern). self.stream_monostate = Monostate( on_progress=on_progress_callback, on_complete=on_complete_callback )  if proxies: install_proxy(proxies)  self._author = None self._title = None self._publish_date = None  self.use_oauth = use_oauth self.allow_oauth_cache = allow_oauth_cache"}
{"name": "pytube.pytube.__main__.YouTube.__repr__", "code": "def __repr__(self): return f'<pytube.__main__.YouTube object: videoId={self.video_id}>'"}
{"name": "pytube.pytube.__main__.YouTube.__eq__", "code": "def __eq__(self, o: object) -> bool: # Compare types and urls, if they're same return true, else return false. return type(o) == type(self) and o.watch_url == self.watch_url"}
{"name": "pytube.pytube.__main__.YouTube.watch_html", "code": "def watch_html(self): if self._watch_html: return self._watch_html self._watch_html = request.get(url=self.watch_url) return self._watch_html"}
{"name": "pytube.pytube.__main__.YouTube.embed_html", "code": "def embed_html(self): if self._embed_html: return self._embed_html self._embed_html = request.get(url=self.embed_url) return self._embed_html"}
{"name": "pytube.pytube.__main__.YouTube.age_restricted", "code": "def age_restricted(self): if self._age_restricted: return self._age_restricted self._age_restricted = extract.is_age_restricted(self.watch_html) return self._age_restricted"}
{"name": "pytube.pytube.__main__.YouTube.js_url", "code": "def js_url(self): if self._js_url: return self._js_url  if self.age_restricted: self._js_url = extract.js_url(self.embed_html) else: self._js_url = extract.js_url(self.watch_html)  return self._js_url"}
{"name": "pytube.pytube.__main__.YouTube.js", "code": "def js(self): if self._js: return self._js  # If the js_url doesn't match the cached url, fetch the new js and update #  the cache; otherwise, load the cache. if pytube.__js_url__ != self.js_url: self._js = request.get(self.js_url) pytube.__js__ = self._js pytube.__js_url__ = self.js_url else: self._js = pytube.__js__  return self._js"}
{"name": "pytube.pytube.__main__.YouTube.initial_data", "code": "def initial_data(self): if self._initial_data: return self._initial_data self._initial_data = extract.initial_data(self.watch_html) return self._initial_data"}
{"name": "pytube.pytube.__main__.YouTube.streaming_data", "code": "def streaming_data(self): \"\"\"Return streamingData from video info.\"\"\" if 'streamingData' in self.vid_info: return self.vid_info['streamingData'] else: self.bypass_age_gate() return self.vid_info['streamingData']"}
{"name": "pytube.pytube.__main__.YouTube.fmt_streams", "code": "def fmt_streams(self): \"\"\"Returns a list of streams if they have been initialized.  If the streams have not been initialized, finds all relevant streams and initializes them. \"\"\" self.check_availability() if self._fmt_streams: return self._fmt_streams  self._fmt_streams = []  stream_manifest = extract.apply_descrambler(self.streaming_data)  # If the cached js doesn't work, try fetching a new js file # https://github.com/pytube/pytube/issues/1054 try: extract.apply_signature(stream_manifest, self.vid_info, self.js) except exceptions.ExtractError: # To force an update to the js file, we clear the cache and retry self._js = None self._js_url = None pytube.__js__ = None pytube.__js_url__ = None extract.apply_signature(stream_manifest, self.vid_info, self.js)  # build instances of :class:`Stream <Stream>` # Initialize stream objects for stream in stream_manifest: video = Stream( stream=stream, monostate=self.stream_monostate, ) self._fmt_streams.append(video)  self.stream_monostate.title = self.title self.stream_monostate.duration = self.length  return self._fmt_streams"}
{"name": "pytube.pytube.__main__.YouTube.check_availability", "code": "def check_availability(self): \"\"\"Check whether the video is available.  Raises different exceptions based on why the video is unavailable, otherwise does nothing. \"\"\" status, messages = extract.playability_status(self.watch_html)  for reason in messages: if status == 'UNPLAYABLE': if reason == ( 'Join this channel to get access to members-only content ' 'like this video, and other exclusive perks.' ): raise exceptions.MembersOnly(video_id=self.video_id) elif reason == 'This live stream recording is not available.': raise exceptions.RecordingUnavailable(video_id=self.video_id) else: raise exceptions.VideoUnavailable(video_id=self.video_id) elif status == 'LOGIN_REQUIRED': if reason == ( 'This is a private video. ' 'Please sign in to verify that you may see it.' ): raise exceptions.VideoPrivate(video_id=self.video_id) elif status == 'ERROR': if reason == 'Video unavailable': raise exceptions.VideoUnavailable(video_id=self.video_id) elif status == 'LIVE_STREAM': raise exceptions.LiveStreamError(video_id=self.video_id)"}
{"name": "pytube.pytube.__main__.YouTube.vid_info", "code": "def vid_info(self): \"\"\"Parse the raw vid info and return the parsed result.  :rtype: Dict[Any, Any] \"\"\" if self._vid_info: return self._vid_info  innertube = InnerTube(use_oauth=self.use_oauth, allow_cache=self.allow_oauth_cache)  innertube_response = innertube.player(self.video_id) self._vid_info = innertube_response return self._vid_info"}
{"name": "pytube.pytube.__main__.YouTube.bypass_age_gate", "code": "def bypass_age_gate(self): \"\"\"Attempt to update the vid_info by bypassing the age gate.\"\"\" innertube = InnerTube( client='ANDROID_EMBED', use_oauth=self.use_oauth, allow_cache=self.allow_oauth_cache ) innertube_response = innertube.player(self.video_id)  playability_status = innertube_response['playabilityStatus'].get('status', None)  # If we still can't access the video, raise an exception # (tier 3 age restriction) if playability_status == 'UNPLAYABLE': raise exceptions.AgeRestrictedError(self.video_id)  self._vid_info = innertube_response"}
{"name": "pytube.pytube.__main__.YouTube.caption_tracks", "code": "def caption_tracks(self) -> List[pytube.Caption]: \"\"\"Get a list of :class:`Caption <Caption>`.  :rtype: List[Caption] \"\"\" raw_tracks = ( self.vid_info.get(\"captions\", {}) .get(\"playerCaptionsTracklistRenderer\", {}) .get(\"captionTracks\", []) ) return [pytube.Caption(track) for track in raw_tracks]"}
{"name": "pytube.pytube.__main__.YouTube.captions", "code": "def captions(self) -> pytube.CaptionQuery: \"\"\"Interface to query caption tracks.  :rtype: :class:`CaptionQuery <CaptionQuery>`. \"\"\" return pytube.CaptionQuery(self.caption_tracks)"}
{"name": "pytube.pytube.__main__.YouTube.streams", "code": "def streams(self) -> StreamQuery: \"\"\"Interface to query both adaptive (DASH) and progressive streams.  :rtype: :class:`StreamQuery <StreamQuery>`. \"\"\" self.check_availability() return StreamQuery(self.fmt_streams)"}
{"name": "pytube.pytube.__main__.YouTube.thumbnail_url", "code": "def thumbnail_url(self) -> str: \"\"\"Get the thumbnail url image.  :rtype: str \"\"\" thumbnail_details = ( self.vid_info.get(\"videoDetails\", {}) .get(\"thumbnail\", {}) .get(\"thumbnails\") ) if thumbnail_details: thumbnail_details = thumbnail_details[-1]  # last item has max size return thumbnail_details[\"url\"]  return f\"https://img.youtube.com/vi/{self.video_id}/maxresdefault.jpg\""}
{"name": "pytube.pytube.__main__.YouTube.publish_date", "code": "def publish_date(self): \"\"\"Get the publish date.  :rtype: datetime \"\"\" if self._publish_date: return self._publish_date self._publish_date = extract.publish_date(self.watch_html) return self._publish_date"}
{"name": "pytube.pytube.__main__.YouTube.publish_date", "code": "def publish_date(self, value): \"\"\"Sets the publish date.\"\"\" self._publish_date = value"}
{"name": "pytube.pytube.__main__.YouTube.title", "code": "def title(self) -> str: \"\"\"Get the video title.  :rtype: str \"\"\" if self._title: return self._title  try: self._title = self.vid_info['videoDetails']['title'] except KeyError: # Check_availability will raise the correct exception in most cases #  if it doesn't, ask for a report. self.check_availability() raise exceptions.PytubeError( ( f'Exception while accessing title of {self.watch_url}. ' 'Please file a bug report at https://github.com/pytube/pytube' ) )  return self._title"}
{"name": "pytube.pytube.__main__.YouTube.title", "code": "def title(self, value): \"\"\"Sets the title value.\"\"\" self._title = value"}
{"name": "pytube.pytube.__main__.YouTube.description", "code": "def description(self) -> str: \"\"\"Get the video description.  :rtype: str \"\"\" return self.vid_info.get(\"videoDetails\", {}).get(\"shortDescription\")"}
{"name": "pytube.pytube.__main__.YouTube.rating", "code": "def rating(self) -> float: \"\"\"Get the video average rating.  :rtype: float  \"\"\" return self.vid_info.get(\"videoDetails\", {}).get(\"averageRating\")"}
{"name": "pytube.pytube.__main__.YouTube.length", "code": "def length(self) -> int: \"\"\"Get the video length in seconds.  :rtype: int \"\"\" return int(self.vid_info.get('videoDetails', {}).get('lengthSeconds'))"}
{"name": "pytube.pytube.__main__.YouTube.views", "code": "def views(self) -> int: \"\"\"Get the number of the times the video has been viewed.  :rtype: int \"\"\" return int(self.vid_info.get(\"videoDetails\", {}).get(\"viewCount\"))"}
{"name": "pytube.pytube.__main__.YouTube.author", "code": "def author(self) -> str: \"\"\"Get the video author. :rtype: str \"\"\" if self._author: return self._author self._author = self.vid_info.get(\"videoDetails\", {}).get( \"author\", \"unknown\" ) return self._author"}
{"name": "pytube.pytube.__main__.YouTube.author", "code": "def author(self, value): \"\"\"Set the video author.\"\"\" self._author = value"}
{"name": "pytube.pytube.__main__.YouTube.keywords", "code": "def keywords(self) -> List[str]: \"\"\"Get the video keywords.  :rtype: List[str] \"\"\" return self.vid_info.get('videoDetails', {}).get('keywords', [])"}
{"name": "pytube.pytube.__main__.YouTube.channel_id", "code": "def channel_id(self) -> str: \"\"\"Get the video poster's channel id.  :rtype: str \"\"\" return self.vid_info.get('videoDetails', {}).get('channelId', None)"}
{"name": "pytube.pytube.__main__.YouTube.channel_url", "code": "def channel_url(self) -> str: \"\"\"Construct the channel url for the video's poster from the channel id.  :rtype: str \"\"\" return f'https://www.youtube.com/channel/{self.channel_id}'"}
{"name": "pytube.pytube.__main__.YouTube.metadata", "code": "def metadata(self) -> Optional[YouTubeMetadata]: \"\"\"Get the metadata for the video.  :rtype: YouTubeMetadata \"\"\" if self._metadata: return self._metadata else: self._metadata = extract.metadata(self.initial_data) return self._metadata"}
{"name": "pytube.pytube.__main__.YouTube.register_on_progress_callback", "code": "def register_on_progress_callback(self, func: Callable[[Any, bytes, int], None]): \"\"\"Register a download progress callback function post initialization.  :param callable func: A callback function that takes ``stream``, ``chunk``, and ``bytes_remaining`` as parameters.  :rtype: None  \"\"\" self.stream_monostate.on_progress = func"}
{"name": "pytube.pytube.__main__.YouTube.register_on_complete_callback", "code": "def register_on_complete_callback(self, func: Callable[[Any, Optional[str]], None]): \"\"\"Register a download complete callback function post initialization.  :param callable func: A callback function that takes ``stream`` and  ``file_path``.  :rtype: None  \"\"\" self.stream_monostate.on_complete = func"}
{"name": "pytube.pytube.__main__.YouTube.from_id", "code": "def from_id(video_id: str) -> \"YouTube\": \"\"\"Construct a :class:`YouTube <YouTube>` object from a video id.  :param str video_id: The video id of the YouTube video.  :rtype: :class:`YouTube <YouTube>`  \"\"\" return YouTube(f\"https://www.youtube.com/watch?v={video_id}\")"}
{"name": "pytube.pytube.captions.Caption.__init__", "code": "def __init__(self, caption_track: Dict): \"\"\"Construct a :class:`Caption <Caption>`.  :param dict caption_track: Caption track data extracted from ``watch_html``. \"\"\" self.url = caption_track.get(\"baseUrl\")  # Certain videos have runs instead of simpleText #  this handles that edge case name_dict = caption_track['name'] if 'simpleText' in name_dict: self.name = name_dict['simpleText'] else: for el in name_dict['runs']: if 'text' in el: self.name = el['text']  # Use \"vssId\" instead of \"languageCode\", fix issue #779 self.code = caption_track[\"vssId\"] # Remove preceding '.' for backwards compatibility, e.g.: # English -> vssId: .en, languageCode: en # English (auto-generated) -> vssId: a.en, languageCode: en self.code = self.code.strip('.')"}
{"name": "pytube.pytube.captions.Caption.xml_captions", "code": "def xml_captions(self) -> str: \"\"\"Download the xml caption tracks.\"\"\" return request.get(self.url)"}
{"name": "pytube.pytube.captions.Caption.json_captions", "code": "def json_captions(self) -> dict: \"\"\"Download and parse the json caption tracks.\"\"\" json_captions_url = self.url.replace('fmt=srv3','fmt=json3') text = request.get(json_captions_url) parsed = json.loads(text) assert parsed['wireMagic'] == 'pb3', 'Unexpected captions format' return parsed"}
{"name": "pytube.pytube.captions.Caption.generate_srt_captions", "code": "def generate_srt_captions(self) -> str: \"\"\"Generate \"SubRip Subtitle\" captions.  Takes the xml captions from :meth:`~pytube.Caption.xml_captions` and recompiles them into the \"SubRip Subtitle\" format. \"\"\" return self.xml_caption_to_srt(self.xml_captions)"}
{"name": "pytube.pytube.captions.Caption.float_to_srt_time_format", "code": "def float_to_srt_time_format(d: float) -> str: \"\"\"Convert decimal durations into proper srt format.  :rtype: str :returns: SubRip Subtitle (str) formatted time duration.  float_to_srt_time_format(3.89) -> '00:00:03,890' \"\"\" fraction, whole = math.modf(d) time_fmt = time.strftime(\"%H:%M:%S,\", time.gmtime(whole)) ms = f\"{fraction:.3f}\".replace(\"0.\", \"\") return time_fmt + ms"}
{"name": "pytube.pytube.captions.Caption.xml_caption_to_srt", "code": "def xml_caption_to_srt(self, xml_captions: str) -> str: \"\"\"Convert xml caption tracks to \"SubRip Subtitle (srt)\".  :param str xml_captions: XML formatted caption tracks. \"\"\" segments = [] root = ElementTree.fromstring(xml_captions) for i, child in enumerate(list(root)): text = child.text or \"\" caption = unescape(text.replace(\"\\n\", \" \").replace(\"  \", \" \"),) try: duration = float(child.attrib[\"dur\"]) except KeyError: duration = 0.0 start = float(child.attrib[\"start\"]) end = start + duration sequence_number = i + 1  # convert from 0-indexed to 1. line = \"{seq}\\n{start} --> {end}\\n{text}\\n\".format( seq=sequence_number, start=self.float_to_srt_time_format(start), end=self.float_to_srt_time_format(end), text=caption, ) segments.append(line) return \"\\n\".join(segments).strip()"}
{"name": "pytube.pytube.captions.Caption.download", "code": "def download( self, title: str, srt: bool = True, output_path: Optional[str] = None, filename_prefix: Optional[str] = None, ) -> str: \"\"\"Write the media stream to disk.  :param title: Output filename (stem only) for writing media file. If one is not specified, the default filename is used. :type title: str :param srt: Set to True to download srt, false to download xml. Defaults to True. :type srt bool :param output_path: (optional) Output path for writing media file. If one is not specified, defaults to the current working directory. :type output_path: str or None :param filename_prefix: (optional) A string that will be prepended to the filename. For example a number in a playlist or the name of a series. If one is not specified, nothing will be prepended This is separate from filename so you can use the default filename but still add a prefix. :type filename_prefix: str or None  :rtype: str \"\"\" if title.endswith(\".srt\") or title.endswith(\".xml\"): filename = \".\".join(title.split(\".\")[:-1]) else: filename = title  if filename_prefix: filename = f\"{safe_filename(filename_prefix)}{filename}\"  filename = safe_filename(filename)  filename += f\" ({self.code})\"  if srt: filename += \".srt\" else: filename += \".xml\"  file_path = os.path.join(target_directory(output_path), filename)  with open(file_path, \"w\", encoding=\"utf-8\") as file_handle: if srt: file_handle.write(self.generate_srt_captions()) else: file_handle.write(self.xml_captions)  return file_path"}
{"name": "pytube.pytube.captions.Caption.__repr__", "code": "def __repr__(self): \"\"\"Printable object representation.\"\"\" return '<Caption lang=\"{s.name}\" code=\"{s.code}\">'.format(s=self)"}
{"name": "pytube.pytube.exceptions.RegexMatchError.__init__", "code": "def __init__(self, caller: str, pattern: Union[str, Pattern]): \"\"\" :param str caller: Calling function :param str pattern: Pattern that failed to match \"\"\" super().__init__(f\"{caller}: could not find match for {pattern}\") self.caller = caller self.pattern = pattern"}
{"name": "pytube.pytube.exceptions.VideoUnavailable.__init__", "code": "def __init__(self, video_id: str): \"\"\" :param str video_id: A YouTube video identifier. \"\"\" self.video_id = video_id super().__init__(self.error_string)"}
{"name": "pytube.pytube.exceptions.VideoUnavailable.error_string", "code": "def error_string(self): return f'{self.video_id} is unavailable'"}
{"name": "pytube.pytube.exceptions.AgeRestrictedError.__init__", "code": "def __init__(self, video_id: str): \"\"\" :param str video_id: A YouTube video identifier. \"\"\" self.video_id = video_id super().__init__(self.video_id)"}
{"name": "pytube.pytube.exceptions.AgeRestrictedError.error_string", "code": "def error_string(self): return f\"{self.video_id} is age restricted, and can't be accessed without logging in.\""}
{"name": "pytube.pytube.exceptions.LiveStreamError.__init__", "code": "def __init__(self, video_id: str): \"\"\" :param str video_id: A YouTube video identifier. \"\"\" self.video_id = video_id super().__init__(self.video_id)"}
{"name": "pytube.pytube.exceptions.LiveStreamError.error_string", "code": "def error_string(self): return f'{self.video_id} is streaming live and cannot be loaded'"}
{"name": "pytube.pytube.exceptions.VideoPrivate.__init__", "code": "def __init__(self, video_id: str): \"\"\" :param str video_id: A YouTube video identifier. \"\"\" self.video_id = video_id super().__init__(self.video_id)"}
{"name": "pytube.pytube.exceptions.VideoPrivate.error_string", "code": "def error_string(self): return f'{self.video_id} is a private video'"}
{"name": "pytube.pytube.exceptions.RecordingUnavailable.__init__", "code": "def __init__(self, video_id: str): \"\"\" :param str video_id: A YouTube video identifier. \"\"\" self.video_id = video_id super().__init__(self.video_id)"}
{"name": "pytube.pytube.exceptions.RecordingUnavailable.error_string", "code": "def error_string(self): return f'{self.video_id} does not have a live stream recording available'"}
{"name": "pytube.pytube.exceptions.MembersOnly.__init__", "code": "def __init__(self, video_id: str): \"\"\" :param str video_id: A YouTube video identifier. \"\"\" self.video_id = video_id super().__init__(self.video_id)"}
{"name": "pytube.pytube.exceptions.MembersOnly.error_string", "code": "def error_string(self): return f'{self.video_id} is a members-only video'"}
{"name": "pytube.pytube.exceptions.VideoRegionBlocked.__init__", "code": "def __init__(self, video_id: str): \"\"\" :param str video_id: A YouTube video identifier. \"\"\" self.video_id = video_id super().__init__(self.video_id)"}
{"name": "pytube.pytube.exceptions.VideoRegionBlocked.error_string", "code": "def error_string(self): return f'{self.video_id} is not available in your region'"}
{"name": "pytube.pytube.cipher.Cipher.__init__", "code": "def __init__(self, js: str): self.transform_plan: List[str] = get_transform_plan(js) var_regex = re.compile(r\"^\\w+\\W\") var_match = var_regex.search(self.transform_plan[0]) if not var_match: raise RegexMatchError( caller=\"__init__\", pattern=var_regex.pattern ) var = var_match.group(0)[:-1] self.transform_map = get_transform_map(js, var) self.js_func_patterns = [ r\"\\w+\\.(\\w+)\\(\\w,(\\d+)\\)\", r\"\\w+\\[(\\\"\\w+\\\")\\]\\(\\w,(\\d+)\\)\" ]  self.throttling_plan = get_throttling_plan(js) self.throttling_array = get_throttling_function_array(js)  self.calculated_n = None"}
{"name": "pytube.pytube.cipher.Cipher.calculate_n", "code": "def calculate_n(self, initial_n: list): \"\"\"Converts n to the correct value to prevent throttling.\"\"\" if self.calculated_n: return self.calculated_n  # First, update all instances of 'b' with the list(initial_n) for i in range(len(self.throttling_array)): if self.throttling_array[i] == 'b': self.throttling_array[i] = initial_n  for step in self.throttling_plan: curr_func = self.throttling_array[int(step[0])] if not callable(curr_func): logger.debug(f'{curr_func} is not callable.') logger.debug(f'Throttling array:\\n{self.throttling_array}\\n') raise ExtractError(f'{curr_func} is not callable.')  first_arg = self.throttling_array[int(step[1])]  if len(step) == 2: curr_func(first_arg) elif len(step) == 3: second_arg = self.throttling_array[int(step[2])] curr_func(first_arg, second_arg)  self.calculated_n = ''.join(initial_n) return self.calculated_n"}
{"name": "pytube.pytube.cipher.Cipher.get_signature", "code": "def get_signature(self, ciphered_signature: str) -> str: \"\"\"Decipher the signature.  Taking the ciphered signature, applies the transform functions.  :param str ciphered_signature: The ciphered signature sent in the ``player_config``. :rtype: str :returns: Decrypted signature required to download the media content. \"\"\" signature = list(ciphered_signature)  for js_func in self.transform_plan: name, argument = self.parse_function(js_func)  # type: ignore signature = self.transform_map[name](signature, argument) logger.debug( \"applied transform function\\n\" \"output: %s\\n\" \"js_function: %s\\n\" \"argument: %d\\n\" \"function: %s\", \"\".join(signature), name, argument, self.transform_map[name], )  return \"\".join(signature)"}
{"name": "pytube.pytube.cipher.Cipher.parse_function", "code": "def parse_function(self, js_func: str) -> Tuple[str, int]: \"\"\"Parse the Javascript transform function.  Break a JavaScript transform function down into a two element ``tuple`` containing the function name and some integer-based argument.  :param str js_func: The JavaScript version of the transform function. :rtype: tuple :returns: two element tuple containing the function name and an argument.  **Example**:  parse_function('DE.AJ(a,15)') ('AJ', 15)  \"\"\" logger.debug(\"parsing transform function\") for pattern in self.js_func_patterns: regex = re.compile(pattern) parse_match = regex.search(js_func) if parse_match: fn_name, fn_arg = parse_match.groups() return fn_name, int(fn_arg)  raise RegexMatchError( caller=\"parse_function\", pattern=\"js_func_patterns\" )"}
{"name": "pytube.pytube.query.StreamQuery.__init__", "code": "def __init__(self, fmt_streams): \"\"\"Construct a :class:`StreamQuery <StreamQuery>`.  param list fmt_streams: list of :class:`Stream <Stream>` instances. \"\"\" self.fmt_streams = fmt_streams self.itag_index = {int(s.itag): s for s in fmt_streams}"}
{"name": "pytube.pytube.query.StreamQuery.filter", "code": "def filter( self, fps=None, res=None, resolution=None, mime_type=None, type=None, subtype=None, file_extension=None, abr=None, bitrate=None, video_codec=None, audio_codec=None, only_audio=None, only_video=None, progressive=None, adaptive=None, is_dash=None, custom_filter_functions=None, ): \"\"\"Apply the given filtering criterion.  :param fps: (optional) The frames per second. :type fps: int or None  :param resolution: (optional) Alias to ``res``. :type res: str or None  :param res: (optional) The video resolution. :type resolution: str or None  :param mime_type: (optional) Two-part identifier for file formats and format contents composed of a \"type\", a \"subtype\". :type mime_type: str or None  :param type: (optional) Type part of the ``mime_type`` (e.g.: audio, video). :type type: str or None  :param subtype: (optional) Sub-type part of the ``mime_type`` (e.g.: mp4, mov). :type subtype: str or None  :param file_extension: (optional) Alias to ``sub_type``. :type file_extension: str or None  :param abr: (optional) Average bitrate (ABR) refers to the average amount of data transferred per unit of time (e.g.: 64kbps, 192kbps). :type abr: str or None  :param bitrate: (optional) Alias to ``abr``. :type bitrate: str or None  :param video_codec: (optional) Video compression format. :type video_codec: str or None  :param audio_codec: (optional) Audio compression format. :type audio_codec: str or None  :param bool progressive: Excludes adaptive streams (one file contains both audio and video tracks).  :param bool adaptive: Excludes progressive streams (audio and video are on separate tracks).  :param bool is_dash: Include/exclude dash streams.  :param bool only_audio: Excludes streams with video tracks.  :param bool only_video: Excludes streams with audio tracks.  :param custom_filter_functions: (optional) Interface for defining complex filters without subclassing. :type custom_filter_functions: list or None  \"\"\" filters = [] if res or resolution: if isinstance(res, str) or isinstance(resolution, str): filters.append(lambda s: s.resolution == (res or resolution)) elif isinstance(res, list) or isinstance(resolution, list): filters.append(lambda s: s.resolution in (res or resolution))  if fps: filters.append(lambda s: s.fps == fps)  if mime_type: filters.append(lambda s: s.mime_type == mime_type)  if type: filters.append(lambda s: s.type == type)  if subtype or file_extension: filters.append(lambda s: s.subtype == (subtype or file_extension))  if abr or bitrate: filters.append(lambda s: s.abr == (abr or bitrate))  if video_codec: filters.append(lambda s: s.video_codec == video_codec)  if audio_codec: filters.append(lambda s: s.audio_codec == audio_codec)  if only_audio: filters.append( lambda s: ( s.includes_audio_track and not s.includes_video_track ), )  if only_video: filters.append( lambda s: ( s.includes_video_track and not s.includes_audio_track ), )  if progressive: filters.append(lambda s: s.is_progressive)  if adaptive: filters.append(lambda s: s.is_adaptive)  if custom_filter_functions: filters.extend(custom_filter_functions)  if is_dash is not None: filters.append(lambda s: s.is_dash == is_dash)  return self._filter(filters)"}
{"name": "pytube.pytube.query.StreamQuery._filter", "code": "def _filter(self, filters: List[Callable]) -> \"StreamQuery\": fmt_streams = self.fmt_streams for filter_lambda in filters: fmt_streams = filter(filter_lambda, fmt_streams) return StreamQuery(list(fmt_streams))"}
{"name": "pytube.pytube.query.StreamQuery.order_by", "code": "def order_by(self, attribute_name: str) -> \"StreamQuery\": \"\"\"Apply a sort order. Filters out stream the do not have the attribute.  :param str attribute_name: The name of the attribute to sort by. \"\"\" has_attribute = [ s for s in self.fmt_streams if getattr(s, attribute_name) is not None ] # Check that the attributes have string values. if has_attribute and isinstance( getattr(has_attribute[0], attribute_name), str ): # Try to return a StreamQuery sorted by the integer representations # of the values. try: return StreamQuery( sorted( has_attribute, key=lambda s: int( \"\".join( filter(str.isdigit, getattr(s, attribute_name)) ) ),  # type: ignore  # noqa: E501 ) ) except ValueError: pass  return StreamQuery( sorted(has_attribute, key=lambda s: getattr(s, attribute_name)) )"}
{"name": "pytube.pytube.query.StreamQuery.desc", "code": "def desc(self) -> \"StreamQuery\": \"\"\"Sort streams in descending order.  :rtype: :class:`StreamQuery <StreamQuery>`  \"\"\" return StreamQuery(self.fmt_streams[::-1])"}
{"name": "pytube.pytube.query.StreamQuery.asc", "code": "def asc(self) -> \"StreamQuery\": \"\"\"Sort streams in ascending order.  :rtype: :class:`StreamQuery <StreamQuery>`  \"\"\" return self"}
{"name": "pytube.pytube.query.StreamQuery.get_by_itag", "code": "def get_by_itag(self, itag: int) -> Optional[Stream]: \"\"\"Get the corresponding :class:`Stream <Stream>` for a given itag.  :param int itag: YouTube format identifier code. :rtype: :class:`Stream <Stream>` or None :returns: The :class:`Stream <Stream>` matching the given itag or None if not found.  \"\"\" return self.itag_index.get(int(itag))"}
{"name": "pytube.pytube.query.StreamQuery.get_by_resolution", "code": "def get_by_resolution(self, resolution: str) -> Optional[Stream]: \"\"\"Get the corresponding :class:`Stream <Stream>` for a given resolution.  Stream must be a progressive mp4.  :param str resolution: Video resolution i.e. \"720p\", \"480p\", \"360p\", \"240p\", \"144p\" :rtype: :class:`Stream <Stream>` or None :returns: The :class:`Stream <Stream>` matching the given itag or None if not found.  \"\"\" return self.filter( progressive=True, subtype=\"mp4\", resolution=resolution ).first()"}
{"name": "pytube.pytube.query.StreamQuery.get_lowest_resolution", "code": "def get_lowest_resolution(self) -> Optional[Stream]: \"\"\"Get lowest resolution stream that is a progressive mp4.  :rtype: :class:`Stream <Stream>` or None :returns: The :class:`Stream <Stream>` matching the given itag or None if not found.  \"\"\" return ( self.filter(progressive=True, subtype=\"mp4\") .order_by(\"resolution\") .first() )"}
{"name": "pytube.pytube.query.StreamQuery.get_highest_resolution", "code": "def get_highest_resolution(self) -> Optional[Stream]: \"\"\"Get highest resolution stream that is a progressive video.  :rtype: :class:`Stream <Stream>` or None :returns: The :class:`Stream <Stream>` matching the given itag or None if not found.  \"\"\" return self.filter(progressive=True).order_by(\"resolution\").last()"}
{"name": "pytube.pytube.query.StreamQuery.get_audio_only", "code": "def get_audio_only(self, subtype: str = \"mp4\") -> Optional[Stream]: \"\"\"Get highest bitrate audio stream for given codec (defaults to mp4)  :param str subtype: Audio subtype, defaults to mp4 :rtype: :class:`Stream <Stream>` or None :returns: The :class:`Stream <Stream>` matching the given itag or None if not found. \"\"\" return ( self.filter(only_audio=True, subtype=subtype) .order_by(\"abr\") .last() )"}
{"name": "pytube.pytube.query.StreamQuery.otf", "code": "def otf(self, is_otf: bool = False) -> \"StreamQuery\": \"\"\"Filter stream by OTF, useful if some streams have 404 URLs  :param bool is_otf: Set to False to retrieve only non-OTF streams :rtype: :class:`StreamQuery <StreamQuery>` :returns: A StreamQuery object with otf filtered streams \"\"\" return self._filter([lambda s: s.is_otf == is_otf])"}
{"name": "pytube.pytube.query.StreamQuery.first", "code": "def first(self) -> Optional[Stream]: \"\"\"Get the first :class:`Stream <Stream>` in the results.  :rtype: :class:`Stream <Stream>` or None :returns: the first result of this query or None if the result doesn't contain any streams.  \"\"\" try: return self.fmt_streams[0] except IndexError: return None"}
{"name": "pytube.pytube.query.StreamQuery.last", "code": "def last(self): \"\"\"Get the last :class:`Stream <Stream>` in the results.  :rtype: :class:`Stream <Stream>` or None :returns: Return the last result of this query or None if the result doesn't contain any streams.  \"\"\" try: return self.fmt_streams[-1] except IndexError: pass"}
{"name": "pytube.pytube.query.StreamQuery.count", "code": "def count(self, value: Optional[str] = None) -> int:  # pragma: no cover \"\"\"Get the count of items in the list.  :rtype: int \"\"\" if value: return self.fmt_streams.count(value)  return len(self)"}
{"name": "pytube.pytube.query.StreamQuery.all", "code": "def all(self) -> List[Stream]:  # pragma: no cover \"\"\"Get all the results represented by this query as a list.  :rtype: list  \"\"\" return self.fmt_streams"}
{"name": "pytube.pytube.query.StreamQuery.__getitem__", "code": "def __getitem__(self, i: Union[slice, int]): return self.fmt_streams[i]"}
{"name": "pytube.pytube.query.StreamQuery.__len__", "code": "def __len__(self) -> int: return len(self.fmt_streams)"}
{"name": "pytube.pytube.query.StreamQuery.__repr__", "code": "def __repr__(self) -> str: return f\"{self.fmt_streams}\""}
{"name": "pytube.pytube.query.CaptionQuery.__init__", "code": "def __init__(self, captions: List[Caption]): \"\"\"Construct a :class:`Caption <Caption>`.  param list captions: list of :class:`Caption <Caption>` instances.  \"\"\" self.lang_code_index = {c.code: c for c in captions}"}
{"name": "pytube.pytube.query.CaptionQuery.get_by_language_code", "code": "def get_by_language_code( self, lang_code: str ) -> Optional[Caption]:  # pragma: no cover \"\"\"Get the :class:`Caption <Caption>` for a given ``lang_code``.  :param str lang_code: The code that identifies the caption language. :rtype: :class:`Caption <Caption>` or None :returns: The :class:`Caption <Caption>` matching the given ``lang_code`` or None if it does not exist. \"\"\" return self.lang_code_index.get(lang_code)"}
{"name": "pytube.pytube.query.CaptionQuery.all", "code": "def all(self) -> List[Caption]:  # pragma: no cover \"\"\"Get all the results represented by this query as a list.  :rtype: list  \"\"\" return list(self.lang_code_index.values())"}
{"name": "pytube.pytube.query.CaptionQuery.__getitem__", "code": "def __getitem__(self, i: str): return self.lang_code_index[i]"}
{"name": "pytube.pytube.query.CaptionQuery.__len__", "code": "def __len__(self) -> int: return len(self.lang_code_index)"}
{"name": "pytube.pytube.query.CaptionQuery.__iter__", "code": "def __iter__(self): return iter(self.lang_code_index.values())"}
{"name": "pytube.pytube.query.CaptionQuery.__repr__", "code": "def __repr__(self) -> str: return f\"{self.lang_code_index}\""}
{"name": "pytube.pytube.streams.Stream.__init__", "code": "def __init__( self, stream: Dict, monostate: Monostate ): \"\"\"Construct a :class:`Stream <Stream>`.  :param dict stream: The unscrambled data extracted from YouTube. :param dict monostate: Dictionary of data shared across all instances of :class:`Stream <Stream>`. \"\"\" # A dictionary shared between all instances of :class:`Stream <Stream>` # (Borg pattern). self._monostate = monostate  self.url = stream[\"url\"]  # signed download url self.itag = int( stream[\"itag\"] )  # stream format id (youtube nomenclature)  # set type and codec info  # 'video/webm; codecs=\"vp8, vorbis\"' -> 'video/webm', ['vp8', 'vorbis'] self.mime_type, self.codecs = extract.mime_type_codec(stream[\"mimeType\"])  # 'video/webm' -> 'video', 'webm' self.type, self.subtype = self.mime_type.split(\"/\")  # ['vp8', 'vorbis'] -> video_codec: vp8, audio_codec: vorbis. DASH # streams return NoneType for audio/video depending. self.video_codec, self.audio_codec = self.parse_codecs()  self.is_otf: bool = stream[\"is_otf\"] self.bitrate: Optional[int] = stream[\"bitrate\"]  # filesize in bytes self._filesize: Optional[int] = int(stream.get('contentLength', 0))  # filesize in kilobytes self._filesize_kb: Optional[float] = float(ceil(float(stream.get('contentLength', 0)) / 1024 * 1000) / 1000)  # filesize in megabytes self._filesize_mb: Optional[float] = float(ceil(float(stream.get('contentLength', 0)) / 1024 / 1024 * 1000) / 1000)  # filesize in gigabytes(fingers crossed we don't need terabytes going forward though) self._filesize_gb: Optional[float] = float(ceil(float(stream.get('contentLength', 0)) / 1024 / 1024 / 1024 * 1000) / 1000)  # Additional information about the stream format, such as resolution, # frame rate, and whether the stream is live (HLS) or 3D. itag_profile = get_format_profile(self.itag) self.is_dash = itag_profile[\"is_dash\"] self.abr = itag_profile[\"abr\"]  # average bitrate (audio streams only) if 'fps' in stream: self.fps = stream['fps']  # Video streams only self.resolution = itag_profile[ \"resolution\" ]  # resolution (e.g.: \"480p\") self.is_3d = itag_profile[\"is_3d\"] self.is_hdr = itag_profile[\"is_hdr\"] self.is_live = itag_profile[\"is_live\"]"}
{"name": "pytube.pytube.streams.Stream.is_adaptive", "code": "def is_adaptive(self) -> bool: \"\"\"Whether the stream is DASH.  :rtype: bool \"\"\" # if codecs has two elements (e.g.: ['vp8', 'vorbis']): 2 % 2 = 0 # if codecs has one element (e.g.: ['vp8']) 1 % 2 = 1 return bool(len(self.codecs) % 2)"}
{"name": "pytube.pytube.streams.Stream.is_progressive", "code": "def is_progressive(self) -> bool: \"\"\"Whether the stream is progressive.  :rtype: bool \"\"\" return not self.is_adaptive"}
{"name": "pytube.pytube.streams.Stream.includes_audio_track", "code": "def includes_audio_track(self) -> bool: \"\"\"Whether the stream only contains audio.  :rtype: bool \"\"\" return self.is_progressive or self.type == \"audio\""}
{"name": "pytube.pytube.streams.Stream.includes_video_track", "code": "def includes_video_track(self) -> bool: \"\"\"Whether the stream only contains video.  :rtype: bool \"\"\" return self.is_progressive or self.type == \"video\""}
{"name": "pytube.pytube.streams.Stream.parse_codecs", "code": "def parse_codecs(self) -> Tuple[Optional[str], Optional[str]]: \"\"\"Get the video/audio codecs from list of codecs.  Parse a variable length sized list of codecs and returns a constant two element tuple, with the video codec as the first element and audio as the second. Returns None if one is not available (adaptive only).  :rtype: tuple :returns: A two element tuple with audio and video codecs.  \"\"\" video = None audio = None if not self.is_adaptive: video, audio = self.codecs elif self.includes_video_track: video = self.codecs[0] elif self.includes_audio_track: audio = self.codecs[0] return video, audio"}
{"name": "pytube.pytube.streams.Stream.filesize", "code": "def filesize(self) -> int: \"\"\"File size of the media stream in bytes.  :rtype: int :returns: Filesize (in bytes) of the stream. \"\"\" if self._filesize == 0: try: self._filesize = request.filesize(self.url) except HTTPError as e: if e.code != 404: raise self._filesize = request.seq_filesize(self.url) return self._filesize"}
{"name": "pytube.pytube.streams.Stream.filesize_kb", "code": "def filesize_kb(self) -> float: \"\"\"File size of the media stream in kilobytes.  :rtype: float :returns: Rounded filesize (in kilobytes) of the stream. \"\"\" if self._filesize_kb == 0: try: self._filesize_kb = float(ceil(request.filesize(self.url)/1024 * 1000) / 1000) except HTTPError as e: if e.code != 404: raise self._filesize_kb = float(ceil(request.seq_filesize(self.url)/1024 * 1000) / 1000) return self._filesize_kb"}
{"name": "pytube.pytube.streams.Stream.filesize_mb", "code": "def filesize_mb(self) -> float: \"\"\"File size of the media stream in megabytes.  :rtype: float :returns: Rounded filesize (in megabytes) of the stream. \"\"\" if self._filesize_mb == 0: try: self._filesize_mb = float(ceil(request.filesize(self.url)/1024/1024 * 1000) / 1000) except HTTPError as e: if e.code != 404: raise self._filesize_mb = float(ceil(request.seq_filesize(self.url)/1024/1024 * 1000) / 1000) return self._filesize_mb"}
{"name": "pytube.pytube.streams.Stream.filesize_gb", "code": "def filesize_gb(self) -> float: \"\"\"File size of the media stream in gigabytes.  :rtype: float :returns: Rounded filesize (in gigabytes) of the stream. \"\"\" if self._filesize_gb == 0: try: self._filesize_gb = float(ceil(request.filesize(self.url)/1024/1024/1024 * 1000) / 1000) except HTTPError as e: if e.code != 404: raise self._filesize_gb = float(ceil(request.seq_filesize(self.url)/1024/1024/1024 * 1000) / 1000) return self._filesize_gb"}
{"name": "pytube.pytube.streams.Stream.title", "code": "def title(self) -> str: \"\"\"Get title of video  :rtype: str :returns: Youtube video title \"\"\" return self._monostate.title or \"Unknown YouTube Video Title\""}
{"name": "pytube.pytube.streams.Stream.filesize_approx", "code": "def filesize_approx(self) -> int: \"\"\"Get approximate filesize of the video  Falls back to HTTP call if there is not sufficient information to approximate  :rtype: int :returns: size of video in bytes \"\"\" if self._monostate.duration and self.bitrate: bits_in_byte = 8 return int( (self._monostate.duration * self.bitrate) / bits_in_byte )  return self.filesize"}
{"name": "pytube.pytube.streams.Stream.expiration", "code": "def expiration(self) -> datetime: expire = parse_qs(self.url.split(\"?\")[1])[\"expire\"][0] return datetime.utcfromtimestamp(int(expire))"}
{"name": "pytube.pytube.streams.Stream.default_filename", "code": "def default_filename(self) -> str: \"\"\"Generate filename based on the video title.  :rtype: str :returns: An os file system compatible filename. \"\"\" filename = safe_filename(self.title) return f\"{filename}.{self.subtype}\""}
{"name": "pytube.pytube.streams.Stream.download", "code": "def download( self, output_path: Optional[str] = None, filename: Optional[str] = None, filename_prefix: Optional[str] = None, skip_existing: bool = True, timeout: Optional[int] = None, max_retries: Optional[int] = 0 ) -> str: \"\"\"Write the media stream to disk.  :param output_path: (optional) Output path for writing media file. If one is not specified, defaults to the current working directory. :type output_path: str or None :param filename: (optional) Output filename (stem only) for writing media file. If one is not specified, the default filename is used. :type filename: str or None :param filename_prefix: (optional) A string that will be prepended to the filename. For example a number in a playlist or the name of a series. If one is not specified, nothing will be prepended This is separate from filename so you can use the default filename but still add a prefix. :type filename_prefix: str or None :param skip_existing: (optional) Skip existing files, defaults to True :type skip_existing: bool :param timeout: (optional) Request timeout length in seconds. Uses system default. :type timeout: int :param max_retries: (optional) Number of retries to attempt after socket timeout. Defaults to 0. :type max_retries: int :returns: Path to the saved video :rtype: str  \"\"\" file_path = self.get_file_path( filename=filename, output_path=output_path, filename_prefix=filename_prefix, )  if skip_existing and self.exists_at_path(file_path): logger.debug(f'file {file_path} already exists, skipping') self.on_complete(file_path) return file_path  bytes_remaining = self.filesize logger.debug(f'downloading ({self.filesize} total bytes) file to {file_path}')  with open(file_path, \"wb\") as fh: try: for chunk in request.stream( self.url, timeout=timeout, max_retries=max_retries ): # reduce the (bytes) remainder by the length of the chunk. bytes_remaining -= len(chunk) # send to the on_progress callback. self.on_progress(chunk, fh, bytes_remaining) except HTTPError as e: if e.code != 404: raise # Some adaptive streams need to be requested with sequence numbers for chunk in request.seq_stream( self.url, timeout=timeout, max_retries=max_retries ): # reduce the (bytes) remainder by the length of the chunk. bytes_remaining -= len(chunk) # send to the on_progress callback. self.on_progress(chunk, fh, bytes_remaining) self.on_complete(file_path) return file_path"}
{"name": "pytube.pytube.streams.Stream.get_file_path", "code": "def get_file_path( self, filename: Optional[str] = None, output_path: Optional[str] = None, filename_prefix: Optional[str] = None, ) -> str: if not filename: filename = self.default_filename if filename_prefix: filename = f\"{filename_prefix}{filename}\" return os.path.join(target_directory(output_path), filename)"}
{"name": "pytube.pytube.streams.Stream.exists_at_path", "code": "def exists_at_path(self, file_path: str) -> bool: return ( os.path.isfile(file_path) and os.path.getsize(file_path) == self.filesize )"}
{"name": "pytube.pytube.streams.Stream.stream_to_buffer", "code": "def stream_to_buffer(self, buffer: BinaryIO) -> None: \"\"\"Write the media stream to buffer  :rtype: io.BytesIO buffer \"\"\" bytes_remaining = self.filesize logger.info( \"downloading (%s total bytes) file to buffer\", self.filesize, )  for chunk in request.stream(self.url): # reduce the (bytes) remainder by the length of the chunk. bytes_remaining -= len(chunk) # send to the on_progress callback. self.on_progress(chunk, buffer, bytes_remaining) self.on_complete(None)"}
{"name": "pytube.pytube.streams.Stream.on_progress", "code": "def on_progress( self, chunk: bytes, file_handler: BinaryIO, bytes_remaining: int ): \"\"\"On progress callback function.  This function writes the binary data to the file, then checks if an additional callback is defined in the monostate. This is exposed to allow things like displaying a progress bar.  :param bytes chunk: Segment of media file binary data, not yet written to disk. :param file_handler: The file handle where the media is being written to. :type file_handler: :py:class:`io.BufferedWriter` :param int bytes_remaining: The delta between the total file size in bytes and amount already downloaded.  :rtype: None  \"\"\" file_handler.write(chunk) logger.debug(\"download remaining: %s\", bytes_remaining) if self._monostate.on_progress: self._monostate.on_progress(self, chunk, bytes_remaining)"}
{"name": "pytube.pytube.streams.Stream.on_complete", "code": "def on_complete(self, file_path: Optional[str]): \"\"\"On download complete handler function.  :param file_path: The file handle where the media is being written to. :type file_path: str  :rtype: None  \"\"\" logger.debug(\"download finished\") on_complete = self._monostate.on_complete if on_complete: logger.debug(\"calling on_complete callback %s\", on_complete) on_complete(self, file_path)"}
{"name": "pytube.pytube.streams.Stream.__repr__", "code": "def __repr__(self) -> str: \"\"\"Printable object representation.  :rtype: str :returns: A string representation of a :class:`Stream <Stream>` object. \"\"\" parts = ['itag=\"{s.itag}\"', 'mime_type=\"{s.mime_type}\"'] if self.includes_video_track: parts.extend(['res=\"{s.resolution}\"', 'fps=\"{s.fps}fps\"']) if not self.is_adaptive: parts.extend( ['vcodec=\"{s.video_codec}\"', 'acodec=\"{s.audio_codec}\"',] ) else: parts.extend(['vcodec=\"{s.video_codec}\"']) else: parts.extend(['abr=\"{s.abr}\"', 'acodec=\"{s.audio_codec}\"']) parts.extend(['progressive=\"{s.is_progressive}\"', 'type=\"{s.type}\"']) return f\"<Stream: {' '.join(parts).format(s=self)}>\""}
{"name": "pytube.pytube.metadata.YouTubeMetadata.__init__", "code": "def __init__(self, metadata: List): self._raw_metadata: List = metadata self._metadata = [{}]  for el in metadata: # We only add metadata to the dict if it has a simpleText title. if 'title' in el and 'simpleText' in el['title']: metadata_title = el['title']['simpleText'] else: continue  contents = el['contents'][0] if 'simpleText' in contents: self._metadata[-1][metadata_title] = contents['simpleText'] elif 'runs' in contents: self._metadata[-1][metadata_title] = contents['runs'][0]['text']  # Upon reaching a dividing line, create a new grouping if el.get('hasDividerLine', False): self._metadata.append({})  # If we happen to create an empty dict at the end, drop it if self._metadata[-1] == {}: self._metadata = self._metadata[:-1]"}
{"name": "pytube.pytube.metadata.YouTubeMetadata.__getitem__", "code": "def __getitem__(self, key): return self._metadata[key]"}
{"name": "pytube.pytube.metadata.YouTubeMetadata.__iter__", "code": "def __iter__(self): for el in self._metadata: yield el"}
{"name": "pytube.pytube.metadata.YouTubeMetadata.__str__", "code": "def __str__(self): return json.dumps(self._metadata)"}
{"name": "pytube.pytube.metadata.YouTubeMetadata.raw_metadata", "code": "def raw_metadata(self) -> Optional[Dict]: return self._raw_metadata"}
{"name": "pytube.pytube.metadata.YouTubeMetadata.metadata", "code": "def metadata(self): return self._metadata"}
{"name": "pytube.pytube.helpers.DeferredGeneratorList.__init__", "code": "def __init__(self, generator): \"\"\"Construct a :class:`DeferredGeneratorList <DeferredGeneratorList>`.  :param generator generator: The deferrable generator to create a wrapper for. :param func func: (Optional) A function to call on the generator items to produce the list. \"\"\" self.gen = generator self._elements = []"}
{"name": "pytube.pytube.helpers.DeferredGeneratorList.__eq__", "code": "def __eq__(self, other): \"\"\"We want to mimic list behavior for comparison.\"\"\" return list(self) == other"}
{"name": "pytube.pytube.helpers.DeferredGeneratorList.__getitem__", "code": "def __getitem__(self, key) -> Any: \"\"\"Only generate items as they're asked for.\"\"\" # We only allow querying with indexes. if not isinstance(key, (int, slice)): raise TypeError('Key must be either a slice or int.')  # Convert int keys to slice key_slice = key if isinstance(key, int): key_slice = slice(key, key + 1, 1)  # Generate all elements up to the final item while len(self._elements) < key_slice.stop: try: next_item = next(self.gen) except StopIteration: # If we can't find enough elements for the slice, raise an IndexError raise IndexError else: self._elements.append(next_item)  return self._elements[key]"}
{"name": "pytube.pytube.helpers.DeferredGeneratorList.__iter__", "code": "def __iter__(self): \"\"\"Custom iterator for dynamically generated list.\"\"\" iter_index = 0 while True: try: curr_item = self[iter_index] except IndexError: return else: yield curr_item iter_index += 1"}
{"name": "pytube.pytube.helpers.DeferredGeneratorList.__next__", "code": "def __next__(self) -> Any: \"\"\"Fetch next element in iterator.\"\"\" try: curr_element = self[self.iter_index] except IndexError: raise StopIteration self.iter_index += 1 return curr_element  # noqa:R504"}
{"name": "pytube.pytube.helpers.DeferredGeneratorList.__len__", "code": "def __len__(self) -> int: \"\"\"Return length of list of all items.\"\"\" self.generate_all() return len(self._elements)"}
{"name": "pytube.pytube.helpers.DeferredGeneratorList.__repr__", "code": "def __repr__(self) -> str: \"\"\"String representation of all items.\"\"\" self.generate_all() return str(self._elements)"}
{"name": "pytube.pytube.helpers.DeferredGeneratorList.__reversed__", "code": "def __reversed__(self): self.generate_all() return self._elements[::-1]"}
{"name": "pytube.pytube.helpers.DeferredGeneratorList.generate_all", "code": "def generate_all(self): \"\"\"Generate all items.\"\"\" while True: try: next_item = next(self.gen) except StopIteration: break else: self._elements.append(next_item)"}
