{"name": "sqlitedict.sqlitedict.SqliteDict.__init__", "code": "def __init__(self, filename=None, tablename='unnamed', flag='c', autocommit=False, journal_mode=\"DELETE\", encode=encode, decode=decode, encode_key=identity, decode_key=identity, timeout=5, outer_stack=True): \"\"\" Initialize a thread-safe sqlite-backed dictionary. The dictionary will be a table `tablename` in database file `filename`. A single file (=database) may contain multiple tables.  If no `filename` is given, a random file in temp will be used (and deleted from temp once the dict is closed/deleted).  If you enable `autocommit`, changes will be committed after each operation (more inefficient but safer). Otherwise, changes are committed on `self.commit()`, `self.clear()` and `self.close()`.  Set `journal_mode` to 'OFF' if you're experiencing sqlite I/O problems or if you need performance and don't care about crash-consistency.  Set `outer_stack` to False to disable the output of the outer exception to the error logs.  This may improve the efficiency of sqlitedict operation at the expense of a detailed exception trace.  The `flag` parameter. Exactly one of: 'c': default mode, open for read/write, creating the db/table if necessary. 'w': open for r/w, but drop `tablename` contents first (start with empty table) 'r': open as read-only 'n': create a new database (erasing any existing tables, not just `tablename`!).  The `encode` and `decode` parameters are used to customize how the values are serialized and deserialized. The `encode` parameter must be a function that takes a single Python object and returns a serialized representation. The `decode` function must be a function that takes the serialized representation produced by `encode` and returns a deserialized Python object. The default is to use pickle.  The `timeout` defines the maximum time (in seconds) to wait for initial Thread startup.  \"\"\" self.in_temp = filename is None if self.in_temp: fd, filename = tempfile.mkstemp(prefix='sqldict') os.close(fd)  if flag not in SqliteDict.VALID_FLAGS: raise RuntimeError(\"Unrecognized flag: %s\" % flag) self.flag = flag  if flag == 'n': if os.path.exists(filename): os.remove(filename)  dirname = os.path.dirname(filename) if dirname: if not os.path.exists(dirname): raise RuntimeError('Error! The directory does not exist, %s' % dirname)  self.filename = filename  # Use standard SQL escaping of double quote characters in identifiers, by doubling them. # See https://github.com/RaRe-Technologies/sqlitedict/pull/113 self.tablename = tablename.replace('\"', '\"\"')  self.autocommit = autocommit self.journal_mode = journal_mode self.encode = encode self.decode = decode self.encode_key = encode_key self.decode_key = decode_key self._outer_stack = outer_stack  logger.debug(\"opening Sqlite table %r in %r\" % (tablename, filename)) self.conn = self._new_conn() if self.flag == 'r': if self.tablename not in SqliteDict.get_tablenames(self.filename): msg = 'Refusing to create a new table \"%s\" in read-only DB mode' % tablename raise RuntimeError(msg) else: MAKE_TABLE = 'CREATE TABLE IF NOT EXISTS \"%s\" (key TEXT PRIMARY KEY, value BLOB)' % self.tablename self.conn.execute(MAKE_TABLE) self.conn.commit() if flag == 'w': self.clear()"}
{"name": "sqlitedict.sqlitedict.SqliteDict._new_conn", "code": "def _new_conn(self): return SqliteMultithread( self.filename, autocommit=self.autocommit, journal_mode=self.journal_mode, outer_stack=self._outer_stack, )"}
{"name": "sqlitedict.sqlitedict.SqliteDict.__enter__", "code": "def __enter__(self): if not hasattr(self, 'conn') or self.conn is None: self.conn = self._new_conn() return self"}
{"name": "sqlitedict.sqlitedict.SqliteDict.__exit__", "code": "def __exit__(self, *exc_info): self.close()"}
{"name": "sqlitedict.sqlitedict.SqliteDict.__str__", "code": "def __str__(self): return \"SqliteDict(%s)\" % (self.filename)"}
{"name": "sqlitedict.sqlitedict.SqliteDict.__repr__", "code": "def __repr__(self): return str(self)  # no need of something complex"}
{"name": "sqlitedict.sqlitedict.SqliteDict.__len__", "code": "def __len__(self): # `select count (*)` is super slow in sqlite (does a linear scan!!) # As a result, len() is very slow too once the table size grows beyond trivial. # We could keep the total count of rows ourselves, by means of triggers, # but that seems too complicated and would slow down normal operation # (insert/delete etc). GET_LEN = 'SELECT COUNT(*) FROM \"%s\"' % self.tablename rows = self.conn.select_one(GET_LEN)[0] return rows if rows is not None else 0"}
{"name": "sqlitedict.sqlitedict.SqliteDict.__bool__", "code": "def __bool__(self): # No elements is False, otherwise True GET_MAX = 'SELECT MAX(ROWID) FROM \"%s\"' % self.tablename m = self.conn.select_one(GET_MAX)[0] # Explicit better than implicit and bla bla return True if m is not None else False"}
{"name": "sqlitedict.sqlitedict.SqliteDict.iterkeys", "code": "def iterkeys(self): GET_KEYS = 'SELECT key FROM \"%s\" ORDER BY rowid' % self.tablename for key in self.conn.select(GET_KEYS): yield self.decode_key(key[0])"}
{"name": "sqlitedict.sqlitedict.SqliteDict.itervalues", "code": "def itervalues(self): GET_VALUES = 'SELECT value FROM \"%s\" ORDER BY rowid' % self.tablename for value in self.conn.select(GET_VALUES): yield self.decode(value[0])"}
{"name": "sqlitedict.sqlitedict.SqliteDict.iteritems", "code": "def iteritems(self): GET_ITEMS = 'SELECT key, value FROM \"%s\" ORDER BY rowid' % self.tablename for key, value in self.conn.select(GET_ITEMS): yield self.decode_key(key), self.decode(value)"}
{"name": "sqlitedict.sqlitedict.SqliteDict.keys", "code": "def keys(self): return self.iterkeys()"}
{"name": "sqlitedict.sqlitedict.SqliteDict.values", "code": "def values(self): return self.itervalues()"}
{"name": "sqlitedict.sqlitedict.SqliteDict.items", "code": "def items(self): return self.iteritems()"}
{"name": "sqlitedict.sqlitedict.SqliteDict.__contains__", "code": "def __contains__(self, key): HAS_ITEM = 'SELECT 1 FROM \"%s\" WHERE key = ?' % self.tablename return self.conn.select_one(HAS_ITEM, (self.encode_key(key),)) is not None"}
{"name": "sqlitedict.sqlitedict.SqliteDict.__getitem__", "code": "def __getitem__(self, key): GET_ITEM = 'SELECT value FROM \"%s\" WHERE key = ?' % self.tablename item = self.conn.select_one(GET_ITEM, (self.encode_key(key),)) if item is None: raise KeyError(key) return self.decode(item[0])"}
{"name": "sqlitedict.sqlitedict.SqliteDict.__setitem__", "code": "def __setitem__(self, key, value): if self.flag == 'r': raise RuntimeError('Refusing to write to read-only SqliteDict')  ADD_ITEM = 'REPLACE INTO \"%s\" (key, value) VALUES (?,?)' % self.tablename self.conn.execute(ADD_ITEM, (self.encode_key(key), self.encode(value))) if self.autocommit: self.commit()"}
{"name": "sqlitedict.sqlitedict.SqliteDict.__delitem__", "code": "def __delitem__(self, key): if self.flag == 'r': raise RuntimeError('Refusing to delete from read-only SqliteDict')  if key not in self: raise KeyError(key) DEL_ITEM = 'DELETE FROM \"%s\" WHERE key = ?' % self.tablename self.conn.execute(DEL_ITEM, (self.encode_key(key),)) if self.autocommit: self.commit()"}
{"name": "sqlitedict.sqlitedict.SqliteDict.update", "code": "def update(self, items=(), **kwds): if self.flag == 'r': raise RuntimeError('Refusing to update read-only SqliteDict')  try: items = items.items() except AttributeError: pass items = [(self.encode_key(k), self.encode(v)) for k, v in items]  UPDATE_ITEMS = 'REPLACE INTO \"%s\" (key, value) VALUES (?, ?)' % self.tablename self.conn.executemany(UPDATE_ITEMS, items) if kwds: self.update(kwds) if self.autocommit: self.commit()"}
{"name": "sqlitedict.sqlitedict.SqliteDict.__iter__", "code": "def __iter__(self): return self.iterkeys()"}
{"name": "sqlitedict.sqlitedict.SqliteDict.clear", "code": "def clear(self): if self.flag == 'r': raise RuntimeError('Refusing to clear read-only SqliteDict')  # avoid VACUUM, as it gives \"OperationalError: database schema has changed\" CLEAR_ALL = 'DELETE FROM \"%s\";' % self.tablename self.conn.commit() self.conn.execute(CLEAR_ALL) self.conn.commit()"}
{"name": "sqlitedict.sqlitedict.SqliteDict.get_tablenames", "code": "def get_tablenames(filename): \"\"\"get the names of the tables in an sqlite db as a list\"\"\" if not os.path.isfile(filename): raise IOError('file %s does not exist' % (filename)) GET_TABLENAMES = 'SELECT name FROM sqlite_master WHERE type=\"table\"' with sqlite3.connect(filename) as conn: cursor = conn.execute(GET_TABLENAMES) res = cursor.fetchall()  return [name[0] for name in res]"}
{"name": "sqlitedict.sqlitedict.SqliteDict.commit", "code": "def commit(self, blocking=True): \"\"\" Persist all data to disk.  When `blocking` is False, the commit command is queued, but the data is not guaranteed persisted (default implication when autocommit=True). \"\"\" if self.conn is not None: self.conn.commit(blocking)"}
{"name": "sqlitedict.sqlitedict.SqliteDict.close", "code": "def close(self, do_log=True, force=False): if do_log: logger.debug(\"closing %s\" % self) if hasattr(self, 'conn') and self.conn is not None: if self.conn.autocommit and not force: # typically calls to commit are non-blocking when autocommit is # used.  However, we need to block on close() to ensure any # awaiting exceptions are handled and that all data is # persisted to disk before returning. self.conn.commit(blocking=True) self.conn.close(force=force) self.conn = None if self.in_temp: try: os.remove(self.filename) except Exception: pass"}
{"name": "sqlitedict.sqlitedict.SqliteDict.terminate", "code": "def terminate(self): \"\"\"Delete the underlying database file. Use with care.\"\"\" if self.flag == 'r': raise RuntimeError('Refusing to terminate read-only SqliteDict')  self.close()  if self.filename == ':memory:': return  logger.info(\"deleting %s\" % self.filename) try: if os.path.isfile(self.filename): os.remove(self.filename) except (OSError, IOError): logger.exception(\"failed to delete %s\" % (self.filename))"}
{"name": "sqlitedict.sqlitedict.SqliteDict.__del__", "code": "def __del__(self): # like close(), but assume globals are gone by now (do not log!) try: self.close(do_log=False, force=True) except Exception: # prevent error log flood in case of multiple SqliteDicts # closed after connection lost (exceptions are always ignored # in __del__ method. pass"}
{"name": "sqlitedict.sqlitedict.SqliteMultithread.__init__", "code": "def __init__(self, filename, autocommit, journal_mode, outer_stack=True): super(SqliteMultithread, self).__init__() self.filename = filename self.autocommit = autocommit self.journal_mode = journal_mode # use request queue of unlimited size self.reqs = Queue() self.daemon = True self._outer_stack = outer_stack self.log = logging.getLogger('sqlitedict.SqliteMultithread')  # # Parts of this object's state get accessed from different threads, so # we use synchronization to avoid race conditions.  For example, # .exception gets set inside the new daemon thread that we spawned, but # gets read from the main thread.  This is particularly important # during initialization: the Thread needs some time to actually start # working, and until this happens, any calls to e.g. # check_raise_error() will prematurely return None, meaning all is # well.  If the that connection happens to fail, we'll never know about # it, and instead wait for a result that never arrives (effectively, # deadlocking).  Locking solves this problem by eliminating the race # condition. # self._lock = threading.Lock() self._lock.acquire() self.exception = None  self.start()"}
{"name": "sqlitedict.sqlitedict.SqliteMultithread._connect", "code": "def _connect(self): \"\"\"Connect to the underlying database.  Raises an exception on failure.  Returns the connection and cursor on success. \"\"\" try: if self.autocommit: conn = sqlite3.connect(self.filename, isolation_level=None, check_same_thread=False) else: conn = sqlite3.connect(self.filename, check_same_thread=False) except Exception: self.log.exception(\"Failed to initialize connection for filename: %s\" % self.filename) self.exception = sys.exc_info() raise  try: conn.execute('PRAGMA journal_mode = %s' % self.journal_mode) conn.text_factory = str cursor = conn.cursor() conn.commit() cursor.execute('PRAGMA synchronous=OFF') except Exception: self.log.exception(\"Failed to execute PRAGMA statements.\") self.exception = sys.exc_info() raise  return conn, cursor"}
{"name": "sqlitedict.sqlitedict.SqliteMultithread.run", "code": "def run(self): # # Nb. this is what actually runs inside the new daemon thread. # self._lock is locked at this stage - see the initializer function. # try: conn, cursor = self._connect() finally: self._lock.release()  res_ref = None while True: # # req: an SQL command or one of the --magic-- commands we use internally # arg: arguments for the command # res_ref: a weak reference to the queue into which responses must be placed # outer_stack: the outer stack, for producing more informative traces in case of error # req, arg, res_ref, outer_stack = self.reqs.get()  if req == _REQUEST_CLOSE: assert res_ref, ('--close-- without return queue', res_ref) break elif req == _REQUEST_COMMIT: conn.commit() _put(res_ref, _RESPONSE_NO_MORE) else: try: cursor.execute(req, arg) except Exception: with self._lock: self.exception = (e_type, e_value, e_tb) = sys.exc_info()  inner_stack = traceback.extract_stack()  # An exception occurred in our thread, but we may not # immediately able to throw it in our calling thread, if it has # no return `res` queue: log as level ERROR both the inner and # outer exception immediately. # # Any iteration of res.get() or any next call will detect the # inner exception and re-raise it in the calling Thread; though # it may be confusing to see an exception for an unrelated # statement, an ERROR log statement from the 'sqlitedict.*' # namespace contains the original outer stack location. self.log.error('Inner exception:') for item in traceback.format_list(inner_stack): self.log.error(item) self.log.error('')  # deliniate traceback & exception w/blank line for item in traceback.format_exception_only(e_type, e_value): self.log.error(item)  self.log.error('')  # exception & outer stack w/blank line  if self._outer_stack: self.log.error('Outer stack:') for item in traceback.format_list(outer_stack): self.log.error(item) self.log.error('Exception will be re-raised at next call.') else: self.log.error( 'Unable to show the outer stack. Pass ' 'outer_stack=True when initializing the ' 'SqliteDict instance to show the outer stack.' )  if res_ref: for rec in cursor: if _put(res_ref, rec) == _PUT_REFERENT_DESTROYED: # # The queue we are sending responses to got garbage # collected.  Nobody is listening anymore, so we # stop sending responses. # break  _put(res_ref, _RESPONSE_NO_MORE)  if self.autocommit: conn.commit()  self.log.debug('received: %s, send: --no more--', req) conn.close()  _put(res_ref, _RESPONSE_NO_MORE)"}
{"name": "sqlitedict.sqlitedict.SqliteMultithread.check_raise_error", "code": "def check_raise_error(self): \"\"\" Check for and raise exception for any previous sqlite query.  For the `execute*` family of method calls, such calls are non-blocking and any exception raised in the thread cannot be handled by the calling Thread (usually MainThread).  This method is called on `close`, and prior to any subsequent calls to the `execute*` methods to check for and raise an exception in a previous call to the MainThread. \"\"\" with self._lock: if self.exception: e_type, e_value, e_tb = self.exception  # clear self.exception, if the caller decides to handle such # exception, we should not repeatedly re-raise it. self.exception = None  self.log.error('An exception occurred from a previous statement, view ' 'the logging namespace \"sqlitedict\" for outer stack.')  # The third argument to raise is the traceback object, and it is # substituted instead of the current location as the place where # the exception occurred, this is so that when using debuggers such # as `pdb', or simply evaluating the naturally raised traceback, we # retain the original (inner) location of where the exception # occurred. reraise(e_type, e_value, e_tb)"}
{"name": "sqlitedict.sqlitedict.SqliteMultithread.execute", "code": "def execute(self, req, arg=None, res=None): \"\"\" `execute` calls are non-blocking: just queue up the request and return immediately.  :param req: The request (an SQL command) :param arg: Arguments to the SQL command :param res: A queue in which to place responses as they become available \"\"\" self.check_raise_error() stack = None  if self._outer_stack: # NOTE: This might be a lot of information to pump into an input # queue, affecting performance.  I've also seen earlier versions of # jython take a severe performance impact for throwing exceptions # so often. stack = traceback.extract_stack()[:-1]  # # We pass a weak reference to the response queue instead of a regular # reference, because we want the queues to be garbage-collected # more aggressively. # res_ref = None if res: res_ref = weakref.ref(res)  self.reqs.put((req, arg or tuple(), res_ref, stack))"}
{"name": "sqlitedict.sqlitedict.SqliteMultithread.executemany", "code": "def executemany(self, req, items): for item in items: self.execute(req, item) self.check_raise_error()"}
{"name": "sqlitedict.sqlitedict.SqliteMultithread.select", "code": "def select(self, req, arg=None): \"\"\" Unlike sqlite's native select, this select doesn't handle iteration efficiently.  The result of `select` starts filling up with values as soon as the request is dequeued, and although you can iterate over the result normally (`for res in self.select(): ...`), the entire result will be in memory. \"\"\" res = Queue()  # results of the select will appear as items in this queue self.execute(req, arg, res) while True: rec = res.get() self.check_raise_error() if rec == _RESPONSE_NO_MORE: break yield rec"}
{"name": "sqlitedict.sqlitedict.SqliteMultithread.select_one", "code": "def select_one(self, req, arg=None): \"\"\"Return only the first row of the SELECT, or None if there are no matching rows.\"\"\" try: return next(iter(self.select(req, arg))) except StopIteration: return None"}
{"name": "sqlitedict.sqlitedict.SqliteMultithread.commit", "code": "def commit(self, blocking=True): if blocking: # by default, we await completion of commit() unless # blocking=False.  This ensures any available exceptions for any # previous statement are thrown before returning, and that the # data has actually persisted to disk! self.select_one(_REQUEST_COMMIT) else: # otherwise, we fire and forget as usual. self.execute(_REQUEST_COMMIT)"}
{"name": "sqlitedict.sqlitedict.SqliteMultithread.close", "code": "def close(self, force=False): if force: # If a SqliteDict is being killed or garbage-collected, then select_one() # could hang forever because run() might already have exited and therefore # can't process the request. Instead, push the close command to the requests # queue directly. If run() is still alive, it will exit gracefully. If not, # then there's nothing we can do anyway. self.reqs.put((_REQUEST_CLOSE, None, weakref.ref(Queue()), None)) else: # we abuse 'select' to \"iter\" over a \"--close--\" statement so that we # can confirm the completion of close before joining the thread and # returning (by semaphore '--no more--' self.select_one(_REQUEST_CLOSE) self.join()"}
{"name": "sqlitedict.tests.test_core.SqliteMiscTest.test_with_statement", "code": "def test_with_statement(self): \"\"\"Verify using sqlitedict as a contextmanager . \"\"\" with SqliteDict() as d: self.assertTrue(isinstance(d, SqliteDict)) self.assertEqual(dict(d), {}) self.assertEqual(list(d), []) self.assertEqual(len(d), 0)"}
{"name": "sqlitedict.tests.test_core.SqliteMiscTest.test_reopen_conn", "code": "def test_reopen_conn(self): \"\"\"Verify using a contextmanager that a connection can be reopened.\"\"\" fname = norm_file('tests/db/sqlitedict-override-test.sqlite') db = SqliteDict(filename=fname) with db: db['key'] = 'value' db.commit() with db: db['key'] = 'value' db.commit()"}
{"name": "sqlitedict.tests.test_core.SqliteMiscTest.test_as_str", "code": "def test_as_str(self): \"\"\"Verify SqliteDict.__str__().\"\"\" # given, db = SqliteDict() # exercise db.__str__() # test when db closed db.close() db.__str__()"}
{"name": "sqlitedict.tests.test_core.SqliteMiscTest.test_as_repr", "code": "def test_as_repr(self): \"\"\"Verify SqliteDict.__repr__().\"\"\" # given, db = SqliteDict() # exercise db.__repr__()"}
{"name": "sqlitedict.tests.test_core.SqliteMiscTest.test_directory_notfound", "code": "def test_directory_notfound(self): \"\"\"Verify RuntimeError: directory does not exist.\"\"\" # given: a non-existent directory, folder = tempfile.mkdtemp(prefix='sqlitedict-test') os.rmdir(folder) # exercise, with self.assertRaises(RuntimeError): SqliteDict(filename=os.path.join(folder, 'nonexistent'))"}
{"name": "sqlitedict.tests.test_core.SqliteMiscTest.test_commit_nonblocking", "code": "def test_commit_nonblocking(self): \"\"\"Coverage for non-blocking commit.\"\"\" # given, with SqliteDict(autocommit=True) as d: # exercise: the implicit commit is nonblocking d['key'] = 'value' d.commit(blocking=False)"}
{"name": "sqlitedict.tests.test_core.SqliteMiscTest.test_cancel_iterate", "code": "def test_cancel_iterate(self): import time  class EndlessKeysIterator: def __init__(self) -> None: self.value = 0  def __iter__(self): return self  def __next__(self): self.value += 1 return [self.value]  with patch('sqlitedict.sqlite3') as mock_sqlite3: ki = EndlessKeysIterator() cursor = mock_sqlite3.connect().cursor() cursor.__iter__.return_value = ki  with SqliteDict(autocommit=True) as d: for i, k in enumerate(d.keys()): assert i + 1 == k if k > 100: break assert ki.value > 101  # Release GIL, let background threads run. # Don't use gc.collect because this is simulate user code. time.sleep(0.01)  current = ki.value time.sleep(1) assert current == ki.value, 'Will not read more after iterate stop'"}
{"name": "sqlitedict.tests.test_core.SqliteMiscTest.test_cancel_iterate.EndlessKeysIterator.__init__", "code": "def __init__(self) -> None: self.value = 0"}
{"name": "sqlitedict.tests.test_core.SqliteMiscTest.test_cancel_iterate.EndlessKeysIterator.__iter__", "code": "def __iter__(self): return self"}
{"name": "sqlitedict.tests.test_core.SqliteMiscTest.test_cancel_iterate.EndlessKeysIterator.__next__", "code": "def __next__(self): self.value += 1 return [self.value]"}
{"name": "sqlitedict.tests.test_core.NamedSqliteDictCreateOrReuseTest.test_default_reuse_existing_flag_c", "code": "def test_default_reuse_existing_flag_c(self): \"\"\"Re-opening of a database does not destroy it.\"\"\" # given, fname = norm_file('tests/db/sqlitedict-override-test.sqlite') orig_db = SqliteDict(filename=fname) orig_db['key'] = 'value' orig_db.commit() orig_db.close()  next_db = SqliteDict(filename=fname) self.assertIn('key', next_db.keys()) self.assertEqual(next_db['key'], 'value')"}
{"name": "sqlitedict.tests.test_core.NamedSqliteDictCreateOrReuseTest.test_overwrite_using_flag_n", "code": "def test_overwrite_using_flag_n(self): \"\"\"Re-opening of a database with flag='c' destroys it all.\"\"\" # given, fname = norm_file('tests/db/sqlitedict-override-test.sqlite') orig_db = SqliteDict(filename=fname, tablename='sometable') orig_db['key'] = 'value' orig_db.commit() orig_db.close()  # verify, next_db = SqliteDict(filename=fname, tablename='sometable', flag='n') self.assertNotIn('key', next_db.keys())"}
{"name": "sqlitedict.tests.test_core.NamedSqliteDictCreateOrReuseTest.test_unrecognized_flag", "code": "def test_unrecognized_flag(self):  def build_with_bad_flag(): fname = norm_file('tests/db/sqlitedict-override-test.sqlite') SqliteDict(filename=fname, flag='FOO')  with self.assertRaises(RuntimeError): build_with_bad_flag()"}
{"name": "sqlitedict.tests.test_core.NamedSqliteDictCreateOrReuseTest.test_readonly", "code": "def test_readonly(self): fname = norm_file('tests/db/sqlitedict-override-test.sqlite') orig_db = SqliteDict(filename=fname) orig_db['key'] = 'value' orig_db['key_two'] = 2 orig_db.commit() orig_db.close()  readonly_db = SqliteDict(filename=fname, flag='r') self.assertTrue(readonly_db['key'] == 'value') self.assertTrue(readonly_db['key_two'] == 2)  def attempt_write(): readonly_db['key'] = ['new_value']  def attempt_update(): readonly_db.update(key='value2', key_two=2.1)  def attempt_delete(): del readonly_db['key']  def attempt_clear(): readonly_db.clear()  def attempt_terminate(): readonly_db.terminate()  attempt_funcs = [attempt_write, attempt_update, attempt_delete, attempt_clear, attempt_terminate]  for func in attempt_funcs: with self.assertRaises(RuntimeError): func()"}
{"name": "sqlitedict.tests.test_core.NamedSqliteDictCreateOrReuseTest.test_readonly_table", "code": "def test_readonly_table(self): \"\"\" Read-only access on a non-existent tablename should raise RuntimeError, and not create a new (empty) table. \"\"\" fname = norm_file('tests/db/sqlitedict-override-test.sqlite') dummy_tablename = 'table404' orig_db = SqliteDict(filename=fname) orig_db['key'] = 'value' orig_db['key_two'] = 2 orig_db.commit() orig_db.close()  self.assertFalse(dummy_tablename in SqliteDict.get_tablenames(fname))  with self.assertRaises(RuntimeError): SqliteDict(filename=fname, tablename=dummy_tablename, flag='r')  self.assertFalse(dummy_tablename in SqliteDict.get_tablenames(fname))"}
{"name": "sqlitedict.tests.test_core.NamedSqliteDictCreateOrReuseTest.test_irregular_tablenames", "code": "def test_irregular_tablenames(self): \"\"\"Irregular table names need to be quoted\"\"\" def __test_irregular_tablenames(tablename): filename = ':memory:' db = SqliteDict(filename, tablename=tablename) db['key'] = 'value' db.commit() self.assertEqual(db['key'], 'value') db.close()  __test_irregular_tablenames('9nine') __test_irregular_tablenames('outer space') __test_irregular_tablenames('table with a \"quoted\" name') __test_irregular_tablenames(\"table with a \\\"quoted \\xe1cute\\\" name\")"}
{"name": "sqlitedict.tests.test_core.NamedSqliteDictCreateOrReuseTest.test_overwrite_using_flag_w", "code": "def test_overwrite_using_flag_w(self): \"\"\"Re-opening of a database with flag='w' destroys only the target table.\"\"\" # given, fname = norm_file('tests/db/sqlitedict-override-test.sqlite') orig_db_1 = SqliteDict(filename=fname, tablename='one') orig_db_1['key'] = 'value' orig_db_1.commit() orig_db_1.close()  orig_db_2 = SqliteDict(filename=fname, tablename='two') orig_db_2['key'] = 'value' orig_db_2.commit() orig_db_2.close()  # verify, when re-opening table space 'one' with flag='2', we destroy # its contents.  However, when re-opening table space 'two' with # default flag='r', its contents remain. next_db_1 = SqliteDict(filename=fname, tablename='one', flag='w') self.assertNotIn('key', next_db_1.keys())  next_db_2 = SqliteDict(filename=fname, tablename='two') self.assertIn('key', next_db_2.keys())"}
{"name": "sqlitedict.tests.test_core.SqliteDictTerminateTest.test_terminate_instead_close", "code": "def test_terminate_instead_close(self): ''' make terminate() instead of close() ''' d = sqlitedict.open('tests/db/sqlitedict-terminate.sqlite') d['abc'] = 'def' d.commit() self.assertEqual(d['abc'], 'def') d.terminate() self.assertFalse(os.path.isfile('tests/db/sqlitedict-terminate.sqlite'))"}
{"name": "sqlitedict.tests.test_core.SqliteDictTerminateFailTest.setUp", "code": "def setUp(self): self.fname = norm_file('tests/db-permdenied/sqlitedict.sqlite') self.db = SqliteDict(filename=self.fname) os.chmod(self.fname, 0o000) os.chmod(os.path.dirname(self.fname), 0o000)"}
{"name": "sqlitedict.tests.test_core.SqliteDictTerminateFailTest.tearDown", "code": "def tearDown(self): os.chmod(os.path.dirname(self.fname), 0o700) os.chmod(self.fname, 0o600) os.unlink(self.fname) os.rmdir(os.path.dirname(self.fname))"}
{"name": "sqlitedict.tests.test_core.SqliteDictTerminateFailTest.test_terminate_cannot_delete", "code": "def test_terminate_cannot_delete(self): # exercise, self.db.terminate()  # deletion failed, but no exception raised!  # verify, os.chmod(os.path.dirname(self.fname), 0o700) os.chmod(self.fname, 0o600) self.assertTrue(os.path.exists(self.fname))"}
{"name": "sqlitedict.tests.test_core.SqliteDictJsonSerializationTest.setUp", "code": "def setUp(self): self.fname = norm_file('tests/db-json/sqlitedict.sqlite') self.db = SqliteDict( filename=self.fname, tablename='test', encode=json.dumps, decode=json.loads )"}
{"name": "sqlitedict.tests.test_core.SqliteDictJsonSerializationTest.tearDown", "code": "def tearDown(self): self.db.close() os.unlink(self.fname) os.rmdir(os.path.dirname(self.fname))"}
{"name": "sqlitedict.tests.test_core.SqliteDictJsonSerializationTest.get_json", "code": "def get_json(self, key): return self.db.conn.select_one('SELECT value FROM test WHERE key = ?', (self.db.encode_key(key),))[0]"}
{"name": "sqlitedict.tests.test_core.SqliteDictJsonSerializationTest.test_int", "code": "def test_int(self): self.db['test'] = -42 assert self.db['test'] == -42 assert self.get_json('test') == '-42'"}
{"name": "sqlitedict.tests.test_core.SqliteDictJsonSerializationTest.test_str", "code": "def test_str(self): test_str = u'Test \\u30c6\\u30b9\\u30c8' self.db['test'] = test_str assert self.db['test'] == test_str assert self.get_json('test') == r'\"Test \\u30c6\\u30b9\\u30c8\"'"}
{"name": "sqlitedict.tests.test_core.SqliteDictJsonSerializationTest.test_bool", "code": "def test_bool(self): self.db['test'] = False assert self.db['test'] is False assert self.get_json('test') == 'false'"}
{"name": "sqlitedict.tests.test_core.SqliteDictJsonSerializationTest.test_none", "code": "def test_none(self): self.db['test'] = None assert self.db['test'] is None assert self.get_json('test') == 'null'"}
{"name": "sqlitedict.tests.test_core.SqliteDictJsonSerializationTest.test_complex_struct", "code": "def test_complex_struct(self): test_value = { 'version': 2.5, 'items': ['one', 'two'], } self.db['test'] = test_value assert self.db['test'] == test_value assert self.get_json('test') == json.dumps(test_value)"}
{"name": "sqlitedict.tests.test_core.TablenamesTest.tearDown", "code": "def tearDown(self): for f in ('tablenames-test-1.sqlite', 'tablenames-test-2.sqlite'): path = norm_file(os.path.join('tests/db', f)) if os.path.isfile(path): os.unlink(path)"}
{"name": "sqlitedict.tests.test_core.TablenamesTest.test_tablenames_unnamed", "code": "def test_tablenames_unnamed(self): fname = norm_file('tests/db/tablenames-test-1.sqlite') SqliteDict(fname) self.assertEqual(SqliteDict.get_tablenames(fname), ['unnamed'])"}
{"name": "sqlitedict.tests.test_core.TablenamesTest.test_tablenams_named", "code": "def test_tablenams_named(self): fname = norm_file('tests/db/tablenames-test-2.sqlite') with SqliteDict(fname, tablename='table1'): self.assertEqual(SqliteDict.get_tablenames(fname), ['table1']) with SqliteDict(fname, tablename='table2'): self.assertEqual(SqliteDict.get_tablenames(fname), ['table1', 'table2'])  tablenames = SqliteDict.get_tablenames('tests/db/tablenames-test-2.sqlite') self.assertEqual(tablenames, ['table1', 'table2'])"}
{"name": "sqlitedict.tests.test_core.SqliteDictKeySerializationTest.setUp", "code": "def setUp(self): self.fname = norm_file('tests/db-encode-key/sqlitedict.sqlite') self.db = SqliteDict( filename=self.fname, tablename='test', encode_key=sqlitedict.encode_key, decode_key=sqlitedict.decode_key, )"}
{"name": "sqlitedict.tests.test_core.SqliteDictKeySerializationTest.test_nonstr_keys", "code": "def test_nonstr_keys(self): self.db['test'] = -42 assert self.db['test'] == -42 self.db[(0, 1, 2)] = 17 assert self.db[(0, 1, 2)] == 17"}
{"name": "sqlitedict.tests.test_named_db.InMemorySqliteDictTest.setUp", "code": "def setUp(self): self.d = sqlitedict.SqliteDict(filename=':memory:', autocommit=True)"}
{"name": "sqlitedict.tests.test_named_db.InMemorySqliteDictTest.tearDown", "code": "def tearDown(self): self.d.terminate()"}
{"name": "sqlitedict.tests.test_named_db.NamedSqliteDictTest.setUp", "code": "def setUp(self): db = norm_file('tests/db/sqlitedict-with-def.sqlite') self.d = sqlitedict.SqliteDict(filename=db)"}
{"name": "sqlitedict.tests.test_named_db.CreateNewSqliteDictTest.setUp", "code": "def setUp(self): db = norm_file('tests/db/sqlitedict-with-n-flag.sqlite') self.d = sqlitedict.SqliteDict(filename=db, flag=\"n\")"}
{"name": "sqlitedict.tests.test_named_db.CreateNewSqliteDictTest.tearDown", "code": "def tearDown(self): self.d.terminate()"}
{"name": "sqlitedict.tests.test_named_db.StartsWithEmptySqliteDictTest.setUp", "code": "def setUp(self): db = norm_file('tests/db/sqlitedict-with-w-flag.sqlite') self.d = sqlitedict.SqliteDict(filename=db, flag=\"w\")"}
{"name": "sqlitedict.tests.test_named_db.StartsWithEmptySqliteDictTest.tearDown", "code": "def tearDown(self): self.d.terminate()"}
{"name": "sqlitedict.tests.test_named_db.SqliteDictAutocommitTest.setUp", "code": "def setUp(self): db = norm_file('tests/db/sqlitedict-autocommit.sqlite') self.d = sqlitedict.SqliteDict(filename=db, autocommit=True)"}
{"name": "sqlitedict.tests.test_named_db.SqliteDictAutocommitTest.tearDown", "code": "def tearDown(self): self.d.terminate()"}
{"name": "sqlitedict.tests.test_onimport.SqliteDict_cPickleImportTest.setUp", "code": "def setUp(self): self.orig_meta_path = sys.meta_path self.orig_sqlitedict = sys.modules.pop('sqlitedict', None)  class FauxMissingImport(object): def __init__(self, *args): self.module_names = args  def find_module(self, fullname, path=None): if fullname in self.module_names: return self return None  def load_module(self, name): raise ImportError(\"No module named %s (FauxMissingImport)\" % (name,))  # ensure cPickle/pickle is not cached sys.modules.pop('cPickle', None) sys.modules.pop('pickle', None)  # add our custom importer sys.meta_path.insert(0, FauxMissingImport('cPickle'))"}
{"name": "sqlitedict.tests.test_onimport.SqliteDict_cPickleImportTest.tearDown", "code": "def tearDown(self): sys.meta_path = self.orig_meta_path if self.orig_sqlitedict: sys.modules['sqlitedict'] = self.orig_sqlitedict"}
{"name": "sqlitedict.tests.test_onimport.SqliteDict_cPickleImportTest.test_cpickle_fallback_to_pickle", "code": "def test_cpickle_fallback_to_pickle(self): # exercise, sqlitedict = __import__(\"sqlitedict\") # verify, self.assertIn('pickle', sys.modules.keys()) self.assertIs(sqlitedict.dumps, sys.modules['pickle'].dumps)"}
{"name": "sqlitedict.tests.test_onimport.SqliteDict_cPickleImportTest.setUp.FauxMissingImport.__init__", "code": "def __init__(self, *args): self.module_names = args"}
{"name": "sqlitedict.tests.test_onimport.SqliteDict_cPickleImportTest.setUp.FauxMissingImport.find_module", "code": "def find_module(self, fullname, path=None): if fullname in self.module_names: return self return None"}
{"name": "sqlitedict.tests.test_onimport.SqliteDict_cPickleImportTest.setUp.FauxMissingImport.load_module", "code": "def load_module(self, name): raise ImportError(\"No module named %s (FauxMissingImport)\" % (name,))"}
{"name": "sqlitedict.tests.test_temp_db.TempSqliteDictTest.setUp", "code": "def setUp(self): self.d = sqlitedict.SqliteDict()"}
{"name": "sqlitedict.tests.test_temp_db.TempSqliteDictTest.tearDown", "code": "def tearDown(self): self.d.close()"}
{"name": "sqlitedict.tests.test_temp_db.TempSqliteDictTest.test_create_sqlitedict", "code": "def test_create_sqlitedict(self): ''' test_create_sqlitedict ''' self.assertIsInstance(self.d, sqlitedict.SqliteDict) self.assertEqual(dict(self.d), {}) self.assertEqual(list(self.d), []) self.assertEqual(len(self.d), 0)"}
{"name": "sqlitedict.tests.test_temp_db.TempSqliteDictTest.test_assign_values", "code": "def test_assign_values(self): ''' test_assign_values ''' self.d['abc'] = 'edf' self.assertEqual(self.d['abc'], 'edf') self.assertEqual(len(self.d), 1)"}
{"name": "sqlitedict.tests.test_temp_db.TempSqliteDictTest.test_clear_data", "code": "def test_clear_data(self): ''' test_clear_data ''' self.d.update(a=1, b=2, c=3) self.assertEqual(len(self.d), 3) self.d.clear() self.assertEqual(len(self.d), 0)"}
{"name": "sqlitedict.tests.test_temp_db.TempSqliteDictTest.test_manage_one_record", "code": "def test_manage_one_record(self): ''' test_manage_one_record ''' self.d['abc'] = 'rsvp' * 100 self.assertEqual(self.d['abc'], 'rsvp' * 100) self.d['abc'] = 'lmno' self.assertEqual(self.d['abc'], 'lmno') self.assertEqual(len(self.d), 1) del self.d['abc'] self.assertEqual(len(self.d), 0) self.assertTrue(not self.d)"}
{"name": "sqlitedict.tests.test_temp_db.TempSqliteDictTest.test_manage_few_records", "code": "def test_manage_few_records(self): ''' test_manage_few_records ''' self.d['abc'] = 'lmno' self.d['xyz'] = 'pdq' self.assertEqual(len(self.d), 2) if major_version == 2: self.assertEqual(list(self.d.iteritems()), [('abc', 'lmno'), ('xyz', 'pdq')]) self.assertEqual(list(self.d.items()), [('abc', 'lmno'), ('xyz', 'pdq')]) self.assertEqual(list(self.d.values()), ['lmno', 'pdq']) self.assertEqual(list(self.d.keys()), ['abc', 'xyz']) self.assertEqual(list(self.d), ['abc', 'xyz'])"}
{"name": "sqlitedict.tests.test_temp_db.TempSqliteDictTest.test_update_records", "code": "def test_update_records(self): ''' test_update_records ''' self.d.update([('v', 'w')], p='x', q='y', r='z') self.assertEqual(len(self.d), 4) # As far as I know dicts does not need to return # the elements in a specified order (sort() is required ) self.assertEqual(sorted(self.d.items()), sorted([('q', 'y'), ('p', 'x'), ('r', 'z'), ('v', 'w')])) self.assertEqual(sorted(list(self.d)), sorted(['q', 'p', 'r', 'v']))"}
{"name": "sqlitedict.tests.test_temp_db.TempSqliteDictTest.test_handling_errors", "code": "def test_handling_errors(self): ''' test_handling_errors ''' def get_value(d, k): return d[k]  def remove_nonexists(d, k): del d[k]  with self.assertRaises(KeyError): remove_nonexists(self.d, 'abc') with self.assertRaises(KeyError): get_value(self.d, 'abc')"}
{"name": "sqlitedict.setup.SetupDevelop.run", "code": "def run(self): \"\"\" Prepare environment for development.  - Ensures 'nose' and 'coverage.py' are installed for testing. - Call super()'s run method. \"\"\" subprocess.check_call(('pip', 'install', 'nose', 'coverage'))  # Call super() (except develop is an old-style class, so we must call # directly). The effect is that the development egg-link is installed. setuptools.command.develop.develop.run(self)"}
