{"name": "sshuttle.sshuttle.ssnet.SockWrapper.__init__", "code": "def __init__(self, rsock, wsock, connect_to=None, peername=None): global _swcount _swcount += 1 debug3('creating new SockWrapper (%d now exist)' % _swcount) self.exc = None self.rsock = rsock self.wsock = wsock self.shut_read = self.shut_write = False self.buf = [] self.connect_to = connect_to self.peername = peername or _try_peername(self.rsock) self.try_connect()"}
{"name": "sshuttle.sshuttle.ssnet.SockWrapper.__del__", "code": "def __del__(self): global _swcount _swcount -= 1 debug1('%r: deleting (%d remain)' % (self, _swcount)) if self.exc: debug1('%r: error was: %s' % (self, self.exc))"}
{"name": "sshuttle.sshuttle.ssnet.SockWrapper.__repr__", "code": "def __repr__(self): if self.rsock == self.wsock: fds = '#%d' % self.rsock.fileno() else: fds = '#%d,%d' % (self.rsock.fileno(), self.wsock.fileno()) return 'SW%s:%s' % (fds, self.peername)"}
{"name": "sshuttle.sshuttle.ssnet.SockWrapper.seterr", "code": "def seterr(self, e): if not self.exc: self.exc = e self.nowrite() self.noread()"}
{"name": "sshuttle.sshuttle.ssnet.SockWrapper.try_connect", "code": "def try_connect(self): if self.connect_to and self.shut_write: self.noread() self.connect_to = None if not self.connect_to: return  # already connected self.rsock.setblocking(False) debug3('%r: trying connect to %r' % (self, self.connect_to)) try: self.rsock.connect(self.connect_to) # connected successfully (Linux) self.connect_to = None except socket.error: _, e = sys.exc_info()[:2] debug3('%r: connect result: %s' % (self, e)) if e.args[0] == errno.EINVAL: # this is what happens when you call connect() on a socket # that is now connected but returned EINPROGRESS last time, # on BSD, on python pre-2.5.1.  We need to use getsockopt() # to get the \"real\" error.  Later pythons do this # automatically, so this code won't run. realerr = self.rsock.getsockopt(socket.SOL_SOCKET, socket.SO_ERROR) e = socket.error(realerr, os.strerror(realerr)) debug3('%r: fixed connect result: %s' % (self, e)) if e.args[0] in [errno.EINPROGRESS, errno.EALREADY]: pass  # not connected yet elif e.args[0] == 0: # connected successfully (weird Linux bug?) # Sometimes Linux seems to return EINVAL when it isn't # invalid.  This *may* be caused by a race condition # between connect() and getsockopt(SO_ERROR) (ie. it # finishes connecting in between the two, so there is no # longer an error).  However, I'm not sure of that. # # I did get at least one report that the problem went away # when we added this, however. self.connect_to = None elif e.args[0] == errno.EISCONN: # connected successfully (BSD) self.connect_to = None elif e.args[0] in NET_ERRS + [errno.EACCES, errno.EPERM]: # a \"normal\" kind of error self.connect_to = None self.seterr(e) else: raise  # error we've never heard of?!  barf completely."}
{"name": "sshuttle.sshuttle.ssnet.SockWrapper.noread", "code": "def noread(self): if not self.shut_read: debug2('%r: done reading' % self) self.shut_read = True # self.rsock.shutdown(SHUT_RD)  # doesn't do anything anyway"}
{"name": "sshuttle.sshuttle.ssnet.SockWrapper.nowrite", "code": "def nowrite(self): if not self.shut_write: debug2('%r: done writing' % self) self.shut_write = True try: self.wsock.shutdown(SHUT_WR) except socket.error: _, e = sys.exc_info()[:2] self.seterr('nowrite: %s' % e)"}
{"name": "sshuttle.sshuttle.ssnet.SockWrapper.too_full", "code": "def too_full(): return False  # fullness is determined by the socket's select() state"}
{"name": "sshuttle.sshuttle.ssnet.SockWrapper.uwrite", "code": "def uwrite(self, buf): if self.connect_to: return 0  # still connecting self.wsock.setblocking(False) try: return _nb_clean(os.write, self.wsock.fileno(), buf) except OSError: _, e = sys.exc_info()[:2] if e.errno == errno.EPIPE: debug1('%r: uwrite: got EPIPE' % self) self.nowrite() return 0 else: # unexpected error... stream is dead self.seterr('uwrite: %s' % e) return 0"}
{"name": "sshuttle.sshuttle.ssnet.SockWrapper.write", "code": "def write(self, buf): assert buf return self.uwrite(buf)"}
{"name": "sshuttle.sshuttle.ssnet.SockWrapper.uread", "code": "def uread(self): if self.connect_to: return None  # still connecting if self.shut_read: return self.rsock.setblocking(False) try: return _nb_clean(os.read, self.rsock.fileno(), 65536) except OSError: _, e = sys.exc_info()[:2] self.seterr('uread: %s' % e) return b('')  # unexpected error... we'll call it EOF"}
{"name": "sshuttle.sshuttle.ssnet.SockWrapper.fill", "code": "def fill(self): if self.buf: return rb = self.uread() if rb: self.buf.append(rb) if rb == b(''):  # empty string means EOF; None means temporarily empty self.noread()"}
{"name": "sshuttle.sshuttle.ssnet.SockWrapper.copy_to", "code": "def copy_to(self, outwrap): if self.buf and self.buf[0]: wrote = outwrap.write(self.buf[0]) self.buf[0] = self.buf[0][wrote:] while self.buf and not self.buf[0]: self.buf.pop(0) if not self.buf and self.shut_read: outwrap.nowrite()"}
{"name": "sshuttle.sshuttle.ssnet.Handler.__init__", "code": "def __init__(self, socks=None, callback=None): self.ok = True self.socks = socks or [] if callback: self.callback = callback"}
{"name": "sshuttle.sshuttle.ssnet.Handler.pre_select", "code": "def pre_select(self, r, w, x): for i in self.socks: _add(r, i)"}
{"name": "sshuttle.sshuttle.ssnet.Handler.callback", "code": "def callback(self, sock): log('--no callback defined-- %r' % self) (r, _, _) = select.select(self.socks, [], [], 0) for s in r: v = s.recv(4096) if not v: log('--closed-- %r' % self) self.socks = [] self.ok = False"}
{"name": "sshuttle.sshuttle.ssnet.Proxy.__init__", "code": "def __init__(self, wrap1, wrap2): Handler.__init__(self, [wrap1.rsock, wrap1.wsock, wrap2.rsock, wrap2.wsock]) self.wrap1 = wrap1 self.wrap2 = wrap2"}
{"name": "sshuttle.sshuttle.ssnet.Proxy.pre_select", "code": "def pre_select(self, r, w, x): if self.wrap1.shut_write: self.wrap2.noread() if self.wrap2.shut_write: self.wrap1.noread()  if self.wrap1.connect_to: _add(w, self.wrap1.rsock) elif self.wrap1.buf: if not self.wrap2.too_full(): _add(w, self.wrap2.wsock) elif not self.wrap1.shut_read: _add(r, self.wrap1.rsock)  if self.wrap2.connect_to: _add(w, self.wrap2.rsock) elif self.wrap2.buf: if not self.wrap1.too_full(): _add(w, self.wrap1.wsock) elif not self.wrap2.shut_read: _add(r, self.wrap2.rsock)"}
{"name": "sshuttle.sshuttle.ssnet.Proxy.callback", "code": "def callback(self, sock): self.wrap1.try_connect() self.wrap2.try_connect() self.wrap1.fill() self.wrap2.fill() self.wrap1.copy_to(self.wrap2) self.wrap2.copy_to(self.wrap1) if self.wrap1.buf and self.wrap2.shut_write: self.wrap1.buf = [] self.wrap1.noread() if self.wrap2.buf and self.wrap1.shut_write: self.wrap2.buf = [] self.wrap2.noread() if (self.wrap1.shut_read and self.wrap2.shut_read and not self.wrap1.buf and not self.wrap2.buf): self.ok = False self.wrap1.nowrite() self.wrap2.nowrite()"}
{"name": "sshuttle.sshuttle.ssnet.Mux.__init__", "code": "def __init__(self, rfile, wfile): Handler.__init__(self, [rfile, wfile]) self.rfile = rfile self.wfile = wfile self.new_channel = self.got_dns_req = self.got_routes = None self.got_udp_open = self.got_udp_data = self.got_udp_close = None self.got_host_req = self.got_host_list = None self.channels = {} self.chani = 0 self.want = 0 self.inbuf = b('') self.outbuf = [] self.fullness = 0 self.too_full = False self.send(0, CMD_PING, b('chicken'))"}
{"name": "sshuttle.sshuttle.ssnet.Mux.next_channel", "code": "def next_channel(self): # channel 0 is special, so we never allocate it for _ in range(1024): self.chani += 1 if self.chani > MAX_CHANNEL: self.chani = 1 if not self.channels.get(self.chani): return self.chani"}
{"name": "sshuttle.sshuttle.ssnet.Mux.amount_queued", "code": "def amount_queued(self): total = 0 for byte in self.outbuf: total += len(byte) return total"}
{"name": "sshuttle.sshuttle.ssnet.Mux.check_fullness", "code": "def check_fullness(self): if self.fullness > LATENCY_BUFFER_SIZE: if not self.too_full: self.send(0, CMD_PING, b('rttest')) self.too_full = True # ob = [] # for b in self.outbuf: #    (s1,s2,c) = struct.unpack('!ccH', b[:4]) #    ob.append(c) # log('outbuf: %d %r' % (self.amount_queued(), ob))"}
{"name": "sshuttle.sshuttle.ssnet.Mux.send", "code": "def send(self, channel, cmd, data): assert isinstance(data, bytes) assert len(data) <= 65535 p = struct.pack('!ccHHH', b('S'), b('S'), channel, cmd, len(data)) \\ + data self.outbuf.append(p) debug2(' > channel=%d cmd=%s len=%d (fullness=%d)' % (channel, cmd_to_name.get(cmd, hex(cmd)), len(data), self.fullness)) self.fullness += len(data)"}
{"name": "sshuttle.sshuttle.ssnet.Mux.got_packet", "code": "def got_packet(self, channel, cmd, data): debug2('<  channel=%d cmd=%s len=%d' % (channel, cmd_to_name.get(cmd, hex(cmd)), len(data))) if cmd == CMD_PING: self.send(0, CMD_PONG, data) elif cmd == CMD_PONG: debug2('received PING response') self.too_full = False self.fullness = 0 elif cmd == CMD_EXIT: self.ok = False elif cmd == CMD_TCP_CONNECT: assert not self.channels.get(channel) if self.new_channel: self.new_channel(channel, data) elif cmd == CMD_DNS_REQ: assert not self.channels.get(channel) if self.got_dns_req: self.got_dns_req(channel, data) elif cmd == CMD_UDP_OPEN: assert not self.channels.get(channel) if self.got_udp_open: self.got_udp_open(channel, data) elif cmd == CMD_ROUTES: if self.got_routes: self.got_routes(data) else: raise Exception('got CMD_ROUTES without got_routes?') elif cmd == CMD_HOST_REQ: if self.got_host_req: self.got_host_req(data) else: raise Exception('got CMD_HOST_REQ without got_host_req?') elif cmd == CMD_HOST_LIST: if self.got_host_list: self.got_host_list(data) else: raise Exception('got CMD_HOST_LIST without got_host_list?') else: callback = self.channels.get(channel) if not callback: log('warning: closed channel %d got cmd=%s len=%d' % (channel, cmd_to_name.get(cmd, hex(cmd)), len(data))) else: callback(cmd, data)"}
{"name": "sshuttle.sshuttle.ssnet.Mux.flush", "code": "def flush(self): try: os.set_blocking(self.wfile.fileno(), False) except AttributeError: # python < 3.5 flags = fcntl.fcntl(self.wfile.fileno(), fcntl.F_GETFL) flags |= os.O_NONBLOCK fcntl.fcntl(self.wfile.fileno(), fcntl.F_SETFL, flags) if self.outbuf and self.outbuf[0]: wrote = _nb_clean(os.write, self.wfile.fileno(), self.outbuf[0]) debug2('mux wrote: %r/%d' % (wrote, len(self.outbuf[0]))) if wrote: self.outbuf[0] = self.outbuf[0][wrote:] while self.outbuf and not self.outbuf[0]: self.outbuf[0:1] = []"}
{"name": "sshuttle.sshuttle.ssnet.Mux.fill", "code": "def fill(self): try: os.set_blocking(self.rfile.fileno(), False) except AttributeError: # python < 3.5 flags = fcntl.fcntl(self.rfile.fileno(), fcntl.F_GETFL) flags |= os.O_NONBLOCK fcntl.fcntl(self.rfile.fileno(), fcntl.F_SETFL, flags) try: # If LATENCY_BUFFER_SIZE is inappropriately large, we will # get a MemoryError here. Read no more than 1MiB. read = _nb_clean(os.read, self.rfile.fileno(), min(1048576, LATENCY_BUFFER_SIZE)) except OSError: _, e = sys.exc_info()[:2] raise Fatal('other end: %r' % e) # log('<<< %r' % b) if read == b(''):  # EOF self.ok = False if read: self.inbuf += read"}
{"name": "sshuttle.sshuttle.ssnet.Mux.handle", "code": "def handle(self): self.fill() # log('inbuf is: (%d,%d) %r' #     % (self.want, len(self.inbuf), self.inbuf)) while 1: if len(self.inbuf) >= (self.want or HDR_LEN): (s1, s2, channel, cmd, datalen) = \\ struct.unpack('!ccHHH', self.inbuf[:HDR_LEN]) assert s1 == b('S') assert s2 == b('S') self.want = datalen + HDR_LEN if self.want and len(self.inbuf) >= self.want: data = self.inbuf[HDR_LEN:self.want] self.inbuf = self.inbuf[self.want:] self.want = 0 self.got_packet(channel, cmd, data) else: break"}
{"name": "sshuttle.sshuttle.ssnet.Mux.pre_select", "code": "def pre_select(self, r, w, x): _add(r, self.rfile) if self.outbuf: _add(w, self.wfile)"}
{"name": "sshuttle.sshuttle.ssnet.Mux.callback", "code": "def callback(self, sock): (r, w, _) = select.select([self.rfile], [self.wfile], [], 0) if self.rfile in r: self.handle() if self.outbuf and self.wfile in w: self.flush()"}
{"name": "sshuttle.sshuttle.ssnet.MuxWrapper.__init__", "code": "def __init__(self, mux, channel): SockWrapper.__init__(self, mux.rfile, mux.wfile) self.mux = mux self.channel = channel self.mux.channels[channel] = self.got_packet self.socks = [] debug2('new channel: %d' % channel)"}
{"name": "sshuttle.sshuttle.ssnet.MuxWrapper.__del__", "code": "def __del__(self): self.nowrite() SockWrapper.__del__(self)"}
{"name": "sshuttle.sshuttle.ssnet.MuxWrapper.__repr__", "code": "def __repr__(self): return 'SW%r:Mux#%d' % (self.peername, self.channel)"}
{"name": "sshuttle.sshuttle.ssnet.MuxWrapper.noread", "code": "def noread(self): if not self.shut_read: self.mux.send(self.channel, CMD_TCP_STOP_SENDING, b('')) self.setnoread()"}
{"name": "sshuttle.sshuttle.ssnet.MuxWrapper.setnoread", "code": "def setnoread(self): if not self.shut_read: debug2('%r: done reading' % self) self.shut_read = True self.maybe_close()"}
{"name": "sshuttle.sshuttle.ssnet.MuxWrapper.nowrite", "code": "def nowrite(self): if not self.shut_write: self.mux.send(self.channel, CMD_TCP_EOF, b('')) self.setnowrite()"}
{"name": "sshuttle.sshuttle.ssnet.MuxWrapper.setnowrite", "code": "def setnowrite(self): if not self.shut_write: debug2('%r: done writing' % self) self.shut_write = True self.maybe_close()"}
{"name": "sshuttle.sshuttle.ssnet.MuxWrapper.maybe_close", "code": "def maybe_close(self): if self.shut_read and self.shut_write: debug2('%r: closing connection' % self) # remove the mux's reference to us.  The python garbage collector # will then be able to reap our object. self.mux.channels[self.channel] = None"}
{"name": "sshuttle.sshuttle.ssnet.MuxWrapper.too_full", "code": "def too_full(self): return self.mux.too_full"}
{"name": "sshuttle.sshuttle.ssnet.MuxWrapper.uwrite", "code": "def uwrite(self, buf): if self.mux.too_full: return 0  # too much already enqueued if len(buf) > 2048: buf = buf[:2048] self.mux.send(self.channel, CMD_TCP_DATA, buf) return len(buf)"}
{"name": "sshuttle.sshuttle.ssnet.MuxWrapper.uread", "code": "def uread(self): if self.shut_read: return b('')  # EOF else: return None  # no data available right now"}
{"name": "sshuttle.sshuttle.ssnet.MuxWrapper.got_packet", "code": "def got_packet(self, cmd, data): if cmd == CMD_TCP_EOF: # Remote side already knows the status - set flag but don't notify self.setnoread() elif cmd == CMD_TCP_STOP_SENDING: # Remote side already knows the status - set flag but don't notify self.setnowrite() elif cmd == CMD_TCP_DATA: self.buf.append(data) else: raise Exception('unknown command %d (%d bytes)' % (cmd, len(data)))"}
{"name": "sshuttle.sshuttle.options.Concat.__init__", "code": "def __init__(self, option_strings, dest, nargs=None, **kwargs): if nargs is not None: raise ValueError(\"nargs not supported\") super(Concat, self).__init__(option_strings, dest, **kwargs)"}
{"name": "sshuttle.sshuttle.options.Concat.__call__", "code": "def __call__(self, parser, namespace, values, option_string=None): curr_value = getattr(namespace, self.dest, None) or [] setattr(namespace, self.dest, curr_value + values)"}
{"name": "sshuttle.sshuttle.options.MyArgumentParser.convert_arg_line_to_args", "code": "def convert_arg_line_to_args(self, arg_line): # Ignore comments if arg_line.startswith(\"#\"): return []  # strip whitespace at beginning and end of line arg_line = arg_line.strip()  # When copying parameters from the command line to a file, # some users might copy the quotes they used on the command # line into the config file. We ignore these if the line # starts and ends with the same quote. if arg_line.startswith(\"'\") and arg_line.endswith(\"'\") or \\ arg_line.startswith('\"') and arg_line.endswith('\"'): arg_line = arg_line[1:-1]  return [arg_line]"}
{"name": "sshuttle.sshuttle.server.Hostwatch.__init__", "code": "def __init__(self): self.pid = 0 self.sock = None"}
{"name": "sshuttle.sshuttle.server.DnsProxy.__init__", "code": "def __init__(self, mux, chan, request, to_nameserver): Handler.__init__(self, []) self.timeout = time.time() + 30 self.mux = mux self.chan = chan self.tries = 0 self.request = request self.peers = {} self.to_ns_peer = None self.to_ns_port = None if to_nameserver is None: self.to_nameserver = None else: self.to_ns_peer, self.to_ns_port = to_nameserver.split(\"@\") self.to_nameserver = self._addrinfo(self.to_ns_peer, self.to_ns_port) self.try_send()"}
{"name": "sshuttle.sshuttle.server.DnsProxy._addrinfo", "code": "def _addrinfo(peer, port): if int(port) == 0: port = 53 family, _, _, _, sockaddr = socket.getaddrinfo(peer, port)[0] return (family, sockaddr)"}
{"name": "sshuttle.sshuttle.server.DnsProxy.try_send", "code": "def try_send(self): if self.tries >= 3: return self.tries += 1  if self.to_nameserver is None: _, peer = resolvconf_random_nameserver(False) port = 53 else: peer = self.to_ns_peer port = int(self.to_ns_port)  family, sockaddr = self._addrinfo(peer, port) sock = socket.socket(family, socket.SOCK_DGRAM) sock.connect(sockaddr)  self.peers[sock] = peer  debug2('DNS: sending to %r:%d (try %d)' % (peer, port, self.tries)) try: sock.send(self.request) self.socks.append(sock) except socket.error: _, e = sys.exc_info()[:2] if e.args[0] in ssnet.NET_ERRS: # might have been spurious; try again. # Note: these errors sometimes are reported by recv(), # and sometimes by send().  We have to catch both. debug2('DNS send to %r: %s' % (peer, e)) self.try_send() return else: log('DNS send to %r: %s' % (peer, e)) return"}
{"name": "sshuttle.sshuttle.server.DnsProxy.callback", "code": "def callback(self, sock): peer = self.peers[sock]  try: data = sock.recv(4096) except socket.error: _, e = sys.exc_info()[:2] self.socks.remove(sock) del self.peers[sock]  if e.args[0] in ssnet.NET_ERRS: # might have been spurious; try again. # Note: these errors sometimes are reported by recv(), # and sometimes by send().  We have to catch both. debug2('DNS recv from %r: %s' % (peer, e)) self.try_send() return else: log('DNS recv from %r: %s' % (peer, e)) return debug2('DNS response: %d bytes' % len(data)) self.mux.send(self.chan, ssnet.CMD_DNS_RESPONSE, data) self.ok = False"}
{"name": "sshuttle.sshuttle.server.UdpProxy.__init__", "code": "def __init__(self, mux, chan, family): sock = socket.socket(family, socket.SOCK_DGRAM) Handler.__init__(self, [sock]) self.timeout = time.time() + 30 self.mux = mux self.chan = chan self.sock = sock"}
{"name": "sshuttle.sshuttle.server.UdpProxy.send", "code": "def send(self, dstip, data): debug2('UDP: sending to %r port %d' % dstip) try: self.sock.sendto(data, dstip) except socket.error: _, e = sys.exc_info()[:2] log('UDP send to %r port %d: %s' % (dstip[0], dstip[1], e)) return"}
{"name": "sshuttle.sshuttle.server.UdpProxy.callback", "code": "def callback(self, sock): try: data, peer = sock.recvfrom(4096) except socket.error: _, e = sys.exc_info()[:2] log('UDP recv from %r port %d: %s' % (peer[0], peer[1], e)) return debug2('UDP response: %d bytes' % len(data)) hdr = b(\"%s,%r,\" % (peer[0], peer[1])) self.mux.send(self.chan, ssnet.CMD_UDP_DATA, hdr + data)"}
{"name": "sshuttle.sshuttle.client.MultiListener.__init__", "code": "def __init__(self, kind=socket.SOCK_STREAM, proto=0): self.type = kind self.proto = proto self.v6 = None self.v4 = None self.bind_called = False"}
{"name": "sshuttle.sshuttle.client.MultiListener.setsockopt", "code": "def setsockopt(self, level, optname, value): assert self.bind_called if self.v6: self.v6.setsockopt(level, optname, value) if self.v4: self.v4.setsockopt(level, optname, value)"}
{"name": "sshuttle.sshuttle.client.MultiListener.add_handler", "code": "def add_handler(self, handlers, callback, method, mux): assert self.bind_called socks = [] if self.v6: socks.append(self.v6) if self.v4: socks.append(self.v4)  handlers.append( Handler( socks, lambda sock: callback(sock, method, mux, handlers) ) )"}
{"name": "sshuttle.sshuttle.client.MultiListener.listen", "code": "def listen(self, backlog): assert self.bind_called if self.v6: self.v6.listen(backlog) if self.v4: try: self.v4.listen(backlog) except socket.error as e: # on some systems v4 bind will fail if the v6 succeeded, # in this case the v6 socket will receive v4 too. if e.errno == errno.EADDRINUSE and self.v6: self.v4 = None else: raise e"}
{"name": "sshuttle.sshuttle.client.MultiListener.bind", "code": "def bind(self, address_v6, address_v4): assert not self.bind_called self.bind_called = True if address_v6 is not None: self.v6 = socket.socket(socket.AF_INET6, self.type, self.proto) try: self.v6.bind(address_v6) except OSError as e: if e.errno == errno.EADDRNOTAVAIL: # On an IPv6 Linux machine, this situation occurs # if you run the following prior to running # sshuttle: # # echo 1 > /proc/sys/net/ipv6/conf/all/disable_ipv6 # echo 1 > /proc/sys/net/ipv6/conf/default/disable_ipv6 raise Fatal(\"Could not bind to an IPv6 socket with \" \"address %s and port %s. \" \"Potential workaround: Run sshuttle \" \"with '--disable-ipv6'.\" % (str(address_v6[0]), str(address_v6[1]))) raise e else: self.v6 = None if address_v4 is not None: self.v4 = socket.socket(socket.AF_INET, self.type, self.proto) self.v4.bind(address_v4) else: self.v4 = None"}
{"name": "sshuttle.sshuttle.client.MultiListener.print_listening", "code": "def print_listening(self, what): assert self.bind_called if self.v6: listenip = self.v6.getsockname() debug1('%s listening on %r.' % (what, listenip)) debug2('%s listening with %r.' % (what, self.v6)) if self.v4: listenip = self.v4.getsockname() debug1('%s listening on %r.' % (what, listenip)) debug2('%s listening with %r.' % (what, self.v4))"}
{"name": "sshuttle.sshuttle.client.FirewallClient.__init__", "code": "def __init__(self, method_name, sudo_pythonpath): self.auto_nets = []  argvbase = ([sys.executable, sys.argv[0]] + ['-v'] * (helpers.verbose or 0) + ['--method', method_name] + ['--firewall']) if ssyslog._p: argvbase += ['--syslog']  # A list of commands that we can try to run to start the firewall. argv_tries = []  if os.getuid() == 0:  # No need to elevate privileges argv_tries.append(argvbase) else: # Linux typically uses sudo; OpenBSD uses doas. However, some # Linux distributions are starting to use doas. sudo_cmd = ['sudo', '-p', '[local sudo] Password: '] doas_cmd = ['doas']  # For clarity, try to replace executable name with the # full path. doas_path = which(\"doas\") if doas_path: doas_cmd[0] = doas_path sudo_path = which(\"sudo\") if sudo_path: sudo_cmd[0] = sudo_path  # sudo_pythonpath indicates if we should set the # PYTHONPATH environment variable when elevating # privileges. This can be adjusted with the # --no-sudo-pythonpath option. if sudo_pythonpath: pp_prefix = ['/usr/bin/env', 'PYTHONPATH=%s' % os.path.dirname(os.path.dirname(__file__))] sudo_cmd = sudo_cmd + pp_prefix doas_cmd = doas_cmd + pp_prefix  # Final order should be: sudo/doas command, env # pythonpath, and then argvbase (sshuttle command). sudo_cmd = sudo_cmd + argvbase doas_cmd = doas_cmd + argvbase  # If we can find doas and not sudo or if we are on # OpenBSD, try using doas first. if (doas_path and not sudo_path) or \\ platform.platform().startswith('OpenBSD'): argv_tries = [doas_cmd, sudo_cmd, argvbase] else: argv_tries = [sudo_cmd, doas_cmd, argvbase]  # Try all commands in argv_tries in order. If a command # produces an error, try the next one. If command is # successful, set 'success' variable and break. success = False for argv in argv_tries: # we can't use stdin/stdout=subprocess.PIPE here, as we # normally would, because stupid Linux 'su' requires that # stdin be attached to a tty. Instead, attach a # *bidirectional* socket to its stdout, and use that for # talking in both directions. (s1, s2) = socket.socketpair()  def setup(): # run in the child process s2.close()  try: debug1(\"Starting firewall manager with command: %r\" % argv) self.p = ssubprocess.Popen(argv, stdout=s1, preexec_fn=setup) # No env: Talking to `FirewallClient.start`, which has no i18n. except OSError as e: # This exception will occur if the program isn't # present or isn't executable. debug1('Unable to start firewall manager. Popen failed. ' 'Command=%r Exception=%s' % (argv, e)) continue  self.argv = argv s1.close() self.pfile = s2.makefile('rwb') line = self.pfile.readline()  rv = self.p.poll()   # Check if process is still running if rv: # We might get here if program runs and exits before # outputting anything. For example, someone might have # entered the wrong password to elevate privileges. debug1('Unable to start firewall manager. ' 'Process exited too early. ' '%r returned %d' % (self.argv, rv)) continue  if line[0:5] != b'READY': debug1('Unable to start firewall manager. ' 'Expected READY, got %r. ' 'Command=%r' % (line, self.argv)) continue  method_name = line[6:-1] self.method = get_method(method_name.decode(\"ASCII\")) self.method.set_firewall(self) success = True break  if not success: raise Fatal(\"All attempts to elevate privileges failed.\")"}
{"name": "sshuttle.sshuttle.client.FirewallClient.setup", "code": "def setup(self, subnets_include, subnets_exclude, nslist, redirectport_v6, redirectport_v4, dnsport_v6, dnsport_v4, udp, user, tmark): self.subnets_include = subnets_include self.subnets_exclude = subnets_exclude self.nslist = nslist self.redirectport_v6 = redirectport_v6 self.redirectport_v4 = redirectport_v4 self.dnsport_v6 = dnsport_v6 self.dnsport_v4 = dnsport_v4 self.udp = udp self.user = user self.tmark = tmark"}
{"name": "sshuttle.sshuttle.client.FirewallClient.check", "code": "def check(self): rv = self.p.poll() if rv: raise Fatal('%r returned %d' % (self.argv, rv))"}
{"name": "sshuttle.sshuttle.client.FirewallClient.start", "code": "def start(self): self.pfile.write(b'ROUTES\\n') for (family, ip, width, fport, lport) \\ in self.subnets_include + self.auto_nets: self.pfile.write(b'%d,%d,0,%s,%d,%d\\n' % (family, width, ip.encode(\"ASCII\"), fport, lport)) for (family, ip, width, fport, lport) in self.subnets_exclude: self.pfile.write(b'%d,%d,1,%s,%d,%d\\n' % (family, width, ip.encode(\"ASCII\"), fport, lport))  self.pfile.write(b'NSLIST\\n') for (family, ip) in self.nslist: self.pfile.write(b'%d,%s\\n' % (family, ip.encode(\"ASCII\")))  self.pfile.write( b'PORTS %d,%d,%d,%d\\n' % (self.redirectport_v6, self.redirectport_v4, self.dnsport_v6, self.dnsport_v4))  udp = 0 if self.udp: udp = 1 if self.user is None: user = b'-' elif isinstance(self.user, str): user = bytes(self.user, 'utf-8') else: user = b'%d' % self.user  self.pfile.write(b'GO %d %s %s %d\\n' % (udp, user, bytes(self.tmark, 'ascii'), os.getpid())) self.pfile.flush()  line = self.pfile.readline() self.check() if line != b'STARTED\\n': raise Fatal('%r expected STARTED, got %r' % (self.argv, line))"}
{"name": "sshuttle.sshuttle.client.FirewallClient.sethostip", "code": "def sethostip(self, hostname, ip): assert not re.search(br'[^-\\w\\.]', hostname) assert not re.search(br'[^0-9.]', ip) self.pfile.write(b'HOST %s,%s\\n' % (hostname, ip)) self.pfile.flush()"}
{"name": "sshuttle.sshuttle.client.FirewallClient.done", "code": "def done(self): self.pfile.close() rv = self.p.wait() if rv: raise Fatal('cleanup: %r returned %d' % (self.argv, rv))"}
{"name": "sshuttle.sshuttle.methods.nft.Method.setup_firewall", "code": "def setup_firewall(self, port, dnsport, nslist, family, subnets, udp, user, tmark): if udp: raise Exception(\"UDP not supported by nft\")  if family == socket.AF_INET: table = 'sshuttle-ipv4-%s' % port if family == socket.AF_INET6: table = 'sshuttle-ipv6-%s' % port  def _nft(action, *args): return nft(family, table, action, *args)  chain = table  # basic cleanup/setup of chains _nft('add table', '') _nft('add chain', 'prerouting', '{ type nat hook prerouting priority -100; policy accept; }') _nft('add chain', 'output', '{ type nat hook output priority -100; policy accept; }') _nft('add chain', chain) _nft('flush chain', chain) _nft('add rule', 'output jump %s' % chain) _nft('add rule', 'prerouting jump %s' % chain)  # setup_firewall() gets called separately for ipv4 and ipv6. Make sure # we only handle the version that we expect to. if family == socket.AF_INET: _nft('add rule', chain, 'meta', 'nfproto', '!=', 'ipv4', 'return') else: _nft('add rule', chain, 'meta', 'nfproto', '!=', 'ipv6', 'return')  # Strings to use below to simplify our code if family == socket.AF_INET: ip_version_l = 'ipv4' ip_version = 'ip' elif family == socket.AF_INET6: ip_version_l = 'ipv6' ip_version = 'ip6'  # Redirect DNS traffic as requested. This includes routing traffic # to localhost DNS servers through sshuttle. for _, ip in [i for i in nslist if i[0] == family]: _nft('add rule', chain, ip_version, 'daddr %s' % ip, 'udp dport 53', ('redirect to :' + str(dnsport)))  # Don't route any remaining local traffic through sshuttle _nft('add rule', chain, 'fib daddr type local return')  # create new subnet entries. for _, swidth, sexclude, snet, fport, lport \\ in sorted(subnets, key=subnet_weight, reverse=True):  # match using nfproto as described at # https://superuser.com/questions/1560376/match-ipv6-protocol-using-nftables if fport and fport != lport: tcp_ports = ('meta', 'nfproto', ip_version_l, 'tcp', 'dport', '{ %d-%d }' % (fport, lport)) elif fport and fport == lport: tcp_ports = ('meta', 'nfproto', ip_version_l, 'tcp', 'dport', '%d' % (fport)) else: tcp_ports = ('meta', 'nfproto', ip_version_l, 'meta', 'l4proto', 'tcp')  if sexclude: _nft('add rule', chain, *(tcp_ports + ( ip_version, 'daddr %s/%s' % (snet, swidth), 'return'))) else: _nft('add rule', chain, *(tcp_ports + ( ip_version, 'daddr %s/%s' % (snet, swidth), ('redirect to :' + str(port)))))"}
{"name": "sshuttle.sshuttle.methods.nft.Method.restore_firewall", "code": "def restore_firewall(self, port, family, udp, user): if udp: raise Exception(\"UDP not supported by nft method_name\")  if family == socket.AF_INET: table = 'sshuttle-ipv4-%s' % port if family == socket.AF_INET6: table = 'sshuttle-ipv6-%s' % port  def _nft(action, *args): return nft(family, table, action, *args)  # basic cleanup/setup of chains nonfatal(_nft, 'delete table', '')"}
{"name": "sshuttle.sshuttle.methods.nft.Method.get_supported_features", "code": "def get_supported_features(self): result = super(Method, self).get_supported_features() result.ipv6 = True return result"}
{"name": "sshuttle.sshuttle.methods.nft.Method.is_supported", "code": "def is_supported(self): if which(\"nft\"): return True debug2(\"nft method not supported because 'nft' command is missing.\") return False"}
{"name": "sshuttle.sshuttle.methods.nat.Method.setup_firewall", "code": "def setup_firewall(self, port, dnsport, nslist, family, subnets, udp, user, tmark): if family != socket.AF_INET and family != socket.AF_INET6: raise Exception( 'Address family \"%s\" unsupported by nat method_name' % family_to_string(family)) if udp: raise Exception(\"UDP not supported by nat method_name\") table = \"nat\"  def _ipt(*args): return ipt(family, table, *args)  def _ipm(*args): return ipt(family, \"mangle\", *args)  chain = 'sshuttle-%s' % port  # basic cleanup/setup of chains self.restore_firewall(port, family, udp, user)  _ipt('-N', chain) _ipt('-F', chain) if user is not None: _ipm('-I', 'OUTPUT', '1', '-m', 'owner', '--uid-owner', str(user), '-j', 'MARK', '--set-mark', str(port)) args = '-m', 'mark', '--mark', str(port), '-j', chain else: args = '-j', chain  _ipt('-I', 'OUTPUT', '1', *args) _ipt('-I', 'PREROUTING', '1', *args)  # Redirect DNS traffic as requested. This includes routing traffic # to localhost DNS servers through sshuttle. for _, ip in [i for i in nslist if i[0] == family]: _ipt('-A', chain, '-j', 'REDIRECT', '--dest', '%s' % ip, '-p', 'udp', '--dport', '53', '--to-ports', str(dnsport))  # Don't route any remaining local traffic through sshuttle. _ipt('-A', chain, '-j', 'RETURN', '-m', 'addrtype', '--dst-type', 'LOCAL')  # create new subnet entries. for _, swidth, sexclude, snet, fport, lport \\ in sorted(subnets, key=subnet_weight, reverse=True): tcp_ports = ('-p', 'tcp') if fport: tcp_ports = tcp_ports + ('--dport', '%d:%d' % (fport, lport))  if sexclude: _ipt('-A', chain, '-j', 'RETURN', '--dest', '%s/%s' % (snet, swidth), *tcp_ports) else: _ipt('-A', chain, '-j', 'REDIRECT', '--dest', '%s/%s' % (snet, swidth), *(tcp_ports + ('--to-ports', str(port))))"}
{"name": "sshuttle.sshuttle.methods.nat.Method.restore_firewall", "code": "def restore_firewall(self, port, family, udp, user): # only ipv4 supported with NAT if family != socket.AF_INET and family != socket.AF_INET6: raise Exception( 'Address family \"%s\" unsupported by nat method_name' % family_to_string(family)) if udp: raise Exception(\"UDP not supported by nat method_name\")  table = \"nat\"  def _ipt(*args): return ipt(family, table, *args)  def _ipm(*args): return ipt(family, \"mangle\", *args)  chain = 'sshuttle-%s' % port  # basic cleanup/setup of chains if ipt_chain_exists(family, table, chain): if user is not None: nonfatal(_ipm, '-D', 'OUTPUT', '-m', 'owner', '--uid-owner', str(user), '-j', 'MARK', '--set-mark', str(port)) args = '-m', 'mark', '--mark', str(port), '-j', chain else: args = '-j', chain nonfatal(_ipt, '-D', 'OUTPUT', *args) nonfatal(_ipt, '-D', 'PREROUTING', *args) nonfatal(_ipt, '-F', chain) _ipt('-X', chain)"}
{"name": "sshuttle.sshuttle.methods.nat.Method.get_supported_features", "code": "def get_supported_features(self): result = super(Method, self).get_supported_features() result.user = True result.ipv6 = True return result"}
{"name": "sshuttle.sshuttle.methods.nat.Method.is_supported", "code": "def is_supported(self): if which(\"iptables\"): return True debug2(\"nat method not supported because 'iptables' command \" \"is missing.\") return False"}
{"name": "sshuttle.sshuttle.methods.ipfw.Method.get_supported_features", "code": "def get_supported_features(self): result = super(Method, self).get_supported_features() result.ipv6 = False result.udp = False  # NOTE: Almost there, kernel patch needed result.dns = True return result"}
{"name": "sshuttle.sshuttle.methods.ipfw.Method.get_tcp_dstip", "code": "def get_tcp_dstip(self, sock): return sock.getsockname()"}
{"name": "sshuttle.sshuttle.methods.ipfw.Method.recv_udp", "code": "def recv_udp(self, udp_listener, bufsize): srcip, dstip, data = recv_udp(udp_listener, bufsize) if not dstip: debug1( \"-- ignored UDP from %r: \" \"couldn't determine destination IP address\" % (srcip,)) return None return srcip, dstip, data"}
{"name": "sshuttle.sshuttle.methods.ipfw.Method.send_udp", "code": "def send_udp(self, sock, srcip, dstip, data): if not srcip: debug1( \"-- ignored UDP to %r: \" \"couldn't determine source IP address\" % (dstip,)) return  # debug3('Sending SRC: %r DST: %r' % (srcip, dstip)) sender = socket.socket(sock.family, socket.SOCK_DGRAM) sender.setsockopt(socket.SOL_IP, IP_BINDANY, 1) sender.setsockopt(socket.SOL_SOCKET, socket.SO_REUSEADDR, 1) sender.setsockopt(socket.SOL_SOCKET, socket.SO_REUSEPORT, 1) sender.bind(srcip) sender.sendto(data, dstip) sender.close()"}
{"name": "sshuttle.sshuttle.methods.ipfw.Method.setup_udp_listener", "code": "def setup_udp_listener(self, udp_listener): if udp_listener.v4 is not None: udp_listener.v4.setsockopt(socket.SOL_IP, IP_RECVDSTADDR, 1) # if udp_listener.v6 is not None: #     udp_listener.v6.setsockopt(SOL_IPV6, IPV6_RECVDSTADDR, 1)"}
{"name": "sshuttle.sshuttle.methods.ipfw.Method.setup_firewall", "code": "def setup_firewall(self, port, dnsport, nslist, family, subnets, udp, user, tmark): # IPv6 not supported if family not in [socket.AF_INET]: raise Exception( 'Address family \"%s\" unsupported by ipfw method_name' % family_to_string(family))  # XXX: Any risk from this? ipfw_noexit('delete', '1')  while _changedctls: name = _changedctls.pop() oldval = _oldctls[name] _sysctl_set(name, oldval)  if subnets or dnsport: sysctl_set('net.inet.ip.fw.enable', 1)  ipfw('add', '1', 'check-state', ':sshuttle')  ipfw('add', '1', 'skipto', '2', 'tcp', 'from', 'any', 'to', 'table(125)') ipfw('add', '1', 'fwd', '127.0.0.1,%d' % port, 'tcp', 'from', 'any', 'to', 'table(126)', 'setup', 'keep-state', ':sshuttle')  ipfw_noexit('table', '124', 'flush') dnscount = 0 for _, ip in [i for i in nslist if i[0] == family]: ipfw('table', '124', 'add', '%s' % (ip)) dnscount += 1 if dnscount > 0: ipfw('add', '1', 'fwd', '127.0.0.1,%d' % dnsport, 'udp', 'from', 'any', 'to', 'table(124)', 'keep-state', ':sshuttle') ipfw('add', '1', 'allow', 'udp', 'from', 'any', 'to', 'any')  if subnets: # create new subnet entries for _, swidth, sexclude, snet, fport, lport \\ in sorted(subnets, key=lambda s: s[1], reverse=True): if sexclude: ipfw('table', '125', 'add', '%s/%s' % (snet, swidth)) else: ipfw('table', '126', 'add', '%s/%s' % (snet, swidth))"}
{"name": "sshuttle.sshuttle.methods.ipfw.Method.restore_firewall", "code": "def restore_firewall(self, port, family, udp, user): if family not in [socket.AF_INET]: raise Exception( 'Address family \"%s\" unsupported by ipfw method' % family_to_string(family))  ipfw_noexit('delete', '1') ipfw_noexit('table', '124', 'flush') ipfw_noexit('table', '125', 'flush') ipfw_noexit('table', '126', 'flush')"}
{"name": "sshuttle.sshuttle.methods.ipfw.Method.is_supported", "code": "def is_supported(self): if which(\"ipfw\"): return True debug2(\"ipfw method not supported because 'ipfw' command is \" \"missing.\") return False"}
{"name": "sshuttle.sshuttle.methods.tproxy.Method.get_supported_features", "code": "def get_supported_features(self): result = super(Method, self).get_supported_features() result.ipv6 = True result.udp = True result.dns = True return result"}
{"name": "sshuttle.sshuttle.methods.tproxy.Method.get_tcp_dstip", "code": "def get_tcp_dstip(self, sock): return sock.getsockname()"}
{"name": "sshuttle.sshuttle.methods.tproxy.Method.recv_udp", "code": "def recv_udp(self, udp_listener, bufsize): srcip, dstip, data = recv_udp(udp_listener, bufsize) if not dstip: debug1( \"-- ignored UDP from %r: \" \"couldn't determine destination IP address\\n\" % (srcip,)) return None return srcip, dstip, data"}
{"name": "sshuttle.sshuttle.methods.tproxy.Method.setsockopt_error", "code": "def setsockopt_error(self, e): \"\"\"The tproxy method needs root permissions to successfully set the IP_TRANSPARENT option on sockets. This method is called when we receive a PermissionError when trying to do so.\"\"\" raise Fatal(\"Insufficient permissions for tproxy method.\\n\" \"Your effective UID is %d, not 0. Try rerunning as root.\\n\" % os.geteuid())"}
{"name": "sshuttle.sshuttle.methods.tproxy.Method.send_udp", "code": "def send_udp(self, sock, srcip, dstip, data): if not srcip: debug1( \"-- ignored UDP to %r: \" \"couldn't determine source IP address\\n\" % (dstip,)) return sender = socket.socket(sock.family, socket.SOCK_DGRAM) sender.setsockopt(socket.SOL_SOCKET, socket.SO_REUSEADDR, 1) try: sender.setsockopt(socket.SOL_IP, IP_TRANSPARENT, 1) except PermissionError as e: self.setsockopt_error(e) sender.bind(srcip) sender.sendto(data, dstip) sender.close()"}
{"name": "sshuttle.sshuttle.methods.tproxy.Method.setup_tcp_listener", "code": "def setup_tcp_listener(self, tcp_listener): try: tcp_listener.setsockopt(socket.SOL_IP, IP_TRANSPARENT, 1) except PermissionError as e: self.setsockopt_error(e)"}
{"name": "sshuttle.sshuttle.methods.tproxy.Method.setup_udp_listener", "code": "def setup_udp_listener(self, udp_listener): try: udp_listener.setsockopt(socket.SOL_IP, IP_TRANSPARENT, 1) except PermissionError as e: self.setsockopt_error(e)  if udp_listener.v4 is not None: udp_listener.v4.setsockopt( socket.SOL_IP, IP_RECVORIGDSTADDR, 1) if udp_listener.v6 is not None: udp_listener.v6.setsockopt(SOL_IPV6, IPV6_RECVORIGDSTADDR, 1)"}
{"name": "sshuttle.sshuttle.methods.tproxy.Method.setup_firewall", "code": "def setup_firewall(self, port, dnsport, nslist, family, subnets, udp, user, tmark): if family not in [socket.AF_INET, socket.AF_INET6]: raise Exception( 'Address family \"%s\" unsupported by tproxy method' % family_to_string(family))  table = \"mangle\"  def _ipt(*args): return ipt(family, table, *args)  def _ipt_proto_ports(proto, fport, lport): return proto + ('--dport', '%d:%d' % (fport, lport)) \\ if fport else proto  mark_chain = 'sshuttle-m-%s' % port tproxy_chain = 'sshuttle-t-%s' % port divert_chain = 'sshuttle-d-%s' % port  # basic cleanup/setup of chains self.restore_firewall(port, family, udp, user)  _ipt('-N', mark_chain) _ipt('-F', mark_chain) _ipt('-N', divert_chain) _ipt('-F', divert_chain) _ipt('-N', tproxy_chain) _ipt('-F', tproxy_chain) _ipt('-I', 'OUTPUT', '1', '-j', mark_chain) _ipt('-I', 'PREROUTING', '1', '-j', tproxy_chain)  # Don't have packets sent to any of our local IP addresses go # through the tproxy or mark chains. # # Without this fix, if a large subnet is redirected through # sshuttle (i.e., 0/0), then the user may be unable to receive # UDP responses or connect to their own machine using an IP # besides (127.0.0.1). Prior to including these lines, the # documentation reminded the user to use -x to exclude their # own IP addresses to receive UDP responses if they are # redirecting a large subnet through sshuttle (i.e., 0/0). _ipt('-A', tproxy_chain, '-j', 'RETURN', '-m', 'addrtype', '--dst-type', 'LOCAL') _ipt('-A', mark_chain, '-j', 'RETURN', '-m', 'addrtype', '--dst-type', 'LOCAL')  _ipt('-A', divert_chain, '-j', 'MARK', '--set-mark', tmark) _ipt('-A', divert_chain, '-j', 'ACCEPT') _ipt('-A', tproxy_chain, '-m', 'socket', '-j', divert_chain, '-m', 'tcp', '-p', 'tcp')  if udp: _ipt('-A', tproxy_chain, '-m', 'socket', '-j', divert_chain, '-m', 'udp', '-p', 'udp')  for _, ip in [i for i in nslist if i[0] == family]: _ipt('-A', mark_chain, '-j', 'MARK', '--set-mark', tmark, '--dest', '%s/32' % ip, '-m', 'udp', '-p', 'udp', '--dport', '53') _ipt('-A', tproxy_chain, '-j', 'TPROXY', '--tproxy-mark', tmark, '--dest', '%s/32' % ip, '-m', 'udp', '-p', 'udp', '--dport', '53', '--on-port', str(dnsport))  for _, swidth, sexclude, snet, fport, lport \\ in sorted(subnets, key=subnet_weight, reverse=True): tcp_ports = ('-p', 'tcp') tcp_ports = _ipt_proto_ports(tcp_ports, fport, lport)  if sexclude: _ipt('-A', mark_chain, '-j', 'RETURN', '--dest', '%s/%s' % (snet, swidth), '-m', 'tcp', *tcp_ports) _ipt('-A', tproxy_chain, '-j', 'RETURN', '--dest', '%s/%s' % (snet, swidth), '-m', 'tcp', *tcp_ports) else: _ipt('-A', mark_chain, '-j', 'MARK', '--set-mark', tmark, '--dest', '%s/%s' % (snet, swidth), '-m', 'tcp', *tcp_ports) _ipt('-A', tproxy_chain, '-j', 'TPROXY', '--tproxy-mark', tmark, '--dest', '%s/%s' % (snet, swidth), '-m', 'tcp', *(tcp_ports + ('--on-port', str(port))))  if udp: udp_ports = ('-p', 'udp') udp_ports = _ipt_proto_ports(udp_ports, fport, lport)  if sexclude: _ipt('-A', mark_chain, '-j', 'RETURN', '--dest', '%s/%s' % (snet, swidth), '-m', 'udp', *udp_ports) _ipt('-A', tproxy_chain, '-j', 'RETURN', '--dest', '%s/%s' % (snet, swidth), '-m', 'udp', *udp_ports) else: _ipt('-A', mark_chain, '-j', 'MARK', '--set-mark', tmark, '--dest', '%s/%s' % (snet, swidth), '-m', 'udp', *udp_ports) _ipt('-A', tproxy_chain, '-j', 'TPROXY', '--tproxy-mark', tmark, '--dest', '%s/%s' % (snet, swidth), '-m', 'udp', *(udp_ports + ('--on-port', str(port))))"}
{"name": "sshuttle.sshuttle.methods.tproxy.Method.restore_firewall", "code": "def restore_firewall(self, port, family, udp, user): if family not in [socket.AF_INET, socket.AF_INET6]: raise Exception( 'Address family \"%s\" unsupported by tproxy method' % family_to_string(family))  table = \"mangle\"  def _ipt(*args): return ipt(family, table, *args)  mark_chain = 'sshuttle-m-%s' % port tproxy_chain = 'sshuttle-t-%s' % port divert_chain = 'sshuttle-d-%s' % port  # basic cleanup/setup of chains if ipt_chain_exists(family, table, mark_chain): _ipt('-D', 'OUTPUT', '-j', mark_chain) _ipt('-F', mark_chain) _ipt('-X', mark_chain)  if ipt_chain_exists(family, table, tproxy_chain): _ipt('-D', 'PREROUTING', '-j', tproxy_chain) _ipt('-F', tproxy_chain) _ipt('-X', tproxy_chain)  if ipt_chain_exists(family, table, divert_chain): _ipt('-F', divert_chain) _ipt('-X', divert_chain)"}
{"name": "sshuttle.sshuttle.methods.tproxy.Method.is_supported", "code": "def is_supported(self): if which(\"iptables\") and which(\"ip6tables\"): return True debug2(\"tproxy method not supported because 'iptables' \" \"or 'ip6tables' commands are missing.\\n\") return False"}
{"name": "sshuttle.sshuttle.methods.pf.Generic.__init__", "code": "def __init__(self): self.status = b'' self.pfioc_pooladdr = c_char * 1136  self.DIOCNATLOOK = ( (0x40000000 | 0x80000000) | ((sizeof(self.pfioc_natlook) & 0x1fff) << 16) | ((ord('D')) << 8) | (23)) self.DIOCCHANGERULE = ( (0x40000000 | 0x80000000) | ((sizeof(self.pfioc_rule) & 0x1fff) << 16) | ((ord('D')) << 8) | (26)) self.DIOCBEGINADDRS = ( (0x40000000 | 0x80000000) | ((sizeof(self.pfioc_pooladdr) & 0x1fff) << 16) | ((ord('D')) << 8) | (51))"}
{"name": "sshuttle.sshuttle.methods.pf.Generic.enable", "code": "def enable(self): if b'INFO:\\nStatus: Disabled' in self.status: pfctl('-e') _pf_context['started_by_sshuttle'] += 1"}
{"name": "sshuttle.sshuttle.methods.pf.Generic.disable", "code": "def disable(anchor): pfctl('-a %s -F all' % anchor) if _pf_context['started_by_sshuttle'] == 1: pfctl('-d') _pf_context['started_by_sshuttle'] -= 1"}
{"name": "sshuttle.sshuttle.methods.pf.Generic.query_nat", "code": "def query_nat(self, family, proto, src_ip, src_port, dst_ip, dst_port): [proto, family, src_port, dst_port] = [ int(v) for v in [proto, family, src_port, dst_port]]  packed_src_ip = socket.inet_pton(family, src_ip) packed_dst_ip = socket.inet_pton(family, dst_ip)  assert len(packed_src_ip) == len(packed_dst_ip) length = len(packed_src_ip)  pnl = self.pfioc_natlook() pnl.proto = proto pnl.direction = self.PF_OUT pnl.af = family memmove(addressof(pnl.saddr), packed_src_ip, length) memmove(addressof(pnl.daddr), packed_dst_ip, length) self._add_natlook_ports(pnl, src_port, dst_port)  ioctl(pf_get_dev(), self.DIOCNATLOOK, (c_char * sizeof(pnl)).from_address(addressof(pnl)))  ip = socket.inet_ntop( pnl.af, (c_char * length).from_address(addressof(pnl.rdaddr)).raw) port = socket.ntohs(self._get_natlook_port(pnl.rdxport)) return (ip, port)"}
{"name": "sshuttle.sshuttle.methods.pf.Generic._add_natlook_ports", "code": "def _add_natlook_ports(pnl, src_port, dst_port): pnl.sxport = socket.htons(src_port) pnl.dxport = socket.htons(dst_port)"}
{"name": "sshuttle.sshuttle.methods.pf.Generic._get_natlook_port", "code": "def _get_natlook_port(xport): return xport"}
{"name": "sshuttle.sshuttle.methods.pf.Generic.add_anchors", "code": "def add_anchors(self, anchor, status=None): if status is None: status = pfctl('-s all')[0] self.status = status if ('\\nanchor \"%s\"' % anchor).encode('ASCII') not in status: self._add_anchor_rule(self.PF_PASS, anchor.encode('ASCII'))"}
{"name": "sshuttle.sshuttle.methods.pf.Generic._add_anchor_rule", "code": "def _add_anchor_rule(self, kind, name, pr=None): if pr is None: pr = self.pfioc_rule()  memmove(addressof(pr) + self.ANCHOR_CALL_OFFSET, name, min(self.MAXPATHLEN, len(name)))  # anchor_call = name memmove(addressof(pr) + self.RULE_ACTION_OFFSET, struct.pack('I', kind), 4)  # rule.action = kind  memmove(addressof(pr) + self.ACTION_OFFSET, struct.pack('I', self.PF_CHANGE_GET_TICKET), 4)  # action = PF_CHANGE_GET_TICKET ioctl(pf_get_dev(), pf.DIOCCHANGERULE, pr)  memmove(addressof(pr) + self.ACTION_OFFSET, struct.pack('I', self.PF_CHANGE_ADD_TAIL), 4)  # action = PF_CHANGE_ADD_TAIL ioctl(pf_get_dev(), pf.DIOCCHANGERULE, pr)"}
{"name": "sshuttle.sshuttle.methods.pf.Generic._inet_version", "code": "def _inet_version(family): return b'inet' if family == socket.AF_INET else b'inet6'"}
{"name": "sshuttle.sshuttle.methods.pf.Generic._lo_addr", "code": "def _lo_addr(family): return b'127.0.0.1' if family == socket.AF_INET else b'::1'"}
{"name": "sshuttle.sshuttle.methods.pf.Generic.add_rules", "code": "def add_rules(anchor, rules): assert isinstance(rules, bytes) debug3(\"rules:\\n\" + rules.decode(\"ASCII\")) pfctl('-a %s -f /dev/stdin' % anchor, rules)"}
{"name": "sshuttle.sshuttle.methods.pf.Generic.has_skip_loopback", "code": "def has_skip_loopback(): return b'skip' in pfctl('-s Interfaces -i lo -v')[0]"}
{"name": "sshuttle.sshuttle.methods.pf.FreeBsd.__new__", "code": "def __new__(cls): class pfioc_natlook(Structure): pf_addr = Generic.pf_addr _fields_ = [(\"saddr\", pf_addr), (\"daddr\", pf_addr), (\"rsaddr\", pf_addr), (\"rdaddr\", pf_addr), (\"sxport\", c_uint16), (\"dxport\", c_uint16), (\"rsxport\", c_uint16), (\"rdxport\", c_uint16), (\"af\", c_uint8),                      # sa_family_t (\"proto\", c_uint8), (\"proto_variant\", c_uint8), (\"direction\", c_uint8)]  freebsd = Generic.__new__(cls) freebsd.pfioc_rule = c_char * 3040 freebsd.pfioc_natlook = pfioc_natlook return freebsd"}
{"name": "sshuttle.sshuttle.methods.pf.FreeBsd.enable", "code": "def enable(self): returncode = ssubprocess.call(['kldload', 'pf'], env=get_env()) # No env: No output. super(FreeBsd, self).enable() if returncode == 0: _pf_context['loaded_by_sshuttle'] = True"}
{"name": "sshuttle.sshuttle.methods.pf.FreeBsd.disable", "code": "def disable(self, anchor): super(FreeBsd, self).disable(anchor) if _pf_context['loaded_by_sshuttle'] and \\ _pf_context['started_by_sshuttle'] == 0: ssubprocess.call(['kldunload', 'pf'], env=get_env()) # No env: No output."}
{"name": "sshuttle.sshuttle.methods.pf.FreeBsd.add_anchors", "code": "def add_anchors(self, anchor): status = pfctl('-s all')[0] if ('\\nrdr-anchor \"%s\"' % anchor).encode('ASCII') not in status: self._add_anchor_rule(self.PF_RDR, anchor.encode('ASCII')) super(FreeBsd, self).add_anchors(anchor, status=status)"}
{"name": "sshuttle.sshuttle.methods.pf.FreeBsd._add_anchor_rule", "code": "def _add_anchor_rule(self, kind, name, pr=None): pr = pr or self.pfioc_rule() ppa = self.pfioc_pooladdr()  ioctl(pf_get_dev(), self.DIOCBEGINADDRS, ppa) # pool ticket memmove(addressof(pr) + self.POOL_TICKET_OFFSET, ppa[4:8], 4) super(FreeBsd, self)._add_anchor_rule(kind, name, pr=pr)"}
{"name": "sshuttle.sshuttle.methods.pf.FreeBsd.add_rules", "code": "def add_rules(self, anchor, includes, port, dnsport, nslist, family): inet_version = self._inet_version(family) lo_addr = self._lo_addr(family)  tables = [] translating_rules = [ b'rdr pass on lo0 %s proto tcp from ! %s to %s ' b'-> %s port %r' % (inet_version, lo_addr, subnet, lo_addr, port) for exclude, subnet in includes if not exclude ] filtering_rules = [ b'pass out route-to lo0 %s proto tcp ' b'to %s keep state' % (inet_version, subnet) if not exclude else b'pass out %s proto tcp to %s' % (inet_version, subnet) for exclude, subnet in includes ]  if nslist: tables.append( b'table <dns_servers> {%s}' % b','.join([ns[1].encode(\"ASCII\") for ns in nslist])) translating_rules.append( b'rdr pass on lo0 %s proto udp to <dns_servers> ' b'port 53 -> %s port %r' % (inet_version, lo_addr, dnsport)) filtering_rules.append( b'pass out route-to lo0 %s proto udp to ' b'<dns_servers> port 53 keep state' % inet_version)  rules = b'\\n'.join(tables + translating_rules + filtering_rules) \\ + b'\\n'  super(FreeBsd, self).add_rules(anchor, rules)"}
{"name": "sshuttle.sshuttle.methods.pf.OpenBsd.__init__", "code": "def __init__(self): class pfioc_natlook(Structure): pf_addr = Generic.pf_addr _fields_ = [(\"saddr\", pf_addr), (\"daddr\", pf_addr), (\"rsaddr\", pf_addr), (\"rdaddr\", pf_addr), (\"rdomain\", c_uint16), (\"rrdomain\", c_uint16), (\"sxport\", c_uint16), (\"dxport\", c_uint16), (\"rsxport\", c_uint16), (\"rdxport\", c_uint16), (\"af\", c_uint8),                      # sa_family_t (\"proto\", c_uint8), (\"proto_variant\", c_uint8), (\"direction\", c_uint8)]  self.pfioc_rule = c_char * 3424 self.pfioc_natlook = pfioc_natlook super(OpenBsd, self).__init__()"}
{"name": "sshuttle.sshuttle.methods.pf.OpenBsd.add_anchors", "code": "def add_anchors(self, anchor): # before adding anchors and rules we must override the skip lo # that comes by default in openbsd pf.conf so the rules we will add, # which rely on translating/filtering packets on lo, can work if self.has_skip_loopback(): pfctl('-f /dev/stdin', b'match on lo\\n') super(OpenBsd, self).add_anchors(anchor)"}
{"name": "sshuttle.sshuttle.methods.pf.OpenBsd.add_rules", "code": "def add_rules(self, anchor, includes, port, dnsport, nslist, family): inet_version = self._inet_version(family) lo_addr = self._lo_addr(family)  tables = [] translating_rules = [ b'pass in on lo0 %s proto tcp to %s ' b'divert-to %s port %r' % (inet_version, subnet, lo_addr, port) for exclude, subnet in includes if not exclude ] filtering_rules = [ b'pass out %s proto tcp to %s ' b'route-to lo0 keep state' % (inet_version, subnet) if not exclude else b'pass out %s proto tcp to %s' % (inet_version, subnet) for exclude, subnet in includes ]  if nslist: tables.append( b'table <dns_servers> {%s}' % b','.join([ns[1].encode(\"ASCII\") for ns in nslist])) translating_rules.append( b'pass in on lo0 %s proto udp to <dns_servers> port 53 ' b'rdr-to %s port %r' % (inet_version, lo_addr, dnsport)) filtering_rules.append( b'pass out %s proto udp to <dns_servers> port 53 ' b'route-to lo0 keep state' % inet_version)  rules = b'\\n'.join(tables + translating_rules + filtering_rules) \\ + b'\\n'  super(OpenBsd, self).add_rules(anchor, rules)"}
{"name": "sshuttle.sshuttle.methods.pf.Darwin.__init__", "code": "def __init__(self): class pf_state_xport(Union): _fields_ = [(\"port\", c_uint16), (\"call_id\", c_uint16), (\"spi\", c_uint32)]  class pfioc_natlook(Structure): pf_addr = Generic.pf_addr _fields_ = [(\"saddr\", pf_addr), (\"daddr\", pf_addr), (\"rsaddr\", pf_addr), (\"rdaddr\", pf_addr), (\"sxport\", pf_state_xport), (\"dxport\", pf_state_xport), (\"rsxport\", pf_state_xport), (\"rdxport\", pf_state_xport), (\"af\", c_uint8),                      # sa_family_t (\"proto\", c_uint8), (\"proto_variant\", c_uint8), (\"direction\", c_uint8)]  self.pfioc_rule = c_char * 3104 self.pfioc_natlook = pfioc_natlook super(Darwin, self).__init__()"}
{"name": "sshuttle.sshuttle.methods.pf.Darwin.enable", "code": "def enable(self): o = pfctl('-E') _pf_context['Xtoken'].append(re.search(b'Token : (.+)', o[1]).group(1))"}
{"name": "sshuttle.sshuttle.methods.pf.Darwin.disable", "code": "def disable(self, anchor): pfctl('-a %s -F all' % anchor) if _pf_context['Xtoken']: pfctl('-X %s' % _pf_context['Xtoken'].pop().decode(\"ASCII\"))"}
{"name": "sshuttle.sshuttle.methods.pf.Darwin.add_anchors", "code": "def add_anchors(self, anchor): # before adding anchors and rules we must override the skip lo # that in some cases ends up in the chain so the rules we will add, # which rely on translating/filtering packets on lo, can work if self.has_skip_loopback(): pfctl('-f /dev/stdin', b'pass on lo\\n') super(Darwin, self).add_anchors(anchor)"}
{"name": "sshuttle.sshuttle.methods.pf.Darwin._add_natlook_ports", "code": "def _add_natlook_ports(self, pnl, src_port, dst_port): pnl.sxport.port = socket.htons(src_port) pnl.dxport.port = socket.htons(dst_port)"}
{"name": "sshuttle.sshuttle.methods.pf.Darwin._get_natlook_port", "code": "def _get_natlook_port(self, xport): return xport.port"}
{"name": "sshuttle.sshuttle.methods.pf.PfSense.__init__", "code": "def __init__(self): self.pfioc_rule = c_char * 3112 super(PfSense, self).__init__()"}
{"name": "sshuttle.sshuttle.methods.pf.Method.get_supported_features", "code": "def get_supported_features(self): result = super(Method, self).get_supported_features() result.ipv6 = True return result"}
{"name": "sshuttle.sshuttle.methods.pf.Method.get_tcp_dstip", "code": "def get_tcp_dstip(self, sock): pfile = self.firewall.pfile  try: peer = sock.getpeername() except socket.error: _, e = sys.exc_info()[:2] if e.args[0] == errno.EINVAL: return sock.getsockname()  proxy = sock.getsockname()  argv = (sock.family, socket.IPPROTO_TCP, peer[0].encode(\"ASCII\"), peer[1], proxy[0].encode(\"ASCII\"), proxy[1]) out_line = b\"QUERY_PF_NAT %d,%d,%s,%d,%s,%d\\n\" % argv pfile.write(out_line) pfile.flush() in_line = pfile.readline() debug2(out_line.decode(\"ASCII\") + ' > ' + in_line.decode(\"ASCII\")) if in_line.startswith(b'QUERY_PF_NAT_SUCCESS '): (ip, port) = in_line[21:].split(b',') return (ip.decode(\"ASCII\"), int(port))  return sock.getsockname()"}
{"name": "sshuttle.sshuttle.methods.pf.Method.setup_firewall", "code": "def setup_firewall(self, port, dnsport, nslist, family, subnets, udp, user, tmark): if family not in [socket.AF_INET, socket.AF_INET6]: raise Exception( 'Address family \"%s\" unsupported by pf method_name' % family_to_string(family)) if udp: raise Exception(\"UDP not supported by pf method_name\")  if subnets: includes = [] # If a given subnet is both included and excluded, list the # exclusion first; the table will ignore the second, opposite # definition for _, swidth, sexclude, snet, fport, lport \\ in sorted(subnets, key=subnet_weight): includes.append((sexclude, b\"%s/%d%s\" % ( snet.encode(\"ASCII\"), swidth, b\" port %d:%d\" % (fport, lport) if fport else b\"\")))  anchor = pf_get_anchor(family, port) pf.add_anchors(anchor) pf.add_rules(anchor, includes, port, dnsport, nslist, family) pf.enable()"}
{"name": "sshuttle.sshuttle.methods.pf.Method.restore_firewall", "code": "def restore_firewall(self, port, family, udp, user): if family not in [socket.AF_INET, socket.AF_INET6]: raise Exception( 'Address family \"%s\" unsupported by pf method_name' % family_to_string(family)) if udp: raise Exception(\"UDP not supported by pf method_name\")  pf.disable(pf_get_anchor(family, port))"}
{"name": "sshuttle.sshuttle.methods.pf.Method.firewall_command", "code": "def firewall_command(self, line): if line.startswith('QUERY_PF_NAT '): try: dst = pf.query_nat(*(line[13:].split(','))) sys.stdout.write('QUERY_PF_NAT_SUCCESS %s,%r\\n' % dst) except IOError as e: sys.stdout.write('QUERY_PF_NAT_FAILURE %s\\n' % e)  sys.stdout.flush() return True else: return False"}
{"name": "sshuttle.sshuttle.methods.pf.Method.is_supported", "code": "def is_supported(self): if which(\"pfctl\"): return True debug2(\"pf method not supported because 'pfctl' command is missing.\") return False"}
{"name": "sshuttle.sshuttle.methods.__init__.BaseMethod.__init__", "code": "def __init__(self, name): self.firewall = None self.name = name"}
{"name": "sshuttle.sshuttle.methods.__init__.BaseMethod.set_firewall", "code": "def set_firewall(self, firewall): self.firewall = firewall"}
{"name": "sshuttle.sshuttle.methods.__init__.BaseMethod.get_supported_features", "code": "def get_supported_features(): result = Features() result.ipv4 = True result.ipv6 = False result.udp = False result.dns = True result.user = False return result"}
{"name": "sshuttle.sshuttle.methods.__init__.BaseMethod.is_supported", "code": "def is_supported(): \"\"\"Returns true if it appears that this method will work on this machine.\"\"\" return False"}
{"name": "sshuttle.sshuttle.methods.__init__.BaseMethod.get_tcp_dstip", "code": "def get_tcp_dstip(sock): return original_dst(sock)"}
{"name": "sshuttle.sshuttle.methods.__init__.BaseMethod.recv_udp", "code": "def recv_udp(udp_listener, bufsize): debug3('Accept UDP using recvfrom.') data, srcip = udp_listener.recvfrom(bufsize) return (srcip, None, data)"}
{"name": "sshuttle.sshuttle.methods.__init__.BaseMethod.send_udp", "code": "def send_udp(self, sock, srcip, dstip, data): if srcip is not None: raise Fatal(\"Method %s send_udp does not support setting srcip to %r\" % (self.name, srcip)) sock.sendto(data, dstip)"}
{"name": "sshuttle.sshuttle.methods.__init__.BaseMethod.setup_tcp_listener", "code": "def setup_tcp_listener(self, tcp_listener): pass"}
{"name": "sshuttle.sshuttle.methods.__init__.BaseMethod.setup_udp_listener", "code": "def setup_udp_listener(self, udp_listener): pass"}
{"name": "sshuttle.sshuttle.methods.__init__.BaseMethod.assert_features", "code": "def assert_features(self, features): avail = self.get_supported_features() for key in [\"udp\", \"dns\", \"ipv6\", \"ipv4\", \"user\"]: if getattr(features, key) and not getattr(avail, key): raise Fatal( \"Feature %s not supported with method %s.\" % (key, self.name))"}
{"name": "sshuttle.sshuttle.methods.__init__.BaseMethod.setup_firewall", "code": "def setup_firewall(self, port, dnsport, nslist, family, subnets, udp, user, tmark): raise NotImplementedError()"}
{"name": "sshuttle.sshuttle.methods.__init__.BaseMethod.restore_firewall", "code": "def restore_firewall(self, port, family, udp, user): raise NotImplementedError()"}
{"name": "sshuttle.sshuttle.methods.__init__.BaseMethod.firewall_command", "code": "def firewall_command(line): return False"}
