{"name": "stellar.stellar.app.Operations.__init__", "code": "def __init__(self, raw_connection, config): self.terminate_database_connections = partial( terminate_database_connections, raw_connection ) self.create_database = partial(create_database, raw_connection) self.copy_database = partial(copy_database, raw_connection) self.database_exists = partial(database_exists, raw_connection) self.rename_database = partial(rename_database, raw_connection) self.remove_database = partial(remove_database, raw_connection) self.list_of_databases = partial(list_of_databases, raw_connection)"}
{"name": "stellar.stellar.app.Stellar.__init__", "code": "def __init__(self): logger.debug('Initialized Stellar()') self.load_config() self.init_database()"}
{"name": "stellar.stellar.app.Stellar.load_config", "code": "def load_config(self): self.config = load_config() logging.basicConfig(level=self.config['logging'])"}
{"name": "stellar.stellar.app.Stellar.init_database", "code": "def init_database(self): self.raw_db = create_engine(self.config['url'], echo=False) self.raw_conn = self.raw_db.connect() self.operations = Operations(self.raw_conn, self.config)  try: self.raw_conn.connection.set_isolation_level(0) except AttributeError: logger.info('Could not set isolation level to 0')  self.db = create_engine(self.config['stellar_url'], echo=False) self.db.session = sessionmaker(bind=self.db)() self.raw_db.session = sessionmaker(bind=self.raw_db)() tables_missing = self.create_stellar_database()  self.create_stellar_tables()  # logger.getLogger('sqlalchemy.engine').setLevel(logger.WARN)"}
{"name": "stellar.stellar.app.Stellar.create_stellar_database", "code": "def create_stellar_database(self): if not self.operations.database_exists('stellar_data'): self.operations.create_database('stellar_data') return True else: return False"}
{"name": "stellar.stellar.app.Stellar.create_stellar_tables", "code": "def create_stellar_tables(self): Base.metadata.create_all(self.db) self.db.session.commit()"}
{"name": "stellar.stellar.app.Stellar.get_snapshot", "code": "def get_snapshot(self, snapshot_name): return self.db.session.query(Snapshot).filter( Snapshot.snapshot_name == snapshot_name, Snapshot.project_name == self.config['project_name'] ).first()"}
{"name": "stellar.stellar.app.Stellar.get_snapshots", "code": "def get_snapshots(self): return self.db.session.query(Snapshot).filter( Snapshot.project_name == self.config['project_name'] ).order_by( Snapshot.created_at.desc() ).all()"}
{"name": "stellar.stellar.app.Stellar.get_latest_snapshot", "code": "def get_latest_snapshot(self): return self.db.session.query(Snapshot).filter( Snapshot.project_name == self.config['project_name'] ).order_by(Snapshot.created_at.desc()).first()"}
{"name": "stellar.stellar.app.Stellar.create_snapshot", "code": "def create_snapshot(self, snapshot_name, before_copy=None): snapshot = Snapshot( snapshot_name=snapshot_name, project_name=self.config['project_name'] ) self.db.session.add(snapshot) self.db.session.flush()  for table_name in self.config['tracked_databases']: if before_copy: before_copy(table_name) table = Table( table_name=table_name, snapshot=snapshot ) logger.debug('Copying %s to %s' % ( table_name, table.get_table_name('master') )) self.operations.copy_database( table_name, table.get_table_name('master') ) self.db.session.add(table) self.db.session.commit()  self.start_background_slave_copy(snapshot)"}
{"name": "stellar.stellar.app.Stellar.remove_snapshot", "code": "def remove_snapshot(self, snapshot): for table in snapshot.tables: try: self.operations.remove_database( table.get_table_name('master') ) except ProgrammingError: pass try: self.operations.remove_database( table.get_table_name('slave') ) except ProgrammingError: pass self.db.session.delete(table) self.db.session.delete(snapshot) self.db.session.commit()"}
{"name": "stellar.stellar.app.Stellar.rename_snapshot", "code": "def rename_snapshot(self, snapshot, new_name): snapshot.snapshot_name = new_name self.db.session.commit()"}
{"name": "stellar.stellar.app.Stellar.restore", "code": "def restore(self, snapshot): for table in snapshot.tables: click.echo(\"Restoring database %s\" % table.table_name) if not self.operations.database_exists( table.get_table_name('slave') ): click.echo( \"Database %s does not exist.\" % table.get_table_name('slave') ) sys.exit(1) try: self.operations.remove_database(table.table_name) except ProgrammingError: logger.warn('Database %s does not exist.' % table.table_name) self.operations.rename_database( table.get_table_name('slave'), table.table_name ) snapshot.worker_pid = 1 self.db.session.commit()  self.start_background_slave_copy(snapshot)"}
{"name": "stellar.stellar.app.Stellar.start_background_slave_copy", "code": "def start_background_slave_copy(self, snapshot): logger.debug('Starting background slave copy') snapshot_id = snapshot.id  self.raw_conn.close() self.raw_db.session.close() self.db.session.close()  pid = os.fork() if hasattr(os, 'fork') else None if pid: return  self.init_database() self.operations = Operations(self.raw_conn, self.config)  snapshot = self.db.session.query(Snapshot).get(snapshot_id) snapshot.worker_pid = os.getpid() self.db.session.commit() self.inline_slave_copy(snapshot) sys.exit()"}
{"name": "stellar.stellar.app.Stellar.inline_slave_copy", "code": "def inline_slave_copy(self, snapshot): for table in snapshot.tables: self.operations.copy_database( table.get_table_name('master'), table.get_table_name('slave') ) snapshot.worker_pid = None self.db.session.commit()"}
{"name": "stellar.stellar.app.Stellar.is_copy_process_running", "code": "def is_copy_process_running(self, snapshot): return pid_exists(snapshot.worker_pid)"}
{"name": "stellar.stellar.app.Stellar.is_old_database", "code": "def is_old_database(self): for snapshot in self.db.session.query(Snapshot): for table in snapshot.tables: for postfix in ('master', 'slave'): old_name = table.get_table_name(postfix=postfix, old=True) if self.operations.database_exists(old_name): return True return False"}
{"name": "stellar.stellar.app.Stellar.update_database_names_to_new_version", "code": "def update_database_names_to_new_version(self, after_rename=None): for snapshot in self.db.session.query(Snapshot): for table in snapshot.tables: for postfix in ('master', 'slave'): old_name = table.get_table_name(postfix=postfix, old=True) new_name = table.get_table_name(postfix=postfix, old=False) if self.operations.database_exists(old_name): self.operations.rename_database(old_name, new_name) if after_rename: after_rename(old_name, new_name)"}
{"name": "stellar.stellar.app.Stellar.delete_orphan_snapshots", "code": "def delete_orphan_snapshots(self, after_delete=None): stellar_databases = set() for snapshot in self.db.session.query(Snapshot): for table in snapshot.tables: stellar_databases.add(table.get_table_name('master')) stellar_databases.add(table.get_table_name('slave'))  databases = set(self.operations.list_of_databases())  for database in filter( lambda database: ( database.startswith('stellar_') and database != 'stellar_data' ), (databases-stellar_databases) ): self.operations.remove_database(database) if after_delete: after_delete(database)"}
{"name": "stellar.stellar.app.Stellar.default_snapshot_name", "code": "def default_snapshot_name(self): n = 1 while self.db.session.query(Snapshot).filter( Snapshot.snapshot_name == 'snap%d' % n, Snapshot.project_name == self.config['project_name'] ).count(): n += 1 return 'snap%d' % n"}
{"name": "stellar.stellar.models.Snapshot.slaves_ready", "code": "def slaves_ready(self): return self.worker_pid is None"}
{"name": "stellar.stellar.models.Snapshot.__repr__", "code": "def __repr__(self): return \"<Snapshot(snapshot_name=%r)>\" % ( self.snapshot_name )"}
{"name": "stellar.stellar.models.Table.get_table_name", "code": "def get_table_name(self, postfix, old=False): if not self.snapshot: raise Exception('Table name requires snapshot') if not self.snapshot.hash: raise Exception('Snapshot hash is empty.')  if old: return 'stellar_%s_%s_%s' % ( self.table_name, self.snapshot.hash, postfix ) else: return 'stellar_%s' % hashlib.md5( ('%s|%s|%s' % ( self.table_name, self.snapshot.hash, postfix )).encode('utf-8') ).hexdigest()[0:16]"}
{"name": "stellar.stellar.models.Table.__repr__", "code": "def __repr__(self): return \"<Table(table_name=%r)>\" % ( self.table_name, )"}
{"name": "stellar.tests.test_starts.TestCase.config", "code": "def config(self, monkeypatch): with tempfile.NamedTemporaryFile() as tmp: def load_test_config(self): self.config = { 'stellar_url': 'sqlite:///%s' % tmp.name, 'url': 'sqlite:///%s' % tmp.name, 'project_name': 'test_project', 'tracked_databases': ['test_database'], 'TEST': True } return None monkeypatch.setattr(stellar.app.Stellar, 'load_config', load_test_config) yield"}
{"name": "stellar.tests.test_starts.Test.test_setup_method_works", "code": "def test_setup_method_works(self, monkeypatch): monkeypatch.setattr( stellar.app.Stellar, 'create_stellar_database', lambda x: None ) app = stellar.app.Stellar() for key in ( 'TEST', 'stellar_url', 'url', 'project_name', 'tracked_databases', ): assert app.config[key]"}
{"name": "stellar.tests.test_starts.Test.test_shows_not_enough_arguments", "code": "def test_shows_not_enough_arguments(self): with pytest.raises(SystemExit) as e: stellar.command.main()"}
{"name": "stellar.tests.test_starts.Test.test_app_context", "code": "def test_app_context(self, monkeypatch): monkeypatch.setattr( stellar.app.Stellar, 'create_stellar_database', lambda x: None ) app = stellar.app.Stellar()"}
{"name": "stellar.tests.test_operations.ConnectionMock.__init__", "code": "def __init__(self, version): self.version = version"}
{"name": "stellar.tests.test_operations.ConnectionMock.execute", "code": "def execute(self, query): return self"}
{"name": "stellar.tests.test_operations.ConnectionMock.first", "code": "def first(self): return [self.version]"}
{"name": "stellar.tests.test_operations.TestGetPidColumn.test_returns_procpid_for_version_older_than_9_2", "code": "def test_returns_procpid_for_version_older_than_9_2(self, version): raw_conn = ConnectionMock(version=version) assert _get_pid_column(raw_conn) == 'procpid'"}
{"name": "stellar.tests.test_operations.TestGetPidColumn.test_returns_pid_for_version_equal_or_newer_than_9_2", "code": "def test_returns_pid_for_version_equal_or_newer_than_9_2(self, version): raw_conn = ConnectionMock(version=version) assert _get_pid_column(raw_conn) == 'pid'"}
