{"name": "sumy.sumy.nlp.stemmers.__init__.Stemmer", "code": "class Stemmer(object): SPECIAL_STEMMERS = { 'czech': czech_stemmer, 'slovak': czech_stemmer, 'hebrew': null_stemmer, 'chinese': null_stemmer, 'japanese': null_stemmer, 'korean': null_stemmer, 'ukrainian': ukrainian_stemmer, 'greek': greek_stemmer, }  def __init__(self, language): language = normalize_language(language) self._stemmer = null_stemmer if language.lower() in self.SPECIAL_STEMMERS: self._stemmer = self.SPECIAL_STEMMERS[language.lower()] return stemmer_classname = language.capitalize() + 'Stemmer' try: stemmer_class = getattr(nltk_stemmers_module, stemmer_classname) except AttributeError: raise LookupError(\"Stemmer is not available for language %s.\" % language) self._stemmer = stemmer_class().stem  def __call__(self, word): return self._stemmer(word)"}
{"name": "sumy.sumy.nlp.tokenizers.DefaultWordTokenizer", "code": "class DefaultWordTokenizer(object): \"\"\"NLTK tokenizer\"\"\" def tokenize(self, text): return nltk.word_tokenize(text)"}
{"name": "sumy.sumy.nlp.tokenizers.HebrewWordTokenizer", "code": "class HebrewWordTokenizer: \"\"\"https://github.com/iddoberger/awesome-hebrew-nlp\"\"\" _TRANSLATOR = str.maketrans(\"\", \"\", string.punctuation)  @classmethod def tokenize(cls, text): try: from hebrew_tokenizer import tokenize from hebrew_tokenizer.groups import Groups except ImportError: raise ValueError(\"Hebrew tokenizer requires hebrew_tokenizer. Please, install it by command 'pip install hebrew_tokenizer'.\")  text = text.translate(cls._TRANSLATOR) return [ word for token, word, _, _ in tokenize(text) if token in (Groups.HEBREW, Groups.HEBREW_1, Groups.HEBREW_2) ]"}
{"name": "sumy.sumy.nlp.tokenizers.JapaneseWordTokenizer", "code": "class JapaneseWordTokenizer: def tokenize(self, text): try: import tinysegmenter except ImportError as e: raise ValueError(\"Japanese tokenizer requires tinysegmenter. Please, install it by command 'pip install tinysegmenter'.\") segmenter = tinysegmenter.TinySegmenter() return segmenter.tokenize(text)"}
{"name": "sumy.sumy.nlp.tokenizers.ChineseWordTokenizer", "code": "class ChineseWordTokenizer: def tokenize(self, text): try: import jieba except ImportError as e: raise ValueError(\"Chinese tokenizer requires jieba. Please, install it by command 'pip install jieba'.\") return jieba.cut(text)"}
{"name": "sumy.sumy.nlp.tokenizers.KoreanSentencesTokenizer", "code": "class KoreanSentencesTokenizer: def tokenize(self, text): try: from konlpy.tag import Kkma except ImportError as e: raise ValueError(\"Korean tokenizer requires konlpy. Please, install it by command 'pip install konlpy'.\") kkma = Kkma() return kkma.sentences(text)"}
{"name": "sumy.sumy.nlp.tokenizers.KoreanWordTokenizer", "code": "class KoreanWordTokenizer: def tokenize(self, text): try: from konlpy.tag import Kkma except ImportError as e: raise ValueError(\"Korean tokenizer requires konlpy. Please, install it by command 'pip install konlpy'.\") kkma = Kkma() return kkma.nouns(text)"}
{"name": "sumy.sumy.nlp.tokenizers.GreekSentencesTokenizer", "code": "class GreekSentencesTokenizer: \"\"\"Calls sent_tokenize for greek text, which doesn't split sentences on the english semicolon ';' (U+003B - https://unicode-table.com/en/003B/) or the greek question mark '\u037e' (U+037E - https://unicode-table.com/en/037E/). The regex below splits on both characters while retaining them in the sentence. This follows the logic of sent_tokenize(). Regexpr Explanation: (?<= -> look behind to see if there is, [;\u037e] -> any of these characters in the set, ) end of look-behind {escape}s+ -> match and remove a single whitespace character one or more times. \"\"\" @classmethod def tokenize(self, text): sentences = nltk.sent_tokenize(text, language='greek') sentences = (filter(None, re.split(r'(?<=[;\u037e])\\s+', sentence)) for sentence in sentences) return [sentence.strip() for sent_gen in sentences for sentence in sent_gen]"}
{"name": "sumy.sumy.nlp.tokenizers.ArabicWordTokenizer", "code": "class ArabicWordTokenizer: def tokenize(self, text): try: from pyarabic.araby import tokenize except ImportError: raise ValueError(\"arabic tokenizer requires pyarabic. Please, install it by command 'pip install pyarabic'.\") return tokenize(text)"}
{"name": "sumy.sumy.nlp.tokenizers.ArabicSentencesTokenizer", "code": "class ArabicSentencesTokenizer: def tokenize(self, text): try: from pyarabic.araby import sentence_tokenize except ImportError: raise ValueError(\"arabic tokenizer requires pyarabic. Please, install it by command 'pip install pyarabic'.\") return sentence_tokenize(text)"}
{"name": "sumy.sumy.nlp.tokenizers.Tokenizer", "code": "class Tokenizer(object): \"\"\"Language dependent tokenizer of text document.\"\"\"  _WORD_PATTERN = re.compile(r\"^[^\\W\\d_](?:[^\\W\\d_]|['-])*$\", re.UNICODE) # feel free to contribute if you have better tokenizer for any of these languages :) LANGUAGE_ALIASES = { \"slovak\": \"czech\", }  # improve tokenizer by adding specific abbreviations it has issues with # note the final point in these items must not be included LANGUAGE_EXTRA_ABREVS = { \"english\": [\"e.g\", \"al\", \"i.e\"], \"german\": [\"al\", \"z.B\", \"Inc\", \"engl\", \"z. B\", \"vgl\", \"lat\", \"bzw\", \"S\"], \"ukrainian\": [\"\u0456\u043c.\", \"\u043e.\", \"\u0432\u0443\u043b.\", \"\u043f\u0440\u043e\u0441\u043f.\", \"\u0431\u0443\u043b.\", \"\u043f\u0440\u043e\u0432.\", \"\u043f\u043b.\", \"\u0433.\", \"\u0440.\", \"\u0434\u0438\u0432.\", \"\u043f.\", \"\u0441.\", \"\u043c.\"], \"greek\": [\"\u03c0.\u03c7\", \"\u03ba.\u03b1\", \"\u0391.\u0395\", \"\u039f.\u0395\", \"\u03ba.\u03bb\u03c0\", \"\u03ba.\u03c4.\u03bb\", \"\u03bb.\u03c7\", \"\u03c7\u03bc\", \"\u03c7\u03bb\u03bc\", \"\u03a5.\u0393\", \"\u03c4\u03b7\u03bb\", \"\u03c0.\u03a7\", \"\u03bc.\u03a7\", \"\u03c0.\u03bc\", \"\u03bc.\u03bc\", \"\u03b4\u03b7\u03bb\", \"\u03b2\u03bb\", \"\u03ba.\u03bf.\u03ba\", \"\u03c3\u03b5\u03bb\", \"\u03ba\u03b5\u03c6\", \"\u03c7\u03b9\u03bb\", \"\u03b1\u03c1\"], }  SPECIAL_SENTENCE_TOKENIZERS = { 'ukrainian': nltk.RegexpTokenizer(r'[.!?\u2026\u00bb]', gaps=True), 'hebrew': nltk.RegexpTokenizer(r'\\.\\s+', gaps=True), 'japanese': nltk.RegexpTokenizer('[^\u3000\uff01\uff1f\u3002]*[\uff01\uff1f\u3002]'), 'chinese': nltk.RegexpTokenizer('[^\u3000\uff01\uff1f\u3002]*[\uff01\uff1f\u3002]'), 'korean': KoreanSentencesTokenizer(), 'greek': GreekSentencesTokenizer(), 'arabic': ArabicSentencesTokenizer(), }  SPECIAL_WORD_TOKENIZERS = { 'hebrew': HebrewWordTokenizer(), 'japanese': JapaneseWordTokenizer(), 'chinese': ChineseWordTokenizer(), 'korean': KoreanWordTokenizer(), 'greek': nltk.RegexpTokenizer(r\"[ ,;\u037e.!?:-]+\", gaps=True), 'arabic': ArabicWordTokenizer(), }  def __init__(self, language): language = normalize_language(language) self._language = language  tokenizer_language = self.LANGUAGE_ALIASES.get(language, language) self._sentence_tokenizer = self._get_sentence_tokenizer(tokenizer_language) self._word_tokenizer = self._get_word_tokenizer(tokenizer_language)  @property def language(self): return self._language  def _get_sentence_tokenizer(self, language): if language in self.SPECIAL_SENTENCE_TOKENIZERS: return self.SPECIAL_SENTENCE_TOKENIZERS[language] try: path = to_string(\"tokenizers/punkt/%s.pickle\") % to_string(language) return nltk.data.load(path) except (LookupError, zipfile.BadZipfile) as e: raise LookupError( \"NLTK tokenizers are missing or the language is not supported.\\n\" \"\"\"Download them by following command: python -c \"import nltk; nltk.download('punkt')\"\\n\"\"\" \"Original error was:\\n\" + str(e) )  def _get_word_tokenizer(self, language): if language in self.SPECIAL_WORD_TOKENIZERS: return self.SPECIAL_WORD_TOKENIZERS[language] else: return DefaultWordTokenizer()  def to_sentences(self, paragraph): from .._compat import unicode if hasattr(self._sentence_tokenizer, '_params'): extra_abbreviations = self.LANGUAGE_EXTRA_ABREVS.get(self._language, []) self._sentence_tokenizer._params.abbrev_types.update(extra_abbreviations) sentences = self._sentence_tokenizer.tokenize(to_unicode(paragraph)) return tuple(map(unicode.strip, sentences))  def to_words(self, sentence): words = self._word_tokenizer.tokenize(to_unicode(sentence)) return tuple(filter(self._is_word, words))  @staticmethod def _is_word(word): return bool(Tokenizer._WORD_PATTERN.match(word))"}
{"name": "sumy.sumy.parsers.html.HtmlParser", "code": "class HtmlParser(DocumentParser): \"\"\"Parser of text from HTML format into DOM.\"\"\"  SIGNIFICANT_TAGS = ( \"h1\", \"h2\", \"h3\", \"b\", \"strong\", \"big\", \"dfn\", \"em\", )  @classmethod def from_string(cls, string, url, tokenizer): return cls(string, tokenizer, url)  @classmethod def from_file(cls, file_path, url, tokenizer): with open(file_path, \"rb\") as file: return cls(file.read(), tokenizer, url)  @classmethod def from_url(cls, url, tokenizer): data = fetch_url(url) return cls(data, tokenizer, url)  def __init__(self, html_content, tokenizer, url=None): super(HtmlParser, self).__init__(tokenizer) self._article = Article(html_content, url)  @cached_property def significant_words(self): words = [] for paragraph in self._article.main_text: for text, annotations in paragraph: if self._contains_any(annotations, *self.SIGNIFICANT_TAGS): words.extend(self.tokenize_words(text))  if words: return tuple(words) else: return self.SIGNIFICANT_WORDS  @cached_property def stigma_words(self): words = [] for paragraph in self._article.main_text: for text, annotations in paragraph: if self._contains_any(annotations, \"a\", \"strike\", \"s\"): words.extend(self.tokenize_words(text))  if words: return tuple(words) else: return self.STIGMA_WORDS  def _contains_any(self, sequence, *args): if sequence is None: return False  for item in args: if item in sequence: return True  return False  @cached_property def document(self): # \"a\", \"abbr\", \"acronym\", \"b\", \"big\", \"blink\", \"blockquote\", \"cite\", \"code\", # \"dd\", \"del\", \"dfn\", \"dir\", \"dl\", \"dt\", \"em\", \"h\", \"h1\", \"h2\", \"h3\", \"h4\", # \"h5\", \"h6\", \"i\", \"ins\", \"kbd\", \"li\", \"marquee\", \"menu\", \"ol\", \"pre\", \"q\", # \"s\", \"samp\", \"strike\", \"strong\", \"sub\", \"sup\", \"tt\", \"u\", \"ul\", \"var\",  annotated_text = self._article.main_text  paragraphs = [] for paragraph in annotated_text: sentences = []  current_text = \"\" for text, annotations in paragraph: if annotations and (\"h1\" in annotations or \"h2\" in annotations or \"h3\" in annotations): sentences.append(Sentence(text, self._tokenizer, is_heading=True)) # skip <pre> nodes elif not (annotations and \"pre\" in annotations): # be sure to not add empty space between word and punctuations current_text += \"\" + text if text[0] in punctuation else \" \" + text  new_sentences = self.tokenize_sentences(current_text) sentences.extend(Sentence(s, self._tokenizer) for s in new_sentences) paragraphs.append(Paragraph(sentences))  return ObjectDocumentModel(paragraphs)"}
{"name": "sumy.sumy.parsers.parser.DocumentParser", "code": "class DocumentParser(object): \"\"\"Abstract parser of input format into DOM.\"\"\"  SIGNIFICANT_WORDS = ( \"v\u00fdznamn\u00fd\", \"vynikaj\u00edc\u00ed\", \"podstatn\u00fd\", \"v\u00fdzna\u010dn\u00fd\", \"d\u016fle\u017eit\u00fd\", \"slavn\u00fd\", \"zaj\u00edmav\u00fd\", \"eminentn\u00ed\", \"vlivn\u00fd\", \"supr\", \"super\", \"nejlep\u0161\u00ed\", \"dobr\u00fd\", \"kvalitn\u00ed\", \"optim\u00e1ln\u00ed\", \"relevantn\u00ed\", ) STIGMA_WORDS = ( \"nejhor\u0161\u00ed\", \"zl\u00fd\", \"\u0161eredn\u00fd\", )  def __init__(self, tokenizer): self._tokenizer = tokenizer  def tokenize_sentences(self, paragraph): return [s for s in self._tokenizer.to_sentences(paragraph) if s.strip()]  def tokenize_words(self, sentence): return self._tokenizer.to_words(sentence)"}
{"name": "sumy.sumy.parsers.plaintext.PlaintextParser", "code": "class PlaintextParser(DocumentParser): \"\"\" Parses simple plain text in following format:  HEADING This is text of 1st paragraph. Some another sentence.  This is next paragraph.  HEADING IS LINE ALL IN UPPER CASE This is 3rd paragraph with heading. Sentence in 3rd paragraph. Another sentence in 3rd paragraph.  Paragraphs are separated by empty lines. And that's all :) \"\"\"  @classmethod def from_string(cls, string, tokenizer): return cls(string, tokenizer)  @classmethod def from_file(cls, file_path, tokenizer): with open(file_path, encoding=\"utf-8\") as file: return cls(file.read(), tokenizer)  def __init__(self, text, tokenizer): super(PlaintextParser, self).__init__(tokenizer) self._text = to_unicode(text).strip()  @cached_property def significant_words(self): words = [] for paragraph in self.document.paragraphs: for heading in paragraph.headings: words.extend(heading.words)  if words: return tuple(words) else: return self.SIGNIFICANT_WORDS  @cached_property def stigma_words(self): return self.STIGMA_WORDS  @cached_property def document(self): current_paragraph = [] paragraphs = [] for line in self._text.splitlines(): line = line.strip() if line.isupper(): heading = Sentence(line, self._tokenizer, is_heading=True) current_paragraph.append(heading) elif not line and current_paragraph: sentences = self._to_sentences(current_paragraph) paragraphs.append(Paragraph(sentences)) current_paragraph = [] elif line: current_paragraph.append(line)  sentences = self._to_sentences(current_paragraph) paragraphs.append(Paragraph(sentences))  return ObjectDocumentModel(paragraphs)  def _to_sentences(self, lines): text = \"\" sentence_objects = []  for line in lines: if isinstance(line, Sentence): if text: sentence_objects.extend(self._to_sentence_objects(text))  sentence_objects.append(line) text = \"\" else: text += \" \" + line  text = text.strip() if text: sentence_objects.extend(self._to_sentence_objects(text))  return sentence_objects  def _to_sentence_objects(self, text): return (Sentence(s, self._tokenizer) for s in self.tokenize_sentences(text))"}
{"name": "sumy.sumy.utils.ItemsCount", "code": "class ItemsCount(object): def __init__(self, value): self._value = value  def __call__(self, sequence): if isinstance(self._value, string_types): if self._value.endswith(\"%\"): total_count = len(sequence) percentage = int(self._value[:-1]) # at least one sentence should be chosen count = max(1, total_count*percentage // 100) return sequence[:count] else: return sequence[:int(self._value)] elif isinstance(self._value, (int, float)): return sequence[:int(self._value)] else: ValueError(\"Unsuported value of items count '%s'.\" % self._value)  def __repr__(self): return to_string(\"<ItemsCount: %r>\" % self._value)"}
{"name": "sumy.sumy.models.tf.TfDocumentModel", "code": "class TfDocumentModel(object): \"\"\"Term-Frequency document model (term = word).\"\"\" def __init__(self, words, tokenizer=None): if isinstance(words, string_types) and tokenizer is None: raise ValueError( \"Tokenizer has to be given if ``words`` is not a sequence.\") elif isinstance(words, string_types): words = tokenizer.to_words(to_unicode(words)) elif not isinstance(words, Sequence): raise ValueError( \"Parameter ``words`` has to be sequence or string with tokenizer given.\")  self._terms = Counter(map(unicode.lower, words)) self._max_frequency = max(self._terms.values()) if self._terms else 1  @property def magnitude(self): \"\"\" Lenght/norm/magnitude of vector representation of document. This is usually denoted by ||d||. \"\"\" return math.sqrt(sum(t**2 for t in self._terms.values()))  @property def terms(self): return self._terms.keys()  def most_frequent_terms(self, count=0): \"\"\" Returns ``count`` of terms sorted by their frequency in descending order.  :parameter int count: Max. number of returned terms. Value 0 means no limit (default). \"\"\" # sort terms by number of occurrences in descending order terms = sorted(self._terms.items(), key=lambda i: -i[1])  terms = tuple(i[0] for i in terms) if count == 0: return terms elif count > 0: return terms[:count] else: raise ValueError( \"Only non-negative values are allowed for count of terms.\")  def term_frequency(self, term): \"\"\" Returns frequency of term in document.  :returns int: Returns count of words in document. \"\"\" return self._terms.get(term, 0)  def normalized_term_frequency(self, term, smooth=0.0): \"\"\" Returns normalized frequency of term in document. http://nlp.stanford.edu/IR-book/html/htmledition/maximum-tf-normalization-1.html  :parameter float smooth: 0.0 <= smooth <= 1.0, generally set to 0.4, although some early work used the value 0.5. The term is a smoothing term whose role is to damp the contribution of the second term. It may be viewed as a scaling down of TF by the largest TF value in document. :returns float: 0.0 <= frequency <= 1.0, where 0 means no occurrence in document and 1 the most frequent term in document. \"\"\" frequency = self.term_frequency(term) / self._max_frequency return smooth + (1.0 - smooth)*frequency  def __repr__(self): return \"<TfDocumentModel %s>\" % pformat(self._terms)"}
{"name": "sumy.sumy.models.dom._document.ObjectDocumentModel", "code": "class ObjectDocumentModel(object): def __init__(self, paragraphs): self._paragraphs = tuple(paragraphs)  @property def paragraphs(self): return self._paragraphs  @cached_property def sentences(self): sentences = (p.sentences for p in self._paragraphs) return tuple(chain(*sentences))  @cached_property def headings(self): headings = (p.headings for p in self._paragraphs) return tuple(chain(*headings))  @cached_property def words(self): words = (p.words for p in self._paragraphs) return tuple(chain(*words))  def __unicode__(self): return \"<DOM with %d paragraphs>\" % len(self.paragraphs)  def __repr__(self): return self.__str__()"}
{"name": "sumy.sumy.models.dom._paragraph.Paragraph", "code": "class Paragraph(object): __slots__ = ( \"_sentences\", \"_cached_property_sentences\", \"_cached_property_headings\", \"_cached_property_words\", )  def __init__(self, sentences): sentences = tuple(sentences) for sentence in sentences: if not isinstance(sentence, Sentence): raise TypeError(\"Only instances of class 'Sentence' are allowed.\")  self._sentences = sentences  @cached_property def sentences(self): return tuple(s for s in self._sentences if not s.is_heading)  @cached_property def headings(self): return tuple(s for s in self._sentences if s.is_heading)  @cached_property def words(self): return tuple(chain(*(s.words for s in self._sentences)))  def __unicode__(self): return \"<Paragraph with %d headings & %d sentences>\" % ( len(self.headings), len(self.sentences), )  def __repr__(self): return self.__str__()"}
{"name": "sumy.sumy.models.dom._sentence.Sentence", "code": "class Sentence(object): __slots__ = (\"_text\", \"_cached_property_words\", \"_tokenizer\", \"_is_heading\",)  def __init__(self, text, tokenizer, is_heading=False): self._text = to_unicode(text).strip() self._tokenizer = tokenizer self._is_heading = bool(is_heading)  @cached_property def words(self): return self._tokenizer.to_words(self._text)  @property def is_heading(self): return self._is_heading  def __eq__(self, sentence): assert isinstance(sentence, Sentence) return self._is_heading is sentence._is_heading and self._text == sentence._text  def __ne__(self, sentence): return not self.__eq__(sentence)  def __hash__(self): return hash((self._is_heading, self._text))  def __unicode__(self): return self._text  def __repr__(self): return to_string(\"<%s: %s>\") % ( \"Heading\" if self._is_heading else \"Sentence\", self.__str__() )"}
{"name": "sumy.sumy.summarizers.random.RandomSummarizer", "code": "class RandomSummarizer(AbstractSummarizer): \"\"\"Summarizer that picks sentences randomly.\"\"\"  def __call__(self, document, sentences_count): sentences = document.sentences ratings = self._get_random_ratings(sentences)  return self._get_best_sentences(sentences, sentences_count, ratings)  def _get_random_ratings(self, sentences): ratings = list(range(len(sentences))) random.shuffle(ratings)  return dict((s, r) for s, r in zip(sentences, ratings))"}
{"name": "sumy.sumy.summarizers.sum_basic.SumBasicSummarizer", "code": "class SumBasicSummarizer(AbstractSummarizer): \"\"\" SumBasic: a frequency-based summarization system that adjusts word frequencies as sentences are extracted. Source: http://www.cis.upenn.edu/~nenkova/papers/ipm.pdf \"\"\" _stop_words = frozenset()  @property def stop_words(self): return self._stop_words  @stop_words.setter def stop_words(self, words): self._stop_words = frozenset(map(self.normalize_word, words))  def __call__(self, document, sentences_count): sentences = document.sentences ratings = self._compute_ratings(sentences) return self._get_best_sentences(document.sentences, sentences_count, ratings)  def _get_all_words_in_doc(self, sentences): return self._stem_words([w for s in sentences for w in s.words])  def _get_content_words_in_sentence(self, sentence): normalized_words = self._normalize_words(sentence.words) normalized_content_words = self._filter_out_stop_words(normalized_words) stemmed_normalized_content_words = self._stem_words(normalized_content_words) return stemmed_normalized_content_words  def _stem_words(self, words): return [self.stem_word(w) for w in words]  def _normalize_words(self, words): return [self.normalize_word(w) for w in words]  def _filter_out_stop_words(self, words): return [w for w in words if w not in self.stop_words]  @staticmethod def _compute_word_freq(list_of_words): word_freq = {} for w in list_of_words: word_freq[w] = word_freq.get(w, 0) + 1 return word_freq  def _get_all_content_words_in_doc(self, sentences): all_words = self._get_all_words_in_doc(sentences) content_words = self._filter_out_stop_words(all_words) normalized_content_words = self._normalize_words(content_words) return normalized_content_words  def _compute_tf(self, sentences): \"\"\" Computes the normalized term frequency as explained in http://www.tfidf.com/ \"\"\" content_words = self._get_all_content_words_in_doc(sentences) content_words_count = len(content_words) content_words_freq = self._compute_word_freq(content_words) content_word_tf = dict((k, v / content_words_count) for (k, v) in content_words_freq.items()) return content_word_tf  @staticmethod def _compute_average_probability_of_words(word_freq_in_doc, content_words_in_sentence): content_words_count = len(content_words_in_sentence) if content_words_count > 0: word_freq_sum = sum([word_freq_in_doc[w] for w in content_words_in_sentence]) word_freq_avg = word_freq_sum / content_words_count return word_freq_avg else: return 0  @staticmethod def _update_tf(word_freq, words_to_update): for w in words_to_update: word_freq[w] *= word_freq[w] return word_freq  def _find_index_of_best_sentence(self, word_freq, sentences_as_words): min_possible_freq = -1 max_value = min_possible_freq best_sentence_index = 0 for i, words in enumerate(sentences_as_words): word_freq_avg = self._compute_average_probability_of_words(word_freq, words) if word_freq_avg > max_value: max_value = word_freq_avg best_sentence_index = i return best_sentence_index  def _compute_ratings(self, sentences): word_freq = self._compute_tf(sentences) ratings = {}  # make it a list so that it can be modified sentences_list = list(sentences)  # get all content words once for efficiency sentences_as_words = [self._get_content_words_in_sentence(s) for s in sentences]  # Removes one sentence per iteration by adding to summary while len(sentences_list) > 0: best_sentence_index = self._find_index_of_best_sentence(word_freq, sentences_as_words) best_sentence = sentences_list.pop(best_sentence_index)  # value is the iteration in which it was removed multiplied by -1 so that the first sentences removed (the most important) have highest values ratings[best_sentence] = -len(ratings)  # update probabilities best_sentence_words = sentences_as_words.pop(best_sentence_index) self._update_tf(word_freq, best_sentence_words)  return ratings"}
{"name": "sumy.sumy.summarizers.luhn.LuhnSummarizer", "code": "class LuhnSummarizer(AbstractSummarizer): max_gap_size = 4 # TODO: better recognition of significant words (automatic) significant_percentage = 1 _stop_words = frozenset()  @property def stop_words(self): return self._stop_words  @stop_words.setter def stop_words(self, words): self._stop_words = frozenset(map(self.normalize_word, words))  def __call__(self, document, sentences_count): words = self._get_significant_words(document.words) return self._get_best_sentences(document.sentences, sentences_count, self.rate_sentence, words)  def _get_significant_words(self, words): words = map(self.normalize_word, words) words = tuple(self.stem_word(w) for w in words if w not in self._stop_words)  model = TfDocumentModel(words)  # take only best `significant_percentage` % words best_words_count = int(len(words) * self.significant_percentage) words = model.most_frequent_terms(best_words_count)  # take only words contained multiple times in document return tuple(t for t in words if model.term_frequency(t) > 1)  def rate_sentence(self, sentence, significant_stems): ratings = self._get_chunk_ratings(sentence, significant_stems) return max(ratings) if ratings else 0  def _get_chunk_ratings(self, sentence, significant_stems): chunks = [] NONSIGNIFICANT_CHUNK = [0]*self.max_gap_size  in_chunk = False for order, word in enumerate(sentence.words): stem = self.stem_word(word) # new chunk if stem in significant_stems and not in_chunk: in_chunk = True chunks.append([1]) # append word to chunk elif in_chunk: is_significant_word = int(stem in significant_stems) chunks[-1].append(is_significant_word)  # end of chunk if chunks and chunks[-1][-self.max_gap_size:] == NONSIGNIFICANT_CHUNK: in_chunk = False  return tuple(map(self._get_chunk_rating, chunks))  def _get_chunk_rating(self, chunk): chunk = self.__remove_trailing_zeros(chunk) words_count = len(chunk) assert words_count > 0  significant_words = sum(chunk) if significant_words == 1: return 0 else: return significant_words**2 / words_count  def __remove_trailing_zeros(self, collection): \"\"\"Removes trailing zeroes from indexable collection of numbers\"\"\" index = len(collection) - 1 while index >= 0 and collection[index] == 0: index -= 1  return collection[:index + 1]"}
{"name": "sumy.sumy.summarizers.lsa.LsaSummarizer", "code": "class LsaSummarizer(AbstractSummarizer): MIN_DIMENSIONS = 3 REDUCTION_RATIO = 1/1 _stop_words = frozenset()  @property def stop_words(self): return self._stop_words  @stop_words.setter def stop_words(self, words): self._stop_words = frozenset(map(self.normalize_word, words))  def __call__(self, document, sentences_count): self._ensure_dependecies_installed()  dictionary = self._create_dictionary(document) # empty document if not dictionary: return ()  matrix = self._create_matrix(document, dictionary) matrix = self._compute_term_frequency(matrix) u, sigma, v = singular_value_decomposition(matrix, full_matrices=False)  ranks = iter(self._compute_ranks(sigma, v)) return self._get_best_sentences(document.sentences, sentences_count, lambda s: next(ranks))  def _ensure_dependecies_installed(self): if numpy is None: raise ValueError(\"LSA summarizer requires NumPy. Please, install it by command 'pip install numpy'.\")  def _create_dictionary(self, document): \"\"\"Creates mapping key = word, value = row index\"\"\" words = map(self.normalize_word, document.words) unique_words = frozenset(self.stem_word(w) for w in words if w not in self._stop_words)  return dict((w, i) for i, w in enumerate(unique_words))  def _create_matrix(self, document, dictionary): \"\"\" Creates matrix of shape |unique words|\u00d7|sentences| where cells contains number of occurrences of words (rows) in sentences (cols). \"\"\" sentences = document.sentences  words_count = len(dictionary) sentences_count = len(sentences) if words_count < sentences_count: message = ( \"Number of words (%d) is lower than number of sentences (%d). \" \"LSA algorithm may not work properly.\" ) warn(message % (words_count, sentences_count))  # create matrix |unique words|\u00d7|sentences| filled with zeroes matrix = numpy.zeros((words_count, sentences_count)) for col, sentence in enumerate(sentences): for word in map(self.stem_word, sentence.words): # only valid words is counted (not stop-words, ...) if word in dictionary: row = dictionary[word] matrix[row, col] += 1  return matrix  def _compute_term_frequency(self, matrix, smooth=0.4): \"\"\" Computes TF metrics for each sentence (column) in the given matrix. You can read more about smoothing parameter at URL below: http://nlp.stanford.edu/IR-book/html/htmledition/maximum-tf-normalization-1.html \"\"\" assert 0.0 <= smooth < 1.0  max_word_frequencies = numpy.max(matrix, axis=0) rows, cols = matrix.shape for row in range(rows): for col in range(cols): max_word_frequency = max_word_frequencies[col] if max_word_frequency != 0: frequency = matrix[row, col]/max_word_frequency matrix[row, col] = smooth + (1.0 - smooth)*frequency  return matrix  def _compute_ranks(self, sigma, v_matrix): assert len(sigma) == v_matrix.shape[0], \"Matrices should be multiplicable\"  dimensions = max(LsaSummarizer.MIN_DIMENSIONS, int(len(sigma)*LsaSummarizer.REDUCTION_RATIO)) powered_sigma = tuple(s**2 if i < dimensions else 0.0 for i, s in enumerate(sigma))  ranks = [] # iterate over columns of matrix (rows of transposed matrix) for column_vector in v_matrix.T: rank = sum(s*v**2 for s, v in zip(powered_sigma, column_vector)) ranks.append(math.sqrt(rank))  return ranks"}
{"name": "sumy.sumy.summarizers.text_rank.TextRankSummarizer", "code": "class TextRankSummarizer(AbstractSummarizer): \"\"\"An implementation of TextRank algorithm for summarization.  Source: https://web.eecs.umich.edu/~mihalcea/papers/mihalcea.emnlp04.pdf \"\"\" epsilon = 1e-4 damping = 0.85 # small number to prevent zero-division error, see https://github.com/miso-belica/sumy/issues/112 _ZERO_DIVISION_PREVENTION = 1e-7 _stop_words = frozenset()  @property def stop_words(self): return self._stop_words  @stop_words.setter def stop_words(self, words): self._stop_words = frozenset(map(self.normalize_word, words))  def __call__(self, document, sentences_count): self._ensure_dependencies_installed() if not document.sentences: return ()  ratings = self.rate_sentences(document) return self._get_best_sentences(document.sentences, sentences_count, ratings)  @staticmethod def _ensure_dependencies_installed(): if numpy is None: raise ValueError(\"LexRank summarizer requires NumPy. Please, install it by command 'pip install numpy'.\")  def rate_sentences(self, document): matrix = self._create_matrix(document) ranks = self.power_method(matrix, self.epsilon) return {sent: rank for sent, rank in zip(document.sentences, ranks)}  def _create_matrix(self, document): \"\"\"Create a stochastic matrix for TextRank.  Element at row i and column j of the matrix corresponds to the similarity of sentence i and j, where the similarity is computed as the number of common words between them, divided by their sum of logarithm of their lengths. After such matrix is created, it is turned into a stochastic matrix by normalizing over columns i.e. making the columns sum to one. TextRank uses PageRank algorithm with damping, so a damping factor is incorporated as explained in TextRank's paper. The resulting matrix is a stochastic matrix ready for power method. \"\"\" sentences_as_words = [self._to_words_set(sent) for sent in document.sentences] sentences_count = len(sentences_as_words) weights = numpy.zeros((sentences_count, sentences_count))  for i, words_i in enumerate(sentences_as_words): for j in range(i, sentences_count): rating = self._rate_sentences_edge(words_i, sentences_as_words[j]) weights[i, j] = rating weights[j, i] = rating  weights /= (weights.sum(axis=1)[:, numpy.newaxis] + self._ZERO_DIVISION_PREVENTION)  # In the original paper, the probability of randomly moving to any of the vertices # is NOT divided by the number of vertices. Here we do divide it so that the power # method works; without this division, the stationary probability blows up. This # should not affect the ranking of the vertices so we can use the resulting stationary # probability as is without any postprocessing. return numpy.full((sentences_count, sentences_count), (1.-self.damping) / sentences_count) \\ + self.damping * weights  def _to_words_set(self, sentence): words = map(self.normalize_word, sentence.words) return [self.stem_word(w) for w in words if w not in self._stop_words]  @staticmethod def _rate_sentences_edge(words1, words2): rank = sum(words2.count(w) for w in words1) if rank == 0: return 0.0  assert len(words1) > 0 and len(words2) > 0 norm = math.log(len(words1)) + math.log(len(words2)) if numpy.isclose(norm, 0.): # This should only happen when words1 and words2 only have a single word. # Thus, rank can only be 0 or 1. assert rank in (0, 1) return float(rank) else: return rank / norm  @staticmethod def power_method(matrix, epsilon): transposed_matrix = matrix.T sentences_count = len(matrix) p_vector = numpy.array([1.0 / sentences_count] * sentences_count) lambda_val = 1.0  while lambda_val > epsilon: next_p = numpy.dot(transposed_matrix, p_vector) lambda_val = numpy.linalg.norm(numpy.subtract(next_p, p_vector)) p_vector = next_p  return p_vector"}
{"name": "sumy.sumy.summarizers._summarizer.AbstractSummarizer", "code": "class AbstractSummarizer(object): def __init__(self, stemmer=null_stemmer): if not callable(stemmer): raise ValueError(\"Stemmer has to be a callable object\")  self._stemmer = stemmer  def __call__(self, document, sentences_count): raise NotImplementedError(\"This method should be overriden in subclass\")  def stem_word(self, word): return self._stemmer(self.normalize_word(word))  @staticmethod def normalize_word(word): return to_unicode(word).lower()  @staticmethod def _get_best_sentences(sentences, count, rating, *args, **kwargs): rate = rating if isinstance(rating, dict): assert not args and not kwargs rate = lambda s: rating[s]  infos = (SentenceInfo(s, o, rate(s, *args, **kwargs)) for o, s in enumerate(sentences))  # sort sentences by rating in descending order infos = sorted(infos, key=attrgetter(\"rating\"), reverse=True) # get `count` first best rated sentences if not callable(count): count = ItemsCount(count) infos = count(infos) # sort sentences by their order in document infos = sorted(infos, key=attrgetter(\"order\"))  return tuple(i.sentence for i in infos)"}
{"name": "sumy.sumy.summarizers.edmundson.EdmundsonSummarizer", "code": "class EdmundsonSummarizer(AbstractSummarizer): _bonus_words = _EMPTY_SET _stigma_words = _EMPTY_SET _null_words = _EMPTY_SET  def __init__(self, stemmer=null_stemmer, cue_weight=1.0, key_weight=0.0, title_weight=1.0, location_weight=1.0): super(EdmundsonSummarizer, self).__init__(stemmer)  self._ensure_correct_weights(cue_weight, key_weight, title_weight, location_weight)  self._cue_weight = float(cue_weight) self._key_weight = float(key_weight) self._title_weight = float(title_weight) self._location_weight = float(location_weight)  def _ensure_correct_weights(self, *weights): for w in weights: if w < 0.0: raise ValueError(\"Negative weights are not allowed.\")  @property def bonus_words(self): return self._bonus_words  @bonus_words.setter def bonus_words(self, collection): self._bonus_words = frozenset(map(self.stem_word, collection))  @property def stigma_words(self): return self._stigma_words  @stigma_words.setter def stigma_words(self, collection): self._stigma_words = frozenset(map(self.stem_word, collection))  @property def null_words(self): return self._null_words  @null_words.setter def null_words(self, collection): self._null_words = frozenset(map(self.stem_word, collection))  def __call__(self, document, sentences_count): ratings = defaultdict(int)  if self._cue_weight > 0.0: method = self._build_cue_method_instance() ratings = self._update_ratings(ratings, method.rate_sentences(document)) if self._key_weight > 0.0: method = self._build_key_method_instance() ratings = self._update_ratings(ratings, method.rate_sentences(document)) if self._title_weight > 0.0: method = self._build_title_method_instance() ratings = self._update_ratings(ratings, method.rate_sentences(document)) if self._location_weight > 0.0: method = self._build_location_method_instance() ratings = self._update_ratings(ratings, method.rate_sentences(document))  return self._get_best_sentences(document.sentences, sentences_count, ratings)  def _update_ratings(self, ratings, new_ratings): assert len(ratings) == 0 or len(ratings) == len(new_ratings)  for sentence, rating in new_ratings.items(): ratings[sentence] += rating  return ratings  def cue_method(self, document, sentences_count, bonus_word_value=1, stigma_word_value=1): summarization_method = self._build_cue_method_instance() return summarization_method(document, sentences_count, bonus_word_value, stigma_word_value)  def _build_cue_method_instance(self): self.__check_bonus_words() self.__check_stigma_words()  return EdmundsonCueMethod(self._stemmer, self._bonus_words, self._stigma_words)  def key_method(self, document, sentences_count, weight=0.5): summarization_method = self._build_key_method_instance() return summarization_method(document, sentences_count, weight)  def _build_key_method_instance(self): self.__check_bonus_words()  return  EdmundsonKeyMethod(self._stemmer, self._bonus_words)  def title_method(self, document, sentences_count): summarization_method = self._build_title_method_instance() return summarization_method(document, sentences_count)  def _build_title_method_instance(self): self.__check_null_words()  return EdmundsonTitleMethod(self._stemmer, self._null_words)  def location_method(self, document, sentences_count, w_h=1, w_p1=1, w_p2=1, w_s1=1, w_s2=1): summarization_method = self._build_location_method_instance() return summarization_method(document, sentences_count, w_h, w_p1, w_p2, w_s1, w_s2)  def _build_location_method_instance(self): self.__check_null_words()  return EdmundsonLocationMethod(self._stemmer, self._null_words)  def __check_bonus_words(self): if not self._bonus_words: raise ValueError(\"Set of bonus words is empty. Please set attribute 'bonus_words' with collection of words.\")  def __check_stigma_words(self): if not self._stigma_words: raise ValueError(\"Set of stigma words is empty. Please set attribute 'stigma_words' with collection of words.\")  def __check_null_words(self): if not self._null_words: raise ValueError(\"Set of null words is empty. Please set attribute 'null_words' with collection of words.\")"}
{"name": "sumy.sumy.summarizers.reduction.ReductionSummarizer", "code": "class ReductionSummarizer(AbstractSummarizer): \"\"\"Source: https://github.com/adamfabish/Reduction\"\"\"  _stop_words = frozenset()  @property def stop_words(self): return self._stop_words  @stop_words.setter def stop_words(self, words): self._stop_words = frozenset(map(self.normalize_word, words))  def __call__(self, document, sentences_count): ratings = self.rate_sentences(document) return self._get_best_sentences(document.sentences, sentences_count, ratings)  def rate_sentences(self, document): sentences_words = [(s, self._to_words_set(s)) for s in document.sentences] ratings = defaultdict(float)  for (sentence1, words1), (sentence2, words2) in combinations(sentences_words, 2): rank = self._rate_sentences_edge(words1, words2) ratings[sentence1] += rank ratings[sentence2] += rank  return ratings  def _to_words_set(self, sentence): words = map(self.normalize_word, sentence.words) return [self.stem_word(w) for w in words if w not in self._stop_words]  def _rate_sentences_edge(self, words1, words2): rank = 0 for w1 in words1: for w2 in words2: rank += int(w1 == w2)  if rank == 0: return 0.0  assert len(words1) > 0 and len(words2) > 0 norm = math.log(len(words1)) + math.log(len(words2)) return 0.0 if norm == 0.0 else rank / norm"}
{"name": "sumy.sumy.summarizers.edmundson_location.EdmundsonLocationMethod", "code": "class EdmundsonLocationMethod(AbstractSummarizer): def __init__(self, stemmer, null_words): super(EdmundsonLocationMethod, self).__init__(stemmer) self._null_words = null_words  def __call__(self, document, sentences_count, w_h, w_p1, w_p2, w_s1, w_s2): significant_words = self._compute_significant_words(document) ratings = self._rate_sentences(document, significant_words, w_h, w_p1, w_p2, w_s1, w_s2)  return self._get_best_sentences(document.sentences, sentences_count, ratings)  def _compute_significant_words(self, document): headings = document.headings  significant_words = chain(*map(attrgetter(\"words\"), headings)) significant_words = map(self.stem_word, significant_words) significant_words = ffilter(self._is_null_word, significant_words)  return frozenset(significant_words)  def _is_null_word(self, word): return word in self._null_words  def _rate_sentences(self, document, significant_words, w_h, w_p1, w_p2, w_s1, w_s2): rated_sentences = {} paragraphs = document.paragraphs  for paragraph_order, paragraph in enumerate(paragraphs): sentences = paragraph.sentences for sentence_order, sentence in enumerate(sentences): rating = self._rate_sentence(sentence, significant_words) rating *= w_h  if paragraph_order == 0: rating += w_p1 elif paragraph_order == len(paragraphs) - 1: rating += w_p2  if sentence_order == 0: rating += w_s1 elif sentence_order == len(sentences) - 1: rating += w_s2  rated_sentences[sentence] = rating  return rated_sentences  def _rate_sentence(self, sentence, significant_words): words = map(self.stem_word, sentence.words) return sum(w in significant_words for w in words)  def rate_sentences(self, document, w_h=1, w_p1=1, w_p2=1, w_s1=1, w_s2=1): significant_words = self._compute_significant_words(document) return self._rate_sentences(document, significant_words, w_h, w_p1, w_p2, w_s1, w_s2)"}
{"name": "sumy.sumy.summarizers.lex_rank.LexRankSummarizer", "code": "class LexRankSummarizer(AbstractSummarizer): \"\"\" LexRank: Graph-based Centrality as Salience in Text Summarization Source: http://tangra.si.umich.edu/~radev/lexrank/lexrank.pdf \"\"\" threshold = 0.1 epsilon = 0.1 _stop_words = frozenset()  @property def stop_words(self): return self._stop_words  @stop_words.setter def stop_words(self, words): self._stop_words = frozenset(map(self.normalize_word, words))  def __call__(self, document, sentences_count): self._ensure_dependencies_installed()  sentences_words = [self._to_words_set(s) for s in document.sentences] if not sentences_words: return tuple()  tf_metrics = self._compute_tf(sentences_words) idf_metrics = self._compute_idf(sentences_words)  matrix = self._create_matrix(sentences_words, self.threshold, tf_metrics, idf_metrics) scores = self.power_method(matrix, self.epsilon) ratings = dict(zip(document.sentences, scores))  return self._get_best_sentences(document.sentences, sentences_count, ratings)  @staticmethod def _ensure_dependencies_installed(): if numpy is None: raise ValueError(\"LexRank summarizer requires NumPy. Please, install it by command 'pip install numpy'.\")  def _to_words_set(self, sentence): words = map(self.normalize_word, sentence.words) return [self.stem_word(w) for w in words if w not in self._stop_words]  def _compute_tf(self, sentences): tf_values = map(Counter, sentences)  tf_metrics = [] for sentence in tf_values: metrics = {} max_tf = self._find_tf_max(sentence)  for term, tf in sentence.items(): metrics[term] = tf / max_tf  tf_metrics.append(metrics)  return tf_metrics  @staticmethod def _find_tf_max(terms): return max(terms.values()) if terms else 1  @staticmethod def _compute_idf(sentences): idf_metrics = {} sentences_count = len(sentences)  for sentence in sentences: for term in sentence: if term not in idf_metrics: n_j = sum(1 for s in sentences if term in s) idf_metrics[term] = math.log(sentences_count / (1 + n_j))  return idf_metrics  def _create_matrix(self, sentences, threshold, tf_metrics, idf_metrics): \"\"\" Creates matrix of shape |sentences|\u00d7|sentences|. \"\"\" # create matrix |sentences|\u00d7|sentences| filled with zeroes sentences_count = len(sentences) matrix = numpy.zeros((sentences_count, sentences_count)) degrees = numpy.zeros((sentences_count, ))  for row, (sentence1, tf1) in enumerate(zip(sentences, tf_metrics)): for col, (sentence2, tf2) in enumerate(zip(sentences, tf_metrics)): matrix[row, col] = self.cosine_similarity(sentence1, sentence2, tf1, tf2, idf_metrics)  if matrix[row, col] > threshold: matrix[row, col] = 1.0 degrees[row] += 1 else: matrix[row, col] = 0  for row in range(sentences_count): for col in range(sentences_count): if degrees[row] == 0: degrees[row] = 1  matrix[row][col] = matrix[row][col] / degrees[row]  return matrix  @staticmethod def cosine_similarity(sentence1, sentence2, tf1, tf2, idf_metrics): \"\"\" We compute idf-modified-cosine(sentence1, sentence2) here. It's cosine similarity of these two sentences (vectors) A, B computed as cos(x, y) = A . B / (|A| . |B|) Sentences are represented as vector TF*IDF metrics.  :param sentence1: Iterable object where every item represents word of 1st sentence. :param sentence2: Iterable object where every item represents word of 2nd sentence. :type tf1: dict :param tf1: Term frequencies of words from 1st sentence. :type tf2: dict :param tf2: Term frequencies of words from 2nd sentence :type idf_metrics: dict :param idf_metrics: Inverted document metrics of the sentences. Every sentence is treated as document for this algorithm. :rtype: float :return: Returns -1.0 for opposite similarity, 1.0 for the same sentence and zero for no similarity between sentences. \"\"\" unique_words1 = frozenset(sentence1) unique_words2 = frozenset(sentence2) common_words = unique_words1 & unique_words2  numerator = 0.0 for term in common_words: numerator += tf1[term]*tf2[term] * idf_metrics[term]**2  denominator1 = sum((tf1[t]*idf_metrics[t])**2 for t in unique_words1) denominator2 = sum((tf2[t]*idf_metrics[t])**2 for t in unique_words2)  if denominator1 > 0 and denominator2 > 0: return numerator / (math.sqrt(denominator1) * math.sqrt(denominator2)) else: return 0.0  @staticmethod def power_method(matrix, epsilon): transposed_matrix = matrix.T sentences_count = len(matrix) p_vector = numpy.array([1.0 / sentences_count] * sentences_count) lambda_val = 1.0  while lambda_val > epsilon: next_p = numpy.dot(transposed_matrix, p_vector) lambda_val = numpy.linalg.norm(numpy.subtract(next_p, p_vector)) p_vector = next_p  return p_vector"}
{"name": "sumy.sumy.summarizers.edmundson_title.EdmundsonTitleMethod", "code": "class EdmundsonTitleMethod(AbstractSummarizer): def __init__(self, stemmer, null_words): super(EdmundsonTitleMethod, self).__init__(stemmer) self._null_words = null_words  def __call__(self, document, sentences_count): sentences = document.sentences significant_words = self._compute_significant_words(document)  return self._get_best_sentences(sentences, sentences_count, self._rate_sentence, significant_words)  def _compute_significant_words(self, document): heading_words = map(attrgetter(\"words\"), document.headings)  significant_words = chain(*heading_words) significant_words = map(self.stem_word, significant_words) significant_words = ffilter(self._is_null_word, significant_words)  return frozenset(significant_words)  def _is_null_word(self, word): return word in self._null_words  def _rate_sentence(self, sentence, significant_words): words = map(self.stem_word, sentence.words) return sum(w in significant_words for w in words)  def rate_sentences(self, document): significant_words = self._compute_significant_words(document)  rated_sentences = {} for sentence in document.sentences: rated_sentences[sentence] = self._rate_sentence(sentence, significant_words)  return rated_sentences"}
{"name": "sumy.sumy.summarizers.kl.KLSummarizer", "code": "class KLSummarizer(AbstractSummarizer): \"\"\" Method that greedily adds sentences to a summary so long as it decreases the KL Divergence. Source: http://www.aclweb.org/anthology/N09-1041 \"\"\"  stop_words = frozenset()  def __call__(self, document, sentences_count): sentences = document.sentences ratings = self._compute_ratings(sentences)  return self._get_best_sentences(sentences, sentences_count, ratings)  @staticmethod def _get_all_words_in_doc(sentences): return [w for s in sentences for w in s.words]  def _get_content_words_in_sentence(self, sentence): normalized_words = self._normalize_words(sentence.words) normalized_content_words = self._filter_out_stop_words(normalized_words) return normalized_content_words  def _normalize_words(self, words): return [self.normalize_word(w) for w in words]  def _filter_out_stop_words(self, words): return [w for w in words if w not in self.stop_words]  @staticmethod def _compute_word_freq(list_of_words): word_freq = {} for w in list_of_words: word_freq[w] = word_freq.get(w, 0) + 1 return word_freq  def _get_all_content_words_in_doc(self, sentences): all_words = self._get_all_words_in_doc(sentences) content_words = self._filter_out_stop_words(all_words) normalized_content_words = self._normalize_words(content_words) return normalized_content_words  def compute_tf(self, sentences): \"\"\" Computes the normalized term frequency as explained in http://www.tfidf.com/  :type sentences: [sumy.models.dom.Sentence] \"\"\" content_words = self._get_all_content_words_in_doc(sentences) content_words_count = len(content_words) content_words_freq = self._compute_word_freq(content_words) content_word_tf = dict((w, f / content_words_count) for w, f in content_words_freq.items()) return content_word_tf  def _joint_freq(self, word_list_1, word_list_2): # combined length of the word lists total_len = len(word_list_1) + len(word_list_2)  # word frequencies within each list wc1 = self._compute_word_freq(word_list_1) wc2 = self._compute_word_freq(word_list_2)  # inputs the counts from the first list joint = wc1.copy()  # adds in the counts of the second list for k in wc2: if k in joint: joint[k] += wc2[k] else: joint[k] = wc2[k]  # divides total counts by the combined length for k in joint: joint[k] /= float(total_len)  return joint  @staticmethod def _kl_divergence(summary_freq, doc_freq): \"\"\" Note: Could import scipy.stats and use scipy.stats.entropy(doc_freq, summary_freq) but this gives equivalent value without the import \"\"\" sum_val = 0 for w in summary_freq: frequency = doc_freq.get(w) if frequency:  # missing or zero = no frequency sum_val += frequency * math.log(frequency / summary_freq[w])  return sum_val  @staticmethod def _find_index_of_best_sentence(kls): \"\"\" the best sentence is the one with the smallest kl_divergence \"\"\" return kls.index(min(kls))  def _compute_ratings(self, sentences): word_freq = self.compute_tf(sentences) ratings = {} summary = []  # make it a list so that it can be modified sentences_list = list(sentences)  # get all content words once for efficiency sentences_as_words = [self._get_content_words_in_sentence(s) for s in sentences]  # Removes one sentence per iteration by adding to summary while len(sentences_list) > 0: # will store all the kls values for this pass kls = []  # converts summary to word list summary_as_word_list = self._get_all_words_in_doc(summary)  for s in sentences_as_words: # calculates the joint frequency through combining the word lists joint_freq = self._joint_freq(s, summary_as_word_list)  # adds the calculated kl divergence to the list in index = sentence used kls.append(self._kl_divergence(joint_freq, word_freq))  # to consider and then add it into the summary index_to_remove = self._find_index_of_best_sentence(kls) best_sentence = sentences_list.pop(index_to_remove) del sentences_as_words[index_to_remove] summary.append(best_sentence)  # value is the iteration in which it was removed multiplied by -1 so that # the first sentences removed (the most important) have highest values ratings[best_sentence] = -1 * len(ratings)  return ratings"}
{"name": "sumy.sumy.summarizers.edmundson_cue.EdmundsonCueMethod", "code": "class EdmundsonCueMethod(AbstractSummarizer): def __init__(self, stemmer, bonus_words, stigma_words): super(EdmundsonCueMethod, self).__init__(stemmer) self._bonus_words = bonus_words self._stigma_words = stigma_words  def __call__(self, document, sentences_count, bonus_word_weight, stigma_word_weight): return self._get_best_sentences(document.sentences, sentences_count, self._rate_sentence, bonus_word_weight, stigma_word_weight)  def _rate_sentence(self, sentence, bonus_word_weight, stigma_word_weight): # count number of bonus/stigma words in sentence words = map(self.stem_word, sentence.words) bonus_words_count, stigma_words_count = self._count_words(words)  # compute positive & negative rating bonus_rating = bonus_words_count*bonus_word_weight stigma_rating = stigma_words_count*stigma_word_weight  # rating of sentence is (positive - negative) rating return bonus_rating - stigma_rating  def _count_words(self, words): \"\"\" Counts number of bonus/stigma words.  :param iterable words: Collection of words. :returns pair: Tuple with number of words (bonus words, stigma words). \"\"\" bonus_words_count = 0 stigma_words_count = 0  for word in words: if word in self._bonus_words: bonus_words_count +=1 if word in self._stigma_words: stigma_words_count += 1  return bonus_words_count, stigma_words_count  def rate_sentences(self, document, bonus_word_weight=1, stigma_word_weight=1): return {sentence: self._rate_sentence(sentence, bonus_word_weight, stigma_word_weight) for sentence in document.sentences}"}
{"name": "sumy.sumy.summarizers.edmundson_key.EdmundsonKeyMethod", "code": "class EdmundsonKeyMethod(AbstractSummarizer): def __init__(self, stemmer, bonus_words): super(EdmundsonKeyMethod, self).__init__(stemmer) self._bonus_words = bonus_words  def __call__(self, document, sentences_count, weight): significant_words = self._compute_significant_words(document, weight)  return self._get_best_sentences(document.sentences, sentences_count, self._rate_sentence, significant_words)  def _compute_significant_words(self, document, weight): # keep only stems contained in bonus words words = map(self.stem_word, document.words) words = filter(self._is_bonus_word, words)  # compute frequencies of bonus words in document word_counts = Counter(words) word_frequencies = word_counts.values()  # no frequencies means no significant words if not word_frequencies: return ()  # return only words greater than weight max_word_frequency = max(word_frequencies) return tuple(word for word, frequency in word_counts.items() if frequency/max_word_frequency > weight)  def _is_bonus_word(self, word): return word in self._bonus_words  def _rate_sentence(self, sentence, significant_words): words = map(self.stem_word, sentence.words) return sum(w in significant_words for w in words)  def rate_sentences(self, document, weight=0.5): significant_words = self._compute_significant_words(document, weight)  rated_sentences = {} for sentence in document.sentences: rated_sentences[sentence] = self._rate_sentence(sentence, significant_words)  return rated_sentences"}
{"name": "sumy.tests.test_utils.test_compat._build_test_instance.Object", "code": "class Object(object): def __init__(self, value): self.value = value"}
{"name": "sumy.tests.test_utils.test_unicode_compatible_class.O", "code": "class O(object): def __unicode__(self): return UNICODE_STRING"}
