{"name": "TPOT.tpot.builtins.combine_dfs.CombineDFs.__name__", "code": "def __name__(self): \"\"\"Instance name is the same as the class name.\"\"\" return self.__class__.__name__"}
{"name": "TPOT.tpot.builtins.one_hot_encoder.OneHotEncoder.__init__", "code": "def __init__(self, categorical_features='auto', dtype=np.float64, sparse=True, minimum_fraction=None, threshold=10): self.categorical_features = categorical_features self.dtype = dtype self.sparse = sparse self.minimum_fraction = minimum_fraction self.threshold = threshold"}
{"name": "TPOT.tpot.builtins.one_hot_encoder.OneHotEncoder.fit", "code": "def fit(self, X, y=None): \"\"\"Fit OneHotEncoder to X.  Parameters ---------- X : array-like, shape=(n_samples, n_feature) Input array of type int.  Returns ------- self \"\"\" self.fit_transform(X) return self"}
{"name": "TPOT.tpot.builtins.one_hot_encoder.OneHotEncoder._matrix_adjust", "code": "def _matrix_adjust(self, X): \"\"\"Adjust all values in X to encode for NaNs and infinities in the data.  Parameters ---------- X : array-like, shape=(n_samples, n_feature) Input array of type int.  Returns ------- X : array-like, shape=(n_samples, n_feature) Input array without any NaNs or infinities. \"\"\" data_matrix = X.data if sparse.issparse(X) else X  # Shift all values to specially encode for NAN/infinity/OTHER and 0 #   Old value       New Value #   ---------       --------- #   N (0..int_max)  N + 3 #   np.NaN          2 #   infinity        2 #   *other*         1 # # A value of 0 is reserved, as that is specially handled in sparse # matrices. data_matrix += len(SPARSE_ENCODINGS) + 1 data_matrix[~np.isfinite(data_matrix)] = SPARSE_ENCODINGS['NAN']  return X"}
{"name": "TPOT.tpot.builtins.one_hot_encoder.OneHotEncoder._fit_transform", "code": "def _fit_transform(self, X): \"\"\"Assume X contains only categorical features.  Parameters ---------- X : array-like or sparse matrix, shape=(n_samples, n_features) Dense array or sparse matrix. \"\"\" X = self._matrix_adjust(X)  X = check_array( X, accept_sparse='csc', force_all_finite=False, dtype=int )  if X.min() < 0: raise ValueError(\"X needs to contain only non-negative integers.\")  n_samples, n_features = X.shape  # Remember which values should not be replaced by the value 'other' if self.minimum_fraction is not None: do_not_replace_by_other = [] for column in range(X.shape[1]): do_not_replace_by_other.append(list())  if sparse.issparse(X): indptr_start = X.indptr[column] indptr_end = X.indptr[column + 1] unique = np.unique(X.data[indptr_start:indptr_end]) colsize = indptr_end - indptr_start else: unique = np.unique(X[:, column]) colsize = X.shape[0]  for unique_value in unique: if np.isfinite(unique_value): if sparse.issparse(X): indptr_start = X.indptr[column] indptr_end = X.indptr[column + 1] count = np.nansum(unique_value == X.data[indptr_start:indptr_end]) else: count = np.nansum(unique_value == X[:, column]) else: if sparse.issparse(X): indptr_start = X.indptr[column] indptr_end = X.indptr[column + 1] count = np.nansum(~np.isfinite( X.data[indptr_start:indptr_end])) else: count = np.nansum(~np.isfinite(X[:, column]))  fraction = float(count) / colsize if fraction >= self.minimum_fraction: do_not_replace_by_other[-1].append(unique_value)  for unique_value in unique: if unique_value not in do_not_replace_by_other[-1]: if sparse.issparse(X): indptr_start = X.indptr[column] indptr_end = X.indptr[column + 1] X.data[indptr_start:indptr_end][ X.data[indptr_start:indptr_end] == unique_value] = SPARSE_ENCODINGS['OTHER'] else: X[:, column][X[:, column] == unique_value] = SPARSE_ENCODINGS['OTHER']  self.do_not_replace_by_other_ = do_not_replace_by_other  if sparse.issparse(X): n_values = X.max(axis=0).toarray().flatten() + len(SPARSE_ENCODINGS) else: n_values = np.max(X, axis=0) + len(SPARSE_ENCODINGS)  self.n_values_ = n_values n_values = np.hstack([[0], n_values]) indices = np.cumsum(n_values) self.feature_indices_ = indices  if sparse.issparse(X): row_indices = X.indices column_indices = [] for i in range(len(X.indptr) - 1): nbr = X.indptr[i+1] - X.indptr[i] column_indices_ = [indices[i]] * nbr column_indices_ += X.data[X.indptr[i]:X.indptr[i+1]] column_indices.extend(column_indices_) data = np.ones(X.data.size) else: column_indices = (X + indices[:-1]).ravel() row_indices = np.repeat(np.arange(n_samples, dtype=np.int32), n_features) data = np.ones(n_samples * n_features)  out = sparse.coo_matrix((data, (row_indices, column_indices)), shape=(n_samples, indices[-1]), dtype=self.dtype).tocsc()  mask = np.array(out.sum(axis=0)).ravel() != 0 active_features = np.where(mask)[0] out = out[:, active_features] self.active_features_ = active_features return out.tocsr() if self.sparse else out.toarray()"}
{"name": "TPOT.tpot.builtins.one_hot_encoder.OneHotEncoder.fit_transform", "code": "def fit_transform(self, X, y=None): \"\"\"Fit OneHotEncoder to X, then transform X.  Equivalent to self.fit(X).transform(X), but more convenient and more efficient. See fit for the parameters, transform for the return value.  Parameters ---------- X : array-like or sparse matrix, shape=(n_samples, n_features) Dense array or sparse matrix. y: array-like {n_samples,} (Optional, ignored) Feature labels \"\"\"  if self.categorical_features == \"auto\": self.categorical_features_ = auto_select_categorical_features(X, threshold=self.threshold) else: self.categorical_features_ = self.categorical_features  return _transform_selected( X, self._fit_transform, self.categorical_features_, copy=True )"}
{"name": "TPOT.tpot.builtins.one_hot_encoder.OneHotEncoder._transform", "code": "def _transform(self, X): \"\"\"Asssume X contains only categorical features.  Parameters ---------- X : array-like or sparse matrix, shape=(n_samples, n_features) Dense array or sparse matrix. \"\"\" X = self._matrix_adjust(X)  X = check_array(X, accept_sparse='csc', force_all_finite=False, dtype=int) if X.min() < 0: raise ValueError(\"X needs to contain only non-negative integers.\") n_samples, n_features = X.shape  indices = self.feature_indices_ if n_features != indices.shape[0] - 1: raise ValueError(\"X has different shape than during fitting.\" \" Expected %d, got %d.\" % (indices.shape[0] - 1, n_features))  # Replace all indicators which were below `minimum_fraction` in the # training set by 'other' if self.minimum_fraction is not None: for column in range(X.shape[1]): if sparse.issparse(X): indptr_start = X.indptr[column] indptr_end = X.indptr[column + 1] unique = np.unique(X.data[indptr_start:indptr_end]) else: unique = np.unique(X[:, column])  for unique_value in unique: if unique_value not in self.do_not_replace_by_other_[column]: if sparse.issparse(X): indptr_start = X.indptr[column] indptr_end = X.indptr[column + 1] X.data[indptr_start:indptr_end][ X.data[indptr_start:indptr_end] == unique_value] = SPARSE_ENCODINGS['OTHER'] else: X[:, column][X[:, column] == unique_value] = SPARSE_ENCODINGS['OTHER']  if sparse.issparse(X): n_values_check = X.max(axis=0).toarray().flatten() + 1 else: n_values_check = np.max(X, axis=0) + 1  # Replace all indicators which are out of bounds by 'other' (index 0) if (n_values_check > self.n_values_).any(): # raise ValueError(\"Feature out of bounds. Try setting n_values.\") for i, n_value_check in enumerate(n_values_check): if (n_value_check - 1) >= self.n_values_[i]: if sparse.issparse(X): indptr_start = X.indptr[i] indptr_end = X.indptr[i+1] X.data[indptr_start:indptr_end][X.data[indptr_start:indptr_end] >= self.n_values_[i]] = 0 else: X[:, i][X[:, i] >= self.n_values_[i]] = 0  if sparse.issparse(X): row_indices = X.indices column_indices = [] for i in range(len(X.indptr) - 1): nbr = X.indptr[i + 1] - X.indptr[i] column_indices_ = [indices[i]] * nbr column_indices_ += X.data[X.indptr[i]:X.indptr[i + 1]] column_indices.extend(column_indices_) data = np.ones(X.data.size) else: column_indices = (X + indices[:-1]).ravel() row_indices = np.repeat(np.arange(n_samples, dtype=np.int32), n_features) data = np.ones(n_samples * n_features) out = sparse.coo_matrix((data, (row_indices, column_indices)), shape=(n_samples, indices[-1]), dtype=self.dtype).tocsc()  out = out[:, self.active_features_] return out.tocsr() if self.sparse else out.toarray()"}
{"name": "TPOT.tpot.builtins.one_hot_encoder.OneHotEncoder.transform", "code": "def transform(self, X): \"\"\"Transform X using one-hot encoding.  Parameters ---------- X : array-like or sparse matrix, shape=(n_samples, n_features) Dense array or sparse matrix.  Returns ------- X_out : sparse matrix if sparse=True else a 2-d array, dtype=int Transformed input. \"\"\" return _transform_selected( X, self._transform, self.categorical_features_, copy=True )"}
{"name": "TPOT.tpot.builtins.zero_count.ZeroCount.fit", "code": "def fit(self, X, y=None): \"\"\"Dummy function to fit in with the sklearn API.\"\"\" return self"}
{"name": "TPOT.tpot.builtins.zero_count.ZeroCount.transform", "code": "def transform(self, X, y=None): \"\"\"Transform data by adding two virtual features.  Parameters ---------- X: numpy ndarray, {n_samples, n_components} New data, where n_samples is the number of samples and n_components is the number of components. y: None Unused  Returns ------- X_transformed: array-like, shape (n_samples, n_features) The transformed feature set \"\"\" X = check_array(X) n_features = X.shape[1]  X_transformed = np.copy(X)  non_zero_vector = np.count_nonzero(X_transformed, axis=1) non_zero = np.reshape(non_zero_vector, (-1, 1)) zero_col = np.reshape(n_features - non_zero_vector, (-1, 1))  X_transformed = np.hstack((non_zero, X_transformed)) X_transformed = np.hstack((zero_col, X_transformed))  return X_transformed"}
{"name": "TPOT.tpot.builtins.feature_set_selector.FeatureSetSelector.__name__", "code": "def __name__(self): \"\"\"Instance name is the same as the class name.\"\"\" return self.__class__.__name__"}
{"name": "TPOT.tpot.builtins.feature_set_selector.FeatureSetSelector.__init__", "code": "def __init__(self, subset_list, sel_subset): \"\"\"Create a FeatureSetSelector object.  Parameters ---------- subset_list: string, required Path to a file that indicates all the subset lists. Currently, this file needs to be a .csv with one header row. There should be 3 columns on the table, including subset names (Subset), number of features (Size) and features in the subset (Features). The feature names or indexs of input features should be seprated by ';' on the 3rd column of the file. The feature names in the files must match those in the (training and testing) dataset. sel_subset: int or string or list or tuple int: index of subset in subset file string: subset name of subset list or tuple: list of int or string for indexs or subset names Returns ------- None  \"\"\" self.subset_list = subset_list self.sel_subset = sel_subset"}
{"name": "TPOT.tpot.builtins.feature_set_selector.FeatureSetSelector.fit", "code": "def fit(self, X, y=None): \"\"\"Fit FeatureSetSelector for feature selection  Parameters ---------- X: array-like of shape (n_samples, n_features) The training input samples. y: array-like, shape (n_samples,) The target values (integers that correspond to classes in classification, real numbers in regression).  Returns ------- self: object Returns a copy of the estimator \"\"\" subset_df = pd.read_csv(self.subset_list, header=0, index_col=0)  if isinstance(self.sel_subset, int): self.sel_subset_name = subset_df.index[self.sel_subset] elif isinstance(self.sel_subset, str): self.sel_subset_name = self.sel_subset else: # list or tuple self.sel_subset_name = [] for s in self.sel_subset: if isinstance(s, int): self.sel_subset_name.append(subset_df.index[s]) else: self.sel_subset_name.append(s)   sel_features = subset_df.loc[self.sel_subset_name, 'Features'] if not isinstance(sel_features, str): sel_features = \";\".join(sel_features.tolist())  sel_uniq_features = set(sel_features.split(';'))  if isinstance(X, pd.DataFrame): # use columns' names self.feature_names = list(X.columns.values) self.feat_list = sorted(list(set(sel_uniq_features).intersection(set(self.feature_names)))) self.feat_list_idx = [list(X.columns).index(feat_name) for feat_name in self.feat_list] elif isinstance(X, np.ndarray): # use index self.feature_names = list(range(X.shape[1])) sel_uniq_features = [int(val) for val in sel_uniq_features] self.feat_list = sorted(list(set(sel_uniq_features).intersection(set(self.feature_names)))) self.feat_list_idx = self.feat_list  if not len(self.feat_list): raise ValueError('No feature is found on the subset list!') return self"}
{"name": "TPOT.tpot.builtins.feature_set_selector.FeatureSetSelector.transform", "code": "def transform(self, X): \"\"\"Make subset after fit  Parameters ---------- X: numpy ndarray, {n_samples, n_features} New data, where n_samples is the number of samples and n_features is the number of features.  Returns ------- X_transformed: array-like, shape (n_samples, n_features + 1) or (n_samples, n_features + 1 + n_classes) for classifier with predict_proba attribute The transformed feature set. \"\"\" if isinstance(X, pd.DataFrame): X_transformed = X[self.feat_list].values elif isinstance(X, np.ndarray): X_transformed = X[:, self.feat_list_idx]  return X_transformed.astype(np.float64)"}
{"name": "TPOT.tpot.builtins.feature_set_selector.FeatureSetSelector._get_support_mask", "code": "def _get_support_mask(self): \"\"\" Get the boolean mask indicating which features are selected Returns ------- support : boolean array of shape [# input features] An element is True iff its corresponding feature is selected for retention. \"\"\"  n_features = len(self.feature_names) mask = np.zeros(n_features, dtype=bool) mask[np.asarray(self.feat_list_idx)] = True  return mask"}
{"name": "TPOT.tpot.builtins.stacking_estimator.StackingEstimator.__init__", "code": "def __init__(self, estimator): \"\"\"Create a StackingEstimator object.  Parameters ---------- estimator: object with fit, predict, and predict_proba methods. The estimator to generate synthetic features from. \"\"\" self.estimator = estimator"}
{"name": "TPOT.tpot.builtins.stacking_estimator.StackingEstimator.fit", "code": "def fit(self, X, y=None, **fit_params): \"\"\"Fit the StackingEstimator meta-transformer.  Parameters ---------- X: array-like of shape (n_samples, n_features) The training input samples. y: array-like, shape (n_samples,) The target values (integers that correspond to classes in classification, real numbers in regression). fit_params: Other estimator-specific parameters.  Returns ------- self: object Returns a copy of the estimator \"\"\" self.estimator.fit(X, y, **fit_params) return self"}
{"name": "TPOT.tpot.builtins.stacking_estimator.StackingEstimator.transform", "code": "def transform(self, X): \"\"\"Transform data by adding two synthetic feature(s).  Parameters ---------- X: numpy ndarray, {n_samples, n_components} New data, where n_samples is the number of samples and n_components is the number of components.  Returns ------- X_transformed: array-like, shape (n_samples, n_features + 1) or (n_samples, n_features + 1 + n_classes) for classifier with predict_proba attribute The transformed feature set. \"\"\" X = check_array(X) X_transformed = np.copy(X) # add class probabilities as a synthetic feature if is_classifier(self.estimator) and hasattr(self.estimator, 'predict_proba'): y_pred_proba = self.estimator.predict_proba(X) # check all values that should be not infinity or not NAN if np.all(np.isfinite(y_pred_proba)): X_transformed = np.hstack((y_pred_proba, X))  # add class prediction as a synthetic feature X_transformed = np.hstack((np.reshape(self.estimator.predict(X), (-1, 1)), X_transformed)) return X_transformed"}
{"name": "TPOT.tpot.builtins.nn.PytorchEstimator.fit", "code": "def fit(self, X, y): # pragma: no cover pass"}
{"name": "TPOT.tpot.builtins.nn.PytorchEstimator.transform", "code": "def transform(self, X): # pragma: no cover pass"}
{"name": "TPOT.tpot.builtins.nn.PytorchEstimator.predict", "code": "def predict(self, X): return self.transform(X)"}
{"name": "TPOT.tpot.builtins.nn.PytorchEstimator.fit_transform", "code": "def fit_transform(self, X, y): self.fit(X, y) return self.transform(X)"}
{"name": "TPOT.tpot.builtins.nn.PytorchEstimator.set_params", "code": "def set_params(self, **parameters): for parameter, value in parameters.items(): setattr(self, parameter, value) return self"}
{"name": "TPOT.tpot.builtins.nn.PytorchClassifier._init_model", "code": "def _init_model(self, X, y): # pragma: no cover pass"}
{"name": "TPOT.tpot.builtins.nn.PytorchClassifier.fit", "code": "def fit(self, X, y): \"\"\"Generalizable method for fitting a PyTorch estimator to a training set.  Parameters ---------- X : array-like of shape (n_samples, n_features) Training vector, where n_samples is the number of samples and n_features is the number of features. y : array-like of shape (n_samples,) Target vector relative to X.  Returns ------- self Fitted estimator. \"\"\" # pylint: disable=no-member  self._init_model(X, y)  assert _pytorch_model_is_fully_initialized(self)  for epoch in range(self.num_epochs): for i, (samples, labels) in enumerate(self.data_loader): samples = samples.to(self.device) labels = labels.to(self.device)  self.optimizer.zero_grad() outputs = self.network(samples)  loss = self.loss_function(outputs, labels) loss.backward() self.optimizer.step()  if self.verbose and ((i + 1) % 100 == 0): print( \"Epoch: [%d/%d], Step: [%d/%d], Loss: %.4f\" % ( epoch + 1, self.num_epochs, i + 1, self.train_dset_len // self.batch_size, loss.item(), ) )  # pylint: disable=attribute-defined-outside-init self.is_fitted_ = True return self"}
{"name": "TPOT.tpot.builtins.nn.PytorchClassifier.validate_inputs", "code": "def validate_inputs(self, X, y): # Things we don't want to allow until we've tested them: # - Sparse inputs # - Multiclass outputs (e.g., more than 2 classes in `y`) # - Non-finite inputs # - Complex inputs  X, y = check_X_y(X, y, accept_sparse=False, allow_nd=False)  # Throw a ValueError if X or y contains NaN or infinity. assert_all_finite(X) assert_all_finite(y)  if type_of_target(y) != 'binary': raise ValueError(\"Non-binary targets not supported\")  if np.any(np.iscomplex(X)) or np.any(np.iscomplex(y)): raise ValueError(\"Complex data not supported\") if np.issubdtype(X.dtype, np.object_) or np.issubdtype(y.dtype, np.object_): try: X = X.astype(float) y = y.astype(int) except (TypeError, ValueError): raise ValueError(\"argument must be a string.* number\")  return (X, y)"}
{"name": "TPOT.tpot.builtins.nn.PytorchClassifier.predict", "code": "def predict(self, X): # pylint: disable=no-member  X = check_array(X, accept_sparse=True) check_is_fitted(self, 'is_fitted_')  X = torch.tensor(X, dtype=torch.float32).to(self.device) predictions = np.empty(len(X), dtype=int) for i, rows in enumerate(X): rows = Variable(rows.view(-1, self.input_size)) outputs = self.network(rows)  _, predicted = torch.max(outputs.data, 1) predictions[i] = int(predicted) return predictions.reshape(-1, 1)"}
{"name": "TPOT.tpot.builtins.nn.PytorchClassifier.transform", "code": "def transform(self, X): return self.predict(X)"}
{"name": "TPOT.tpot.builtins.nn._LR.__init__", "code": "def __init__(self, input_size, num_classes): super(_LR, self).__init__() self.linear = nn.Linear(input_size, num_classes)"}
{"name": "TPOT.tpot.builtins.nn._LR.forward", "code": "def forward(self, x): out = self.linear(x) return out"}
{"name": "TPOT.tpot.builtins.nn._MLP.__init__", "code": "def __init__(self, input_size, num_classes): super(_MLP, self).__init__()  self.hidden_size = round((input_size+num_classes)/2)  self.fc1 = nn.Linear(input_size, self.hidden_size) self.relu = nn.Tanh() self.fc2 = nn.Linear(self.hidden_size, num_classes)"}
{"name": "TPOT.tpot.builtins.nn._MLP.forward", "code": "def forward(self, x): hidden = self.fc1(x) r1 = self.relu(hidden) out = self.fc2(r1) return out"}
{"name": "TPOT.tpot.builtins.nn.PytorchLRClassifier.__init__", "code": "def __init__( self, num_epochs=10, batch_size=16, learning_rate=0.02, weight_decay=1e-4, verbose=False ): self.num_epochs = num_epochs self.batch_size = batch_size self.learning_rate = learning_rate self.weight_decay = weight_decay self.verbose = verbose  self.input_size = None self.num_classes = None self.network = None self.loss_function = None self.optimizer = None self.data_loader = None self.train_dset_len = None self.device = None"}
{"name": "TPOT.tpot.builtins.nn.PytorchLRClassifier._init_model", "code": "def _init_model(self, X, y): device = _get_cuda_device_if_available()  X, y = self.validate_inputs(X, y)  self.input_size = X.shape[-1] self.num_classes = len(set(y))  X = torch.tensor(X, dtype=torch.float32) y = torch.tensor(y, dtype=torch.long)  train_dset = TensorDataset(X, y)  # Set parameters of the network self.network = _LR(self.input_size, self.num_classes).to(device) self.loss_function = nn.CrossEntropyLoss() self.optimizer = Adam(self.network.parameters(), lr=self.learning_rate, weight_decay=self.weight_decay) self.data_loader = DataLoader( train_dset, batch_size=self.batch_size, shuffle=True, num_workers=2 ) self.train_dset_len = len(train_dset) self.device = device"}
{"name": "TPOT.tpot.builtins.nn.PytorchLRClassifier._more_tags", "code": "def _more_tags(self): return {'non_deterministic': True, 'binary_only': True}"}
{"name": "TPOT.tpot.builtins.nn.PytorchMLPClassifier.__init__", "code": "def __init__( self, num_epochs=10, batch_size=8, learning_rate=0.01, weight_decay=0, verbose=False ): self.num_epochs = num_epochs self.batch_size = batch_size self.learning_rate = learning_rate self.weight_decay = weight_decay self.verbose = verbose  self.input_size = None self.num_classes = None self.network = None self.loss_function = None self.optimizer = None self.data_loader = None self.train_dset_len = None self.device = None"}
{"name": "TPOT.tpot.builtins.nn.PytorchMLPClassifier._init_model", "code": "def _init_model(self, X, y): device = _get_cuda_device_if_available()  X, y = self.validate_inputs(X, y)  self.input_size = X.shape[-1] self.num_classes = len(set(y))  X = torch.tensor(X, dtype=torch.float32) y = torch.tensor(y, dtype=torch.long)  train_dset = TensorDataset(X, y)  # Set parameters of the network self.network = _MLP(self.input_size, self.num_classes).to(device) self.loss_function = nn.CrossEntropyLoss() self.optimizer = Adam(self.network.parameters(), lr=self.learning_rate, weight_decay=self.weight_decay) self.data_loader = DataLoader( train_dset, batch_size=self.batch_size, shuffle=True, num_workers=2 ) self.train_dset_len = len(train_dset) self.device = device"}
{"name": "TPOT.tpot.builtins.nn.PytorchMLPClassifier._more_tags", "code": "def _more_tags(self): return {'non_deterministic': True, 'binary_only': True}"}
{"name": "TPOT.tpot.builtins.feature_transformers.CategoricalSelector.__init__", "code": "def __init__(self, threshold=10, minimum_fraction=None): \"\"\"Create a CategoricalSelector object.\"\"\" self.threshold = threshold self.minimum_fraction = minimum_fraction"}
{"name": "TPOT.tpot.builtins.feature_transformers.CategoricalSelector.fit", "code": "def fit(self, X, y=None): \"\"\"Do nothing and return the estimator unchanged This method is just there to implement the usual API and hence work in pipelines. Parameters ---------- X : array-like \"\"\" X = check_array(X, accept_sparse='csr') return self"}
{"name": "TPOT.tpot.builtins.feature_transformers.CategoricalSelector.transform", "code": "def transform(self, X): \"\"\"Select categorical features and transform them using OneHotEncoder.  Parameters ---------- X: numpy ndarray, {n_samples, n_components} New data, where n_samples is the number of samples and n_components is the number of components.  Returns ------- array-like, {n_samples, n_components} \"\"\" selected = auto_select_categorical_features(X, threshold=self.threshold) X_sel, _, n_selected, _ = _X_selected(X, selected)  if n_selected == 0: # No features selected. raise ValueError('No categorical feature was found!') else: ohe = OneHotEncoder(categorical_features='all', sparse=False, minimum_fraction=self.minimum_fraction) return ohe.fit_transform(X_sel)"}
{"name": "TPOT.tpot.builtins.feature_transformers.ContinuousSelector.__init__", "code": "def __init__(self, threshold=10, svd_solver='randomized' ,iterated_power='auto', random_state=42): \"\"\"Create a ContinuousSelector object.\"\"\" self.threshold = threshold self.svd_solver = svd_solver self.iterated_power = iterated_power self.random_state = random_state"}
{"name": "TPOT.tpot.builtins.feature_transformers.ContinuousSelector.fit", "code": "def fit(self, X, y=None): \"\"\"Do nothing and return the estimator unchanged This method is just there to implement the usual API and hence work in pipelines. Parameters ---------- X : array-like \"\"\" X = check_array(X) return self"}
{"name": "TPOT.tpot.builtins.feature_transformers.ContinuousSelector.transform", "code": "def transform(self, X): \"\"\"Select continuous features and transform them using PCA.  Parameters ---------- X: numpy ndarray, {n_samples, n_components} New data, where n_samples is the number of samples and n_components is the number of components.  Returns ------- array-like, {n_samples, n_components} \"\"\" selected = auto_select_categorical_features(X, threshold=self.threshold) _, X_sel, n_selected, _ = _X_selected(X, selected)  if n_selected == 0: # No features selected. raise ValueError('No continuous feature was found!') else: pca = PCA(svd_solver=self.svd_solver, iterated_power=self.iterated_power, random_state=self.random_state) return pca.fit_transform(X_sel)"}
{"name": "TPOT.tpot.tpot.TPOTClassifier._init_pretest", "code": "def _init_pretest(self, features, target): \"\"\"Set the sample of data used to verify pipelines work with the passed data set.  This is not intend for anything other than perfunctory dataset pipeline compatibility testing \"\"\" num_unique_target = len(np.unique(target)) # make sure train_size is at least num_unique_target train_size=max(min(50,int(0.9*features.shape[0])), num_unique_target)  self.pretest_X, _, self.pretest_y, _ = \\ train_test_split( features, target, random_state=self.random_state, test_size=None, train_size=train_size ) #Make sure there is a least one example from each class #for this evaluative test sample if not np.array_equal(np.unique(target), np.unique(self.pretest_y)): unique_target_idx = np.unique(target,return_index=True)[1] self.pretest_y[0:unique_target_idx.shape[0]] = \\ _safe_indexing(target, unique_target_idx)"}
{"name": "TPOT.tpot.tpot.TPOTRegressor._init_pretest", "code": "def _init_pretest(self, features, target): \"\"\"Set the sample of data used to verify pipelines work with the passed data set.  \"\"\" self.pretest_X, _, self.pretest_y, _ = \\ train_test_split( features, target, random_state=self.random_state, test_size=None, train_size=min(50,int(0.9*features.shape[0])) )"}
{"name": "TPOT.tpot.base.TPOTBase.__init__", "code": "def __init__( self, generations=100, population_size=100, offspring_size=None, mutation_rate=0.9, crossover_rate=0.1, scoring=None, cv=5, subsample=1.0, n_jobs=1, max_time_mins=None, max_eval_time_mins=5, random_state=None, config_dict=None, template=None, warm_start=False, memory=None, use_dask=False, periodic_checkpoint_folder=None, early_stop=None, verbosity=0, disable_update_check=False, log_file=None, ): \"\"\"Set up the genetic programming algorithm for pipeline optimization.  Parameters ---------- generations: int or None, optional (default: 100) Number of iterations to the run pipeline optimization process. It must be a positive number or None. If None, the parameter max_time_mins must be defined as the runtime limit. Generally, TPOT will work better when you give it more generations (and therefore time) to optimize the pipeline. TPOT will evaluate POPULATION_SIZE + GENERATIONS x OFFSPRING_SIZE pipelines in total. population_size: int, optional (default: 100) Number of individuals to retain in the GP population every generation. Generally, TPOT will work better when you give it more individuals (and therefore time) to optimize the pipeline. TPOT will evaluate POPULATION_SIZE + GENERATIONS x OFFSPRING_SIZE pipelines in total. offspring_size: int, optional (default: None) Number of offspring to produce in each GP generation. By default, offspring_size = population_size. mutation_rate: float, optional (default: 0.9) Mutation rate for the genetic programming algorithm in the range [0.0, 1.0]. This parameter tells the GP algorithm how many pipelines to apply random changes to every generation. We recommend using the default parameter unless you understand how the mutation rate affects GP algorithms. crossover_rate: float, optional (default: 0.1) Crossover rate for the genetic programming algorithm in the range [0.0, 1.0]. This parameter tells the genetic programming algorithm how many pipelines to \"breed\" every generation. We recommend using the default parameter unless you understand how the mutation rate affects GP algorithms. scoring: string or callable, optional Function used to evaluate the quality of a given pipeline for the problem. By default, accuracy is used for classification problems and mean squared error (MSE) for regression problems.  Offers the same options as sklearn.model_selection.cross_val_score as well as a built-in score 'balanced_accuracy'. Classification metrics:  ['accuracy', 'adjusted_rand_score', 'average_precision', 'balanced_accuracy', 'f1', 'f1_macro', 'f1_micro', 'f1_samples', 'f1_weighted', 'precision', 'precision_macro', 'precision_micro', 'precision_samples', 'precision_weighted', 'recall', 'recall_macro', 'recall_micro', 'recall_samples', 'recall_weighted', 'roc_auc']  Regression metrics:  ['neg_median_absolute_error', 'neg_mean_absolute_error', 'neg_mean_squared_error', 'r2'] cv: int or cross-validation generator, optional (default: 5) If CV is a number, then it is the number of folds to evaluate each pipeline over in k-fold cross-validation during the TPOT optimization process. If it is an object then it is an object to be used as a cross-validation generator. subsample: float, optional (default: 1.0) Subsample ratio of the training instance. Setting it to 0.5 means that TPOT randomly collects half of training samples for pipeline optimization process. n_jobs: int, optional (default: 1) Number of CPUs for evaluating pipelines in parallel during the TPOT optimization process. Assigning this to -1 will use as many cores as available on the computer. For n_jobs below -1, (n_cpus + 1 + n_jobs) are used. Thus for n_jobs = -2, all CPUs but one are used. max_time_mins: int, optional (default: None) How many minutes TPOT has to optimize the pipeline. If not None, this setting will allow TPOT to run until max_time_mins minutes elapsed and then stop. TPOT will stop earlier if generationsis set and all generations are already evaluated. max_eval_time_mins: float, optional (default: 5) How many minutes TPOT has to optimize a single pipeline. Setting this parameter to higher values will allow TPOT to explore more complex pipelines, but will also allow TPOT to run longer. random_state: int, optional (default: None) Random number generator seed for TPOT. Use this parameter to make sure that TPOT will give you the same results each time you run it against the same data set with that seed. config_dict: a Python dictionary or string, optional (default: None) Python dictionary: A dictionary customizing the operators and parameters that TPOT uses in the optimization process. For examples, see config_regressor.py and config_classifier.py Path for configuration file: A path to a configuration file for customizing the operators and parameters that TPOT uses in the optimization process. For examples, see config_regressor.py and config_classifier.py String 'TPOT light': TPOT uses a light version of operator configuration dictionary instead of the default one. String 'TPOT MDR': TPOT uses a list of TPOT-MDR operator configuration dictionary instead of the default one. String 'TPOT sparse': TPOT uses a configuration dictionary with a one-hot-encoder and the operators normally included in TPOT that also support sparse matrices. String 'TPOT NN': TPOT uses a configuration dictionary for PyTorch neural network classifiers included in `tpot.nn`. template: string (default: None) Template of predefined pipeline structure. The option is for specifying a desired structure for the machine learning pipeline evaluated in TPOT. So far this option only supports linear pipeline structure. Each step in the pipeline should be a main class of operators (Selector, Transformer, Classifier or Regressor) or a specific operator (e.g. SelectPercentile) defined in TPOT operator configuration. If one step is a main class, TPOT will randomly assign all subclass operators (subclasses of SelectorMixin, TransformerMixin, ClassifierMixin or RegressorMixin in scikit-learn) to that step. Steps in the template are delimited by \"-\", e.g. \"SelectPercentile-Transformer-Classifier\". By default value of template is None, TPOT generates tree-based pipeline randomly. warm_start: bool, optional (default: False) Flag indicating whether the TPOT instance will reuse the population from previous calls to fit(). memory: a Memory object or string, optional (default: None) If supplied, pipeline will cache each transformer after calling fit. This feature is used to avoid computing the fit transformers within a pipeline if the parameters and input data are identical with another fitted pipeline during optimization process. String 'auto': TPOT uses memory caching with a temporary directory and cleans it up upon shutdown. String path of a caching directory TPOT uses memory caching with the provided directory and TPOT does NOT clean the caching directory up upon shutdown. If the directory does not exist, TPOT will create it. Memory object: TPOT uses the instance of joblib.Memory for memory caching, and TPOT does NOT clean the caching directory up upon shutdown. None: TPOT does not use memory caching. use_dask: boolean, default False Whether to use Dask-ML's pipeline optimizations. This avoid re-fitting the same estimator on the same split of data multiple times. It will also provide more detailed diagnostics when using Dask's distributed scheduler.  See `avoid repeated work <https://dask-ml.readthedocs.io/en/latest/hyper-parameter-search.html#avoid-repeated-work>`__ for more details. periodic_checkpoint_folder: path string, optional (default: None) If supplied, a folder in which tpot will periodically save pipelines in pareto front so far while optimizing. Currently once per generation but not more often than once per 30 seconds. Useful in multiple cases: Sudden death before tpot could save optimized pipeline Track its progress Grab pipelines while it's still optimizing early_stop: int or None (default: None) How many generations TPOT checks whether there is no improvement in optimization process. End optimization process if there is no improvement in the set number of generations. verbosity: int, optional (default: 0) How much information TPOT communicates while it's running. 0 = none, 1 = minimal, 2 = high, 3 = all. A setting of 2 or higher will add a progress bar during the optimization procedure. disable_update_check: bool, optional (default: False) Flag indicating whether the TPOT version checker should be disabled. log_file: string, io.TextIOWrapper or io.StringIO, optional (defaul: sys.stdout) Save progress content to a file.  Returns ------- None  \"\"\" if self.__class__.__name__ == \"TPOTBase\": raise RuntimeError( \"Do not instantiate the TPOTBase class directly; use TPOTRegressor or TPOTClassifier instead.\" )  self.population_size = population_size self.offspring_size = offspring_size self.generations = generations self.mutation_rate = mutation_rate self.crossover_rate = crossover_rate self.scoring = scoring self.cv = cv self.subsample = subsample self.n_jobs = n_jobs self.max_time_mins = max_time_mins self.max_eval_time_mins = max_eval_time_mins self.periodic_checkpoint_folder = periodic_checkpoint_folder self.early_stop = early_stop self.config_dict = config_dict self.template = template self.warm_start = warm_start self.memory = memory self.use_dask = use_dask self.verbosity = verbosity self.disable_update_check = disable_update_check self.random_state = random_state self.log_file = log_file"}
{"name": "TPOT.tpot.base.TPOTBase._setup_template", "code": "def _setup_template(self, template): self.template = template if self.template is None: self._min = 1 self._max = 3 else: self._template_comp = template.split(\"-\") self._min = 0 self._max = 1 for comp in self._template_comp: if comp == \"CombineDFs\": self._max += 2 self._min += 1 else: self._max += 1 self._min += 1 if self._max - self._min == 1: self.tree_structure = False else: self.tree_structure = True"}
{"name": "TPOT.tpot.base.TPOTBase._setup_scoring_function", "code": "def _setup_scoring_function(self, scoring): if scoring: if isinstance(scoring, str): if scoring not in SCORERS: raise ValueError( \"The scoring function {} is not available. Please \" \"choose a valid scoring function from the TPOT \" \"documentation.\".format(scoring) ) self.scoring_function = scoring elif callable(scoring): # Heuristic to ensure user has not passed a metric module = getattr(scoring, \"__module__\", None) args_list = inspect.getfullargspec(scoring)[0] if args_list == [\"y_true\", \"y_pred\"] or ( hasattr(module, \"startswith\") and ( module.startswith(\"sklearn.metrics.\") or module.startswith(\"tpot.metrics\") ) and not module.startswith(\"sklearn.metrics._scorer\") and not module.startswith(\"sklearn.metrics.tests.\") ): raise ValueError( \"Scoring function {} looks like it is a metric function \" \"rather than a scikit-learn scorer. This scoring type was removed in version 0.11. \" \"Please update your custom scoring function.\".format(scoring) ) else: self.scoring_function = scoring"}
{"name": "TPOT.tpot.base.TPOTBase._setup_config", "code": "def _setup_config(self, config_dict): if config_dict: if isinstance(config_dict, dict): self._config_dict = config_dict elif config_dict == \"TPOT light\": if self.classification: self._config_dict = classifier_config_dict_light else: self._config_dict = regressor_config_dict_light elif config_dict == \"TPOT MDR\": if self.classification: self._config_dict = tpot_mdr_classifier_config_dict else: self._config_dict = tpot_mdr_regressor_config_dict elif config_dict == \"TPOT sparse\": if self.classification: self._config_dict = classifier_config_sparse else: self._config_dict = regressor_config_sparse elif config_dict == \"TPOT NN\": self._config_dict = classifier_config_nn elif config_dict == \"TPOT cuML\": if not _has_cuml(): raise ValueError( \"The GPU machine learning library cuML is not \" \"available. To use cuML, please install cuML via conda.\" ) elif self.classification: self._config_dict = classifier_config_cuml else: self._config_dict = regressor_config_cuml else: config = self._read_config_file(config_dict) if hasattr(config, \"tpot_config\"): self._config_dict = config.tpot_config else: raise ValueError( 'Could not find \"tpot_config\" in configuration file {}. ' \"When using a custom config file for customizing operators \" \"dictionary, the file must have a python dictionary with \" 'the standardized name of \"tpot_config\"'.format(config_dict) ) else: self._config_dict = self.default_config_dict"}
{"name": "TPOT.tpot.base.TPOTBase._read_config_file", "code": "def _read_config_file(self, config_path): if os.path.isfile(config_path): try: custom_config = imp.new_module(\"custom_config\")  with open(config_path, \"r\") as config_file: file_string = config_file.read() exec(file_string, custom_config.__dict__) return custom_config except Exception as e: raise ValueError( \"An error occured while attempting to read the specified \" \"custom TPOT operator configuration file: {}\".format(e) ) else: raise ValueError( \"Could not open specified TPOT operator config file: \" \"{}\".format(config_path) )"}
{"name": "TPOT.tpot.base.TPOTBase._setup_pset", "code": "def _setup_pset(self): if self.random_state is not None: random.seed(self.random_state) np.random.seed(self.random_state)  self._pset = gp.PrimitiveSetTyped(\"MAIN\", [np.ndarray], Output_Array) self._pset.renameArguments(ARG0=\"input_matrix\") self._add_operators()  if self.verbosity > 2: print( \"{} operators have been imported by TPOT.\".format(len(self.operators)) )"}
{"name": "TPOT.tpot.base.TPOTBase._add_operators", "code": "def _add_operators(self): main_type = [\"Classifier\", \"Regressor\", \"Selector\", \"Transformer\"] ret_types = [] self.op_list = [] if self.template == None:  # default pipeline structure step_in_type = np.ndarray step_ret_type = Output_Array for operator in self.operators: arg_types = operator.parameter_types()[0][1:] p_types = ([step_in_type] + arg_types, step_ret_type) if operator.root: # We need to add rooted primitives twice so that they can # return both an Output_Array (and thus be the root of the tree), # and return a np.ndarray so they can exist elsewhere in the tree. self._pset.addPrimitive(operator, *p_types) tree_p_types = ([step_in_type] + arg_types, step_in_type) self._pset.addPrimitive(operator, *tree_p_types) self._import_hash_and_add_terminals(operator, arg_types) self._pset.addPrimitive( CombineDFs(), [step_in_type, step_in_type], step_in_type ) else: gp_types = {} for idx, step in enumerate(self._template_comp):  # input class in each step if idx: step_in_type = ret_types[-1] else: step_in_type = np.ndarray if step != \"CombineDFs\": if idx < len(self._template_comp) - 1: # create an empty for returning class for strongly-type GP step_ret_type_name = \"Ret_{}\".format(idx) step_ret_type = type(step_ret_type_name, (object,), {}) ret_types.append(step_ret_type) else: step_ret_type = Output_Array check_template = True if step == \"CombineDFs\": self._pset.addPrimitive( CombineDFs(), [step_in_type, step_in_type], step_in_type ) elif main_type.count(step):  # if the step is a main type ops = [op for op in self.operators if op.type() == step] for operator in ops: arg_types = operator.parameter_types()[0][1:] p_types = ([step_in_type] + arg_types, step_ret_type) self._pset.addPrimitive(operator, *p_types) self._import_hash_and_add_terminals(operator, arg_types) else:  # is the step is a specific operator or a wrong input try: operator = next( op for op in self.operators if op.__name__ == step ) except: raise ValueError( \"An error occured while attempting to read the specified \" \"template. Please check a step named {}\".format(step) ) arg_types = operator.parameter_types()[0][1:] p_types = ([step_in_type] + arg_types, step_ret_type) self._pset.addPrimitive(operator, *p_types) self._import_hash_and_add_terminals(operator, arg_types) self.ret_types = [np.ndarray, Output_Array] + ret_types"}
{"name": "TPOT.tpot.base.TPOTBase._import_hash_and_add_terminals", "code": "def _import_hash_and_add_terminals(self, operator, arg_types): if not self.op_list.count(operator.__name__): self._import_hash(operator) self._add_terminals(arg_types) self.op_list.append(operator.__name__)"}
{"name": "TPOT.tpot.base.TPOTBase._import_hash", "code": "def _import_hash(self, operator): # Import required modules into local namespace so that pipelines # may be evaluated directly for key in sorted(operator.import_hash.keys()): module_list = \", \".join(sorted(operator.import_hash[key]))  if key.startswith(\"tpot.\"): exec(\"from {} import {}\".format(key[4:], module_list)) else: exec(\"from {} import {}\".format(key, module_list))  for var in operator.import_hash[key]: self.operators_context[var] = eval(var)"}
{"name": "TPOT.tpot.base.TPOTBase._add_terminals", "code": "def _add_terminals(self, arg_types): for _type in arg_types: type_values = list(_type.values)  for val in type_values: terminal_name = _type.__name__ + \"=\" + str(val) self._pset.addTerminal(val, _type, name=terminal_name)"}
{"name": "TPOT.tpot.base.TPOTBase._setup_toolbox", "code": "def _setup_toolbox(self): with warnings.catch_warnings(): warnings.simplefilter(\"ignore\") creator.create(\"FitnessMulti\", base.Fitness, weights=(-1.0, 1.0)) creator.create( \"Individual\", gp.PrimitiveTree, fitness=creator.FitnessMulti, statistics=dict, )  self._toolbox = base.Toolbox() self._toolbox.register( \"expr\", self._gen_grow_safe, pset=self._pset, min_=self._min, max_=self._max ) self._toolbox.register( \"individual\", tools.initIterate, creator.Individual, self._toolbox.expr ) self._toolbox.register( \"population\", tools.initRepeat, list, self._toolbox.individual ) self._toolbox.register(\"compile\", self._compile_to_sklearn) self._toolbox.register(\"select\", tools.selNSGA2) self._toolbox.register(\"mate\", self._mate_operator) if self.tree_structure: self._toolbox.register( \"expr_mut\", self._gen_grow_safe, min_=self._min, max_=self._max + 1 ) else: self._toolbox.register( \"expr_mut\", self._gen_grow_safe, min_=self._min, max_=self._max ) self._toolbox.register(\"mutate\", self._random_mutation_operator)"}
{"name": "TPOT.tpot.base.TPOTBase._get_make_pipeline_func", "code": "def _get_make_pipeline_func(self): imblearn_used = np.any([k.count(\"imblearn\") for k in self._config_dict.keys()])  if imblearn_used == True: assert make_imblearn_pipeline is not None, \"You must install `imblearn`\" make_pipeline_func = make_imblearn_pipeline else: make_pipeline_func = make_pipeline  return make_pipeline_func"}
{"name": "TPOT.tpot.base.TPOTBase._fit_init", "code": "def _fit_init(self): # initialization for fit function  if not self.warm_start or not hasattr(self, \"_pareto_front\"): self._pop = [] self._pareto_front = None self._last_optimized_pareto_front = None self._last_optimized_pareto_front_n_gens = 0 self._setup_config(self.config_dict)  self._setup_template(self.template)  self.operators = [] self.arguments = []  make_pipeline_func = self._get_make_pipeline_func()  for key in sorted(self._config_dict.keys()): op_class, arg_types = TPOTOperatorClassFactory( key, self._config_dict[key], BaseClass=Operator, ArgBaseClass=ARGType, verbose=self.verbosity, ) if op_class: self.operators.append(op_class) self.arguments += arg_types self.operators_context = { \"make_pipeline\": make_pipeline_func, \"make_union\": make_union, \"StackingEstimator\": StackingEstimator, \"FunctionTransformer\": FunctionTransformer, \"copy\": copy, } self._setup_pset() self._setup_toolbox() # Dictionary of individuals that have already been evaluated in previous # generations or previous runs self.evaluated_individuals_ = {}  self._optimized_pipeline = None self._optimized_pipeline_score = None self._exported_pipeline_text = [] self.fitted_pipeline_ = None self._fitted_imputer = None self._imputed = False self._memory = None  # initial Memory setting for sklearn pipeline  # dont save periodic pipelines more often than this self._output_best_pipeline_period_seconds = 30  # Try crossover and mutation at most this many times for # any one given individual (or pair of individuals) self._max_mut_loops = 50  if self.max_time_mins is None and self.generations is None: raise ValueError( \"Either the parameter generations should bet set or a maximum evaluation time should be defined via max_time_mins\" )  # Schedule TPOT to run for many generations if the user specifies a # run-time limit TPOT will automatically interrupt itself when the timer runs out if self.max_time_mins is not None and self.generations is None: self.generations = 1000000  # Prompt the user if their version is out of date if not self.disable_update_check: update_check(\"tpot\", __version__)  if self.mutation_rate + self.crossover_rate > 1: raise ValueError( \"The sum of the crossover and mutation probabilities must be <= 1.0.\" )  self._pbar = None  if not self.log_file: self.log_file_ = sys.stdout elif isinstance(self.log_file, str): self.log_file_ = open(self.log_file, \"w\") else: self.log_file_ = self.log_file  self._setup_scoring_function(self.scoring)  if self.subsample <= 0.0 or self.subsample > 1.0: raise ValueError( \"The subsample ratio of the training instance must be in the range (0.0, 1.0].\" )  if self.n_jobs == 0: raise ValueError(\"The value 0 of n_jobs is invalid.\") elif self.n_jobs < 0: self._n_jobs = cpu_count() + 1 + self.n_jobs else: self._n_jobs = self.n_jobs"}
{"name": "TPOT.tpot.base.TPOTBase._init_pretest", "code": "def _init_pretest(self, features, target): \"\"\"Set the sample of data used to verify pipelines work with the passed data set.  \"\"\" raise ValueError(\"Use TPOTClassifier or TPOTRegressor\")"}
{"name": "TPOT.tpot.base.TPOTBase.fit", "code": "def fit(self, features, target, sample_weight=None, groups=None): \"\"\"Fit an optimized machine learning pipeline.  Uses genetic programming to optimize a machine learning pipeline that maximizes score on the provided features and target. Performs internal k-fold cross-validaton to avoid overfitting on the provided data. The best pipeline is then trained on the entire set of provided samples.  Parameters ---------- features: array-like {n_samples, n_features} Feature matrix  TPOT and all scikit-learn algorithms assume that the features will be numerical and there will be no missing values. As such, when a feature matrix is provided to TPOT, all missing values will automatically be replaced (i.e., imputed) using median value imputation.  If you wish to use a different imputation strategy than median imputation, please make sure to apply imputation to your feature set prior to passing it to TPOT. target: array-like {n_samples} List of class labels for prediction sample_weight: array-like {n_samples}, optional Per-sample weights. Higher weights indicate more importance. If specified, sample_weight will be passed to any pipeline element whose fit() function accepts a sample_weight argument. By default, using sample_weight does not affect tpot's scoring functions, which determine preferences between pipelines. groups: array-like, with shape {n_samples, }, optional Group labels for the samples used when performing cross-validation. This parameter should only be used in conjunction with sklearn's Group cross-validation functions, such as sklearn.model_selection.GroupKFold  Returns ------- self: object Returns a copy of the fitted TPOT object  \"\"\" self._fit_init() features, target = self._check_dataset(features, target, sample_weight)  self._init_pretest(features, target)  # Randomly collect a subsample of training samples for pipeline optimization process. if self.subsample < 1.0: features, _, target, _ = train_test_split( features, target, train_size=self.subsample, test_size=None, random_state=self.random_state, ) # Raise a warning message if the training size is less than 1500 when subsample is not default value if features.shape[0] < 1500: print( \"Warning: Although subsample can accelerate pipeline optimization process, \" \"too small training sample size may cause unpredictable effect on maximizing \" \"score in pipeline optimization process. Increasing subsample ratio may get \" \"a more reasonable outcome from optimization process in TPOT.\" )  # Set the seed for the GP run if self.random_state is not None: random.seed(self.random_state)  # deap uses random np.random.seed(self.random_state)  self._start_datetime = datetime.now() self._last_pipeline_write = self._start_datetime self._toolbox.register( \"evaluate\", self._evaluate_individuals, features=features, target=target, sample_weight=sample_weight, groups=groups, )  # assign population, self._pop can only be not None if warm_start is enabled if not self._pop: self._pop = self._toolbox.population(n=self.population_size)  def pareto_eq(ind1, ind2): \"\"\"Determine whether two individuals are equal on the Pareto front.  Parameters ---------- ind1: DEAP individual from the GP population First individual to compare ind2: DEAP individual from the GP population Second individual to compare  Returns ---------- individuals_equal: bool Boolean indicating whether the two individuals are equal on the Pareto front  \"\"\" return np.allclose(ind1.fitness.values, ind2.fitness.values)  # Generate new pareto front if it doesn't already exist for warm start if not self.warm_start or not self._pareto_front: self._pareto_front = tools.ParetoFront(similar=pareto_eq)  # Set lambda_ (offspring size in GP) equal to population_size by default if not self.offspring_size: self._lambda = self.population_size else: self._lambda = self.offspring_size  # Start the progress bar if self.max_time_mins: total_evals = self.population_size else: total_evals = self._lambda * self.generations + self.population_size  self._pbar = tqdm( total=total_evals, unit=\"pipeline\", leave=False, file=self.log_file_, disable=not (self.verbosity >= 2), desc=\"Optimization Progress\", )  try: with warnings.catch_warnings(): self._setup_memory() warnings.simplefilter(\"ignore\") self._pop, _ = eaMuPlusLambda( population=self._pop, toolbox=self._toolbox, mu=self.population_size, lambda_=self._lambda, cxpb=self.crossover_rate, mutpb=self.mutation_rate, ngen=self.generations, pbar=self._pbar, halloffame=self._pareto_front, verbose=self.verbosity, per_generation_function=self._check_periodic_pipeline, log_file=self.log_file_, )  # Allow for certain exceptions to signal a premature fit() cancellation except (KeyboardInterrupt, SystemExit, StopIteration) as e: if self.verbosity > 0: self._pbar.write(\"\", file=self.log_file_) self._pbar.write( \"{}\\nTPOT closed prematurely. Will use the current best pipeline.\".format( e ), file=self.log_file_, ) finally: # clean population for the next call if warm_start=False if not self.warm_start: self._pop = [] # keep trying 10 times in case weird things happened like multiple CTRL+C or exceptions attempts = 10 for attempt in range(attempts): try: # Close the progress bar # Standard truthiness checks won't work for tqdm if not isinstance(self._pbar, type(None)): self._pbar.close()  self._update_top_pipeline() self._summary_of_best_pipeline(features, target) # Delete the temporary cache before exiting self._cleanup_memory() break  except (KeyboardInterrupt, SystemExit, Exception) as e: # raise the exception if it's our last attempt if attempt == (attempts - 1): raise e return self"}
{"name": "TPOT.tpot.base.TPOTBase._setup_memory", "code": "def _setup_memory(self): \"\"\"Setup Memory object for memory caching. \"\"\" if self.memory: if isinstance(self.memory, str): if self.memory == \"auto\": # Create a temporary folder to store the transformers of the pipeline self._cachedir = mkdtemp() else: if not os.path.isdir(self.memory): try: os.makedirs(self.memory) except: raise ValueError( \"Could not create directory for memory caching: {}\".format( self.memory ) ) self._cachedir = self.memory  self._memory = Memory(location=self._cachedir, verbose=0) elif isinstance(self.memory, Memory): self._memory = self.memory else: raise ValueError( \"Could not recognize Memory object for pipeline caching. \" \"Please provide an instance of joblib.Memory,\" ' a path to a directory on your system, or \"auto\".' )"}
{"name": "TPOT.tpot.base.TPOTBase._cleanup_memory", "code": "def _cleanup_memory(self): \"\"\"Clean up caching directory at the end of optimization process only when memory='auto'\"\"\" if self.memory == \"auto\": rmtree(self._cachedir) self._memory = None"}
{"name": "TPOT.tpot.base.TPOTBase._update_top_pipeline", "code": "def _update_top_pipeline(self): \"\"\"Helper function to update the _optimized_pipeline field.\"\"\" # Store the pipeline with the highest internal testing score if self._pareto_front: self._optimized_pipeline_score = -float(\"inf\") for pipeline, pipeline_scores in zip( self._pareto_front.items, reversed(self._pareto_front.keys) ): if pipeline_scores.wvalues[1] > self._optimized_pipeline_score: self._optimized_pipeline = pipeline self._optimized_pipeline_score = pipeline_scores.wvalues[1]  if not self._optimized_pipeline: # pick one individual from evaluated pipeline for a error message eval_ind_list = list(self.evaluated_individuals_.keys()) for pipeline, pipeline_scores in zip( self._pareto_front.items, reversed(self._pareto_front.keys) ): if np.isinf(pipeline_scores.wvalues[1]): sklearn_pipeline = self._toolbox.compile(expr=pipeline) from sklearn.model_selection import cross_val_score  cv_scores = cross_val_score( sklearn_pipeline, self.pretest_X, self.pretest_y, cv=self.cv, scoring=self.scoring_function, verbose=0, error_score=\"raise\", ) break raise RuntimeError( \"There was an error in the TPOT optimization \" \"process. This could be because the data was \" \"not formatted properly, or because data for \" \"a regression problem was provided to the \" \"TPOTClassifier object. Please make sure you \" \"passed the data to TPOT correctly. If you \" \"enabled PyTorch estimators, please check \" \"the data requirements in the online \" \"documentation: \" \"https://epistasislab.github.io/tpot/using/\" ) else: pareto_front_wvalues = [ pipeline_scores.wvalues[1] for pipeline_scores in self._pareto_front.keys ] if not self._last_optimized_pareto_front: self._last_optimized_pareto_front = pareto_front_wvalues elif self._last_optimized_pareto_front == pareto_front_wvalues: self._last_optimized_pareto_front_n_gens += 1 else: self._last_optimized_pareto_front = pareto_front_wvalues self._last_optimized_pareto_front_n_gens = 0 else: # If user passes CTRL+C in initial generation, self._pareto_front (halloffame) shoule be not updated yet. # need raise RuntimeError because no pipeline has been optimized raise RuntimeError( \"A pipeline has not yet been optimized. Please call fit() first.\" )"}
{"name": "TPOT.tpot.base.TPOTBase._summary_of_best_pipeline", "code": "def _summary_of_best_pipeline(self, features, target): \"\"\"Print out best pipeline at the end of optimization process.  Parameters ---------- features: array-like {n_samples, n_features} Feature matrix  target: array-like {n_samples} List of class labels for prediction  Returns ------- self: object Returns a copy of the fitted TPOT object \"\"\" if not self._optimized_pipeline: raise RuntimeError( \"There was an error in the TPOT optimization process. \" \"This could be because the data was not formatted \" \"properly (e.g. nan values became a third class), or \" \"because data for a regression problem was provided \" \"to the TPOTClassifier object. Please make sure you \" \"passed the data to TPOT correctly.\" ) else: self.fitted_pipeline_ = self._toolbox.compile(expr=self._optimized_pipeline)  with warnings.catch_warnings(): warnings.simplefilter(\"ignore\") self.fitted_pipeline_.fit(features, target)  if self.verbosity in [1, 2]: # Add an extra line of spacing if the progress bar was used if self.verbosity >= 2: print(\"\")  optimized_pipeline_str = self.clean_pipeline_string( self._optimized_pipeline ) print(\"Best pipeline:\", optimized_pipeline_str)  # Store and fit the entire Pareto front as fitted models for convenience self.pareto_front_fitted_pipelines_ = {}  for pipeline in self._pareto_front.items: self.pareto_front_fitted_pipelines_[ str(pipeline) ] = self._toolbox.compile(expr=pipeline) with warnings.catch_warnings(): warnings.simplefilter(\"ignore\") self.pareto_front_fitted_pipelines_[str(pipeline)].fit( features, target )"}
{"name": "TPOT.tpot.base.TPOTBase.predict", "code": "def predict(self, features): \"\"\"Use the optimized pipeline to predict the target for a feature set.  Parameters ---------- features: array-like {n_samples, n_features} Feature matrix  Returns ---------- array-like: {n_samples} Predicted target for the samples in the feature matrix  \"\"\" if not self.fitted_pipeline_: raise RuntimeError( \"A pipeline has not yet been optimized. Please call fit() first.\" )  features = self._check_dataset(features, target=None, sample_weight=None)  return self.fitted_pipeline_.predict(features)"}
{"name": "TPOT.tpot.base.TPOTBase.fit_predict", "code": "def fit_predict(self, features, target, sample_weight=None, groups=None): \"\"\"Call fit and predict in sequence.  Parameters ---------- features: array-like {n_samples, n_features} Feature matrix target: array-like {n_samples} List of class labels for prediction sample_weight: array-like {n_samples}, optional Per-sample weights. Higher weights force TPOT to put more emphasis on those points groups: array-like, with shape {n_samples, }, optional Group labels for the samples used when performing cross-validation. This parameter should only be used in conjunction with sklearn's Group cross-validation functions, such as sklearn.model_selection.GroupKFold  Returns ---------- array-like: {n_samples} Predicted target for the provided features  \"\"\" self.fit(features, target, sample_weight=sample_weight, groups=groups)  return self.predict(features)"}
{"name": "TPOT.tpot.base.TPOTBase.score", "code": "def score(self, testing_features, testing_target): \"\"\"Return the score on the given testing data using the user-specified scoring function.  Parameters ---------- testing_features: array-like {n_samples, n_features} Feature matrix of the testing set testing_target: array-like {n_samples} List of class labels for prediction in the testing set  Returns ------- accuracy_score: float The estimated test set accuracy  \"\"\" if self.fitted_pipeline_ is None: raise RuntimeError( \"A pipeline has not yet been optimized. Please call fit() first.\" )  testing_features, testing_target = self._check_dataset( testing_features, testing_target, sample_weight=None )  # If the scoring function is a string, we must adjust to use the sklearn # scoring interface if isinstance(self.scoring_function, str): scorer = SCORERS[self.scoring_function] elif callable(self.scoring_function): scorer = self.scoring_function else: raise RuntimeError( \"The scoring function should either be the name of a scikit-learn scorer or a scorer object\" ) score = scorer( self.fitted_pipeline_, testing_features.astype(np.float64), testing_target.astype(np.float64), ) return score"}
{"name": "TPOT.tpot.base.TPOTBase._check_proba", "code": "def _check_proba(self): if not hasattr(self, 'fitted_pipeline_'): raise AttributeError( \"A pipeline has not yet been optimized. Please call fit() first.\" )  else: if not (hasattr(self.fitted_pipeline_, \"predict_proba\")): raise AttributeError( \"The fitted pipeline does not have the predict_proba() function.\" )  return True"}
{"name": "TPOT.tpot.base.TPOTBase.predict_proba", "code": "def predict_proba(self, features): \"\"\"Use the optimized pipeline to estimate the class probabilities for a feature set.  Parameters ---------- features: array-like {n_samples, n_features} Feature matrix of the testing set  Returns ------- array-like: {n_samples, n_target} The class probabilities of the input samples  \"\"\"  features = self._check_dataset(features, target=None, sample_weight=None) return self.fitted_pipeline_.predict_proba(features)"}
{"name": "TPOT.tpot.base.TPOTBase.clean_pipeline_string", "code": "def clean_pipeline_string(self, individual): \"\"\"Provide a string of the individual without the parameter prefixes.  Parameters ---------- individual: individual Individual which should be represented by a pretty string  Returns ------- A string like str(individual), but with parameter prefixes removed.  \"\"\" dirty_string = str(individual) # There are many parameter prefixes in the pipeline strings, used solely for # making the terminal name unique, eg. LinearSVC__. parameter_prefixes = [ (m.start(), m.end()) for m in re.finditer(\", [\\w]+__\", dirty_string) ] # We handle them in reverse so we do not mess up indices pretty = dirty_string for (start, end) in reversed(parameter_prefixes): pretty = pretty[: start + 2] + pretty[end:]  return pretty"}
{"name": "TPOT.tpot.base.TPOTBase._check_periodic_pipeline", "code": "def _check_periodic_pipeline(self, gen): \"\"\"If enough time has passed, save a new optimized pipeline. Currently used in the per generation hook in the optimization loop. Parameters ---------- gen: int Generation number  Returns ------- None \"\"\" self._update_top_pipeline() if self.periodic_checkpoint_folder is not None: total_since_last_pipeline_save = ( datetime.now() - self._last_pipeline_write ).total_seconds() if ( total_since_last_pipeline_save > self._output_best_pipeline_period_seconds ): self._last_pipeline_write = datetime.now() self._save_periodic_pipeline(gen)  if self.early_stop is not None: if self._last_optimized_pareto_front_n_gens >= self.early_stop: raise StopIteration( \"The optimized pipeline was not improved after evaluating {} more generations. \" \"Will end the optimization process.\\n\".format(self.early_stop) )"}
{"name": "TPOT.tpot.base.TPOTBase._save_periodic_pipeline", "code": "def _save_periodic_pipeline(self, gen): try: self._create_periodic_checkpoint_folder() for pipeline, pipeline_scores in zip( self._pareto_front.items, reversed(self._pareto_front.keys) ): idx = self._pareto_front.items.index(pipeline) pareto_front_pipeline_score = pipeline_scores.wvalues[1] sklearn_pipeline_str = generate_pipeline_code( expr_to_tree(pipeline, self._pset), self.operators ) to_write = export_pipeline( pipeline, self.operators, self._pset, self._imputed, pareto_front_pipeline_score, self.random_state, ) # dont export a pipeline you had if self._exported_pipeline_text.count(sklearn_pipeline_str): self._update_pbar( pbar_num=0, pbar_msg=\"Periodic pipeline was not saved, probably saved before...\", ) else: filename = os.path.join( self.periodic_checkpoint_folder, \"pipeline_gen_{}_idx_{}_{}.py\".format( gen, idx, datetime.now().strftime(\"%Y.%m.%d_%H-%M-%S\") ), ) self._update_pbar( pbar_num=0, pbar_msg=\"Saving periodic pipeline from pareto front to {}\".format( filename ), ) with open(filename, \"w\") as output_file: output_file.write(to_write) self._exported_pipeline_text.append(sklearn_pipeline_str)  except Exception as e: self._update_pbar( pbar_num=0, pbar_msg=\"Failed saving periodic pipeline, exception:\\n{}\".format( str(e)[:250] ), )"}
{"name": "TPOT.tpot.base.TPOTBase._create_periodic_checkpoint_folder", "code": "def _create_periodic_checkpoint_folder(self): try: os.makedirs(self.periodic_checkpoint_folder) self._update_pbar( pbar_msg=\"Created new folder to save periodic pipeline: {}\".format( self.periodic_checkpoint_folder ) ) except OSError as e: if e.errno == errno.EEXIST and os.path.isdir( self.periodic_checkpoint_folder ): pass  # Folder already exists. User probably created it. else: raise ValueError( \"Failed creating the periodic_checkpoint_folder:\\n{}\".format(e) )"}
{"name": "TPOT.tpot.base.TPOTBase.export", "code": "def export(self, output_file_name=\"\", data_file_path=\"\"): \"\"\"Export the optimized pipeline as Python code.  Parameters ---------- output_file_name: string (default: '') String containing the path and file name of the desired output file. If left empty, writing to file will be skipped. data_file_path: string (default: '') By default, the path of input dataset is 'PATH/TO/DATA/FILE' by default. If data_file_path is another string, the path will be replaced.  Returns ------- to_write: str The whole pipeline text as a string. \"\"\" if self._optimized_pipeline is None: raise RuntimeError( \"A pipeline has not yet been optimized. Please call fit() first.\" )  to_write = export_pipeline( self._optimized_pipeline, self.operators, self._pset, self._imputed, self._optimized_pipeline_score, self.random_state, data_file_path=data_file_path, )  if output_file_name != \"\": with open(output_file_name, \"w\") as output_file: output_file.write(to_write) else: return to_write"}
{"name": "TPOT.tpot.base.TPOTBase._impute_values", "code": "def _impute_values(self, features): \"\"\"Impute missing values in a feature set.  Parameters ---------- features: array-like {n_samples, n_features} A feature matrix  Returns ------- array-like {n_samples, n_features} \"\"\" if self.verbosity > 1: print(\"Imputing missing values in feature set\")  if self._fitted_imputer is None: self._fitted_imputer = SimpleImputer(strategy=\"median\") self._fitted_imputer.fit(features)  return self._fitted_imputer.transform(features)"}
{"name": "TPOT.tpot.base.TPOTBase._check_dataset", "code": "def _check_dataset(self, features, target, sample_weight=None): \"\"\"Check if a dataset has a valid feature set and labels.  Parameters ---------- features: array-like {n_samples, n_features} Feature matrix target: array-like {n_samples} or None List of class labels for prediction sample_weight: array-like {n_samples} (optional) List of weights indicating relative importance Returns ------- (features, target) \"\"\" # Check sample_weight if sample_weight is not None: try: sample_weight = np.array(sample_weight).astype(\"float\") except ValueError as e: raise ValueError( \"sample_weight could not be converted to float array: %s\" % e ) if np.any(np.isnan(sample_weight)): raise ValueError(\"sample_weight contained NaN values.\") try: check_consistent_length(sample_weight, target) except ValueError as e: raise ValueError( \"sample_weight dimensions did not match target: %s\" % e )  # If features is a sparse matrix, do not apply imputation if sparse.issparse(features): if self.config_dict in [None, \"TPOT light\", \"TPOT MDR\"]: raise ValueError( \"Not all operators in {} supports sparse matrix. \" 'Please use \"TPOT sparse\" for sparse matrix.'.format( self.config_dict ) ) elif self.config_dict != \"TPOT sparse\": print( \"Warning: Since the input matrix is a sparse matrix, please makes sure all the operators in the \" \"customized config dictionary supports sparse matriies.\" ) else: if isinstance(features, np.ndarray): if np.any(np.isnan(features)): self._imputed = True elif isinstance(features, DataFrame): if features.isnull().values.any(): self._imputed = True  if self._imputed: features = self._impute_values(features)  try: if target is not None: X, y = check_X_y(features, target, accept_sparse=True, dtype=None) if self._imputed: return X, y else: return features, target else: X = check_array(features, accept_sparse=True, dtype=None) if self._imputed: return X else: return features except (AssertionError, ValueError): raise ValueError( \"Error: Input data is not in a valid format. Please confirm \" \"that the input data is scikit-learn compatible. For example, \" \"the features must be a 2-D array and target labels must be a \" \"1-D array.\" )"}
{"name": "TPOT.tpot.base.TPOTBase._compile_to_sklearn", "code": "def _compile_to_sklearn(self, expr): \"\"\"Compile a DEAP pipeline into a sklearn pipeline.  Parameters ---------- expr: DEAP individual The DEAP pipeline to be compiled  Returns ------- sklearn_pipeline: sklearn.pipeline.Pipeline \"\"\" sklearn_pipeline_str = generate_pipeline_code( expr_to_tree(expr, self._pset), self.operators ) sklearn_pipeline = eval(sklearn_pipeline_str, self.operators_context) sklearn_pipeline.memory = self._memory if self.random_state is not None: # Fix random state when the operator allows set_param_recursive( sklearn_pipeline.steps, \"random_state\", self.random_state ) return sklearn_pipeline"}
{"name": "TPOT.tpot.base.TPOTBase._stop_by_max_time_mins", "code": "def _stop_by_max_time_mins(self): \"\"\"Stop optimization process once maximum minutes have elapsed.\"\"\" if self.max_time_mins: total_mins_elapsed = ( datetime.now() - self._start_datetime ).total_seconds() / 60.0 if total_mins_elapsed >= self.max_time_mins: raise KeyboardInterrupt( \"{:.2f} minutes have elapsed. TPOT will close down.\".format( total_mins_elapsed ) )"}
{"name": "TPOT.tpot.base.TPOTBase._combine_individual_stats", "code": "def _combine_individual_stats(self, operator_count, cv_score, individual_stats): \"\"\"Combine the stats with operator count and cv score and preprare to be written to _evaluated_individuals  Parameters ---------- operator_count: int number of components in the pipeline cv_score: float internal cross validation score individual_stats: dictionary dict containing statistics about the individual. currently: 'generation': generation in which the individual was evaluated 'mutation_count': number of mutation operations applied to the individual and its predecessor cumulatively 'crossover_count': number of crossover operations applied to the individual and its predecessor cumulatively 'predecessor': string representation of the individual  Returns ------- stats: dictionary dict containing the combined statistics: 'operator_count': number of operators in the pipeline 'internal_cv_score': internal cross validation score and all the statistics contained in the 'individual_stats' parameter \"\"\" stats = deepcopy( individual_stats )  # Deepcopy, since the string reference to predecessor should be cloned stats[\"operator_count\"] = operator_count stats[\"internal_cv_score\"] = cv_score return stats"}
{"name": "TPOT.tpot.base.TPOTBase._evaluate_individuals", "code": "def _evaluate_individuals( self, population, features, target, sample_weight=None, groups=None ): \"\"\"Determine the fit of the provided individuals.  Parameters ---------- population: a list of DEAP individual One individual is a list of pipeline operators and model parameters that can be compiled by DEAP into a callable function features: numpy.ndarray {n_samples, n_features} A numpy matrix containing the training and testing features for the individual's evaluation target: numpy.ndarray {n_samples} A numpy matrix containing the training and testing target for the individual's evaluation sample_weight: array-like {n_samples}, optional List of sample weights to balance (or un-balanace) the dataset target as needed groups: array-like {n_samples, }, optional Group labels for the samples used while splitting the dataset into train/test set  Returns ------- fitnesses_ordered: float Returns a list of tuple value indicating the individual's fitness according to its performance on the provided data  \"\"\" # Evaluate the individuals with an invalid fitness individuals = [ind for ind in population if not ind.fitness.valid] num_population = len(population) # update pbar for valid individuals (with fitness values) if self.verbosity > 0: self._pbar.update(num_population - len(individuals))  ( operator_counts, eval_individuals_str, sklearn_pipeline_list, stats_dicts, ) = self._preprocess_individuals(individuals)  cv = check_cv(self.cv, target, classifier=self.classification)  # Make the partial function that will be called below partial_wrapped_cross_val_score = partial( _wrapped_cross_val_score, features=features, target=target, cv=cv, scoring_function=self.scoring_function, sample_weight=sample_weight, groups=groups, timeout=max(int(self.max_eval_time_mins * 60), 1), use_dask=self.use_dask, )  result_score_list = []  try: # check time limit before pipeline evaluation self._stop_by_max_time_mins() # Don't use parallelization if n_jobs==1 if self._n_jobs == 1 and not self.use_dask: for sklearn_pipeline in sklearn_pipeline_list: self._stop_by_max_time_mins() val = partial_wrapped_cross_val_score( sklearn_pipeline=sklearn_pipeline ) result_score_list = self._update_val(val, result_score_list) else: # chunk size for pbar update if self.use_dask: # chunk size is min of _lambda and n_jobs * 10 chunk_size = min(self._lambda, self._n_jobs * 10) else: # chunk size is min of cpu_count * 2 and n_jobs * 4 chunk_size = min(cpu_count() * 2, self._n_jobs * 4) for chunk_idx in range(0, len(sklearn_pipeline_list), chunk_size): self._stop_by_max_time_mins() if self.use_dask: import dask  tmp_result_scores = [ partial_wrapped_cross_val_score( sklearn_pipeline=sklearn_pipeline ) for sklearn_pipeline in sklearn_pipeline_list[ chunk_idx : chunk_idx + chunk_size ] ]   with warnings.catch_warnings(): warnings.simplefilter(\"ignore\") tmp_result_scores = list(dask.compute(*tmp_result_scores, num_workers=self.n_jobs))  else:  parallel = Parallel( n_jobs=self._n_jobs, verbose=0, pre_dispatch=\"2*n_jobs\" ) tmp_result_scores = parallel( delayed(partial_wrapped_cross_val_score)( sklearn_pipeline=sklearn_pipeline ) for sklearn_pipeline in sklearn_pipeline_list[ chunk_idx : chunk_idx + chunk_size ] ) # update pbar for val in tmp_result_scores: result_score_list = self._update_val(val, result_score_list)  except (KeyboardInterrupt, SystemExit, StopIteration) as e: if self.verbosity > 0: self._pbar.write(\"\", file=self.log_file_) self._pbar.write( \"{}\\nTPOT closed during evaluation in one generation.\\n\" \"WARNING: TPOT may not provide a good pipeline if TPOT is stopped/interrupted in a early generation.\".format( e ), file=self.log_file_, )  # number of individuals already evaluated in this generation num_eval_ind = len(result_score_list) self._update_evaluated_individuals_( result_score_list, eval_individuals_str[:num_eval_ind], operator_counts, stats_dicts, ) for ind in individuals[:num_eval_ind]: ind_str = str(ind) ind.fitness.values = ( self.evaluated_individuals_[ind_str][\"operator_count\"], self.evaluated_individuals_[ind_str][\"internal_cv_score\"], )  self._pareto_front.update(individuals[:num_eval_ind])  self._pop = population raise KeyboardInterrupt  self._update_evaluated_individuals_( result_score_list, eval_individuals_str, operator_counts, stats_dicts )  for ind in individuals: ind_str = str(ind) ind.fitness.values = ( self.evaluated_individuals_[ind_str][\"operator_count\"], self.evaluated_individuals_[ind_str][\"internal_cv_score\"], ) individuals = [ind for ind in population if not ind.fitness.valid] self._pareto_front.update(population)  return population"}
{"name": "TPOT.tpot.base.TPOTBase._preprocess_individuals", "code": "def _preprocess_individuals(self, individuals): \"\"\"Preprocess DEAP individuals before pipeline evaluation.  Parameters ---------- individuals: a list of DEAP individual One individual is a list of pipeline operators and model parameters that can be compiled by DEAP into a callable function  Returns ------- operator_counts: dictionary a dictionary of operator counts in individuals for evaluation eval_individuals_str: list a list of string of individuals for evaluation sklearn_pipeline_list: list a list of scikit-learn pipelines converted from DEAP individuals for evaluation stats_dicts: dictionary A dict where 'key' is the string representation of an individual and 'value' is a dict containing statistics about the individual \"\"\" # update self._pbar.total if ( not (self.max_time_mins is None) and not self._pbar.disable and self._pbar.total <= self._pbar.n ): self._pbar.total += self._lambda # Check we do not evaluate twice the same individual in one pass. _, unique_individual_indices = np.unique( [str(ind) for ind in individuals], return_index=True ) unique_individuals = [ ind for i, ind in enumerate(individuals) if i in unique_individual_indices ] # update number of duplicate pipelines self._update_pbar(pbar_num=len(individuals) - len(unique_individuals))  # a dictionary for storing operator counts operator_counts = {} stats_dicts = {} # 2 lists of DEAP individuals' string, their sklearn pipelines for parallel computing eval_individuals_str = [] sklearn_pipeline_list = []  for individual in unique_individuals: # Disallow certain combinations of operators because they will take too long or take up too much RAM # This is a fairly hacky way to prevent TPOT from getting stuck on bad pipelines and should be improved in a future release individual_str = str(individual) if not len(individual):  # a pipeline cannot be randomly generated self.evaluated_individuals_[ individual_str ] = self._combine_individual_stats( 5000.0, -float(\"inf\"), individual.statistics ) self._update_pbar( pbar_msg=\"Invalid pipeline encountered. Skipping its evaluation.\" ) continue sklearn_pipeline_str = generate_pipeline_code( expr_to_tree(individual, self._pset), self.operators ) if sklearn_pipeline_str.count(\"PolynomialFeatures\") > 1: self.evaluated_individuals_[ individual_str ] = self._combine_individual_stats( 5000.0, -float(\"inf\"), individual.statistics ) self._update_pbar( pbar_msg=\"Invalid pipeline encountered. Skipping its evaluation.\" ) # Check if the individual was evaluated before elif individual_str in self.evaluated_individuals_: self._update_pbar( pbar_msg=( \"Pipeline encountered that has previously been evaluated during the \" \"optimization process. Using the score from the previous evaluation.\" ) ) else: try: # Transform the tree expression into an sklearn pipeline sklearn_pipeline = self._toolbox.compile(expr=individual)  # Count the number of pipeline operators as a measure of pipeline complexity operator_count = self._operator_count(individual) operator_counts[individual_str] = max(1, operator_count)  stats_dicts[individual_str] = individual.statistics except Exception: self.evaluated_individuals_[ individual_str ] = self._combine_individual_stats( 5000.0, -float(\"inf\"), individual.statistics ) self._update_pbar() continue eval_individuals_str.append(individual_str) sklearn_pipeline_list.append(sklearn_pipeline)  return operator_counts, eval_individuals_str, sklearn_pipeline_list, stats_dicts"}
{"name": "TPOT.tpot.base.TPOTBase._update_evaluated_individuals_", "code": "def _update_evaluated_individuals_( self, result_score_list, eval_individuals_str, operator_counts, stats_dicts ): \"\"\"Update self.evaluated_individuals_ and error message during pipeline evaluation.  Parameters ---------- result_score_list: list A list of CV scores for evaluated pipelines eval_individuals_str: list A list of strings for evaluated pipelines operator_counts: dict A dict where 'key' is the string representation of an individual and 'value' is the number of operators in the pipeline stats_dicts: dict A dict where 'key' is the string representation of an individual and 'value' is a dict containing statistics about the individual   Returns ------- None \"\"\" for result_score, individual_str in zip( result_score_list, eval_individuals_str ): if type(result_score) in [float, np.float64, np.float32]: self.evaluated_individuals_[ individual_str ] = self._combine_individual_stats( operator_counts[individual_str], result_score, stats_dicts[individual_str], ) else: raise ValueError(\"Scoring function does not return a float.\")"}
{"name": "TPOT.tpot.base.TPOTBase._update_pbar", "code": "def _update_pbar(self, pbar_num=1, pbar_msg=None): \"\"\"Update self._pbar and error message during pipeline evaluation.  Parameters ---------- pbar_num: int How many pipelines has been processed pbar_msg: None or string Error message  Returns ------- None \"\"\" if not isinstance(self._pbar, type(None)): if self.verbosity > 2 and pbar_msg is not None: self._pbar.write(pbar_msg, file=self.log_file_) if not self._pbar.disable: self._pbar.update(pbar_num)"}
{"name": "TPOT.tpot.base.TPOTBase._mate_operator", "code": "def _mate_operator(self, ind1, ind2): for _ in range(self._max_mut_loops): ind1_copy, ind2_copy = self._toolbox.clone(ind1), self._toolbox.clone(ind2) offspring, offspring2 = cxOnePoint(ind1_copy, ind2_copy)  if str(offspring) not in self.evaluated_individuals_: # We only use the first offspring, so we do not care to check uniqueness of the second.  # update statistics: # mutation_count is set equal to the sum of mutation_count's of the predecessors # crossover_count is set equal to the sum of the crossover_counts of the predecessor +1, corresponding to the current crossover operations # predecessor is taken as tuple string representation of two predecessor individuals # generation is set to 'INVALID' such that we can recognize that it should be updated accordingly offspring.statistics[\"predecessor\"] = (str(ind1), str(ind2)) offspring.statistics[\"mutation_count\"] = ( ind1.statistics[\"mutation_count\"] + ind2.statistics[\"mutation_count\"] ) offspring.statistics[\"crossover_count\"] = ( ind1.statistics[\"crossover_count\"] + ind2.statistics[\"crossover_count\"] + 1 ) offspring.statistics[\"generation\"] = \"INVALID\" break  return offspring, offspring2, self.evaluated_individuals_"}
{"name": "TPOT.tpot.base.TPOTBase._random_mutation_operator", "code": "def _random_mutation_operator(self, individual, allow_shrink=True): \"\"\"Perform a replacement, insertion, or shrink mutation on an individual.  Parameters ---------- individual: DEAP individual A list of pipeline operators and model parameters that can be compiled by DEAP into a callable function  allow_shrink: bool (True) If True the `mutShrink` operator, which randomly shrinks the pipeline, is allowed to be chosen as one of the random mutation operators. If False, `mutShrink`  will never be chosen as a mutation operator.  Returns ------- mut_ind: DEAP individual Returns the individual with one of the mutations applied to it  \"\"\" if self.tree_structure: mutation_techniques = [ partial(gp.mutInsert, pset=self._pset), partial(mutNodeReplacement, pset=self._pset), ] # We can't shrink pipelines with only one primitive, so we only add it if we find more primitives. number_of_primitives = sum( isinstance(node, deap.gp.Primitive) for node in individual ) if number_of_primitives > 1 and allow_shrink: mutation_techniques.append(partial(gp.mutShrink)) else: mutation_techniques = [partial(mutNodeReplacement, pset=self._pset)]  mutator = np.random.choice(mutation_techniques)  unsuccesful_mutations = 0 for _ in range(self._max_mut_loops): # We have to clone the individual because mutator operators work in-place. ind = self._toolbox.clone(individual) (offspring,) = mutator(ind) if str(offspring) not in self.evaluated_individuals_: # Update statistics # crossover_count is kept the same as for the predecessor # mutation count is increased by 1 # predecessor is set to the string representation of the individual before mutation # generation is set to 'INVALID' such that we can recognize that it should be updated accordingly offspring.statistics[\"crossover_count\"] = individual.statistics[ \"crossover_count\" ] offspring.statistics[\"mutation_count\"] = ( individual.statistics[\"mutation_count\"] + 1 ) offspring.statistics[\"predecessor\"] = (str(individual),) offspring.statistics[\"generation\"] = \"INVALID\" break else: unsuccesful_mutations += 1 # Sometimes you have pipelines for which every shrunk version has already been explored too. # To still mutate the individual, one of the two other mutators should be applied instead. if (unsuccesful_mutations == 50) and ( type(mutator) is partial and mutator.func is gp.mutShrink ): (offspring,) = self._random_mutation_operator( individual, allow_shrink=False )  return (offspring,)"}
{"name": "TPOT.tpot.base.TPOTBase._gen_grow_safe", "code": "def _gen_grow_safe(self, pset, min_, max_, type_=None): \"\"\"Generate an expression where each leaf might have a different depth between min_ and max_.  Parameters ---------- pset: PrimitiveSetTyped Primitive set from which primitives are selected. min_: int Minimum height of the produced trees. max_: int Maximum Height of the produced trees. type_: class The type that should return the tree when called, when :obj:None (default) the type of :pset: (pset.ret) is assumed. Returns ------- individual: list A grown tree with leaves at possibly different depths. \"\"\"  def condition(height, depth, type_): \"\"\"Stop when the depth is equal to height or when a node should be a terminal.\"\"\" return type_ not in self.ret_types or depth == height  return self._generate(pset, min_, max_, condition, type_)"}
{"name": "TPOT.tpot.base.TPOTBase._operator_count", "code": "def _operator_count(self, individual): \"\"\"Count the number of pipeline operators as a measure of pipeline complexity.  Parameters ---------- individual: list A grown tree with leaves at possibly different depths depending on the condition function.  Returns ------- operator_count: int How many operators in a pipeline \"\"\" operator_count = 0 for node in individual: if type(node) is deap.gp.Primitive and node.name != \"CombineDFs\": operator_count += 1 return operator_count"}
{"name": "TPOT.tpot.base.TPOTBase._update_val", "code": "def _update_val(self, val, result_score_list): \"\"\"Update values in the list of result scores and self._pbar during pipeline evaluation.  Parameters ---------- val: float or \"Timeout\" CV scores result_score_list: list A list of CV scores  Returns ------- result_score_list: list A updated list of CV scores \"\"\" self._update_pbar() if val == \"Timeout\": self._update_pbar( pbar_msg=( \"Skipped pipeline #{0} due to time out. \" \"Continuing to the next pipeline.\".format(self._pbar.n) ) ) result_score_list.append(-float(\"inf\")) else: result_score_list.append(val) return result_score_list"}
{"name": "TPOT.tpot.base.TPOTBase._generate", "code": "def _generate(self, pset, min_, max_, condition, type_=None): \"\"\"Generate a Tree as a list of lists.  The tree is build from the root to the leaves, and it stop growing when the condition is fulfilled.  Parameters ---------- pset: PrimitiveSetTyped Primitive set from which primitives are selected. min_: int Minimum height of the produced trees. max_: int Maximum height of the produced trees. condition: function The condition is a function that takes two arguments, the height of the tree to build and the current depth in the tree. type_: class The type that should return the tree when called, when :obj:None (default) no return type is enforced.  Returns ------- individual: list A grown tree with leaves at possibly different depths depending on the condition function. \"\"\" if type_ is None: type_ = pset.ret expr = [] height = np.random.randint(min_, max_) stack = [(0, type_)] while len(stack) != 0: depth, type_ = stack.pop()  # We've added a type_ parameter to the condition function if condition(height, depth, type_): try: term = np.random.choice(pset.terminals[type_]) except IndexError: _, _, traceback = sys.exc_info() raise IndexError( \"The gp.generate function tried to add \" \"a terminal of type {}, but there is\" \"none available. {}\".format(type_, traceback) ) if inspect.isclass(term): term = term() expr.append(term) else: try: prim = np.random.choice(pset.primitives[type_]) except IndexError: _, _, traceback = sys.exc_info() raise IndexError( \"The gp.generate function tried to add \" \"a primitive of type {}, but there is\" \"none available. {}\".format(type_, traceback) ) expr.append(prim) for arg in reversed(prim.args): stack.append((depth + 1, arg)) return expr"}
{"name": "TPOT.tpot.base.TPOTBase.classes_", "code": "def classes_(self): \"\"\"The classes labels. Only exist if the last step is a classifier.\"\"\" return self.fitted_pipeline_.classes_"}
{"name": "TPOT.tests.test_dask_based.TestDaskMatches.test_dask_matches", "code": "def test_dask_matches(self): with dask.config.set(scheduler='single-threaded'): for n_jobs in [-1]: X, y = make_classification(random_state=42) a = TPOTClassifier( generations=0, population_size=5, cv=3, random_state=42, n_jobs=n_jobs, use_dask=False, verbosity=3 ) b = TPOTClassifier( generations=0, population_size=5, cv=3, random_state=42, n_jobs=n_jobs, use_dask=True, verbosity=3 ) a.fit(X, y) b.fit(X, y)  self.assertEqual(a.score(X, y), b.score(X, y)) self.assertEqual(a.pareto_front_fitted_pipelines_.keys(), b.pareto_front_fitted_pipelines_.keys()) self.assertEqual(a.evaluated_individuals_, b.evaluated_individuals_)"}
{"name": "TPOT.tests.driver_tests.ParserTest.setUp", "code": "def setUp(self): self.parser = _get_arg_parser()"}
{"name": "TPOT.tests.driver_tests.ParserTest.test_default_param", "code": "def test_default_param(self): \"\"\"Assert that the TPOT driver stores correct default values for all parameters.\"\"\" args = self.parser.parse_args(['tests/tests.csv']) self.assertEqual(args.CONFIG_FILE, None) self.assertEqual(args.CROSSOVER_RATE, 0.1) self.assertEqual(args.EARLY_STOP, None) self.assertEqual(args.DISABLE_UPDATE_CHECK, False) self.assertEqual(args.GENERATIONS, 100) self.assertEqual(args.INPUT_FILE, 'tests/tests.csv') self.assertEqual(args.INPUT_SEPARATOR, '\\t') self.assertEqual(args.MAX_EVAL_MINS, 5) self.assertEqual(args.MAX_TIME_MINS, None) self.assertEqual(args.MEMORY, None) self.assertEqual(args.MUTATION_RATE, 0.9) self.assertEqual(args.NUM_CV_FOLDS, 5) self.assertEqual(args.NUM_JOBS, 1) self.assertEqual(args.OFFSPRING_SIZE, None) self.assertEqual(args.OUTPUT_FILE, None) self.assertEqual(args.POPULATION_SIZE, 100) self.assertEqual(args.RANDOM_STATE, None) self.assertEqual(args.SUBSAMPLE, 1.0) self.assertEqual(args.SCORING_FN, None) self.assertEqual(args.TARGET_NAME, 'class') self.assertEqual(args.TEMPLATE, None) self.assertEqual(args.TPOT_MODE, 'classification') self.assertEqual(args.VERBOSITY, 1)"}
{"name": "TPOT.tests.driver_tests.ParserTest.test_print_args", "code": "def test_print_args(self): \"\"\"Assert that _print_args prints correct values for all parameters in default settings.\"\"\" args_list = [ 'tests/tests.csv', '-is', ',' ] args = self.parser.parse_args(args_list) with captured_output() as (out, err): _print_args(args) output = out.getvalue() expected_output = \"\"\" TPOT settings: CHECKPOINT_FOLDER   =     None CONFIG_FILE         =     None CROSSOVER_RATE      =     0.1 EARLY_STOP          =     None GENERATIONS         =     100 INPUT_FILE          =     tests/tests.csv INPUT_SEPARATOR     =     , LOG                 =     None MAX_EVAL_MINS       =     5 MAX_TIME_MINS       =     None MEMORY              =     None MUTATION_RATE       =     0.9 NUM_CV_FOLDS        =     5 NUM_JOBS            =     1 OFFSPRING_SIZE      =     100 OUTPUT_FILE         =     None POPULATION_SIZE     =     100 RANDOM_STATE        =     None SCORING_FN          =     accuracy SUBSAMPLE           =     1.0 TARGET_NAME         =     class TEMPLATE            =     None TPOT_MODE           =     classification VERBOSITY           =     1  \"\"\" self.assertEqual(_sort_lines(expected_output), _sort_lines(output))"}
{"name": "TPOT.tests.driver_tests.ParserTest.test_print_args_2", "code": "def test_print_args_2(self): \"\"\"Assert that _print_args prints correct values for all parameters in regression mode.\"\"\" args_list = [ 'tests/tests.csv', '-mode', 'regression', '-is', ',' ] args = self.parser.parse_args(args_list) with captured_output() as (out, err): _print_args(args) output = out.getvalue() expected_output = \"\"\" TPOT settings: CHECKPOINT_FOLDER   =     None CONFIG_FILE         =     None CROSSOVER_RATE      =     0.1 EARLY_STOP          =     None GENERATIONS         =     100 INPUT_FILE          =     tests/tests.csv INPUT_SEPARATOR     =     , LOG                 =     None MAX_EVAL_MINS       =     5 MAX_TIME_MINS       =     None MEMORY              =     None MUTATION_RATE       =     0.9 NUM_CV_FOLDS        =     5 NUM_JOBS            =     1 OFFSPRING_SIZE      =     100 OUTPUT_FILE         =     None POPULATION_SIZE     =     100 RANDOM_STATE        =     None SCORING_FN          =     neg_mean_squared_error SUBSAMPLE           =     1.0 TARGET_NAME         =     class TEMPLATE            =     None TPOT_MODE           =     regression VERBOSITY           =     1  \"\"\"  self.assertEqual(_sort_lines(expected_output), _sort_lines(output))"}
