{"name": "trailscraper.trailscraper.cloudtrail.Record", "code": "class Record: \"\"\"Represents a CloudTrail record\"\"\"  # pylint: disable=too-many-arguments def __init__(self, event_source, event_name, resource_arns=None, assumed_role_arn=None, event_time=None, raw_source=None): self.event_source = event_source self.event_name = event_name self.raw_source = raw_source self.event_time = event_time self.resource_arns = resource_arns or [\"*\"] self.assumed_role_arn = assumed_role_arn  def __repr__(self): return f\"Record(event_source={self.event_source} event_name={self.event_name} \" \\ f\"event_time={self.event_time} resource_arns={self.resource_arns})\"  def __eq__(self, other): if isinstance(other, self.__class__): return self.event_source == other.event_source and \\ self.event_name == other.event_name and \\ self.event_time == other.event_time and \\ self.resource_arns == other.resource_arns and \\ self.assumed_role_arn == other.assumed_role_arn  return False  def __hash__(self): return hash((self.event_source, self.event_name, self.event_time, tuple(self.resource_arns), self.assumed_role_arn))  def __ne__(self, other): return not self.__eq__(other)  def _source_to_iam_prefix(self): special_cases = { 'monitoring.amazonaws.com': 'cloudwatch', 'appstream2.amazonaws.com': 'appstream', 'models.lex.amazonaws.com': 'lex', 'runtime.lex.amazonaws.com': 'lex', 'mturk-requester.amazonaws.com': 'mechanicalturk', 'streams.dynamodb.amazonaws.com': 'dynamodb', 'tagging.amazonaws.com': 'tag', }  default_case = self.event_source.split('.')[0]  return special_cases.get(self.event_source, default_case)  def _event_name_to_iam_action(self): special_cases = { 's3.amazonaws.com': { 'CompleteMultipartUpload': 'PutObject', 'CopyObject': 'PutObject', 'CreateMultipartUpload': 'PutObject', 'DeleteBucketAnalyticsConfiguration': 'PutAnalyticsConfiguration', 'DeleteBucketEncryption': 'PutEncryptionConfiguration', 'DeleteBucketInventoryConfiguration': 'PutInventoryConfiguration', 'DeleteBucketLifecycle': 'PutLifecycleConfiguration', 'DeleteBucketMetricsConfiguration': 'PutMetricsConfiguration', 'DeleteBucketReplication': 'DeleteReplicationConfiguration', 'DeleteBucketTagging': 'PutBucketTagging', 'DeleteObjects': 'DeleteObject', 'GetBucketAccelerateConfiguration': 'GetAccelerateConfiguration', 'GetBucketAnalyticsConfiguration': 'GetAnalyticsConfiguration', 'GetBucketEncryption': 'GetEncryptionConfiguration', 'GetBucketInventoryConfiguration': 'GetInventoryConfiguration', 'GetBucketLifecycle': 'GetLifecycleConfiguration', 'GetBucketLifecycleConfiguration': 'GetLifecycleConfiguration', 'GetBucketMetricsConfiguration': 'GetMetricsConfiguration', 'GetBucketNotificationConfiguration': 'GetBucketNotification', 'GetBucketReplication': 'GetReplicationConfiguration', 'HeadBucket': 'ListBucket', 'HeadObject': 'GetObject', 'ListBucketAnalyticsConfigurations': 'GetAnalyticsConfiguration', 'ListBucketInventoryConfigurations': 'GetInventoryConfiguration', 'ListBucketMetricsConfigurations': 'GetMetricsConfiguration', 'ListBuckets': 'ListAllMyBuckets', 'ListMultipartUploads': 'ListBucketMultipartUploads', 'ListObjectVersions': 'ListBucketVersions', 'ListObjects': 'ListBucket', 'ListObjectsV2': 'ListBucket', 'ListParts': 'ListMultipartUploadParts', 'PutBucketAccelerateConfiguration': 'PutAccelerateConfiguration', 'PutBucketAnalyticsConfiguration': 'PutAnalyticsConfiguration', 'PutBucketEncryption': 'PutEncryptionConfiguration', 'PutBucketInventoryConfiguration': 'PutInventoryConfiguration', 'PutBucketLifecycle': 'PutLifecycleConfiguration', 'PutBucketLifecycleConfiguration': 'PutLifecycleConfiguration', 'PutBucketMetricsConfiguration': 'PutMetricsConfiguration', 'PutBucketNotificationConfiguration': 'PutBucketNotification', 'PutBucketReplication': 'DeleteReplicationConfiguration', 'UploadPart': 'PutObject', 'UploadPartCopy': 'PutObject', }, 'kms.amazonaws.com': { 'ReEncrypt': 'ReEncrypt*'  # not precise. See #27 for more details. } }  def _regex_sub(expr, subs): regex = re.compile(expr) return lambda s: regex.sub(subs, s)  def _special_case_mappings(event_name): return special_cases \\ .get(self.event_source, {}) \\ .get(event_name, event_name)  return pipe(self.event_name, _special_case_mappings, _regex_sub(r\"DeleteBucketCors\", \"PutBucketCORS\"), _regex_sub(r\"([a-zA-Z]+)[0-9v_]+$\", r\"\\1\", ), _regex_sub(r\"Cors$\", \"CORS\"))  def _to_api_gateway_statement(self): op_def = operation_definition(\"apigateway\", self.event_name)  http_method = op_def['http']['method'] request_uri = op_def['http']['requestUri']  resource_path = re.compile(r\"{[a-zA-Z_]+}\").sub(\"*\", request_uri)  region = \"*\"  # use proper region from requestParameters  return Statement( Effect=\"Allow\", Action=[Action(\"apigateway\", http_method)], Resource=[f\"arn:aws:apigateway:{region}::{resource_path}\"] )  def to_statement(self): \"\"\"Converts record into a matching IAM Policy Statement\"\"\" if self.event_source == \"sts.amazonaws.com\" and self.event_name == \"GetCallerIdentity\": return None  if self.event_source == \"apigateway.amazonaws.com\": return self._to_api_gateway_statement()  return Statement( Effect=\"Allow\", Action=[Action(self._source_to_iam_prefix(), self._event_name_to_iam_action())], Resource=sorted(self.resource_arns) )"}
{"name": "trailscraper.trailscraper.cloudtrail.LogFile", "code": "class LogFile: \"\"\"Represents a single CloudTrail Log File\"\"\"  def __init__(self, path): self._path = path  def timestamp(self): \"\"\"Returns the timestamp the log file was delivered\"\"\" dstr = self.filename().split('_')[3] # using manual substring instead of strptime for performance reasons # inspired by https://stackoverflow.com/a/14166888 return datetime.datetime(*map(int, [dstr[:4], dstr[4:6], dstr[6:8], dstr[9:11], dstr[11:13]])) \\ .replace(tzinfo=pytz.utc)  def filename(self): \"\"\"Name of the logfile (without path)\"\"\" return os.path.split(self._path)[-1]  def has_valid_filename(self): \"\"\"Returns if the log file represented has a valid filename\"\"\" pattern = re.compile(r\"[0-9]+_CloudTrail_[a-z0-9-]+_[0-9TZ]+_[a-zA-Z0-9]+\\.json\\.gz\") return pattern.match(self.filename())  def records(self): \"\"\"Returns CloudTrail Records in this log file\"\"\" logging.debug(\"Loading %s\", self._path)  try: with gzip.open(self._path, 'rt') as unzipped: json_data = json.load(unzipped) records = json_data['Records'] return parse_records(records) except (IOError, OSError) as error: logging.warning(\"Could not load %s: %s\", self._path, error) return []  def contains_events_for_timeframe(self, from_date, to_date): \"\"\"Returns true if this logfile likely contains events in the relevant timeframe\"\"\" return from_date <= self.timestamp() <= to_date + datetime.timedelta(hours=1)"}
{"name": "trailscraper.trailscraper.record_sources.local_directory_record_source.LocalDirectoryRecordSource", "code": "class LocalDirectoryRecordSource(): \"\"\"Class to represent cloudtrail records stored on disk\"\"\" def __init__(self, log_dir): self._log_dir = log_dir  def _valid_log_files(self): def _valid_or_warn(log_file): if log_file.has_valid_filename(): return True  logging.warning(\"Invalid filename: %s\", log_file.filename()) return False  def _to_paths(triple): root, _, files_in_dir = triple return [os.path.join(root, file_in_dir) for file_in_dir in files_in_dir]  return pipe(os.walk(self._log_dir), mapcatz(_to_paths), mapz(LogFile), filterz(_valid_or_warn))  def load_from_dir(self, from_date, to_date): \"\"\"Loads all CloudTrail Records in a file\"\"\" records = [] for logfile in self._valid_log_files(): if logfile.contains_events_for_timeframe(from_date, to_date): records.extend(logfile.records())  return records  def last_event_timestamp_in_dir(self): \"\"\"Return the timestamp of the most recent event in the given directory\"\"\" most_recent_file = pipe(self._valid_log_files(), sortedz(key=LogFile.timestamp), lastz, LogFile.records, sortedz(key=lambda record: record.event_time), lastz)  return most_recent_file.event_time"}
{"name": "trailscraper.trailscraper.record_sources.cloudtrail_api_record_source.CloudTrailAPIRecordSource", "code": "class CloudTrailAPIRecordSource(): \"\"\"Class to represent CloudTrail records from the CloudTrail lookup_events API\"\"\" def __init__(self): self._client = boto3.client('cloudtrail')  def load_from_api(self, from_date, to_date): \"\"\"Loads the last 10 hours of cloudtrail events from the API\"\"\" client = boto3.client('cloudtrail') paginator = client.get_paginator('lookup_events') response_iterator = paginator.paginate( StartTime=from_date, EndTime=to_date, ) records = [] for response in response_iterator: for event in response['Events']: records.append(_parse_record(json.loads(event['CloudTrailEvent'])))  return records"}
{"name": "trailscraper.trailscraper.iam.BaseElement", "code": "class BaseElement: \"\"\"Base Class for all IAM Policy classes\"\"\"  def json_repr(self): \"\"\"JSON representation of the class\"\"\" raise NotImplementedError  def __eq__(self, other): if isinstance(other, self.__class__): return self.json_repr() == other.json_repr()  return False  def __ne__(self, other): return not self == other  def __hash__(self): return hash(self.json_repr())  def __repr__(self): return str(self.json_repr())"}
{"name": "trailscraper.trailscraper.iam.Action", "code": "class Action(BaseElement): \"\"\"Action in an IAM Policy.\"\"\"  def __init__(self, prefix, action): self.action = action self.prefix = prefix  def json_repr(self): return ':'.join([self.prefix, self.action])  def _base_action(self): without_prefix = self.action for prefix in BASE_ACTION_PREFIXES: without_prefix = re.sub(prefix, \"\", without_prefix)  without_plural = re.sub(r\"s$\", \"\", without_prefix)  return without_plural  def matching_actions(self, allowed_prefixes): \"\"\"Return a matching create action for this Action\"\"\"  if not allowed_prefixes: allowed_prefixes = BASE_ACTION_PREFIXES  potential_matches = [Action(prefix=self.prefix, action=action_prefix + self._base_action()) for action_prefix in allowed_prefixes]  potential_matches += [Action(prefix=self.prefix, action=action_prefix + self._base_action() + \"s\") for action_prefix in allowed_prefixes]  return [potential_match for potential_match in potential_matches if potential_match in known_iam_actions(self.prefix) and potential_match != self]"}
{"name": "trailscraper.trailscraper.iam.Statement", "code": "class Statement(BaseElement): \"\"\"Statement in an IAM Policy.\"\"\"  def __init__(self, Action, Effect, Resource):  # pylint: disable=redefined-outer-name self.Action = Action  # pylint: disable=invalid-name self.Effect = Effect  # pylint: disable=invalid-name self.Resource = Resource  # pylint: disable=invalid-name  def json_repr(self): return { 'Action': self.Action, 'Effect': self.Effect, 'Resource': self.Resource, }  def merge(self, other): \"\"\"Merge two statements into one.\"\"\" if self.Effect != other.Effect: raise ValueError(f\"Trying to combine two statements with differing effects: {self.Effect} {other.Effect}\")  effect = self.Effect  actions = list(sorted(set(self.Action + other.Action), key=lambda action: action.json_repr())) resources = list(sorted(set(self.Resource + other.Resource)))  return Statement( Effect=effect, Action=actions, Resource=resources, )  def __action_list_strings(self): return \"-\".join([a.json_repr() for a in self.Action])  def __lt__(self, other): if self.Effect != other.Effect: return self.Effect < other.Effect if self.Action != other.Action: # pylint: disable=W0212 return self.__action_list_strings() < other.__action_list_strings()  return \"\".join(self.Resource) < \"\".join(other.Resource)"}
{"name": "trailscraper.trailscraper.iam.PolicyDocument", "code": "class PolicyDocument(BaseElement): \"\"\"IAM Policy Doument.\"\"\"  def __init__(self, Statement, Version=\"2012-10-17\"):  # pylint: disable=redefined-outer-name self.Version = Version  # pylint: disable=invalid-name self.Statement = Statement  # pylint: disable=invalid-name  def json_repr(self): return { 'Version': self.Version, 'Statement': self.Statement }  def to_json(self): \"\"\"Render object into IAM Policy JSON\"\"\" return json.dumps(self.json_repr(), cls=IAMJSONEncoder, indent=4, sort_keys=True)"}
{"name": "trailscraper.trailscraper.iam.IAMJSONEncoder", "code": "class IAMJSONEncoder(json.JSONEncoder): \"\"\"JSON Encoder using the json_repr functions\"\"\"  def default(self, o):  # pylint: disable=method-hidden if hasattr(o, 'json_repr'): return o.json_repr() return json.JSONEncoder.default(self, o)"}
