{"name": "trailscraper.tests.test_utils_iam.all_aws_api_methods", "code": "def all_aws_api_methods(): result = []  for line in boto_service_definition_files(): data = json.load(open(line.strip())) if 'operations' in data: for action in data['operations']: result.append(data['metadata']['endpointPrefix'] + \":\" + data['operations'][action]['name']) else: logging.warning('problem with %s', line.strip())  return set(result)"}
{"name": "trailscraper.tests.test_utils_iam.test_all_aws_api_methods", "code": "def test_all_aws_api_methods(): api_methods = all_aws_api_methods()  assert api_methods != [] assert \"ec2:DescribeInstances\" in api_methods assert len(api_methods) == len(set(api_methods)), \"expected no duplicates\""}
{"name": "trailscraper.tests.iam.statement_test.test_should_merge_two_identical_statements", "code": "def test_should_merge_two_identical_statements(): statement1 = Statement( Effect=\"Allow\", Action=[ Action(\"some-service\", \"some-action\"), ], Resource=[ \"some-resource\", ] ) statement2 = Statement( Effect=\"Allow\", Action=[ Action(\"some-service\", \"some-action\"), ], Resource=[ \"some-resource\", ] )  assert statement1.merge(statement2) == statement1 assert statement2.merge(statement1) == statement2"}
{"name": "trailscraper.tests.iam.statement_test.test_should_merge_two_statements_with_different_actions_and_resources", "code": "def test_should_merge_two_statements_with_different_actions_and_resources(): statement1 = Statement( Effect=\"Allow\", Action=[ Action(\"some-service\", \"some-action\"), ], Resource=[ \"some-resource\", ] ) statement2 = Statement( Effect=\"Allow\", Action=[ Action(\"some-service\", \"some-other-action\"), ], Resource=[ \"some-resource\", \"some-other-resource\", ] )  merged = Statement( Effect=\"Allow\", Action=[ Action(\"some-service\", \"some-action\"), Action(\"some-service\", \"some-other-action\"), ], Resource=[ \"some-other-resource\", \"some-resource\", ] )  assert statement1.merge(statement2) == merged"}
{"name": "trailscraper.tests.iam.statement_test.test_should_merge_deny_statments", "code": "def test_should_merge_deny_statments(): statement1 = Statement( Effect=\"Deny\", Action=[Action(\"some-service\", \"some-action\")], Resource=[\"*\"])  statement2 = Statement( Effect=\"Deny\", Action=[Action(\"some-service\", \"some-other-action\")], Resource=[\"*\"])  merged = Statement( Effect=\"Deny\", Action=[ Action(\"some-service\", \"some-action\"), Action(\"some-service\", \"some-other-action\"), ], Resource=[\"*\"])  assert statement1.merge(statement2) == merged"}
{"name": "trailscraper.tests.iam.statement_test.test_should_fail_if_effects_arent_the_same", "code": "def test_should_fail_if_effects_arent_the_same(): statement1 = Statement( Effect=\"Allow\", Action=[], Resource=[]) statement2 = Statement( Effect=\"Deny\", Action=[], Resource=[])  with pytest.raises(ValueError) as e: statement1.merge(statement2)  assert str(e.value) == \"Trying to combine two statements with differing effects: Allow Deny\""}
{"name": "trailscraper.tests.iam.statement_test.test_should_order_by_effect_first", "code": "def test_should_order_by_effect_first(): statement1 = Statement( Effect=\"Allow\", Action=[], Resource=[]) statement2 = Statement( Effect=\"Deny\", Action=[], Resource=[])  assert statement1 < statement2 assert not statement1 > statement2"}
{"name": "trailscraper.tests.iam.statement_test.test_should_order_by_action_list_second", "code": "def test_should_order_by_action_list_second(): statement1 = Statement( Effect=\"Allow\", Action=[Action(\"ec2\", \"DescribeInstances\")], Resource=[]) statement2 = Statement( Effect=\"Deny\", Action=[Action(\"iam\", \"PassRole\")], Resource=[])  assert statement1 < statement2 assert not statement1 > statement2"}
{"name": "trailscraper.tests.iam.statement_test.test_should_order_by_resource_list_third", "code": "def test_should_order_by_resource_list_third(): statement1 = Statement( Effect=\"Allow\", Action=[], Resource=[\"a\"])  statement2 = Statement( Effect=\"Allow\", Action=[], Resource=[\"b\"])  assert statement1 < statement2 assert not statement1 > statement2"}
{"name": "trailscraper.tests.iam.statement_test.test_same_statements_have_the_same_order", "code": "def test_same_statements_have_the_same_order(): statement1 = Statement( Effect=\"Allow\", Action=[], Resource=[\"a\"])  statement2 = Statement( Effect=\"Allow\", Action=[], Resource=[\"a\"])  assert not statement1 < statement2 assert not statement1 > statement2 assert statement1 == statement2"}
{"name": "trailscraper.tests.iam.known_iam_actions_test.test_all_iam_permissions", "code": "def test_all_iam_permissions(): permissions = all_known_iam_permissions()  assert permissions != [] assert \"ec2:DescribeInstances\" in permissions assert len(permissions) == len(set(permissions)), \"expected no duplicates\""}
{"name": "trailscraper.tests.iam.known_iam_actions_test.test_known_iam_action_for_prefix", "code": "def test_known_iam_action_for_prefix(): actions = known_iam_actions(\"acm\") assert len(actions) == 10 assert Action(\"acm\",\"DescribeCertificate\") in actions"}
{"name": "trailscraper.tests.iam.known_iam_actions_test.test_known_iam_action_for_prefix_does_not_fail_if_action_not_found", "code": "def test_known_iam_action_for_prefix_does_not_fail_if_action_not_found(): assert known_iam_actions(\"something-unknown\") == []"}
{"name": "trailscraper.tests.iam.action_test.test_base_action", "code": "def test_base_action(test_input, expected): assert test_input._base_action() == expected"}
{"name": "trailscraper.tests.iam.action_test.test_find_matching_actions_without_filtering", "code": "def test_find_matching_actions_without_filtering(test_input, expected): assert test_input.matching_actions(allowed_prefixes=None) == expected"}
{"name": "trailscraper.tests.iam.action_test.test_find_matching_actions_with_filtering", "code": "def test_find_matching_actions_with_filtering(test_input, expected, allowed_prefixes): assert test_input.matching_actions(allowed_prefixes=allowed_prefixes) == expected"}
{"name": "trailscraper.tests.iam.policy_document_test.test_policy_document_renders_to_json", "code": "def test_policy_document_renders_to_json(): pd = PolicyDocument( Version=\"2012-10-17\", Statement=[ Statement( Effect=\"Allow\", Action=[ Action('autoscaling', 'DescribeLaunchConfigurations'), ], Resource=[\"*\"] ), Statement( Effect=\"Allow\", Action=[ Action('sts', 'AssumeRole'), ], Resource=[ \"arn:aws:iam::111111111111:role/someRole\" ] ) ] )  expected_json = '''\\ { \"Statement\": [ { \"Action\": [ \"autoscaling:DescribeLaunchConfigurations\" ], \"Effect\": \"Allow\", \"Resource\": [ \"*\" ] }, { \"Action\": [ \"sts:AssumeRole\" ], \"Effect\": \"Allow\", \"Resource\": [ \"arn:aws:iam::111111111111:role/someRole\" ] } ], \"Version\": \"2012-10-17\" }''' assert json.loads(pd.to_json()) == json.loads(expected_json)"}
{"name": "trailscraper.tests.iam.policy_document_test.test_json_parses_to_policy_document", "code": "def test_json_parses_to_policy_document(): pd = PolicyDocument( Version=\"2012-10-17\", Statement=[ Statement( Effect=\"Allow\", Action=[ Action('autoscaling', 'DescribeLaunchConfigurations'), ], Resource=[\"*\"] ), Statement( Effect=\"Allow\", Action=[ Action('sts', 'AssumeRole'), ], Resource=[ \"arn:aws:iam::111111111111:role/someRole\" ] ) ] )  assert parse_policy_document(StringIO(pd.to_json())).to_json() == pd.to_json()"}
{"name": "trailscraper.tests.policy_generator.generate_policy_test.test_should_generate_simple_policy", "code": "def test_should_generate_simple_policy(): records = [ Record(\"autoscaling.amazonaws.com\", \"DescribeLaunchConfigurations\"), Record(\"sts.amazonaws.com\", \"AssumeRole\") ]  assert generate_policy(records) == PolicyDocument( Version=\"2012-10-17\", Statement=[ Statement( Effect=\"Allow\", Action=[ Action('autoscaling', 'DescribeLaunchConfigurations'), Action('sts', 'AssumeRole'), ], Resource=[\"*\"] ) ] )"}
{"name": "trailscraper.tests.policy_generator.generate_policy_test.test_should_remove_duplicate_actions", "code": "def test_should_remove_duplicate_actions(): records = [ Record(\"autoscaling.amazonaws.com\", \"DescribeLaunchConfigurations\"), Record(\"autoscaling.amazonaws.com\", \"DescribeLaunchConfigurations\"), ]  assert generate_policy(records) == PolicyDocument( Version=\"2012-10-17\", Statement=[ Statement( Effect=\"Allow\", Action=[ Action('autoscaling', 'DescribeLaunchConfigurations'), ], Resource=[\"*\"] ) ] )"}
{"name": "trailscraper.tests.policy_generator.generate_policy_test.test_should_allow_events_that_dont_map_to_statement", "code": "def test_should_allow_events_that_dont_map_to_statement(): records = [ Record(\"autoscaling.amazonaws.com\", \"DescribeLaunchConfigurations\"), Record(\"sts.amazonaws.com\", \"GetCallerIdentity\") ]  assert generate_policy(records) == PolicyDocument( Version=\"2012-10-17\", Statement=[ Statement( Effect=\"Allow\", Action=[ Action('autoscaling', 'DescribeLaunchConfigurations'), ], Resource=[\"*\"] ) ] )"}
{"name": "trailscraper.tests.policy_generator.generate_policy_test.test_should_sort_actions_alphabetically", "code": "def test_should_sort_actions_alphabetically(): records = [ Record(\"ec2.amazonaws.com\", \"DescribeSecurityGroups\"), Record(\"rds.amazonaws.com\", \"ListTagsForResource\"), Record(\"ec2.amazonaws.com\", \"DescribeInstances\"), ]  assert generate_policy(records) == PolicyDocument( Version=\"2012-10-17\", Statement=[ Statement( Effect=\"Allow\", Action=[ Action(\"ec2\", \"DescribeInstances\"), Action(\"ec2\", \"DescribeSecurityGroups\"), Action(\"rds\", \"ListTagsForResource\"), ], Resource=[\"*\"] ) ] )"}
{"name": "trailscraper.tests.policy_generator.generate_policy_test.test_should_group_by_resources", "code": "def test_should_group_by_resources(): records = [ Record(\"ec2.amazonaws.com\", \"DescribeSecurityGroups\"), Record(\"rds.amazonaws.com\", \"ListTagsForResource\", [\"arn:aws:rds:eu-central-1:111111111111:db:some-db\"]), Record(\"ec2.amazonaws.com\", \"DescribeInstances\"), ]  assert generate_policy(records) == PolicyDocument( Version=\"2012-10-17\", Statement=[ Statement( Effect=\"Allow\", Action=[ Action(\"ec2\", \"DescribeInstances\"), Action(\"ec2\", \"DescribeSecurityGroups\"), ], Resource=[\"*\"] ), Statement( Effect=\"Allow\", Action=[ Action(\"rds\", \"ListTagsForResource\"), ], Resource=[\"arn:aws:rds:eu-central-1:111111111111:db:some-db\"] ) ] )"}
{"name": "trailscraper.tests.policy_generator.generate_policy_test.test_should_group_by_resources_and_combine_statements_with_same_actions_but_different_resources", "code": "def test_should_group_by_resources_and_combine_statements_with_same_actions_but_different_resources(): records = [ Record(\"rds.amazonaws.com\", \"ListTagsForResource\", [\"arn:aws:rds:eu-central-1:111111111111:db:some-db\"]), Record(\"rds.amazonaws.com\", \"ListTagsForResource\", [\"arn:aws:rds:eu-central-1:111111111111:db:some-other-db\"]), ]  assert generate_policy(records) == PolicyDocument( Version=\"2012-10-17\", Statement=[ Statement( Effect=\"Allow\", Action=[ Action(\"rds\", \"ListTagsForResource\"), ], Resource=[ \"arn:aws:rds:eu-central-1:111111111111:db:some-db\", \"arn:aws:rds:eu-central-1:111111111111:db:some-other-db\", ] ) ] )"}
{"name": "trailscraper.tests.policy_generator.generate_policy_test.test_should_group_by_action_and_resource_independent_of_order", "code": "def test_should_group_by_action_and_resource_independent_of_order(): records = [ Record(\"rds.amazonaws.com\", \"ListTagsForResource\", [\"arn:aws:rds:eu-central-1:111111111111:db:some-db\"]), Record(\"rds.amazonaws.com\", \"SomethingDifferent\", [\"arn:aws:rds:eu-central-1:111111111111:db:a-third-db\"]), Record(\"rds.amazonaws.com\", \"ListTagsForResource\", [\"arn:aws:rds:eu-central-1:111111111111:db:some-other-db\"]), ]  expected = PolicyDocument( Version=\"2012-10-17\", Statement=[ Statement( Effect=\"Allow\", Action=[ Action(\"rds\", \"ListTagsForResource\"), ], Resource=[ \"arn:aws:rds:eu-central-1:111111111111:db:some-db\", \"arn:aws:rds:eu-central-1:111111111111:db:some-other-db\", ] ), Statement( Effect=\"Allow\", Action=[ Action(\"rds\", \"SomethingDifferent\"), ], Resource=[ \"arn:aws:rds:eu-central-1:111111111111:db:a-third-db\", ] ), ]) actual = generate_policy(records) assert actual == expected"}
{"name": "trailscraper.tests.test_utils_s3.file_content", "code": "def file_content(dirpath, key): with open(dirpath + os.sep + key) as f: return f.read()"}
{"name": "trailscraper.tests.test_utils_s3.file_does_not_exist", "code": "def file_does_not_exist(dirpath, key): target = dirpath + os.sep + key return not os.path.exists(target)"}
{"name": "trailscraper.tests.test_utils_s3.given_a_bucket", "code": "def given_a_bucket(bucket_name): s3 = boto3.resource('s3', region_name='us-east-1') s3.create_bucket(Bucket=bucket_name)"}
{"name": "trailscraper.tests.test_utils_s3.given_an_object", "code": "def given_an_object(bucket, key, body): s3 = boto3.resource('s3', region_name='us-east-1') s3.Bucket(bucket).put_object(Key=key, Body=body)"}
{"name": "trailscraper.tests.test_utils_s3.given_a_file", "code": "def given_a_file(dirpath, key, body): target = dirpath + os.sep + key if not os.path.exists(os.path.dirname(target)): os.makedirs(os.path.dirname(target))  with open(target, 'w+') as f: return f.write(body)"}
{"name": "trailscraper.tests.collection_utils.consume_test.test_should_trigger_side_effects_of_collection", "code": "def test_should_trigger_side_effects_of_collection():  def some_iterator(): for i in range(100): if i == 50: raise RuntimeError(\"omg\") yield i  with pytest.raises(RuntimeError): consume(some_iterator())"}
{"name": "trailscraper.tests.collection_utils.consume_test.test_should_trigger_side_effects_of_collection.some_iterator", "code": "def some_iterator(): for i in range(100): if i == 50: raise RuntimeError(\"omg\") yield i"}
{"name": "trailscraper.tests.cloudtrail.cloudtrail_test.test_parse_record_should_be_able_to_cope_with_missing_type", "code": "def test_parse_record_should_be_able_to_cope_with_missing_type(): assert _parse_record({'userIdentity': {'accountId': '111111111111'}, 'eventSource': 'kms.amazonaws.com', 'eventName': 'DeleteKey', 'eventTime': '2017-11-19T00:21:51Z'}) == \\ Record('kms.amazonaws.com', 'DeleteKey', event_time=datetime.datetime(2017, 11, 19, 0, 21, 51, tzinfo=pytz.utc))"}
{"name": "trailscraper.tests.cloudtrail.cloudtrail_test.test_parse_record_should_be_able_to_cope_with_missing_session_context_in_assumed_role", "code": "def test_parse_record_should_be_able_to_cope_with_missing_session_context_in_assumed_role(): assert _parse_record({'eventVersion': '1.05', 'userIdentity': {'type': 'AssumedRole', 'principalId': 'some-key:some-user', 'arn': 'arn:aws:sts::111111111111:assumed-role/some-role/some-user', 'accountId': '111111111111'}, 'eventSource': 'signin.amazonaws.com', 'eventTime': '2017-11-19T00:21:51Z', 'eventName': 'RenewRole'}) == \\ Record('signin.amazonaws.com', 'RenewRole', event_time=datetime.datetime(2017, 11, 19, 0, 21, 51, tzinfo=pytz.utc))"}
{"name": "trailscraper.tests.cloudtrail.cloudtrail_test.test_parse_record_should_be_able_to_cope_with_missing_arn_in_resource", "code": "def test_parse_record_should_be_able_to_cope_with_missing_arn_in_resource(): assert _parse_record({'eventVersion': '1.05', 'eventTime': '2018-05-15T02:18:43Z', 'eventName': 'ListObjects', 'eventSource': 's3.amazonaws.com', 'userIdentity': {'type': 'AssumedRole', 'principalId': 'some-key:some-user', 'arn': 'arn:aws:sts::111111111111:assumed-role/some-role/some-user', 'accountId': '111111111111'}, 'resources': [ {'ARNPrefix': 'arn:aws:s3:::some-bucket/env:/', 'type': 'AWS::S3::Object'}, {'type': 'AWS::S3::Bucket', 'ARN': 'arn:aws:s3:::some-bucket', 'accountId': '201571571865'}], }) == \\ Record('s3.amazonaws.com', 'ListObjects', event_time=datetime.datetime(2018, 5, 15, 2, 18, 43, tzinfo=pytz.utc), resource_arns=[\"arn:aws:s3:::some-bucket\"])"}
{"name": "trailscraper.tests.cloudtrail.cloudtrail_test.test_parse_records_should_ignore_records_that_cant_be_parsed", "code": "def test_parse_records_should_ignore_records_that_cant_be_parsed(): assert parse_records([{}, {'eventVersion': '1.05', 'userIdentity': {'type': 'SomeType'}, 'eventSource': 'someSource', 'eventName': 'SomeEvent', 'eventTime': '2017-11-19T00:21:51Z'}]) == \\ [Record('someSource', 'SomeEvent', event_time=datetime.datetime(2017, 11, 19, 0, 21, 51, tzinfo=pytz.utc))]"}
{"name": "trailscraper.tests.cloudtrail.logfile_test.test_can_parse_logfile_timestamp", "code": "def test_can_parse_logfile_timestamp(): path = \"/logs/AWSLogs/111111111111/CloudTrail/eu-central-1/2017/12/11/\" \\ \"111111111111_CloudTrail_eu-central-1_20171211T1505Z_A6kvhMoVeCsc7v8U.json.gz\"  assert LogFile(path).timestamp() == datetime.datetime(2017,12,11,15,5, tzinfo=pytz.utc)"}
{"name": "trailscraper.tests.cloudtrail.logfile_test.test_can_parse_logfile_timestamp_with_zeroes", "code": "def test_can_parse_logfile_timestamp_with_zeroes(): path = \"/logs/AWSLogs/111111111111/CloudTrail/eu-central-1/2020/06/03/\" \\ \"111111111111_CloudTrail_eu-central-1_20200603T0305Z_A6kvhMoVeCsc7v8U.json.gz\"  assert LogFile(path).timestamp() == datetime.datetime(2020,6,3,3,5, tzinfo=pytz.utc)"}
{"name": "trailscraper.tests.cloudtrail.logfile_test.test_sees_json_gz_as_valid_filenames", "code": "def test_sees_json_gz_as_valid_filenames(): path = \"/logs/AWSLogs/111111111111/CloudTrail/eu-central-1/2017/12/11/\" \\ \"111111111111_CloudTrail_eu-central-1_20171211T1505Z_A6kvhMoVeCsc7v8U.json.gz\"  assert LogFile(path).has_valid_filename()"}
{"name": "trailscraper.tests.cloudtrail.logfile_test.test_sees_json_gz_with_wrong_filename_pattern_as_invalid", "code": "def test_sees_json_gz_with_wrong_filename_pattern_as_invalid(): path = \"/logs/AWSLogs/111111111111/CloudTrail/eu-central-1/2017/12/11/\" \\ \"foo_20171211T1505Z_A6kvhMoVeCsc7v8U.json.gz\"  assert not LogFile(path).has_valid_filename()"}
{"name": "trailscraper.tests.cloudtrail.logfile_test.test_does_not_see_something_else_as_valid_filenames", "code": "def test_does_not_see_something_else_as_valid_filenames(): path = \"/logs/AWSLogs/111111111111/CloudTrail/eu-central-1/2017/12/11/\" \\ \"111111111111_CloudTrail_eu-central-1_20171211T1505Z_A6kvhMoVeCsc7v8U.txt\"  assert not LogFile(path).has_valid_filename()"}
{"name": "trailscraper.tests.cloudtrail.logfile_test.test_parse_records_from_gzipped_file", "code": "def test_parse_records_from_gzipped_file(): logfile = LogFile( cloudtrail_data(\"111111111111_CloudTrail_eu-central-1_20171211T1505Z_A6kvhMoVeCsc7v8U.json.gz\"))  assert logfile.records() == [ Record(\"autoscaling.amazonaws.com\", \"DescribeLaunchConfigurations\", assumed_role_arn=\"arn:aws:iam::111111111111:role/someRole\", event_time=datetime.datetime(2017, 12, 11, 15, 1, 51, tzinfo=pytz.utc)), Record(\"sts.amazonaws.com\", \"AssumeRole\", resource_arns=[\"arn:aws:iam::111111111111:role/someRole\"], event_time=datetime.datetime(2017, 12, 11, 15, 4, 51, tzinfo=pytz.utc)) ]"}
{"name": "trailscraper.tests.cloudtrail.logfile_test.test_parse_records_from_gzipped_file_should_return_empty_for_non_gzipped_files", "code": "def test_parse_records_from_gzipped_file_should_return_empty_for_non_gzipped_files(): logfile = LogFile(cloudtrail_data(\"111111111111_CloudTrail_eu-central-1_20171211T1505Z_A6kvhMoVeCsc7v8U.json\")) assert logfile.records() == []"}
{"name": "trailscraper.tests.cloudtrail.filter_test.test_should_filter_for_event_time", "code": "def test_should_filter_for_event_time(): records = [ Record(\"autoscaling.amazonaws.com\", \"DescribeLaunchConfigurations\", event_time=datetime.datetime(2017, 1, 1)), Record(\"sts.amazonaws.com\", \"AssumeRole\", event_time=datetime.datetime(2017, 6, 6)) ]  assert filter_records(records, from_date=datetime.datetime(2017, 1, 1), to_date=datetime.datetime(2017, 3, 1)) == \\ [ Record(\"autoscaling.amazonaws.com\", \"DescribeLaunchConfigurations\", event_time=datetime.datetime(2017, 1, 1)), ]"}
{"name": "trailscraper.tests.cloudtrail.filter_test.test_should_warn_if_records_passed_but_filtered_away", "code": "def test_should_warn_if_records_passed_but_filtered_away(caplog): records = [ Record(\"autoscaling.amazonaws.com\", \"DescribeLaunchConfigurations\", event_time=datetime.datetime(2017, 1, 1)), Record(\"sts.amazonaws.com\", \"AssumeRole\", event_time=datetime.datetime(2017, 6, 6)) ]  assert filter_records(records, from_date=datetime.datetime(2010, 1, 1), to_date=datetime.datetime(2010, 1, 2)) == []  assert caplog.record_tuples == [ ('root', logging.WARNING, cloudtrail.ALL_RECORDS_FILTERED), ]"}
{"name": "trailscraper.tests.cloudtrail.record_test.test_should_have_a_string_representation", "code": "def test_should_have_a_string_representation(): assert str(Record(\"sts.amazonaws.com\", \"AssumeRole\", resource_arns=[\"arn:aws:iam::111111111111:role/someRole\"], event_time=datetime.datetime(2017, 11, 19, 0, 21, 51))) == \\ \"Record(event_source=sts.amazonaws.com event_name=AssumeRole event_time=2017-11-19 00:21:51 \" \\ \"resource_arns=['arn:aws:iam::111111111111:role/someRole'])\""}
{"name": "trailscraper.tests.cloudtrail.record_test.test_should_know_about_equality", "code": "def test_should_know_about_equality(): assert Record(\"sts.amazonaws.com\", \"AssumeRole\") == Record(\"sts.amazonaws.com\", \"AssumeRole\") assert Record(\"sts.amazonaws.com\", \"AssumeRole\", []) == Record(\"sts.amazonaws.com\", \"AssumeRole\") assert Record(\"sts.amazonaws.com\", \"AssumeRole\", resource_arns=[\"arn:aws:iam::111111111111:role/someRole\"]) == \\ Record(\"sts.amazonaws.com\", \"AssumeRole\", resource_arns=[\"arn:aws:iam::111111111111:role/someRole\"]) assert Record(\"sts.amazonaws.com\", \"AssumeRole\", assumed_role_arn=\"arn:aws:iam::111111111111:role/someRole\") == \\ Record(\"sts.amazonaws.com\", \"AssumeRole\", assumed_role_arn=\"arn:aws:iam::111111111111:role/someRole\")  assert Record(\"sts.amazonaws.com\", \"AssumeRole\") != Record(\"sts.amazonaws.com\", \"AssumeRoles\") assert Record(\"sts.amazonaws.com\", \"AssumeRole\") != Record(\"ec2.amazonaws.com\", \"AssumeRole\") assert Record(\"sts.amazonaws.com\", \"AssumeRole\") != Record(\"ec2.amazonaws.com\", \"DescribeInstances\") assert Record(\"sts.amazonaws.com\", \"AssumeRole\", resource_arns=[\"arn:aws:iam::111111111111:role/someRole\"]) != \\ Record(\"sts.amazonaws.com\", \"AssumeRole\", [\"arn:aws:iam::222222222222:role/someRole\"]) assert Record(\"sts.amazonaws.com\", \"AssumeRole\", assumed_role_arn=\"arn:aws:iam::111111111111:role/someRole\") != \\ Record(\"sts.amazonaws.com\", \"AssumeRole\", assumed_role_arn=\"arn:aws:iam::111111111111:role/someOtherRole\")"}
{"name": "trailscraper.tests.cloudtrail.record_test.test_should_be_hashable", "code": "def test_should_be_hashable(): assert hash(Record(\"sts.amazonaws.com\", \"AssumeRole\")) == hash(Record(\"sts.amazonaws.com\", \"AssumeRole\")) assert hash(Record(\"sts.amazonaws.com\", \"AssumeRole\")) != hash(Record(\"sts.amazonaws.com\", \"AssumeRoles\")) assert hash(Record(\"sts.amazonaws.com\", \"AssumeRole\")) != hash(Record(\"ec2.amazonaws.com\", \"AssumeRole\")) assert hash(Record(\"sts.amazonaws.com\", \"AssumeRole\")) != hash(Record(\"ec2.amazonaws.com\", \"DescribeInstances\"))"}
{"name": "trailscraper.tests.cloudtrail.record_test.test_should_convert_into_iam_statement", "code": "def test_should_convert_into_iam_statement(): record = Record(\"autoscaling.amazonaws.com\", \"DescribeLaunchConfigurations\")  expected_statment = Statement( Effect=\"Allow\", Action=[ Action('autoscaling', 'DescribeLaunchConfigurations'),  ], Resource=[\"*\"] )  assert record.to_statement() == expected_statment"}
{"name": "trailscraper.tests.cloudtrail.record_test.test_should_convert_special_event_sources_properly", "code": "def test_should_convert_special_event_sources_properly(): record = Record(\"monitoring.amazonaws.com\", \"DescribeLogStreams\")  expected_statment = Statement( Effect=\"Allow\", Action=[ Action(\"cloudwatch\", \"DescribeLogStreams\"),  ], Resource=[\"*\"] )  assert record.to_statement() == expected_statment"}
{"name": "trailscraper.tests.cloudtrail.record_test.test_should_convert_special_actions_properly", "code": "def test_should_convert_special_actions_properly(): record = Record(\"lambda\", \"ListVersionsByFunction20150331\")  expected_statment = Statement( Effect=\"Allow\", Action=[ Action(\"lambda\", \"ListVersionsByFunction\"),  ], Resource=[\"*\"] )  assert record.to_statement() == expected_statment"}
{"name": "trailscraper.tests.cloudtrail.record_test.test_should_convert_api_gateway_events_properly", "code": "def test_should_convert_api_gateway_events_properly(): record = Record(\"apigateway.amazonaws.com\", \"CreateRestApi\")  expected_statment = Statement( Effect=\"Allow\", Action=[ Action(\"apigateway\", \"POST\"),  ], Resource=[\"arn:aws:apigateway:*::/restapis\"] )  assert record.to_statement() == expected_statment"}
{"name": "trailscraper.tests.cloudtrail.record_test.test_should_convert_api_gateway_events_with_parameters_properly", "code": "def test_should_convert_api_gateway_events_with_parameters_properly(): record = Record(\"apigateway.amazonaws.com\", \"UpdateMethod\")  expected_statment = Statement( Effect=\"Allow\", Action=[ Action(\"apigateway\", \"PATCH\"),  ], Resource=[\"arn:aws:apigateway:*::/restapis/*/resources/*/methods/*\"] )  assert record.to_statement() == expected_statment"}
{"name": "trailscraper.tests.cloudtrail.record_test.test_should_not_return_statement_for_sts_get_caller_identity_as_it_is_always_allowed", "code": "def test_should_not_return_statement_for_sts_get_caller_identity_as_it_is_always_allowed(): assert Record('sts.amazonaws.com', \"GetCallerIdentity\").to_statement() is None"}
{"name": "trailscraper.tests.cloudtrail.record_test.test_should_map_normal_event_sources_to_iam_prefix", "code": "def test_should_map_normal_event_sources_to_iam_prefix(): assert Record('autoscaling.amazonaws.com', \"something\")._source_to_iam_prefix() == 'autoscaling' assert Record('sts.amazonaws.com', \"something\")._source_to_iam_prefix() == 'sts' assert Record('ec2.amazonaws.com', \"something\")._source_to_iam_prefix() == 'ec2'"}
{"name": "trailscraper.tests.cloudtrail.record_test.test_should_map_special_cases_of_event_sources", "code": "def test_should_map_special_cases_of_event_sources(): assert Record('monitoring.amazonaws.com', \"something\")._source_to_iam_prefix() == 'cloudwatch'"}
{"name": "trailscraper.tests.cloudtrail.record_test.test_should_map_unknown_sources", "code": "def test_should_map_unknown_sources(): assert Record('unknown.amazonaws.com', \"something\")._source_to_iam_prefix() == 'unknown'"}
{"name": "trailscraper.tests.cloudtrail.record_test.test_should_map_normal_event_names_to_iam_actions", "code": "def test_should_map_normal_event_names_to_iam_actions(): assert Record('autoscaling.amazonaws.com', \"DescribeAutoScalingGroups\")._event_name_to_iam_action() == \\ 'DescribeAutoScalingGroups'"}
{"name": "trailscraper.tests.cloudtrail.record_test.test_should_map_event_names_with_timestamps_to_iam_actions", "code": "def test_should_map_event_names_with_timestamps_to_iam_actions(): assert Record('lambda', \"ListVersionsByFunction20150331\")._event_name_to_iam_action() == \\ 'ListVersionsByFunction' assert Record('lambda', \"GetFunctionConfiguration20150331v2\")._event_name_to_iam_action() == \\ 'GetFunctionConfiguration' assert Record('cloudfront', \"UpdateDistribution2016_11_25\")._event_name_to_iam_action() == \\ 'UpdateDistribution'"}
{"name": "trailscraper.tests.cloudtrail.record_test.test_should_fix_cors", "code": "def test_should_fix_cors(): assert Record('s3', \"PutBucketCors\")._event_name_to_iam_action() == \\ 'PutBucketCORS' assert Record('s3', \"DeleteBucketCors\")._event_name_to_iam_action() == \\ 'PutBucketCORS'"}
{"name": "trailscraper.tests.cloudtrail.map_to_iam_sanity_test.unknown_actions", "code": "def unknown_actions(): iam_actions_from_api_calls = set() for api_call in all_aws_api_methods(): x = api_call.split(\":\") r = Record(x[0] + \".amazonaws.com\", x[1]) statement = r.to_statement() if statement is not None: iam_actions_from_api_calls.add(statement.Action[0].json_repr())  known_actions = all_known_iam_permissions()  return iam_actions_from_api_calls.difference(known_actions)"}
{"name": "trailscraper.tests.cloudtrail.map_to_iam_sanity_test.test_api_calls_map_to_known_iam_action", "code": "def test_api_calls_map_to_known_iam_action(): assert unknown_actions() == KNOWN_UNKNOWNS.union(UNDOCUMENTED)"}
{"name": "trailscraper.tests.boto_service_definitions_test.test_should_find_most_recent_service_definition_file_for_ec2", "code": "def test_should_find_most_recent_service_definition_file_for_ec2(): botocore_data_dir = resource_filename(Requirement.parse(\"botocore\"), \"botocore/data\") expected_filename = os.path.join(botocore_data_dir, \"ec2\", \"2016-11-15\", \"service-2.json\")  assert service_definition_file(\"ec2\") == expected_filename"}
{"name": "trailscraper.tests.boto_service_definitions_test.test_should_find_operation_definitions", "code": "def test_should_find_operation_definitions(): assert operation_definition(\"apigateway\", \"UpdateApiKey\") == { \"name\": \"UpdateApiKey\", \"http\": { \"method\": \"PATCH\", \"requestUri\": \"/apikeys/{api_Key}\" }, \"input\": {\"shape\": \"UpdateApiKeyRequest\"}, \"output\": {\"shape\": \"ApiKey\"}, \"errors\": [ {\"shape\": \"BadRequestException\"}, {\"shape\": \"ConflictException\"}, {\"shape\": \"LimitExceededException\"}, {\"shape\": \"NotFoundException\"}, {\"shape\": \"UnauthorizedException\"}, {\"shape\": \"TooManyRequestsException\"} ], \"documentation\": \"<p>Changes information about an ApiKey resource.</p>\" }"}
{"name": "trailscraper.tests.s3.key_prefixes_test.test_should_generate_prefixes_for_one_day", "code": "def test_should_generate_prefixes_for_one_day(): assert _s3_key_prefixes(prefix=\"some-prefix/\", org_ids=[], account_ids=[\"000\"], regions=[\"some-region-1\"], from_date=datetime.datetime(2017, 1, 1, tzinfo=pytz.utc), to_date=datetime.datetime(2017, 1, 1, tzinfo=pytz.utc)) == \\ [\"some-prefix/AWSLogs/000/CloudTrail/some-region-1/2017/01/01/\"]"}
{"name": "trailscraper.tests.s3.key_prefixes_test.test_should_generate_prefixes_for_multiple_accounts_on_one_day", "code": "def test_should_generate_prefixes_for_multiple_accounts_on_one_day(): assert _s3_key_prefixes(prefix=\"some-prefix/\", from_date=datetime.datetime(2017, 1, 1, tzinfo=pytz.utc), to_date=datetime.datetime(2017, 1, 1, tzinfo=pytz.utc), org_ids=[], account_ids=[\"000\", \"111\"], regions=[\"some-region-1\"]) == \\ [\"some-prefix/AWSLogs/000/CloudTrail/some-region-1/2017/01/01/\", \"some-prefix/AWSLogs/111/CloudTrail/some-region-1/2017/01/01/\"]"}
{"name": "trailscraper.tests.s3.key_prefixes_test.test_should_generate_prefixes_for_one_day_when_datetime_contains_time", "code": "def test_should_generate_prefixes_for_one_day_when_datetime_contains_time(): assert _s3_key_prefixes(prefix=\"some-prefix/\", org_ids=[], account_ids=[\"000\"], regions=[\"some-region-1\"], from_date=datetime.datetime(2017, 1, 1, 10, 0, 0, tzinfo=pytz.utc), to_date=datetime.datetime(2017, 1, 1, 11, 0, 0, tzinfo=pytz.utc)) == \\ [\"some-prefix/AWSLogs/000/CloudTrail/some-region-1/2017/01/01/\"]"}
{"name": "trailscraper.tests.s3.key_prefixes_test.test_should_generate_prefixes_for_multiple_days", "code": "def test_should_generate_prefixes_for_multiple_days(): assert _s3_key_prefixes(prefix=\"some-prefix/\", org_ids=[], account_ids=[\"000\"], regions=[\"some-region-1\"], from_date=datetime.datetime(2017, 1, 1, tzinfo=pytz.utc), to_date=datetime.datetime(2017, 1, 2, tzinfo=pytz.utc)) == \\ [\"some-prefix/AWSLogs/000/CloudTrail/some-region-1/2017/01/02/\", \"some-prefix/AWSLogs/000/CloudTrail/some-region-1/2017/01/01/\", ]"}
{"name": "trailscraper.tests.s3.key_prefixes_test.test_should_generate_prefixes_for_regions", "code": "def test_should_generate_prefixes_for_regions(): assert _s3_key_prefixes(prefix=\"some-prefix/\", from_date=datetime.datetime(2017, 1, 1, tzinfo=pytz.utc), to_date=datetime.datetime(2017, 1, 1, tzinfo=pytz.utc), org_ids=[], account_ids=[\"000\"], regions=[\"some-region-1\", \"some-region-2\"]) == \\ [\"some-prefix/AWSLogs/000/CloudTrail/some-region-1/2017/01/01/\", \"some-prefix/AWSLogs/000/CloudTrail/some-region-2/2017/01/01/\"]"}
{"name": "trailscraper.tests.s3.key_prefixes_test.test_should_generate_prefixes_one_organisation", "code": "def test_should_generate_prefixes_one_organisation(): assert _s3_key_prefixes(prefix=\"some-prefix/\", org_ids=[\"o-s0mething\"], account_ids=[\"000\"], regions=[\"some-region-1\"], from_date=datetime.datetime(2017, 1, 1, tzinfo=pytz.utc), to_date=datetime.datetime(2017, 1, 1, tzinfo=pytz.utc)) == \\ [\"some-prefix/AWSLogs/o-s0mething/000/CloudTrail/some-region-1/2017/01/01/\"]"}
{"name": "trailscraper.tests.s3.download_recursive_test.test_download_a_single_file_from_prefix", "code": "def test_download_a_single_file_from_prefix(): given_a_bucket(\"some-bucket\") given_an_object(\"some-bucket\", \"foo/bar.log\", \"bar\")  with tempfile.TemporaryDirectory() as dirpath: _s3_download_recursive(\"some-bucket\", [\"foo/\"], dirpath, 10)  assert file_content(dirpath, \"foo/bar.log\") == \"bar\""}
{"name": "trailscraper.tests.s3.download_recursive_test.test_download_multiple_files_but_only_the_exact_prefix_given", "code": "def test_download_multiple_files_but_only_the_exact_prefix_given(): given_a_bucket(\"some-bucket\") given_an_object(\"some-bucket\", \"foo/bar.log\", \"foo/bar\") given_an_object(\"some-bucket\", \"foo/baz.log\", \"foo/baz\") given_an_object(\"some-bucket\", \"foo/bar/baz.log\", \"foo/bar/baz\")  with tempfile.TemporaryDirectory() as dirpath: _s3_download_recursive(\"some-bucket\", [\"foo/\"], dirpath, 10)  assert file_content(dirpath, \"foo/bar.log\") == \"foo/bar\" assert file_content(dirpath, \"foo/baz.log\") == \"foo/baz\" assert file_does_not_exist(dirpath, \"foo/bar/baz.log\")"}
{"name": "trailscraper.tests.s3.download_recursive_test.test_download_files_from_multiple_prefixes", "code": "def test_download_files_from_multiple_prefixes(): given_a_bucket(\"some-bucket\") given_an_object(\"some-bucket\", \"foo/2017/01/01/foo\", \"foo\") given_an_object(\"some-bucket\", \"foo/2017/01/02/bar\", \"bar\") given_an_object(\"some-bucket\", \"foo/2017/01/03/baz\", \"baz\") given_an_object(\"some-bucket\", \"foo/something\", \"something\") given_an_object(\"some-bucket\", \"foo/2017/02/01/else\", \"else\") given_an_object(\"some-bucket\", \"foo/2018/02/01/entirely\", \"entirely\")  with tempfile.TemporaryDirectory() as dirpath: prefixes_to_download = [ \"foo/2017/01/01/\", \"foo/2017/01/02/\", \"foo/2017/01/03/\", ] _s3_download_recursive(\"some-bucket\", prefixes_to_download, dirpath, 10)  assert file_content(dirpath, \"foo/2017/01/01/foo\") == \"foo\" assert file_content(dirpath, \"foo/2017/01/02/bar\") == \"bar\" assert file_content(dirpath, \"foo/2017/01/03/baz\") == \"baz\"  assert file_does_not_exist(dirpath, \"foo/something\") assert file_does_not_exist(dirpath, \"foo/2017/02/01/else\") assert file_does_not_exist(dirpath, \"foo/2018/02/01/entirely\")"}
{"name": "trailscraper.tests.s3.s3_download_test.test_download_log_files_and_skip_existing_files", "code": "def test_download_log_files_and_skip_existing_files(): with tempfile.TemporaryDirectory() as dirpath: given_a_bucket(\"some-bucket\") given_an_object(\"some-bucket\", TEST_LOG_KEY, \"some-file-content\") given_an_object(\"some-bucket\", TEST_LOG_KEY_EXISTING, \"some-file-content\")  given_a_file(dirpath, TEST_LOG_KEY_EXISTING, \"some-content-already-existing\")  download_cloudtrail_logs( target_dir=dirpath, bucket=\"some-bucket\", cloudtrail_prefix=\"some-prefix/\", from_date=datetime.datetime(2017, 1, 1, tzinfo=pytz.utc), to_date=datetime.datetime(2018, 1, 1, tzinfo=pytz.utc), account_ids=[\"000\"], org_ids=[], regions=[\"some-region-1\"], parallelism=10, )  assert file_content(dirpath, TEST_LOG_KEY) == \"some-file-content\" assert file_content(dirpath, TEST_LOG_KEY_EXISTING) == \"some-content-already-existing\""}
{"name": "trailscraper.tests.record_sources.local_directory_record_source_test.test_load_gzipped_files_in_timeframe_from_dir", "code": "def test_load_gzipped_files_in_timeframe_from_dir(): records = LocalDirectoryRecordSource(cloudtrail_data_dir()).load_from_dir( datetime.datetime(2017, 12, 1, tzinfo=pytz.utc), datetime.datetime(2017, 12, 12, tzinfo=pytz.utc)) assert records == [ Record(\"autoscaling.amazonaws.com\", \"DescribeLaunchConfigurations\", assumed_role_arn=\"arn:aws:iam::111111111111:role/someRole\", # \"2017-12-11T15:01:51Z\" event_time=datetime.datetime(2017, 12, 11, 15, 1, 51, tzinfo=pytz.utc)), Record(\"sts.amazonaws.com\", \"AssumeRole\", resource_arns=[\"arn:aws:iam::111111111111:role/someRole\"], event_time=datetime.datetime(2017, 12, 11, 15, 4, 51, tzinfo=pytz.utc)) ]"}
{"name": "trailscraper.tests.record_sources.local_directory_record_source_test.test_load_gzipped_files_including_those_that_were_delivered_only_an_hour_after_the_event_time_we_are_looking_for", "code": "def test_load_gzipped_files_including_those_that_were_delivered_only_an_hour_after_the_event_time_we_are_looking_for(): records = LocalDirectoryRecordSource(cloudtrail_data_dir()).load_from_dir( datetime.datetime(2017, 12, 11, 0, 0, tzinfo=pytz.utc), datetime.datetime(2017, 12, 11, 14, 5, tzinfo=pytz.utc)) assert records == [ Record(\"autoscaling.amazonaws.com\", \"DescribeLaunchConfigurations\", assumed_role_arn=\"arn:aws:iam::111111111111:role/someRole\", # \"2017-12-11T15:01:51Z\" event_time=datetime.datetime(2017, 12, 11, 15, 1, 51, tzinfo=pytz.utc)), Record(\"sts.amazonaws.com\", \"AssumeRole\", resource_arns=[\"arn:aws:iam::111111111111:role/someRole\"], event_time=datetime.datetime(2017, 12, 11, 15, 4, 51, tzinfo=pytz.utc)) ]"}
{"name": "trailscraper.tests.record_sources.local_directory_record_source_test.test_load_no_gzipped_files_outsite_timeframe_from_dir", "code": "def test_load_no_gzipped_files_outsite_timeframe_from_dir(): records = LocalDirectoryRecordSource(cloudtrail_data_dir()).load_from_dir( datetime.datetime(2016, 12, 1, tzinfo=pytz.utc), datetime.datetime(2016, 12, 12, tzinfo=pytz.utc)) assert records == []"}
{"name": "trailscraper.tests.time_utils.human_readable_time_parsing_test.test_shoud_parse_into_datetime_with_timezone_information", "code": "def test_shoud_parse_into_datetime_with_timezone_information(): assert parse_human_readable_time(\"now\").tzinfo is not None"}
{"name": "trailscraper.tests.time_utils.human_readable_time_parsing_test.test_should_parse_full_dates", "code": "def test_should_parse_full_dates(): assert parse_human_readable_time(\"2017-12-22\").replace(tzinfo=None) == \\ datetime.datetime(2017, 12, 22, 0, 0, 0)"}
{"name": "trailscraper.tests.time_utils.human_readable_time_parsing_test.test_should_parse_full_datetimes", "code": "def test_should_parse_full_datetimes(): assert parse_human_readable_time(\"2017-12-22 10:11:12\").replace(tzinfo=None) == \\ datetime.datetime(2017, 12, 22, 10, 11, 12)"}
{"name": "trailscraper.tests.time_utils.human_readable_time_parsing_test.test_should_parse_human_readable_current_time", "code": "def test_should_parse_human_readable_current_time(): assert parse_human_readable_time(\"now\").astimezone(pytz.utc) == \\ datetime.datetime(2010,11,12,13,14,15,tzinfo=pytz.utc)"}
{"name": "trailscraper.tests.time_utils.human_readable_time_parsing_test.test_should_parse_human_readable_relative_times", "code": "def test_should_parse_human_readable_relative_times(): assert parse_human_readable_time(\"one hour ago\").astimezone(pytz.utc) == \\ datetime.datetime(2010,11,12,12,14,15,tzinfo=pytz.utc) assert parse_human_readable_time(\"in 10 minutes\").astimezone(pytz.utc) == \\ datetime.datetime(2010,11,12,13,24,15,tzinfo=pytz.utc)  assert parse_human_readable_time(\"-1 hour\").astimezone(pytz.utc) == \\ datetime.datetime(2010,11,12,12,14,15,tzinfo=pytz.utc) assert parse_human_readable_time(\"-1 day\").astimezone(pytz.utc) == \\ datetime.datetime(2010,11,11,13,14,15,tzinfo=pytz.utc) assert parse_human_readable_time(\"-10 minutes\").astimezone(pytz.utc) == \\ datetime.datetime(2010,11,12,13,4,15,tzinfo=pytz.utc)"}
{"name": "trailscraper.tests.test_utils_testdata.cloudtrail_data", "code": "def cloudtrail_data(filename): return os.path.join(cloudtrail_data_dir(), filename)"}
{"name": "trailscraper.tests.test_utils_testdata.cloudtrail_data_dir", "code": "def cloudtrail_data_dir(): return os.path.join(os.path.dirname(__file__), 'cloudtrail', 'data')"}
{"name": "trailscraper.tests.integration.cli_guess_test.test_should_guess_all_matching_statements", "code": "def test_should_guess_all_matching_statements(): input_policy = PolicyDocument( Version=\"2012-10-17\", Statement=[ Statement( Effect=\"Allow\", Action=[ Action('autoscaling', 'DescribeLaunchConfigurations'), ], Resource=[\"*\"] ), Statement( Effect=\"Allow\", Action=[ Action('sts', 'AssumeRole'), ], Resource=[ \"arn:aws:iam::111111111111:role/someRole\" ] ) ] )  expected_output = PolicyDocument( Version=\"2012-10-17\", Statement=[ Statement( Effect=\"Allow\", Action=[ Action('autoscaling', 'DescribeLaunchConfigurations'), ], Resource=[\"*\"] ), Statement( Effect=\"Allow\", Action=[ Action('autoscaling', 'CreateLaunchConfiguration'), Action('autoscaling', 'DeleteLaunchConfiguration'), ], Resource=[\"*\"] ), Statement( Effect=\"Allow\", Action=[ Action('sts', 'AssumeRole'), ], Resource=[ \"arn:aws:iam::111111111111:role/someRole\" ] ) ] )  runner = CliRunner() result = runner.invoke(cli.root_group, args=[\"guess\"], input=input_policy.to_json()) assert result.exit_code == 0 assert parse_policy_document(result.output) == expected_output"}
{"name": "trailscraper.tests.integration.cli_guess_test.test_should_guess_only_specific_actions_and_fix_upper_lowercase", "code": "def test_should_guess_only_specific_actions_and_fix_upper_lowercase(): input_policy = PolicyDocument( Version=\"2012-10-17\", Statement=[ Statement( Effect=\"Allow\", Action=[ Action('ec2', 'DetachVolume'), ], Resource=[\"*\"] ), ] )  expected_output = PolicyDocument( Version=\"2012-10-17\", Statement=[ Statement( Effect=\"Allow\", Action=[ Action('ec2', 'DetachVolume'), ], Resource=[\"*\"] ), Statement( Effect=\"Allow\", Action=[ Action('ec2', 'AttachVolume'), Action('ec2', 'DescribeVolumes'), ], Resource=[\"*\"] ), ] )  runner = CliRunner() result = runner.invoke(cli.root_group, args=[\"guess\", \"--only\", \"Attach\", \"--only\", \"describe\"], input=input_policy.to_json()) assert result.exit_code == 0 assert parse_policy_document(result.output) == expected_output"}
{"name": "trailscraper.tests.integration.cli_help_test.test_should_output_help_message_by_default", "code": "def test_should_output_help_message_by_default(): runner = CliRunner() result = runner.invoke(cli.root_group) assert result.exit_code == 0 assert 'Usage:' in result.output"}
{"name": "trailscraper.tests.integration.cli_generate_test.test_should_output_an_iam_policy_for_a_set_of_cloudtrail_records_input_from_stdin", "code": "def test_should_output_an_iam_policy_for_a_set_of_cloudtrail_records_input_from_stdin(): runner = CliRunner() records = open(cloudtrail_data(\"111111111111_CloudTrail_eu-central-1_20171211T1505Z_A6kvhMoVeCsc7v8U.json\")).read() result = runner.invoke(cli.root_group, args=[\"generate\"], input=records) assert result.exit_code == 0 assert json.loads(result.output) == json.loads('''\\ { \"Statement\": [ { \"Action\": [ \"autoscaling:DescribeLaunchConfigurations\" ], \"Effect\": \"Allow\", \"Resource\": [ \"*\" ] }, { \"Action\": [ \"sts:AssumeRole\" ], \"Effect\": \"Allow\", \"Resource\": [ \"arn:aws:iam::111111111111:role/someRole\" ] } ], \"Version\": \"2012-10-17\" } ''')"}
{"name": "trailscraper.tests.integration.cli_last_event_timestamp_test.test_should_output_the_timestamp_of_the_last_event", "code": "def test_should_output_the_timestamp_of_the_last_event(): runner = CliRunner() result = runner.invoke(cli.root_group, args=[\"last-event-timestamp\", \"--log-dir\", cloudtrail_data_dir() ]) assert result.exit_code == 0 assert result.output == \"2017-12-11 15:04:51+00:00\\n\""}
{"name": "trailscraper.tests.integration.cli_download_s3_test.test_download_log_files_and_skip_existing_files", "code": "def test_download_log_files_and_skip_existing_files(): with tempfile.TemporaryDirectory() as dirpath: given_a_bucket(\"some-bucket\") given_an_object(\"some-bucket\", TEST_LOG_KEY, \"some-file-content\") given_an_object(\"some-bucket\", TEST_LOG_KEY_EXISTING, \"some-file-content\")  given_a_file(dirpath, TEST_LOG_KEY_EXISTING, \"some-content-already-existing\")  runner = CliRunner() result = runner.invoke(cli.root_group, args=[ \"download\", \"--log-dir\", dirpath, \"--bucket\", \"some-bucket\", \"--region\", \"some-region-1\", \"--account-id\", \"000\", \"--prefix\", \"some-prefix/\", \"--from\", \"2017-01-01\", \"--to\", \"2017-01-01\" ]) assert result.exit_code == 0  assert file_content(dirpath, TEST_LOG_KEY) == \"some-file-content\" assert file_content(dirpath, TEST_LOG_KEY_EXISTING) == \"some-content-already-existing\""}
{"name": "trailscraper.tests.integration.cli_select_events_test.test_should_output_all_cloudtrail_records_in_data_dir", "code": "def test_should_output_all_cloudtrail_records_in_data_dir(): runner = CliRunner() result = runner.invoke(cli.root_group, args=[\"select\", \"--log-dir\", cloudtrail_data_dir(), ]) expected_json = json.load(open(cloudtrail_data(\"111111111111_CloudTrail_eu-central-1_20171211T1505Z_A6kvhMoVeCsc7v8U.json\")))  assert result.exit_code == 0 assert json.loads(result.output) == expected_json"}
{"name": "trailscraper.tests.integration.cli_select_events_test.test_should_output_cloudrail_records_filtered_by_role_arn", "code": "def test_should_output_cloudrail_records_filtered_by_role_arn(): runner = CliRunner() result = runner.invoke(cli.root_group, args=[\"select\", \"--log-dir\", cloudtrail_data_dir(), \"--filter-assumed-role-arn\", \"arn:aws:iam::111111111111:role/someRole\" ]) expected_json = json.load(open(cloudtrail_data(\"111111111111_CloudTrail_eu-central-1_20171211T1505Z_A6kvhMoVeCsc7v8U.json\"))) expected_json['Records'].pop(1) assert result.exit_code == 0 assert json.loads(result.output) == expected_json"}
{"name": "trailscraper.tests.integration.cli_select_events_test.test_should_output_cloudrail_records_filtered_by_timeframe", "code": "def test_should_output_cloudrail_records_filtered_by_timeframe(): runner = CliRunner() result = runner.invoke(cli.root_group, args=[\"select\", \"--log-dir\", cloudtrail_data_dir(), \"--from\", \"2017-12-11 15:00:00Z\", \"--to\", \"2017-12-11 15:02:00Z\"]) expected_json = json.load(open(cloudtrail_data(\"111111111111_CloudTrail_eu-central-1_20171211T1505Z_A6kvhMoVeCsc7v8U.json\"))) expected_json['Records'].pop(1) # TODO: this test should use a different record to distinguish between filtering arns and timeframes assert result.exit_code == 0 assert json.loads(result.output) == expected_json"}
{"name": "trailscraper.setup.read_file", "code": "def read_file(filename): try: with open(filename) as readme_file: return readme_file.read() except: return ''"}
{"name": "trailscraper.trailscraper.time_utils.parse_human_readable_time", "code": "def parse_human_readable_time(time_string): \"\"\"Parse human readable strings (e.g. \"now\", \"2017-01-01\" and \"one hour ago\") into datetime\"\"\" return dateparser.parse(time_string, settings={'RETURN_AS_TIMEZONE_AWARE': True})"}
{"name": "trailscraper.trailscraper.guess._guess_actions", "code": "def _guess_actions(actions, allowed_prefixes): return [item for action in actions for item in action.matching_actions(allowed_prefixes)]"}
{"name": "trailscraper.trailscraper.guess._extend_statement", "code": "def _extend_statement(statement, allowed_prefixes): extended_actions = _guess_actions(statement.Action, allowed_prefixes) if extended_actions: return [statement, Statement(Action=extended_actions, Effect=statement.Effect, Resource=[\"*\"])]  return [statement]"}
{"name": "trailscraper.trailscraper.guess.guess_statements", "code": "def guess_statements(policy, allowed_prefixes): \"\"\"Guess additional create actions\"\"\" extended_statements = [item for statement in policy.Statement for item in _extend_statement(statement, allowed_prefixes)]  return PolicyDocument(Version=policy.Version, Statement=extended_statements)"}
{"name": "trailscraper.trailscraper.cli.root_group", "code": "def root_group(verbose): \"\"\"A command-line tool to get valuable information out of AWS CloudTrail.\"\"\" logger = logging.getLogger() if verbose: logger.setLevel(logging.DEBUG) logging.getLogger('botocore').setLevel(logging.INFO) logging.getLogger('s3transfer').setLevel(logging.INFO)"}
{"name": "trailscraper.trailscraper.cli.download", "code": "def download(bucket, prefix, org_id, account_id, region, log_dir, from_s, to_s, wait, parallelism): \"\"\"Downloads CloudTrail Logs from S3.\"\"\" log_dir = os.path.expanduser(log_dir)  from_date = time_utils.parse_human_readable_time(from_s) to_date = time_utils.parse_human_readable_time(to_s)  download_cloudtrail_logs(log_dir, bucket, prefix, org_id, account_id, region, from_date, to_date, parallelism)  if wait: last_timestamp = LocalDirectoryRecordSource(log_dir).last_event_timestamp_in_dir() while last_timestamp <= to_date: click.echo(\"CloudTrail logs haven't caught up to \" + str(to_date) + \" yet. \" + \"Most recent timestamp: \" + str(last_timestamp.astimezone(to_date.tzinfo)) + \". \" + \"Trying again in 60sec.\")  time.sleep(60 * 1)  download_cloudtrail_logs(log_dir, bucket, prefix, org_id, account_id, region, from_date, to_date, parallelism) last_timestamp = LocalDirectoryRecordSource(log_dir).last_event_timestamp_in_dir()"}
{"name": "trailscraper.trailscraper.cli.select", "code": "def select(log_dir, filter_assumed_role_arn, use_cloudtrail_api, from_s, to_s): \"\"\"Finds all CloudTrail records matching the given filters and prints them.\"\"\" log_dir = os.path.expanduser(log_dir) from_date = time_utils.parse_human_readable_time(from_s) to_date = time_utils.parse_human_readable_time(to_s)  if use_cloudtrail_api: records = CloudTrailAPIRecordSource().load_from_api(from_date, to_date) else: records = LocalDirectoryRecordSource(log_dir).load_from_dir(from_date, to_date)  filtered_records = filter_records(records, filter_assumed_role_arn, from_date, to_date)  filtered_records_as_json = [record.raw_source for record in filtered_records]  click.echo(json.dumps({\"Records\": filtered_records_as_json}))"}
{"name": "trailscraper.trailscraper.cli.generate", "code": "def generate(): \"\"\"Generates a policy that allows the events passed in through STDIN\"\"\" stdin = click.get_text_stream('stdin') records = parse_records(json.load(stdin)['Records'])  policy = policy_generator.generate_policy(records) click.echo(policy.to_json())"}
{"name": "trailscraper.trailscraper.cli.guess", "code": "def guess(only): \"\"\"Extend a policy passed in through STDIN by guessing related actions\"\"\" stdin = click.get_text_stream('stdin') policy = parse_policy_document(stdin)  allowed_prefixes = [s.title() for s in only]  policy = guess_statements(policy, allowed_prefixes) click.echo(policy.to_json())"}
{"name": "trailscraper.trailscraper.cli.last_event_timestamp", "code": "def last_event_timestamp(log_dir): \"\"\"Print the most recent cloudtrail event timestamp\"\"\" log_dir = os.path.expanduser(log_dir) click.echo(LocalDirectoryRecordSource(log_dir).last_event_timestamp_in_dir())"}
{"name": "trailscraper.trailscraper.boto_service_definitions.boto_service_definition_files", "code": "def boto_service_definition_files(): \"\"\"Return paths to all service definition files from botocore\"\"\"  botocore_data_dir = resource_filename(Requirement.parse(\"botocore\"), \"botocore/data\") files = [os.path.join(dirname, file_in_dir) for dirname, _, files_in_dir in os.walk(botocore_data_dir) for file_in_dir in files_in_dir if fnmatch.fnmatch(file_in_dir, 'service-*.json')] return files"}
{"name": "trailscraper.trailscraper.boto_service_definitions.service_definition_file", "code": "def service_definition_file(servicename): \"\"\"Returns the path to the most recent service definition file for a service\"\"\"  boto_service_definition_files() service_definitions_for_service = fnmatch.filter(boto_service_definition_files(), \"**/\" + servicename + \"/*/service-*.json\")  service_definitions_for_service.sort()  return service_definitions_for_service[-1]"}
{"name": "trailscraper.trailscraper.boto_service_definitions.operation_definition", "code": "def operation_definition(servicename, operationname): \"\"\"Returns the operation definition for a specific service and operation\"\"\" with open(service_definition_file(servicename), encoding=\"UTF-8\") as definition_file: service_definition = json.loads(definition_file.read()) return service_definition['operations'][operationname]"}
{"name": "trailscraper.trailscraper.cloudtrail.Record.__init__", "code": "def __init__(self, event_source, event_name, resource_arns=None, assumed_role_arn=None, event_time=None, raw_source=None): self.event_source = event_source self.event_name = event_name self.raw_source = raw_source self.event_time = event_time self.resource_arns = resource_arns or [\"*\"] self.assumed_role_arn = assumed_role_arn"}
{"name": "trailscraper.trailscraper.cloudtrail.Record.__repr__", "code": "def __repr__(self): return f\"Record(event_source={self.event_source} event_name={self.event_name} \" \\ f\"event_time={self.event_time} resource_arns={self.resource_arns})\""}
{"name": "trailscraper.trailscraper.cloudtrail.Record.__eq__", "code": "def __eq__(self, other): if isinstance(other, self.__class__): return self.event_source == other.event_source and \\ self.event_name == other.event_name and \\ self.event_time == other.event_time and \\ self.resource_arns == other.resource_arns and \\ self.assumed_role_arn == other.assumed_role_arn  return False"}
{"name": "trailscraper.trailscraper.cloudtrail.Record.__hash__", "code": "def __hash__(self): return hash((self.event_source, self.event_name, self.event_time, tuple(self.resource_arns), self.assumed_role_arn))"}
{"name": "trailscraper.trailscraper.cloudtrail.Record.__ne__", "code": "def __ne__(self, other): return not self.__eq__(other)"}
{"name": "trailscraper.trailscraper.cloudtrail.Record._source_to_iam_prefix", "code": "def _source_to_iam_prefix(self): special_cases = { 'monitoring.amazonaws.com': 'cloudwatch', 'appstream2.amazonaws.com': 'appstream', 'models.lex.amazonaws.com': 'lex', 'runtime.lex.amazonaws.com': 'lex', 'mturk-requester.amazonaws.com': 'mechanicalturk', 'streams.dynamodb.amazonaws.com': 'dynamodb', 'tagging.amazonaws.com': 'tag', }  default_case = self.event_source.split('.')[0]  return special_cases.get(self.event_source, default_case)"}
{"name": "trailscraper.trailscraper.cloudtrail.Record._event_name_to_iam_action", "code": "def _event_name_to_iam_action(self): special_cases = { 's3.amazonaws.com': { 'CompleteMultipartUpload': 'PutObject', 'CopyObject': 'PutObject', 'CreateMultipartUpload': 'PutObject', 'DeleteBucketAnalyticsConfiguration': 'PutAnalyticsConfiguration', 'DeleteBucketEncryption': 'PutEncryptionConfiguration', 'DeleteBucketInventoryConfiguration': 'PutInventoryConfiguration', 'DeleteBucketLifecycle': 'PutLifecycleConfiguration', 'DeleteBucketMetricsConfiguration': 'PutMetricsConfiguration', 'DeleteBucketReplication': 'DeleteReplicationConfiguration', 'DeleteBucketTagging': 'PutBucketTagging', 'DeleteObjects': 'DeleteObject', 'GetBucketAccelerateConfiguration': 'GetAccelerateConfiguration', 'GetBucketAnalyticsConfiguration': 'GetAnalyticsConfiguration', 'GetBucketEncryption': 'GetEncryptionConfiguration', 'GetBucketInventoryConfiguration': 'GetInventoryConfiguration', 'GetBucketLifecycle': 'GetLifecycleConfiguration', 'GetBucketLifecycleConfiguration': 'GetLifecycleConfiguration', 'GetBucketMetricsConfiguration': 'GetMetricsConfiguration', 'GetBucketNotificationConfiguration': 'GetBucketNotification', 'GetBucketReplication': 'GetReplicationConfiguration', 'HeadBucket': 'ListBucket', 'HeadObject': 'GetObject', 'ListBucketAnalyticsConfigurations': 'GetAnalyticsConfiguration', 'ListBucketInventoryConfigurations': 'GetInventoryConfiguration', 'ListBucketMetricsConfigurations': 'GetMetricsConfiguration', 'ListBuckets': 'ListAllMyBuckets', 'ListMultipartUploads': 'ListBucketMultipartUploads', 'ListObjectVersions': 'ListBucketVersions', 'ListObjects': 'ListBucket', 'ListObjectsV2': 'ListBucket', 'ListParts': 'ListMultipartUploadParts', 'PutBucketAccelerateConfiguration': 'PutAccelerateConfiguration', 'PutBucketAnalyticsConfiguration': 'PutAnalyticsConfiguration', 'PutBucketEncryption': 'PutEncryptionConfiguration', 'PutBucketInventoryConfiguration': 'PutInventoryConfiguration', 'PutBucketLifecycle': 'PutLifecycleConfiguration', 'PutBucketLifecycleConfiguration': 'PutLifecycleConfiguration', 'PutBucketMetricsConfiguration': 'PutMetricsConfiguration', 'PutBucketNotificationConfiguration': 'PutBucketNotification', 'PutBucketReplication': 'DeleteReplicationConfiguration', 'UploadPart': 'PutObject', 'UploadPartCopy': 'PutObject', }, 'kms.amazonaws.com': { 'ReEncrypt': 'ReEncrypt*'  # not precise. See #27 for more details. } }  def _regex_sub(expr, subs): regex = re.compile(expr) return lambda s: regex.sub(subs, s)  def _special_case_mappings(event_name): return special_cases \\ .get(self.event_source, {}) \\ .get(event_name, event_name)  return pipe(self.event_name, _special_case_mappings, _regex_sub(r\"DeleteBucketCors\", \"PutBucketCORS\"), _regex_sub(r\"([a-zA-Z]+)[0-9v_]+$\", r\"\\1\", ), _regex_sub(r\"Cors$\", \"CORS\"))"}
{"name": "trailscraper.trailscraper.cloudtrail.Record._event_name_to_iam_action._regex_sub", "code": "def _regex_sub(expr, subs): regex = re.compile(expr) return lambda s: regex.sub(subs, s)"}
{"name": "trailscraper.trailscraper.cloudtrail.Record._event_name_to_iam_action._special_case_mappings", "code": "def _special_case_mappings(event_name): return special_cases \\ .get(self.event_source, {}) \\ .get(event_name, event_name)"}
{"name": "trailscraper.trailscraper.cloudtrail.Record._to_api_gateway_statement", "code": "def _to_api_gateway_statement(self): op_def = operation_definition(\"apigateway\", self.event_name)  http_method = op_def['http']['method'] request_uri = op_def['http']['requestUri']  resource_path = re.compile(r\"{[a-zA-Z_]+}\").sub(\"*\", request_uri)  region = \"*\"  # use proper region from requestParameters  return Statement( Effect=\"Allow\", Action=[Action(\"apigateway\", http_method)], Resource=[f\"arn:aws:apigateway:{region}::{resource_path}\"] )"}
{"name": "trailscraper.trailscraper.cloudtrail.Record.to_statement", "code": "def to_statement(self): \"\"\"Converts record into a matching IAM Policy Statement\"\"\" if self.event_source == \"sts.amazonaws.com\" and self.event_name == \"GetCallerIdentity\": return None  if self.event_source == \"apigateway.amazonaws.com\": return self._to_api_gateway_statement()  return Statement( Effect=\"Allow\", Action=[Action(self._source_to_iam_prefix(), self._event_name_to_iam_action())], Resource=sorted(self.resource_arns) )"}
{"name": "trailscraper.trailscraper.cloudtrail.LogFile.__init__", "code": "def __init__(self, path): self._path = path"}
{"name": "trailscraper.trailscraper.cloudtrail.LogFile.timestamp", "code": "def timestamp(self): \"\"\"Returns the timestamp the log file was delivered\"\"\" dstr = self.filename().split('_')[3] # using manual substring instead of strptime for performance reasons # inspired by https://stackoverflow.com/a/14166888 return datetime.datetime(*map(int, [dstr[:4], dstr[4:6], dstr[6:8], dstr[9:11], dstr[11:13]])) \\ .replace(tzinfo=pytz.utc)"}
{"name": "trailscraper.trailscraper.cloudtrail.LogFile.filename", "code": "def filename(self): \"\"\"Name of the logfile (without path)\"\"\" return os.path.split(self._path)[-1]"}
{"name": "trailscraper.trailscraper.cloudtrail.LogFile.has_valid_filename", "code": "def has_valid_filename(self): \"\"\"Returns if the log file represented has a valid filename\"\"\" pattern = re.compile(r\"[0-9]+_CloudTrail_[a-z0-9-]+_[0-9TZ]+_[a-zA-Z0-9]+\\.json\\.gz\") return pattern.match(self.filename())"}
{"name": "trailscraper.trailscraper.cloudtrail.LogFile.records", "code": "def records(self): \"\"\"Returns CloudTrail Records in this log file\"\"\" logging.debug(\"Loading %s\", self._path)  try: with gzip.open(self._path, 'rt') as unzipped: json_data = json.load(unzipped) records = json_data['Records'] return parse_records(records) except (IOError, OSError) as error: logging.warning(\"Could not load %s: %s\", self._path, error) return []"}
{"name": "trailscraper.trailscraper.cloudtrail.LogFile.contains_events_for_timeframe", "code": "def contains_events_for_timeframe(self, from_date, to_date): \"\"\"Returns true if this logfile likely contains events in the relevant timeframe\"\"\" return from_date <= self.timestamp() <= to_date + datetime.timedelta(hours=1)"}
{"name": "trailscraper.trailscraper.cloudtrail._resource_arns", "code": "def _resource_arns(json_record): resources = json_record.get('resources', []) arns = [resource['ARN'] for resource in resources if 'ARN' in resource] return arns"}
{"name": "trailscraper.trailscraper.cloudtrail._assumed_role_arn", "code": "def _assumed_role_arn(json_record): user_identity = json_record['userIdentity'] if 'type' in user_identity \\ and user_identity['type'] == 'AssumedRole' \\ and 'sessionContext' in user_identity: return user_identity['sessionContext']['sessionIssuer']['arn'] return None"}
{"name": "trailscraper.trailscraper.cloudtrail._parse_record", "code": "def _parse_record(json_record): try: return Record(json_record['eventSource'], json_record['eventName'], event_time=datetime.datetime.strptime(json_record['eventTime'], \"%Y-%m-%dT%H:%M:%SZ\").replace(tzinfo=pytz.utc), resource_arns=_resource_arns(json_record), assumed_role_arn=_assumed_role_arn(json_record), raw_source=json_record) except KeyError as error: logging.warning(\"Could not parse %s: %s\", json_record, error) return None"}
{"name": "trailscraper.trailscraper.cloudtrail.parse_records", "code": "def parse_records(json_records): \"\"\"Convert JSON Records into Record objects\"\"\" parsed_records = [_parse_record(record) for record in json_records] return [r for r in parsed_records if r is not None]"}
{"name": "trailscraper.trailscraper.cloudtrail._by_timeframe", "code": "def _by_timeframe(from_date, to_date): return lambda record: record.event_time is None or \\ (from_date <= record.event_time <= to_date)"}
{"name": "trailscraper.trailscraper.cloudtrail._by_role_arns", "code": "def _by_role_arns(arns_to_filter_for): if arns_to_filter_for is None: arns_to_filter_for = []  return lambda record: (record.assumed_role_arn in arns_to_filter_for) or (len(arns_to_filter_for) == 0)"}
{"name": "trailscraper.trailscraper.cloudtrail.filter_records", "code": "def filter_records(records, arns_to_filter_for=None, from_date=datetime.datetime(1970, 1, 1, tzinfo=pytz.utc), to_date=datetime.datetime.now(tz=pytz.utc)): \"\"\"Filter records so they match the given condition\"\"\" result = list(pipe(records, filterz(_by_timeframe(from_date, to_date)), filterz(_by_role_arns(arns_to_filter_for)))) if not result and records: logging.warning(ALL_RECORDS_FILTERED)  return result"}
{"name": "trailscraper.trailscraper.collection_utils.consume", "code": "def consume(iterator): \"\"\"Consume the whole iterator to trigger side effects; does not return anything\"\"\" # Inspired by this: https://docs.python.org/3/library/itertools.html#itertools-recipes collections.deque(iterator, maxlen=0)"}
{"name": "trailscraper.trailscraper.policy_generator._combine_statements_by", "code": "def _combine_statements_by(key): def _result(statements): def key_function(statement): return tuple(key(statement)) return list(toolz.reduceby(key_function, Statement.merge, statements).values())  return _result"}
{"name": "trailscraper.trailscraper.policy_generator._combine_statements_by._result", "code": "def _result(statements): def key_function(statement): return tuple(key(statement)) return list(toolz.reduceby(key_function, Statement.merge, statements).values())"}
{"name": "trailscraper.trailscraper.policy_generator._combine_statements_by._result.key_function", "code": "def key_function(statement): return tuple(key(statement))"}
{"name": "trailscraper.trailscraper.policy_generator.generate_policy", "code": "def generate_policy(selected_records): \"\"\"Generates a policy from a set of records\"\"\" statements = pipe(selected_records, mapz(Record.to_statement), filterz(lambda statement: statement is not None), _combine_statements_by(lambda statement: statement.Resource), _combine_statements_by(lambda statement: statement.Action), sortedz())  return PolicyDocument( Version=\"2012-10-17\", Statement=statements, )"}
{"name": "trailscraper.trailscraper.record_sources.local_directory_record_source.LocalDirectoryRecordSource.__init__", "code": "def __init__(self, log_dir): self._log_dir = log_dir"}
{"name": "trailscraper.trailscraper.record_sources.local_directory_record_source.LocalDirectoryRecordSource._valid_log_files", "code": "def _valid_log_files(self): def _valid_or_warn(log_file): if log_file.has_valid_filename(): return True  logging.warning(\"Invalid filename: %s\", log_file.filename()) return False  def _to_paths(triple): root, _, files_in_dir = triple return [os.path.join(root, file_in_dir) for file_in_dir in files_in_dir]  return pipe(os.walk(self._log_dir), mapcatz(_to_paths), mapz(LogFile), filterz(_valid_or_warn))"}
{"name": "trailscraper.trailscraper.record_sources.local_directory_record_source.LocalDirectoryRecordSource._valid_log_files._valid_or_warn", "code": "def _valid_or_warn(log_file): if log_file.has_valid_filename(): return True  logging.warning(\"Invalid filename: %s\", log_file.filename()) return False"}
{"name": "trailscraper.trailscraper.record_sources.local_directory_record_source.LocalDirectoryRecordSource._valid_log_files._to_paths", "code": "def _to_paths(triple): root, _, files_in_dir = triple return [os.path.join(root, file_in_dir) for file_in_dir in files_in_dir]"}
{"name": "trailscraper.trailscraper.record_sources.local_directory_record_source.LocalDirectoryRecordSource.load_from_dir", "code": "def load_from_dir(self, from_date, to_date): \"\"\"Loads all CloudTrail Records in a file\"\"\" records = [] for logfile in self._valid_log_files(): if logfile.contains_events_for_timeframe(from_date, to_date): records.extend(logfile.records())  return records"}
{"name": "trailscraper.trailscraper.record_sources.local_directory_record_source.LocalDirectoryRecordSource.last_event_timestamp_in_dir", "code": "def last_event_timestamp_in_dir(self): \"\"\"Return the timestamp of the most recent event in the given directory\"\"\" most_recent_file = pipe(self._valid_log_files(), sortedz(key=LogFile.timestamp), lastz, LogFile.records, sortedz(key=lambda record: record.event_time), lastz)  return most_recent_file.event_time"}
{"name": "trailscraper.trailscraper.record_sources.cloudtrail_api_record_source.CloudTrailAPIRecordSource.__init__", "code": "def __init__(self): self._client = boto3.client('cloudtrail')"}
{"name": "trailscraper.trailscraper.record_sources.cloudtrail_api_record_source.CloudTrailAPIRecordSource.load_from_api", "code": "def load_from_api(self, from_date, to_date): \"\"\"Loads the last 10 hours of cloudtrail events from the API\"\"\" client = boto3.client('cloudtrail') paginator = client.get_paginator('lookup_events') response_iterator = paginator.paginate( StartTime=from_date, EndTime=to_date, ) records = [] for response in response_iterator: for event in response['Events']: records.append(_parse_record(json.loads(event['CloudTrailEvent'])))  return records"}
{"name": "trailscraper.trailscraper.s3_download._s3_key_prefix", "code": "def _s3_key_prefix(prefix, date, account_id, region): return f\"{prefix}AWSLogs/{account_id}/CloudTrail/{region}/{date.year}/{date.month:02d}/{date.day:02d}/\""}
{"name": "trailscraper.trailscraper.s3_download._s3_key_prefix_for_org_trails", "code": "def _s3_key_prefix_for_org_trails(prefix, date, org_id, account_id, region): return f\"{prefix}AWSLogs/{org_id}/{account_id}/CloudTrail/{region}/{date.year}/{date.month:02d}/{date.day:02d}/\""}
{"name": "trailscraper.trailscraper.s3_download._s3_key_prefixes", "code": "def _s3_key_prefixes(prefix, org_ids, account_ids, regions, from_date, to_date): delta = to_date.astimezone(pytz.utc) - from_date.astimezone(pytz.utc)  days = [to_date - datetime.timedelta(days=delta_days) for delta_days in range(delta.days + 1)] if org_ids: return [_s3_key_prefix_for_org_trails(prefix, day, org_id, account_id, region) for org_id in org_ids for account_id in account_ids for day in days for region in regions]  return [_s3_key_prefix(prefix, day, account_id, region) for account_id in account_ids for day in days for region in regions]"}
{"name": "trailscraper.trailscraper.s3_download._s3_download_recursive", "code": "def _s3_download_recursive(bucket, prefixes, target_dir, parallelism): thread_local = threading.local() def get_s3_client(): if not hasattr(thread_local, \"s3_client\"): thread_local.s3_client = boto3.client('s3') return thread_local.s3_client  def _download_file(key): target_file = target_dir + os.sep + key logging.info(\"Downloading %s/%s to %s\", bucket, key, target_file) # replace with get_object to get rid of extra HEAD call? get_s3_client().download_file(bucket, key, target_file)  def _starts_with_prefix(potential_prefix): for prefix in prefixes: # potential_prefix always has a trailing slash so this match is good enough: if prefix.startswith(potential_prefix): return True return False  def _list_files_to_download(current_prefix): files_to_download = [] logging.info(\"Listing %s\", current_prefix) paginator = get_s3_client().get_paginator('list_objects') for result in paginator.paginate(Bucket=bucket, Prefix=current_prefix, Delimiter=\"/\"): if result.get('CommonPrefixes') is not None: for prefix_result in result.get('CommonPrefixes'): if _starts_with_prefix(prefix_result[\"Prefix\"]): files_to_download.extend(_list_files_to_download(prefix_result[\"Prefix\"]))  if result.get('Contents') is not None: for content in result.get('Contents'): if current_prefix in prefixes: key = content.get('Key') target = target_dir + os.sep + key  if not os.path.exists(os.path.dirname(target)): os.makedirs(os.path.dirname(target))  if not os.path.exists(target): files_to_download.append(key) else: logging.info(\"Skipping %s/%s, already exists.\", bucket, key)  return files_to_download  files_to_download = _list_files_to_download(\"\")  with concurrent.futures.ThreadPoolExecutor(max_workers=parallelism) as executor: results = executor.map(_download_file, files_to_download) consume(results) # Ensure we raise exceptions"}
{"name": "trailscraper.trailscraper.s3_download._s3_download_recursive.get_s3_client", "code": "def get_s3_client(): if not hasattr(thread_local, \"s3_client\"): thread_local.s3_client = boto3.client('s3') return thread_local.s3_client"}
{"name": "trailscraper.trailscraper.s3_download._s3_download_recursive._download_file", "code": "def _download_file(key): target_file = target_dir + os.sep + key logging.info(\"Downloading %s/%s to %s\", bucket, key, target_file) # replace with get_object to get rid of extra HEAD call? get_s3_client().download_file(bucket, key, target_file)"}
{"name": "trailscraper.trailscraper.s3_download._s3_download_recursive._starts_with_prefix", "code": "def _starts_with_prefix(potential_prefix): for prefix in prefixes: # potential_prefix always has a trailing slash so this match is good enough: if prefix.startswith(potential_prefix): return True return False"}
{"name": "trailscraper.trailscraper.s3_download._s3_download_recursive._list_files_to_download", "code": "def _list_files_to_download(current_prefix): files_to_download = [] logging.info(\"Listing %s\", current_prefix) paginator = get_s3_client().get_paginator('list_objects') for result in paginator.paginate(Bucket=bucket, Prefix=current_prefix, Delimiter=\"/\"): if result.get('CommonPrefixes') is not None: for prefix_result in result.get('CommonPrefixes'): if _starts_with_prefix(prefix_result[\"Prefix\"]): files_to_download.extend(_list_files_to_download(prefix_result[\"Prefix\"]))  if result.get('Contents') is not None: for content in result.get('Contents'): if current_prefix in prefixes: key = content.get('Key') target = target_dir + os.sep + key  if not os.path.exists(os.path.dirname(target)): os.makedirs(os.path.dirname(target))  if not os.path.exists(target): files_to_download.append(key) else: logging.info(\"Skipping %s/%s, already exists.\", bucket, key)  return files_to_download"}
{"name": "trailscraper.trailscraper.s3_download.download_cloudtrail_logs", "code": "def download_cloudtrail_logs(target_dir, bucket, cloudtrail_prefix, org_ids, account_ids, regions, from_date, to_date, parallelism): \"\"\"Downloads cloudtrail logs matching the given arguments to the target dir\"\"\" prefixes = _s3_key_prefixes(cloudtrail_prefix, org_ids, account_ids, regions, from_date, to_date) _s3_download_recursive(bucket, prefixes, target_dir, parallelism)"}
{"name": "trailscraper.trailscraper.iam.BaseElement.json_repr", "code": "def json_repr(self): \"\"\"JSON representation of the class\"\"\" raise NotImplementedError"}
{"name": "trailscraper.trailscraper.iam.BaseElement.__eq__", "code": "def __eq__(self, other): if isinstance(other, self.__class__): return self.json_repr() == other.json_repr()  return False"}
{"name": "trailscraper.trailscraper.iam.BaseElement.__ne__", "code": "def __ne__(self, other): return not self == other"}
{"name": "trailscraper.trailscraper.iam.BaseElement.__hash__", "code": "def __hash__(self): return hash(self.json_repr())"}
{"name": "trailscraper.trailscraper.iam.BaseElement.__repr__", "code": "def __repr__(self): return str(self.json_repr())"}
{"name": "trailscraper.trailscraper.iam.Action.__init__", "code": "def __init__(self, prefix, action): self.action = action self.prefix = prefix"}
{"name": "trailscraper.trailscraper.iam.Action.json_repr", "code": "def json_repr(self): return ':'.join([self.prefix, self.action])"}
{"name": "trailscraper.trailscraper.iam.Action._base_action", "code": "def _base_action(self): without_prefix = self.action for prefix in BASE_ACTION_PREFIXES: without_prefix = re.sub(prefix, \"\", without_prefix)  without_plural = re.sub(r\"s$\", \"\", without_prefix)  return without_plural"}
{"name": "trailscraper.trailscraper.iam.Action.matching_actions", "code": "def matching_actions(self, allowed_prefixes): \"\"\"Return a matching create action for this Action\"\"\"  if not allowed_prefixes: allowed_prefixes = BASE_ACTION_PREFIXES  potential_matches = [Action(prefix=self.prefix, action=action_prefix + self._base_action()) for action_prefix in allowed_prefixes]  potential_matches += [Action(prefix=self.prefix, action=action_prefix + self._base_action() + \"s\") for action_prefix in allowed_prefixes]  return [potential_match for potential_match in potential_matches if potential_match in known_iam_actions(self.prefix) and potential_match != self]"}
{"name": "trailscraper.trailscraper.iam.Statement.__init__", "code": "def __init__(self, Action, Effect, Resource):  # pylint: disable=redefined-outer-name self.Action = Action  # pylint: disable=invalid-name self.Effect = Effect  # pylint: disable=invalid-name self.Resource = Resource  # pylint: disable=invalid-name"}
{"name": "trailscraper.trailscraper.iam.Statement.json_repr", "code": "def json_repr(self): return { 'Action': self.Action, 'Effect': self.Effect, 'Resource': self.Resource, }"}
{"name": "trailscraper.trailscraper.iam.Statement.merge", "code": "def merge(self, other): \"\"\"Merge two statements into one.\"\"\" if self.Effect != other.Effect: raise ValueError(f\"Trying to combine two statements with differing effects: {self.Effect} {other.Effect}\")  effect = self.Effect  actions = list(sorted(set(self.Action + other.Action), key=lambda action: action.json_repr())) resources = list(sorted(set(self.Resource + other.Resource)))  return Statement( Effect=effect, Action=actions, Resource=resources, )"}
{"name": "trailscraper.trailscraper.iam.Statement.__action_list_strings", "code": "def __action_list_strings(self): return \"-\".join([a.json_repr() for a in self.Action])"}
{"name": "trailscraper.trailscraper.iam.Statement.__lt__", "code": "def __lt__(self, other): if self.Effect != other.Effect: return self.Effect < other.Effect if self.Action != other.Action: # pylint: disable=W0212 return self.__action_list_strings() < other.__action_list_strings()  return \"\".join(self.Resource) < \"\".join(other.Resource)"}
{"name": "trailscraper.trailscraper.iam.PolicyDocument.__init__", "code": "def __init__(self, Statement, Version=\"2012-10-17\"):  # pylint: disable=redefined-outer-name self.Version = Version  # pylint: disable=invalid-name self.Statement = Statement  # pylint: disable=invalid-name"}
{"name": "trailscraper.trailscraper.iam.PolicyDocument.json_repr", "code": "def json_repr(self): return { 'Version': self.Version, 'Statement': self.Statement }"}
{"name": "trailscraper.trailscraper.iam.PolicyDocument.to_json", "code": "def to_json(self): \"\"\"Render object into IAM Policy JSON\"\"\" return json.dumps(self.json_repr(), cls=IAMJSONEncoder, indent=4, sort_keys=True)"}
{"name": "trailscraper.trailscraper.iam.IAMJSONEncoder.default", "code": "def default(self, o):  # pylint: disable=method-hidden if hasattr(o, 'json_repr'): return o.json_repr() return json.JSONEncoder.default(self, o)"}
{"name": "trailscraper.trailscraper.iam._parse_action", "code": "def _parse_action(action): parts = action.split(\":\") return Action(parts[0], parts[1])"}
{"name": "trailscraper.trailscraper.iam._parse_statement", "code": "def _parse_statement(statement): return Statement(Action=[_parse_action(action) for action in statement['Action']], Effect=statement['Effect'], Resource=statement['Resource'])"}
{"name": "trailscraper.trailscraper.iam._parse_statements", "code": "def _parse_statements(json_data): # TODO: jsonData could also be dict, aka one statement; similar things happen in the rest of the policy pylint: disable=fixme # https://github.com/flosell/iam-policy-json-to-terraform/blob/fafc231/converter/decode.go#L12-L22 return [_parse_statement(statement) for statement in json_data]"}
{"name": "trailscraper.trailscraper.iam.parse_policy_document", "code": "def parse_policy_document(stream): \"\"\"Parse a stream of JSON data to a PolicyDocument object\"\"\" if isinstance(stream, six.string_types): json_dict = json.loads(stream) else: json_dict = json.load(stream)  return PolicyDocument(_parse_statements(json_dict['Statement']), Version=json_dict['Version'])"}
{"name": "trailscraper.trailscraper.iam.all_known_iam_permissions", "code": "def all_known_iam_permissions(): \"Return a list of all known IAM actions\" with open(os.path.join(os.path.dirname(__file__), 'known-iam-actions.txt'), encoding=\"UTF-8\") as iam_file: return {line.rstrip('\\n') for line in iam_file.readlines()}"}
{"name": "trailscraper.trailscraper.iam.known_iam_actions", "code": "def known_iam_actions(prefix): \"\"\"Return known IAM actions for a prefix, e.g. all ec2 actions\"\"\" # This could be memoized for performance improvements knowledge = pipe(all_known_iam_permissions(), mapz(_parse_action), groupbyz(lambda x: x.prefix))  return knowledge.get(prefix, [])"}
