{"name": "twtxt.tests.test_parser.test_make_aware", "code": "def test_make_aware(): \"\"\"Test making unaware datetime objects tzinfo aware.\"\"\" aware = datetime.now(timezone.utc) unaware = aware.replace(tzinfo=None) assert make_aware(unaware) >= aware assert make_aware(aware) == aware"}
{"name": "twtxt.tests.test_parser.test_parse_iso8601", "code": "def test_parse_iso8601(): \"\"\"Test parsing ISO-8601 date/time strings.\"\"\" as_string = \"2016-02-05T02:52:15.030474+01:00\" as_datetime = datetime(2016, 2, 5, 2, 52, 15, 30474, tzinfo=tzoffset(None, 3600)) assert parse_iso8601(as_string) == as_datetime  as_string = \"2016-02-05T02:52:15\" as_datetime = datetime(2016, 2, 5, 2, 52, 15, tzinfo=timezone.utc) assert parse_iso8601(as_string) == as_datetime  with pytest.raises(ValueError) as e: parse_iso8601(\"foobar\") assert \"Unknown string format\" in str(e.value)"}
{"name": "twtxt.tests.test_parser.test_parse_tweet", "code": "def test_parse_tweet(): \"\"\"Test parsing single tweet line.\"\"\" source = Source(\"foo\", \"bar\") raw_line = \"2016-02-08T00:00:00\\tHallo\" tweet = parse_tweet(raw_line, source) assert tweet.text == \"Hallo\" assert tweet.created_at == datetime(year=2016, month=2, day=8, tzinfo=timezone.utc)  with pytest.raises(ValueError) as e: raw_line = \"3000-02-08T00:00:00\\tHallo\" parse_tweet(raw_line, source) assert \"Tweet is from the future\" in str(e.value)"}
{"name": "twtxt.tests.test_parser.test_parse_tweets", "code": "def test_parse_tweets(): \"\"\"Test parsing multiple tweet lines\"\"\" source = Source(\"foo\", \"bar\") raw_tweets = [ \"2016-02-08T00:00:00\\tHallo\", \"2016-02-08T00:00:00\\tBar\\n\", \"2016-02-08T00:00:00\\tFoo\\n\", \"3000-02-08T00:00:00\\tHallo\\n\", ] tweets = parse_tweets(raw_tweets, source) assert len(tweets) == 3"}
{"name": "twtxt.tests.test_mentions.mock_mention_format", "code": "def mock_mention_format(name, url, expected_name, expected_url): assert name == expected_name assert url == expected_url if name: return '@' + name else: return name"}
{"name": "twtxt.tests.test_mentions.test_format_mentions", "code": "def test_format_mentions(): texts = {'No Mention': 'No Mention', '@<SomeName http://some.url/twtxt.txt>': ('SomeName', 'http://some.url/twtxt.txt'), '@<Some>Shitty<Name http://some.url/twtxt.txt>': ('Some>Shitty<Name', 'http://some.url/twtxt.txt'), '@<http://some.url/twtxt.txt>': (None, 'http://some.url/twtxt.txt'), '@<SomeName>': '@<SomeName>', '@SomeName': '@SomeName'} for input, expected in texts.items(): if isinstance(expected, tuple): format_mentions(input, partial(mock_mention_format, expected_name=expected[0], expected_url=expected[1])) else: assert expected == format_mentions(input, partial(mock_mention_format, expected_name=None, expected_url=None))"}
{"name": "twtxt.tests.test_mentions.test_format_multi_mentions", "code": "def test_format_multi_mentions(): text = '@<SomeName http://url> and another @<AnotherName http://another/url> end' mentions = (('SomeName', 'http://url'), ('AnotherName', 'http://another/url'))  def mock_multi_mention_format(name, url): return '@' + name  format_mentions(text, mock_multi_mention_format)"}
{"name": "twtxt.tests.test_mentions.test_format_multi_mentions.mock_multi_mention_format", "code": "def mock_multi_mention_format(name, url): return '@' + name"}
{"name": "twtxt.tests.test_mentions.test_format_multi_mentions_incomplete", "code": "def test_format_multi_mentions_incomplete(): text = '@<http://url> and another @<AnotherName http://another/url> end' mentions = ((None, 'http://url'), ('AnotherName', 'http://another/url'))  def mock_multi_mention_format(name, url): if name: return '@' + name else: return '@' + url  format_mentions(text, mock_multi_mention_format)  text = '@<SomeName http://url> and another @<http://another/url> end' mentions = (('SomeName', 'http://url'), (None, 'http://another/url'))"}
{"name": "twtxt.tests.test_mentions.test_format_multi_mentions_incomplete.mock_multi_mention_format", "code": "def mock_multi_mention_format(name, url): if name: return '@' + name else: return '@' + url"}
{"name": "twtxt.tests.test_models.test_source", "code": "def test_source(): source = Source(\"foo\", \"bar\") assert source.nick == \"foo\" assert source.url == \"bar\"  with pytest.raises(TypeError): Source()"}
{"name": "twtxt.tests.test_models.test_tweet_init", "code": "def test_tweet_init(): with pytest.raises(ValueError) as e: Tweet(\"\") assert \"empty text\" in str(e.value)  with pytest.raises(TypeError) as e: Tweet(\"foobar\", 0) assert \"created_at is of invalid type\" in str(e.value)  source = Source(\"foo\", \"bar\") created_at = datetime.now(timezone.utc) tweet = Tweet(\"foobar\", created_at, source) assert tweet.text == \"foobar\" assert tweet.created_at == created_at.replace(microsecond=0) assert tweet.source == source"}
{"name": "twtxt.tests.test_models.test_tweet_str", "code": "def test_tweet_str(): tweet = Tweet(\"foobar\", datetime(2000, 1, 1, 1, 1, 1, 1, tzinfo=timezone.utc)) assert str(tweet) == \"2000-01-01T01:01:01+00:00\\tfoobar\""}
{"name": "twtxt.tests.test_models.test_tweet_relative_datetime", "code": "def test_tweet_relative_datetime(): tweet = Tweet(\"foobar\") assert tweet.relative_datetime == \"a moment ago\"  tweet = Tweet(\"foobar\", datetime.now(timezone.utc) + timedelta(hours=1, minutes=1)) assert tweet.relative_datetime == \"an hour from now\"  tweet = Tweet(\"foobar\", datetime.now(timezone.utc) - timedelta(hours=1, minutes=1)) assert tweet.relative_datetime == \"an hour ago\""}
{"name": "twtxt.tests.test_models.test_tweet_absolute_datetime", "code": "def test_tweet_absolute_datetime(): tweet = Tweet(\"foobar\", datetime(2000, 1, 1, 1, 1, 1, 1, tzinfo=timezone.utc)) assert tweet.absolute_datetime == \"Sat, 01 Jan 2000 01:01:01\""}
{"name": "twtxt.tests.test_models.test_tweet_ordering", "code": "def test_tweet_ordering(): now = datetime.now(timezone.utc) tweet_1 = Tweet(\"A\", now) tweet_2 = Tweet(\"B\", now + timedelta(hours=1)) tweet_3 = Tweet(\"C\", now + timedelta(hours=2)) tweet_4 = Tweet(\"D\", now + timedelta(hours=2)) tweet_5 = Tweet(\"D\", now + timedelta(hours=2))  source = Source(\"foo\", \"bar\")  # explicit testing with pytest.raises(TypeError): tweet_1 < source  with pytest.raises(TypeError): tweet_1 <= source  with pytest.raises(TypeError): tweet_1 > source  with pytest.raises(TypeError): tweet_1 >= source  assert tweet_1 != source  assert tweet_1 < tweet_2 assert tweet_1 <= tweet_2 assert tweet_2 > tweet_1 assert tweet_2 >= tweet_1 assert tweet_3 != tweet_4 assert tweet_5 == tweet_4 assert tweet_5 >= tweet_4 assert tweet_5 <= tweet_4 assert not(tweet_3 <= tweet_4) assert not(tweet_3 >= tweet_4)"}
{"name": "twtxt.tests.test_config.config_dir", "code": "def config_dir(tmpdir_factory): cfg = configparser.ConfigParser()  cfg.add_section(\"twtxt\") cfg.set(\"twtxt\", \"nick\", \"foo\") cfg.set(\"twtxt\", \"twtfile\", \"~/foo.txt\") cfg.set(\"twtxt\", \"twturl\", \"https://axample.org/twtxt.txt\") cfg.set(\"twtxt\", \"check_following\", \"False\") cfg.set(\"twtxt\", \"use_pager\", \"True\") cfg.set(\"twtxt\", \"use_cache\", \"False\") cfg.set(\"twtxt\", \"porcelain\", \"True\") cfg.set(\"twtxt\", \"character_limit\", \"150\") cfg.set(\"twtxt\", \"character_warning\", \"150\") cfg.set(\"twtxt\", \"disclose_identity\", \"True\") cfg.set(\"twtxt\", \"limit_timeline\", \"50\") cfg.set(\"twtxt\", \"timeline_update_interval\", \"20\") cfg.set(\"twtxt\", \"timeout\", \"1.0\") cfg.set(\"twtxt\", \"sorting\", \"ascending\") cfg.set(\"twtxt\", \"post_tweet_hook\", \"echo {twtfile\") cfg.set(\"twtxt\", \"pre_tweet_hook\", \"echo {twtfile\")  cfg.add_section(\"following\") cfg.set(\"following\", \"foo\", \"https://example.org/foo.twtxt\")  config_dir = tmpdir_factory.mktemp(\"config\")  Config.config_dir = str(config_dir) with open(str(config_dir.join(Config.config_name)), \"w\") as config_file: cfg.write(config_file)  # Manually create an invalid config file. with open(str(config_dir.join(\"config_sanity\")), \"w\") as config_file: config_file.write(\"[twtxt]\\n\") config_file.write(\"nick = altoyr\\n\") config_file.write(\"twtfile = ~/twtxt.txt\\n\") config_file.write(\"check_following = TTrue\\n\") config_file.write(\"use_pager = Falste\\n\") config_file.write(\"use_cache = Trute\\n\") config_file.write(\"porcelain = Faltse\\n\") config_file.write(\"disclose_identity = Ftalse\\n\") config_file.write(\"limit_timeline = 2t0\\n\") config_file.write(\"timeout = 5t.0\\n\") config_file.write(\"sorting = destcending\\n\") config_file.write(\"[following]\\n\") config_file.write(\"twtxt = https://buckket.org/twtxt_news.txt\\n\")  return config_dir"}
{"name": "twtxt.tests.test_config.test_defaults", "code": "def test_defaults(): empty_cfg = configparser.ConfigParser() empty_conf = Config(\"foobar\", empty_cfg)  assert empty_conf.nick == os.environ.get(\"USER\", \"\") assert empty_conf.twtfile == \"twtxt.txt\" assert empty_conf.twturl is None assert empty_conf.check_following is True assert empty_conf.use_pager is False assert empty_conf.use_cache is True assert empty_conf.porcelain is False assert empty_conf.character_limit is None assert empty_conf.character_warning is None assert empty_conf.disclose_identity is False assert empty_conf.limit_timeline == 20 assert empty_conf.timeline_update_interval == 10 assert empty_conf.timeout == 5.0 assert empty_conf.sorting == \"descending\" assert empty_conf.post_tweet_hook is None assert empty_conf.pre_tweet_hook is None"}
{"name": "twtxt.tests.test_config.check_cfg", "code": "def check_cfg(cfg): assert cfg.nick == \"foo\" assert cfg.twtfile == os.path.expanduser(\"~/foo.txt\") assert cfg.twturl == \"https://axample.org/twtxt.txt\" assert cfg.check_following is False assert cfg.use_pager is True assert cfg.use_cache is False assert cfg.porcelain is True assert cfg.character_limit == 150 assert cfg.character_warning == 150 assert cfg.disclose_identity is True assert cfg.limit_timeline == 50 assert cfg.timeline_update_interval == 20 assert cfg.timeout == 1.0 assert cfg.sorting == \"ascending\" assert cfg.post_tweet_hook == \"echo {twtfile\" assert cfg.pre_tweet_hook == \"echo {twtfile\" assert cfg.check_config_sanity() == True"}
{"name": "twtxt.tests.test_config.test_from_file", "code": "def test_from_file(config_dir): with pytest.raises(ValueError) as e: Config.from_file(\"invalid\") assert \"Config file not found.\" in str(e.value)  with open(str(config_dir.join(\"empty\")), \"a\") as fh: fh.write(\"XXX\") with pytest.raises(ValueError) as e: Config.from_file(str(config_dir.join(\"empty\"))) assert \"Config file is invalid.\" in str(e.value)  conf = Config.from_file(str(config_dir.join(Config.config_name))) check_cfg(conf)"}
{"name": "twtxt.tests.test_config.test_discover", "code": "def test_discover(): conf = Config.discover() check_cfg(conf)"}
{"name": "twtxt.tests.test_config.test_create_config", "code": "def test_create_config(config_dir): config_dir_old = Config.config_dir Config.config_dir = str(config_dir.join(\"new\")) conf_w = Config.create_config(os.path.join(Config.config_dir, Config.config_name), \"bar\", \"batz.txt\", \"https://example.org\", False, True) conf_r = Config.discover() assert conf_r.nick == \"bar\" assert conf_r.twtfile == \"batz.txt\" assert conf_r.twturl == \"https://example.org\" assert conf_r.character_limit == 140 assert conf_r.character_warning == 140 assert conf_r.following[0].nick == \"twtxt\" assert conf_r.following[0].url == \"https://buckket.org/twtxt_news.txt\" assert set(conf_r.options.keys()) == {\"nick\", \"twtfile\", \"twturl\", \"disclose_identity\", \"character_limit\", \"character_warning\"}  conf_r.cfg.remove_section(\"twtxt\") assert conf_r.options == {}  conf_r.cfg.remove_section(\"following\") assert conf_r.following == [] Config.config_dir = config_dir_old"}
{"name": "twtxt.tests.test_config.test_add_get_remove_source", "code": "def test_add_get_remove_source(): conf = Config.discover() conf.cfg.remove_section(\"following\")  assert conf.remove_source_by_nick(\"foo\") is False assert conf.get_source_by_nick(\"baz\") is None  conf.add_source(Source(\"foo\", \"bar\")) source = conf.get_source_by_nick(\"foo\") assert source.nick == \"foo\" assert source.url == \"bar\"  assert conf.remove_source_by_nick(\"baz\") is False assert conf.remove_source_by_nick(\"foo\") is True assert conf.following == []"}
{"name": "twtxt.tests.test_config.test_build_default_map", "code": "def test_build_default_map(): empty_cfg = configparser.ConfigParser() empty_conf = Config(\"foobar\", empty_cfg)  default_map = { \"following\": { \"check\": empty_conf.check_following, \"timeout\": empty_conf.timeout, \"porcelain\": empty_conf.porcelain, }, \"tweet\": { \"twtfile\": empty_conf.twtfile, }, \"timeline\": { \"pager\": empty_conf.use_pager, \"cache\": empty_conf.use_cache, \"limit\": empty_conf.limit_timeline, \"timeout\": empty_conf.timeout, \"sorting\": empty_conf.sorting, \"porcelain\": empty_conf.porcelain, \"twtfile\": empty_conf.twtfile, \"update_interval\": empty_conf.timeline_update_interval, }, \"view\": { \"pager\": empty_conf.use_pager, \"cache\": empty_conf.use_cache, \"limit\": empty_conf.limit_timeline, \"timeout\": empty_conf.timeout, \"sorting\": empty_conf.sorting, \"porcelain\": empty_conf.porcelain, \"update_interval\": empty_conf.timeline_update_interval, } }  assert empty_conf.build_default_map() == default_map"}
{"name": "twtxt.tests.test_config.test_check_config_file_sanity", "code": "def test_check_config_file_sanity(capsys, config_dir): with pytest.raises(ValueError) as e: Config.from_file(str(config_dir.join(\"config_sanity\"))) assert \"Error in config file.\" in str(e.value)  out, err = capsys.readouterr() for line in [\"\u2717 Config error on limit_timeline - invalid literal for int() with base 10: '2t0'\", \"\u2717 Config error on check_following - Not a boolean: TTrue\", \"\u2717 Config error on porcelain - Not a boolean: Faltse\", \"\u2717 Config error on disclose_identity - Not a boolean: Ftalse\", \"\u2717 Config error on timeout - could not convert string to float: '5t.0'\", \"\u2717 Config error on use_pager - Not a boolean: Falste\", \"\u2717 Config error on use_cache - Not a boolean: Trute\"]: assert line in out"}
{"name": "twtxt.twtxt.twhttp.SourceResponse.__init__", "code": "def __init__(self, status_code, content_length, last_modified): self.status_code = status_code self.content_length = content_length self.last_modified = last_modified"}
{"name": "twtxt.twtxt.twhttp.SourceResponse.natural_content_length", "code": "def natural_content_length(self): return humanize.naturalsize(self.content_length)"}
{"name": "twtxt.twtxt.twhttp.SourceResponse.natural_last_modified", "code": "def natural_last_modified(self): if self.last_modified is None: return \"?\" else: last_modified = parsedate_to_datetime(self.last_modified) now = datetime.now(timezone.utc) tense = \"from now\" if last_modified > now else \"ago\" return \"{0} {1}\".format(humanize.naturaldelta(now - last_modified), tense)"}
{"name": "twtxt.twtxt.twhttp.retrieve_status", "code": "async def retrieve_status(client, source): status = None try: response = await client.head(source.url) if response.headers.get(\"Content-Length\"): content_length = response.headers.get(\"Content-Length\") else: content_length = 0 status = SourceResponse(status_code=response.status, content_length=content_length, last_modified=response.headers.get(\"Last-Modified\")) await response.release() except CertificateError as e: click.echo(\"\u2717 SSL Certificate Error: The feed's ({0}) SSL certificate is untrusted. Try using HTTP, \" \"or contact the feed's owner to report this issue.\".format(source.url)) logger.debug(\"{0}: {1}\".format(source.url, e)) except Exception as e: logger.debug(\"{0}: {1}\".format(source.url, e)) finally: return source, status"}
{"name": "twtxt.twtxt.twhttp.retrieve_file", "code": "async def retrieve_file(client, source, limit, cache): is_cached = cache.is_cached(source.url) if cache else None headers = {\"If-Modified-Since\": cache.last_modified(source.url)} if is_cached else {}  try: response = await client.get(source.url, headers=headers) content = await response.text() except Exception as e: if is_cached: logger.debug(\"{0}: {1} - using cached content\".format(source.url, e)) return cache.get_tweets(source.url, limit) else: logger.debug(\"{0}: {1}\".format(source.url, e)) return []  if response.status == 200: tweets = parse_tweets(content.splitlines(), source)  if cache: last_modified_header = response.headers.get(\"Last-Modified\") if last_modified_header: logger.debug(\"{0} returned 200 and Last-Modified header - adding content to cache\".format(source.url)) cache.add_tweets(source.url, last_modified_header, tweets) else: logger.debug(\"{0} returned 200 but no Last-Modified header - can\u2019t cache content\".format(source.url)) else: logger.debug(\"{0} returned 200\".format(source.url))  return sorted(tweets, reverse=True)[:limit]  elif response.status == 410 and is_cached: # 410 Gone: # The resource requested is no longer available, # and will not be available again. logger.debug(\"{0} returned 410 - deleting cached content\".format(source.url)) cache.remove_tweets(source.url) return []  elif is_cached: logger.debug(\"{0} returned {1} - using cached content\".format(source.url, response.status)) return cache.get_tweets(source.url, limit)  else: logger.debug(\"{0} returned {1}\".format(source.url, response.status)) return []"}
{"name": "twtxt.twtxt.twhttp.process_sources_for_status", "code": "async def process_sources_for_status(client, sources): tasks = [retrieve_status(client, source) for source in sources] statuses = await asyncio.gather(*tasks)  return sorted(statuses, key=lambda x: x[0].nick)"}
{"name": "twtxt.twtxt.twhttp.process_sources_for_file", "code": "async def process_sources_for_file(client, sources, limit, cache=None): tasks = [retrieve_file(client, source, limit, cache) for source in sources] tweets_by_source = await asyncio.gather(*tasks)  all_tweets = list(chain.from_iterable(tweets_by_source))  return sorted(all_tweets, reverse=True)[:limit]"}
{"name": "twtxt.twtxt.twhttp.get_remote_tweets", "code": "def get_remote_tweets(sources, limit=None, timeout=5.0, cache=None): async def start_loop(): conn = aiohttp.TCPConnector(use_dns_cache=True) headers = generate_user_agent()  async with aiohttp.ClientSession(connector=conn, headers=headers, conn_timeout=timeout) as client: return await process_sources_for_file(client, sources, limit, cache)  return asyncio.run(start_loop())"}
{"name": "twtxt.twtxt.twhttp.get_remote_tweets.start_loop", "code": "async def start_loop(): conn = aiohttp.TCPConnector(use_dns_cache=True) headers = generate_user_agent()  async with aiohttp.ClientSession(connector=conn, headers=headers, conn_timeout=timeout) as client: return await process_sources_for_file(client, sources, limit, cache)"}
{"name": "twtxt.twtxt.twhttp.get_remote_status", "code": "def get_remote_status(sources, timeout=5.0): async def start_loop(): conn = aiohttp.TCPConnector(use_dns_cache=True) headers = generate_user_agent()  async with aiohttp.ClientSession(connector=conn, headers=headers, conn_timeout=timeout) as client: return await process_sources_for_status(client, sources)  return asyncio.run(start_loop())"}
{"name": "twtxt.twtxt.twhttp.get_remote_status.start_loop", "code": "async def start_loop(): conn = aiohttp.TCPConnector(use_dns_cache=True) headers = generate_user_agent()  async with aiohttp.ClientSession(connector=conn, headers=headers, conn_timeout=timeout) as client: return await process_sources_for_status(client, sources)"}
{"name": "twtxt.twtxt.cache.Cache.__init__", "code": "def __init__(self, cache_file, cache, update_interval=0): \"\"\"Initializes new :class:`Cache` object.  :param str cache_file: full path to the loaded cache file. :param ~shelve.Shelve cache: a Shelve object, with cache loaded. :param int update_interval: number of seconds the cache is considered to be up-to-date without calling any external resources. \"\"\" self.cache_file = cache_file self.cache = cache self.update_interval = update_interval"}
{"name": "twtxt.twtxt.cache.Cache.__enter__", "code": "def __enter__(self): return self"}
{"name": "twtxt.twtxt.cache.Cache.__exit__", "code": "def __exit__(self, exc_type, exc_val, exc_tb): return self.close()"}
{"name": "twtxt.twtxt.cache.Cache.from_file", "code": "def from_file(cls, file, *args, **kwargs): \"\"\"Try loading given cache file.\"\"\" try: cache = shelve.open(file) return cls(file, cache, *args, **kwargs) except OSError as e: logger.debug(\"Loading {0} failed\".format(file)) raise e"}
{"name": "twtxt.twtxt.cache.Cache.discover", "code": "def discover(cls, *args, **kwargs): \"\"\"Make a guess about the cache file location and try loading it.\"\"\" file = os.path.join(Cache.cache_dir, Cache.cache_name) return cls.from_file(file, *args, **kwargs)"}
{"name": "twtxt.twtxt.cache.Cache.last_updated", "code": "def last_updated(self): \"\"\"Returns *NIX timestamp of last update of the cache.\"\"\" try: return self.cache[\"last_update\"] except KeyError: return 0"}
{"name": "twtxt.twtxt.cache.Cache.is_valid", "code": "def is_valid(self): \"\"\"Checks if the cache is considered to be up-to-date.\"\"\" if timestamp() - self.last_updated <= self.update_interval: return True else: return False"}
{"name": "twtxt.twtxt.cache.Cache.mark_updated", "code": "def mark_updated(self): \"\"\"Mark cache as updated at current *NIX timestamp\"\"\" if not self.is_valid: self.cache[\"last_update\"] = timestamp()"}
{"name": "twtxt.twtxt.cache.Cache.is_cached", "code": "def is_cached(self, url): \"\"\"Checks if specified URL is cached.\"\"\" try: return True if url in self.cache else False except TypeError: return False"}
{"name": "twtxt.twtxt.cache.Cache.last_modified", "code": "def last_modified(self, url): \"\"\"Returns saved 'Last-Modified' header, if available.\"\"\" try: return self.cache[url][\"last_modified\"] except KeyError: return None"}
{"name": "twtxt.twtxt.cache.Cache.add_tweets", "code": "def add_tweets(self, url, last_modified, tweets): \"\"\"Adds new tweets to the cache.\"\"\" try: self.cache[url] = {\"last_modified\": last_modified, \"tweets\": tweets} self.mark_updated() return True except TypeError: return False"}
{"name": "twtxt.twtxt.cache.Cache.get_tweets", "code": "def get_tweets(self, url, limit=None): \"\"\"Retrieves tweets from the cache.\"\"\" try: tweets = self.cache[url][\"tweets\"] self.mark_updated() return sorted(tweets, reverse=True)[:limit] except KeyError: return []"}
{"name": "twtxt.twtxt.cache.Cache.remove_tweets", "code": "def remove_tweets(self, url): \"\"\"Tries to remove cached tweets.\"\"\" try: del self.cache[url] self.mark_updated() return True except KeyError: return False"}
{"name": "twtxt.twtxt.cache.Cache.close", "code": "def close(self): \"\"\"Closes Shelve object.\"\"\" try: self.cache.close() return True except AttributeError: return False"}
{"name": "twtxt.twtxt.cache.Cache.sync", "code": "def sync(self): \"\"\"Syncs Shelve object.\"\"\" try: self.cache.sync() return True except AttributeError: return False"}
{"name": "twtxt.twtxt.cli.cli", "code": "def cli(ctx, config, verbose): \"\"\"Decentralised, minimalist microblogging service for hackers.\"\"\" init_logging(debug=verbose)  if ctx.invoked_subcommand == \"quickstart\": return  # Skip initializing config file  try: if config: conf = Config.from_file(config) else: conf = Config.discover() except ValueError as e: if \"Error in config file.\" in str(e): click.echo(\"\u2717 Please correct the errors mentioned above an run twtxt again.\") else: click.echo(\"\u2717 Config file not found or not readable. You may want to run twtxt quickstart.\") sys.exit()  ctx.default_map = conf.build_default_map() ctx.obj = {'conf': conf}"}
{"name": "twtxt.twtxt.cli.tweet", "code": "def tweet(ctx, created_at, twtfile, text): \"\"\"Append a new tweet to your twtxt file.\"\"\" text = expand_mentions(text) tweet = Tweet(text, created_at) if created_at else Tweet(text)  pre_tweet_hook = ctx.obj[\"conf\"].pre_tweet_hook if pre_tweet_hook: run_pre_tweet_hook(pre_tweet_hook, ctx.obj[\"conf\"].options)  if not add_local_tweet(tweet, twtfile): click.echo(\"\u2717 Couldn\u2019t write to file.\") else: post_tweet_hook = ctx.obj[\"conf\"].post_tweet_hook if post_tweet_hook: run_post_tweet_hook(post_tweet_hook, ctx.obj[\"conf\"].options)"}
{"name": "twtxt.twtxt.cli.timeline", "code": "def timeline(ctx, pager, limit, twtfile, sorting, timeout, porcelain, source, cache, force_update): \"\"\"Retrieve your personal timeline.\"\"\" if source: source_obj = ctx.obj[\"conf\"].get_source_by_nick(source) if not source_obj: logger.debug(\"Not following {0}, trying as URL\".format(source)) source_obj = Source(source, source) sources = [source_obj] else: sources = ctx.obj[\"conf\"].following  tweets = []  if cache: try: with Cache.discover(update_interval=ctx.obj[\"conf\"].timeline_update_interval) as cache: force_update = force_update or not cache.is_valid if force_update: tweets = get_remote_tweets(sources, limit, timeout, cache) else: logger.debug(\"Multiple calls to 'timeline' within {0} seconds. Skipping update\".format( cache.update_interval)) # Behold, almighty list comprehensions! (I might have gone overboard here\u2026) tweets = list(chain.from_iterable([cache.get_tweets(source.url) for source in sources])) except OSError as e: logger.debug(e) tweets = get_remote_tweets(sources, limit, timeout) else: tweets = get_remote_tweets(sources, limit, timeout)  if twtfile and not source: source = Source(ctx.obj[\"conf\"].nick, ctx.obj[\"conf\"].twturl, file=twtfile) tweets.extend(get_local_tweets(source, limit))  if not tweets: return  tweets = sort_and_truncate_tweets(tweets, sorting, limit)  if pager: click.echo_via_pager(style_timeline(tweets, porcelain)) else: click.echo(style_timeline(tweets, porcelain))"}
{"name": "twtxt.twtxt.cli.view", "code": "def view(ctx, **kwargs): \"\"\"Show feed of given source.\"\"\" ctx.forward(timeline)"}
{"name": "twtxt.twtxt.cli.following", "code": "def following(ctx, check, timeout, porcelain): \"\"\"Return the list of sources you\u2019re following.\"\"\" sources = ctx.obj['conf'].following  if check: sources = get_remote_status(sources, timeout) for (source, status) in sources: click.echo(style_source_with_status(source, status, porcelain)) else: sources = sorted(sources, key=lambda source: source.nick) for source in sources: click.echo(style_source(source, porcelain))"}
{"name": "twtxt.twtxt.cli.follow", "code": "def follow(ctx, nick, url, force): \"\"\"Add a new source to your followings.\"\"\" source = Source(nick, url) sources = ctx.obj['conf'].following  if not force: if source.nick in (source.nick for source in sources): click.confirm(\"\u27a4 You\u2019re already following {0}. Overwrite?\".format( click.style(source.nick, bold=True)), default=False, abort=True)  _, status = (get_remote_status([source]))[0] if not status or status.status_code != 200: click.confirm(\"\u27a4 The feed of {0} at {1} is not available. Follow anyway?\".format( click.style(source.nick, bold=True), click.style(source.url, bold=True)), default=False, abort=True)  ctx.obj['conf'].add_source(source) click.echo(\"\u2713 You\u2019re now following {0}.\".format( click.style(source.nick, bold=True)))"}
{"name": "twtxt.twtxt.cli.unfollow", "code": "def unfollow(ctx, nick): \"\"\"Remove an existing source from your followings.\"\"\" source = ctx.obj['conf'].get_source_by_nick(nick)  try: with Cache.discover(update_interval=ctx.obj[\"conf\"].timeline_update_interval) as cache: cache.remove_tweets(source.url) except OSError as e: logger.debug(e)  ret_val = ctx.obj['conf'].remove_source_by_nick(nick) if ret_val: click.echo(\"\u2713 You\u2019ve unfollowed {0}.\".format( click.style(source.nick, bold=True))) else: click.echo(\"\u2717 You\u2019re not following {0}.\".format( click.style(nick, bold=True)))"}
{"name": "twtxt.twtxt.cli.quickstart", "code": "def quickstart(): \"\"\"Quickstart wizard for setting up twtxt.\"\"\" width = shutil.get_terminal_size()[0] width = width if width <= 79 else 79  click.secho(\"twtxt - quickstart\", fg=\"cyan\") click.secho(\"==================\", fg=\"cyan\") click.echo()  help_text = \"This wizard will generate a basic configuration file for twtxt with all mandatory options set. \" \\ \"You can change all of these later with either twtxt itself or by editing the config file manually. \" \\ \"Have a look at the docs to get information about the other available options and their meaning.\" click.echo(textwrap.fill(help_text, width))  click.echo() nick = click.prompt(\"\u27a4 Please enter your desired nick\", default=os.environ.get(\"USER\", \"\"))  def overwrite_check(path): if os.path.isfile(path): click.confirm(\"\u27a4 '{0}' already exists. Overwrite?\".format(path), abort=True)  cfgfile = click.prompt(\"\u27a4 Please enter the desired location for your config file\", os.path.join(Config.config_dir, Config.config_name), type=click.Path(readable=True, writable=True, file_okay=True)) cfgfile = os.path.expanduser(cfgfile) overwrite_check(cfgfile)  twtfile = click.prompt(\"\u27a4 Please enter the desired location for your twtxt file\", os.path.expanduser(\"~/twtxt.txt\"), type=click.Path(readable=True, writable=True, file_okay=True)) twtfile = os.path.expanduser(twtfile) overwrite_check(twtfile)  twturl = click.prompt(\"\u27a4 Please enter the URL your twtxt file will be accessible from\", default=\"https://example.org/twtxt.txt\")  disclose_identity = click.confirm(\"\u27a4 Do you want to disclose your identity? Your nick and URL will be shared when \" \"making HTTP requests\", default=False)  click.echo() add_news = click.confirm(\"\u27a4 Do you want to follow the twtxt news feed?\", default=True)  conf = Config.create_config(cfgfile, nick, twtfile, twturl, disclose_identity, add_news)  twtfile_dir = os.path.dirname(twtfile) if not os.path.exists(twtfile_dir): os.makedirs(twtfile_dir) open(twtfile, \"a\").close()  click.echo() click.echo(\"\u2713 Created config file at '{0}'.\".format(click.format_filename(conf.config_file))) click.echo(\"\u2713 Created twtxt file at '{0}'.\".format(click.format_filename(twtfile)))"}
{"name": "twtxt.twtxt.cli.quickstart.overwrite_check", "code": "def overwrite_check(path): if os.path.isfile(path): click.confirm(\"\u27a4 '{0}' already exists. Overwrite?\".format(path), abort=True)"}
{"name": "twtxt.twtxt.cli.config", "code": "def config(ctx, key, value, remove, edit): \"\"\"Get or set config item.\"\"\" conf = ctx.obj[\"conf\"]  if not edit and not key: raise click.BadArgumentUsage(\"You have to specify either a key or use --edit.\")  if edit: return click.edit(filename=conf.config_file)  if remove: try: conf.cfg.remove_option(key[0], key[1]) except Exception as e: logger.debug(e) else: conf.write_config() return  if not value: try: click.echo(conf.cfg.get(key[0], key[1])) except Exception as e: logger.debug(e) return  if not conf.cfg.has_section(key[0]): conf.cfg.add_section(key[0])  conf.cfg.set(key[0], key[1], value) conf.write_config()"}
{"name": "twtxt.twtxt.twfile.get_local_tweets", "code": "def get_local_tweets(source, limit): try: with open(source.file, \"r\") as fh: input_lines = fh.readlines() except (FileNotFoundError, PermissionError) as e: logger.debug(e) return [] local_tweets = parse_tweets(input_lines, source) return sorted(local_tweets, reverse=True)[:limit]"}
{"name": "twtxt.twtxt.twfile.add_local_tweet", "code": "def add_local_tweet(tweet, file): try: with open(file, \"a\") as fh: fh.write(\"{0}\\n\".format(str(tweet))) except (FileNotFoundError, PermissionError) as e: logger.debug(e) return False return True"}
{"name": "twtxt.twtxt.config.Config.__init__", "code": "def __init__(self, config_file, cfg): self.config_file = config_file self.cfg = cfg"}
{"name": "twtxt.twtxt.config.Config.from_file", "code": "def from_file(cls, file): \"\"\"Try loading given config file.  :param str file: full path to the config file to load \"\"\" if not os.path.exists(file): raise ValueError(\"Config file not found.\")  try: config_parser = configparser.ConfigParser() config_parser.read(file)  configuration = cls(file, config_parser) if not configuration.check_config_sanity(): raise ValueError(\"Error in config file.\") else: return configuration except configparser.Error: raise ValueError(\"Config file is invalid.\")"}
{"name": "twtxt.twtxt.config.Config.discover", "code": "def discover(cls): \"\"\"Make a guess about the config file location an try loading it.\"\"\" file = os.path.join(Config.config_dir, Config.config_name) return cls.from_file(file)"}
{"name": "twtxt.twtxt.config.Config.create_config", "code": "def create_config(cls, cfgfile, nick, twtfile, twturl, disclose_identity, add_news): \"\"\"Create a new config file at the default location.  :param str cfgfile: path to the config file :param str nick: nickname to use for own tweets :param str twtfile: path to the local twtxt file :param str twturl: URL to the remote twtxt file :param bool disclose_identity: if true the users id will be disclosed :param bool add_news: if true follow twtxt news feed \"\"\" cfgfile_dir = os.path.dirname(cfgfile) if not os.path.exists(cfgfile_dir): os.makedirs(cfgfile_dir)  cfg = configparser.ConfigParser()  cfg.add_section(\"twtxt\") cfg.set(\"twtxt\", \"nick\", nick) cfg.set(\"twtxt\", \"twtfile\", twtfile) cfg.set(\"twtxt\", \"twturl\", twturl) cfg.set(\"twtxt\", \"disclose_identity\", str(disclose_identity)) cfg.set(\"twtxt\", \"character_limit\", \"140\") cfg.set(\"twtxt\", \"character_warning\", \"140\")  cfg.add_section(\"following\") if add_news: cfg.set(\"following\", \"twtxt\", \"https://buckket.org/twtxt_news.txt\")  conf = cls(cfgfile, cfg) conf.write_config() return conf"}
{"name": "twtxt.twtxt.config.Config.write_config", "code": "def write_config(self): \"\"\"Writes `self.cfg` to `self.config_file`.\"\"\" with open(self.config_file, \"w\") as config_file: self.cfg.write(config_file)"}
{"name": "twtxt.twtxt.config.Config.following", "code": "def following(self): \"\"\"A :class:`list` of all :class:`Source` objects.\"\"\" following = [] try: for (nick, url) in self.cfg.items(\"following\"): source = Source(nick, url) following.append(source) except configparser.NoSectionError as e: logger.debug(e)  return following"}
{"name": "twtxt.twtxt.config.Config.options", "code": "def options(self): \"\"\"A :class:`dict` of all config options.\"\"\" try: return dict(self.cfg.items(\"twtxt\")) except configparser.NoSectionError as e: logger.debug(e) return {}"}
{"name": "twtxt.twtxt.config.Config.nick", "code": "def nick(self): return self.cfg.get(\"twtxt\", \"nick\", fallback=os.environ.get(\"USER\", \"\").lower())"}
{"name": "twtxt.twtxt.config.Config.twtfile", "code": "def twtfile(self): return os.path.expanduser(self.cfg.get(\"twtxt\", \"twtfile\", fallback=\"twtxt.txt\"))"}
{"name": "twtxt.twtxt.config.Config.twturl", "code": "def twturl(self): return self.cfg.get(\"twtxt\", \"twturl\", fallback=None)"}
{"name": "twtxt.twtxt.config.Config.check_following", "code": "def check_following(self): return self.cfg.getboolean(\"twtxt\", \"check_following\", fallback=True)"}
{"name": "twtxt.twtxt.config.Config.use_pager", "code": "def use_pager(self): return self.cfg.getboolean(\"twtxt\", \"use_pager\", fallback=False)"}
{"name": "twtxt.twtxt.config.Config.use_cache", "code": "def use_cache(self): return self.cfg.getboolean(\"twtxt\", \"use_cache\", fallback=True)"}
{"name": "twtxt.twtxt.config.Config.porcelain", "code": "def porcelain(self): return self.cfg.getboolean(\"twtxt\", \"porcelain\", fallback=False)"}
{"name": "twtxt.twtxt.config.Config.disclose_identity", "code": "def disclose_identity(self): return self.cfg.getboolean(\"twtxt\", \"disclose_identity\", fallback=False)"}
{"name": "twtxt.twtxt.config.Config.character_limit", "code": "def character_limit(self): return self.cfg.getint(\"twtxt\", \"character_limit\", fallback=None)"}
{"name": "twtxt.twtxt.config.Config.character_warning", "code": "def character_warning(self): return self.cfg.getint(\"twtxt\", \"character_warning\", fallback=None)"}
{"name": "twtxt.twtxt.config.Config.limit_timeline", "code": "def limit_timeline(self): return self.cfg.getint(\"twtxt\", \"limit_timeline\", fallback=20)"}
{"name": "twtxt.twtxt.config.Config.timeline_update_interval", "code": "def timeline_update_interval(self): return self.cfg.getint(\"twtxt\", \"timeline_update_interval\", fallback=10)"}
{"name": "twtxt.twtxt.config.Config.use_abs_time", "code": "def use_abs_time(self): return self.cfg.getboolean(\"twtxt\", \"use_abs_time\", fallback=False)"}
{"name": "twtxt.twtxt.config.Config.timeout", "code": "def timeout(self): return self.cfg.getfloat(\"twtxt\", \"timeout\", fallback=5.0)"}
{"name": "twtxt.twtxt.config.Config.sorting", "code": "def sorting(self): return self.cfg.get(\"twtxt\", \"sorting\", fallback=\"descending\")"}
{"name": "twtxt.twtxt.config.Config.source", "code": "def source(self): return Source(self.nick, self.twturl)"}
{"name": "twtxt.twtxt.config.Config.pre_tweet_hook", "code": "def pre_tweet_hook(self): return self.cfg.get(\"twtxt\", \"pre_tweet_hook\", fallback=None)"}
{"name": "twtxt.twtxt.config.Config.post_tweet_hook", "code": "def post_tweet_hook(self): return self.cfg.get(\"twtxt\", \"post_tweet_hook\", fallback=None)"}
{"name": "twtxt.twtxt.config.Config.add_source", "code": "def add_source(self, source): \"\"\"Adds a new :class:`Source` to the config\u2019s following section.\"\"\" if not self.cfg.has_section(\"following\"): self.cfg.add_section(\"following\")  self.cfg.set(\"following\", source.nick, source.url) self.write_config()"}
{"name": "twtxt.twtxt.config.Config.get_source_by_nick", "code": "def get_source_by_nick(self, nick): \"\"\"Returns the :class:`Source` of the given nick.  :param str nick: nickname for which will be searched in the config \"\"\" url = self.cfg.get(\"following\", nick, fallback=None) return Source(nick, url) if url else None"}
{"name": "twtxt.twtxt.config.Config.remove_source_by_nick", "code": "def remove_source_by_nick(self, nick): \"\"\"Removes a :class:`Source` form the config\u2019s following section.  :param str nick: nickname for which will be searched in the config \"\"\" if not self.cfg.has_section(\"following\"): return False  ret_val = self.cfg.remove_option(\"following\", nick) self.write_config() return ret_val"}
{"name": "twtxt.twtxt.config.Config.build_default_map", "code": "def build_default_map(self): \"\"\"Maps config options to the default values used by click, returns :class:`dict`.\"\"\" default_map = { \"following\": { \"check\": self.check_following, \"timeout\": self.timeout, \"porcelain\": self.porcelain, }, \"tweet\": { \"twtfile\": self.twtfile, }, \"timeline\": { \"pager\": self.use_pager, \"cache\": self.use_cache, \"limit\": self.limit_timeline, \"timeout\": self.timeout, \"sorting\": self.sorting, \"porcelain\": self.porcelain, \"twtfile\": self.twtfile, \"update_interval\": self.timeline_update_interval, }, \"view\": { \"pager\": self.use_pager, \"cache\": self.use_cache, \"limit\": self.limit_timeline, \"timeout\": self.timeout, \"sorting\": self.sorting, \"porcelain\": self.porcelain, \"update_interval\": self.timeline_update_interval, } } return default_map"}
{"name": "twtxt.twtxt.config.Config.check_config_sanity", "code": "def check_config_sanity(self): \"\"\"Checks if the given values in the config file are sane.\"\"\" is_sane = True  # This extracts some properties which cannot be checked like \"nick\", # but it is definitely better than writing the property names as a # string literal. properties = [property_name for property_name, obj in self.__class__.__dict__.items() if isinstance(obj, property)]  for property_name in properties: try: getattr(self, property_name) except ValueError as e: click.echo(\"\u2717 Config error on {0} - {1}\".format(property_name, e)) is_sane = False  return is_sane"}
{"name": "twtxt.twtxt.mentions.get_source_by_url", "code": "def get_source_by_url(url): conf = click.get_current_context().obj[\"conf\"] if url == conf.twturl: return conf.source return next((source for source in conf.following if url == source.url), None)"}
{"name": "twtxt.twtxt.mentions.get_source_by_name", "code": "def get_source_by_name(nick): nick = nick.lower() conf = click.get_current_context().obj[\"conf\"] if nick == conf.nick and conf.twturl: return conf.source return next((source for source in conf.following if nick == source.nick), None)"}
{"name": "twtxt.twtxt.mentions.expand_mentions", "code": "def expand_mentions(text, embed_names=True): \"\"\"Searches the given text for mentions and expands them.  For example: \"@source.nick\" will be expanded to \"@<source.nick source.url>\". \"\"\" if embed_names: mention_format = \"@<{name} {url}>\" else: mention_format = \"@<{url}>\"  def handle_mention(match): source = get_source_by_name(match.group(1)) if source is None: return \"@{0}\".format(match.group(1)) return mention_format.format( name=source.nick, url=source.url)  return short_mention_re.sub(handle_mention, text)"}
{"name": "twtxt.twtxt.mentions.expand_mentions.handle_mention", "code": "def handle_mention(match): source = get_source_by_name(match.group(1)) if source is None: return \"@{0}\".format(match.group(1)) return mention_format.format( name=source.nick, url=source.url)"}
{"name": "twtxt.twtxt.mentions.format_mention", "code": "def format_mention(name, url): source = get_source_by_url(url) if source: if source.nick == click.get_current_context().obj[\"conf\"].nick: return click.style(\"@{0}\".format(source.nick), fg=\"magenta\", bold=True) else: return click.style(\"@{0}\".format(source.nick), bold=True) elif name: return \"@{0}\".format(name) else: return \"@<{0}>\".format(url)"}
{"name": "twtxt.twtxt.mentions.format_mentions", "code": "def format_mentions(text, format_callback=format_mention): \"\"\"Searches the given text for mentions generated by `expand_mention()` and returns a human-readable form.  For example: \"@<bob http://example.org/twtxt.txt>\" will result in \"@bob\"  If you follow a source: source.nick will be bold If you are the mentioned source: source.nick will be bold and coloured If nothing from the above is true: nick will be unstyled If nothing from the above is true and nick is not given: url will be used \"\"\"  def handle_mention(match): name, url = match.groups() return format_callback(name, url)  return mention_re.sub(handle_mention, text)"}
{"name": "twtxt.twtxt.mentions.format_mentions.handle_mention", "code": "def handle_mention(match): name, url = match.groups() return format_callback(name, url)"}
{"name": "twtxt.twtxt.log.init_logging", "code": "def init_logging(debug=False): logger = logging.getLogger()  formatter = logging.Formatter(\"%(asctime)s %(name)-12s %(levelname)-8s %(message)s\")  ch = logging.StreamHandler() ch.setLevel(logging.DEBUG) ch.setFormatter(formatter) logger.addHandler(ch)  if debug: logger.setLevel(logging.DEBUG) else: logger.setLevel(logging.CRITICAL)"}
{"name": "twtxt.twtxt.models.Tweet.__init__", "code": "def __init__(self, text, created_at=None, source=None): if text: self.text = text else: raise ValueError(\"empty text\")  if created_at is None: created_at = datetime.now(tzlocal())  try: self.created_at = created_at.replace(microsecond=0) except AttributeError: raise TypeError(\"created_at is of invalid type\")  self.source = source"}
{"name": "twtxt.twtxt.models.Tweet._is_valid_operand", "code": "def _is_valid_operand(other): return (hasattr(other, \"text\") and hasattr(other, \"created_at\"))"}
{"name": "twtxt.twtxt.models.Tweet.__lt__", "code": "def __lt__(self, other): if not self._is_valid_operand(other): return NotImplemented return self.created_at < other.created_at"}
{"name": "twtxt.twtxt.models.Tweet.__le__", "code": "def __le__(self, other): if not self._is_valid_operand(other): return NotImplemented return self.created_at < other.created_at or (self.created_at == other.created_at and self.text == other.text)"}
{"name": "twtxt.twtxt.models.Tweet.__gt__", "code": "def __gt__(self, other): if not self._is_valid_operand(other): return NotImplemented return self.created_at > other.created_at"}
{"name": "twtxt.twtxt.models.Tweet.__ge__", "code": "def __ge__(self, other): if not self._is_valid_operand(other): return NotImplemented return self.created_at > other.created_at or (self.created_at == other.created_at and self.text == other.text)"}
{"name": "twtxt.twtxt.models.Tweet.__eq__", "code": "def __eq__(self, other): if not self._is_valid_operand(other): return NotImplemented return self.created_at == other.created_at and self.text == other.text"}
{"name": "twtxt.twtxt.models.Tweet.__str__", "code": "def __str__(self): return \"{created_at}\\t{text}\".format(created_at=self.created_at.isoformat(), text=self.text)"}
{"name": "twtxt.twtxt.models.Tweet.relative_datetime", "code": "def relative_datetime(self): \"\"\"Return human-readable relative time string.\"\"\" now = datetime.now(timezone.utc) created_at = self.created_at.astimezone(timezone.utc)  delta = humanize.naturaldelta(abs(created_at - now)) tense = \"from now\" if now < created_at else \"ago\"  return f\"{delta} {tense}\""}
{"name": "twtxt.twtxt.models.Tweet.absolute_datetime", "code": "def absolute_datetime(self): \"\"\"Return human-readable absolute time string.\"\"\" return self.created_at.strftime(\"%a, %d %b %Y %H:%M:%S\")"}
{"name": "twtxt.twtxt.models.Source.__init__", "code": "def __init__(self, nick, url=None, file=None): self.nick = nick.lower() self.url = url self.file = file"}
{"name": "twtxt.twtxt.parser.make_aware", "code": "def make_aware(dt): \"\"\"Appends tzinfo and assumes UTC, if datetime object has no tzinfo already.\"\"\" return dt if dt.tzinfo else dt.replace(tzinfo=timezone.utc)"}
{"name": "twtxt.twtxt.parser.parse_iso8601", "code": "def parse_iso8601(string): \"\"\"Parse string using dateutil.parser.\"\"\" return make_aware(dateutil.parser.parse(string))"}
{"name": "twtxt.twtxt.parser.parse_tweets", "code": "def parse_tweets(raw_tweets, source, now=None): \"\"\" Parses a list of raw tweet lines from a twtxt file and returns a list of :class:`Tweet` objects.  :param list raw_tweets: list of raw tweet lines :param Source source: the source of the given tweets :param Datetime now: the current datetime  :returns: a list of parsed tweets :class:`Tweet` objects :rtype: list \"\"\" if now is None: now = datetime.now(timezone.utc)  tweets = [] for line in raw_tweets: try: tweet = parse_tweet(line, source, now) except (ValueError, OverflowError) as e: logger.debug(\"{0} - {1}\".format(source.url, e)) else: tweets.append(tweet)  return tweets"}
{"name": "twtxt.twtxt.parser.parse_tweet", "code": "def parse_tweet(raw_tweet, source, now=None): \"\"\" Parses a single raw tweet line from a twtxt file and returns a :class:`Tweet` object.  :param str raw_tweet: a single raw tweet line :param Source source: the source of the given tweet :param Datetime now: the current datetime  :returns: the parsed tweet :rtype: Tweet \"\"\" from twtxt.models import Tweet if now is None: now = datetime.now(timezone.utc)  raw_created_at, text = raw_tweet.split(\"\\t\", 1) created_at = parse_iso8601(raw_created_at)  if created_at > now: raise ValueError(\"Tweet is from the future\")  return Tweet(click.unstyle(text.strip()), created_at, source)"}
{"name": "twtxt.twtxt.helper.style_timeline", "code": "def style_timeline(tweets, porcelain=False): if porcelain: return \"\\n\".join(style_tweet(tweet, porcelain) for tweet in tweets) else: return \"\\n{0}\\n\".format(\"\\n\\n\".join(filter(None, (style_tweet(tweet, porcelain) for tweet in tweets))))"}
{"name": "twtxt.twtxt.helper.style_tweet", "code": "def style_tweet(tweet, porcelain=False): conf = click.get_current_context().obj[\"conf\"] limit = conf.character_limit  if porcelain: return \"{nick}\\t{url}\\t{tweet}\".format( nick=tweet.source.nick, url=tweet.source.url, tweet=str(tweet)) else: if sys.stdout.isatty() and not tweet.text.isprintable(): return None styled_text = format_mentions(tweet.text) len_styling = len(styled_text) - len(click.unstyle(styled_text)) final_text = textwrap.shorten(styled_text, limit + len_styling) if limit else styled_text timestamp = tweet.absolute_datetime if conf.use_abs_time else tweet.relative_datetime return \"\u27a4 {nick} ({time}):\\n{tweet}\".format( nick=click.style(tweet.source.nick, bold=True), tweet=final_text, time=click.style(timestamp, dim=True))"}
{"name": "twtxt.twtxt.helper.style_source", "code": "def style_source(source, porcelain=False): if porcelain: return \"{nick}\\t{url}\".format( nick=source.nick, url=source.url) else: return \"\u27a4 {nick} @ {url}\".format( nick=click.style(source.nick, bold=True), url=source.url)"}
{"name": "twtxt.twtxt.helper.style_source_with_status", "code": "def style_source_with_status(source, status, porcelain=False): if porcelain: return \"{nick}\\t{url}\\t{status}\\t{content_length}\\t{last_modified}\".format( nick=source.nick, url=source.url, status=status.status_code, content_length=status.content_length, last_modified=status.last_modified) else: if hasattr(status, \"status_code\") and status.status_code == 200: scolor, smessage = \"green\", str(status.status_code) elif status: scolor, smessage = \"red\", str(status.status_code) else: scolor, smessage = \"red\", \"ERROR\" return \"\u27a4 {nick} @ {url} [{content_length}, {last_modified}] ({status})\".format( nick=click.style(source.nick, bold=True, fg=scolor), url=source.url, status=click.style(smessage, fg=scolor), content_length=status.natural_content_length, last_modified=status.natural_last_modified)"}
{"name": "twtxt.twtxt.helper.validate_created_at", "code": "def validate_created_at(ctx, param, value): if value: try: return parse_iso8601(value) except (ValueError, OverflowError) as e: raise click.BadParameter(\"{0}.\".format(e))"}
{"name": "twtxt.twtxt.helper.validate_text", "code": "def validate_text(ctx, param, value): conf = click.get_current_context().obj[\"conf\"] if isinstance(value, tuple): value = \" \".join(value)  if not value and not sys.stdin.isatty(): value = click.get_text_stream(\"stdin\").read()  if value: value = value.strip() if conf.character_warning and len(value) > conf.character_warning: click.confirm(\"\u2702 Warning: Tweet is longer than {0} characters. Are you sure?\".format( conf.character_warning), abort=True) return value else: raise click.BadArgumentUsage(\"Text can\u2019t be empty.\")"}
{"name": "twtxt.twtxt.helper.validate_config_key", "code": "def validate_config_key(ctx, param, value): \"\"\"Validate a configuration key according to `section.item`.\"\"\" if not value: return value  try: section, item = value.split(\".\", 1) except ValueError: raise click.BadArgumentUsage(\"Given key does not contain a section name.\") else: return section, item"}
{"name": "twtxt.twtxt.helper.run_pre_tweet_hook", "code": "def run_pre_tweet_hook(hook, options): try: command = shlex.split(hook.format(**options)) except KeyError: click.echo(\"\u2717 Invalid variables in pre_tweet_hook.\") raise click.Abort try: subprocess.check_output(command, shell=True, universal_newlines=True, stderr=subprocess.STDOUT) except subprocess.CalledProcessError as e: click.echo(\"\u2717 pre_tweet_hook returned {}.\".format(e.returncode)) if e.output: click.echo(e.output) raise click.Abort"}
{"name": "twtxt.twtxt.helper.run_post_tweet_hook", "code": "def run_post_tweet_hook(hook, options): try: command = shlex.split(hook.format(**options)) except KeyError: click.echo(\"\u2717 Invalid variables in post_tweet_hook.\") return try: subprocess.check_output(command, shell=True, universal_newlines=True, stderr=subprocess.STDOUT) except subprocess.CalledProcessError as e: click.echo(\"\u2717 post_tweet_hook returned {}.\".format(e.returncode)) if e.output: click.echo(e.output)"}
{"name": "twtxt.twtxt.helper.sort_and_truncate_tweets", "code": "def sort_and_truncate_tweets(tweets, direction, limit): if direction == \"descending\": return sorted(tweets, reverse=True)[:limit] elif direction == \"ascending\": if limit < len(tweets): return sorted(tweets)[len(tweets) - limit:] else: return sorted(tweets) else: return []"}
{"name": "twtxt.twtxt.helper.generate_user_agent", "code": "def generate_user_agent(): try: version = pkg_resources.require(\"twtxt\")[0].version except pkg_resources.DistributionNotFound: version = \"unknown\"  conf = click.get_current_context().obj[\"conf\"] if conf.disclose_identity and conf.nick and conf.twturl: user_agent = \"twtxt/{version} (+{url}; @{nick})\".format( version=version, url=conf.twturl, nick=conf.nick) else: user_agent = \"twtxt/{version}\".format(version=version)  return {\"User-Agent\": user_agent}"}
