{"name": "whereami.whereami.predict.Predicter.__init__", "code": "def __init__(self, model=None, device=\"\"): self.model = model self.device = device self.clf = get_model(model) self.wifi_scanner = get_scanner(device) self.predicted_value = None"}
{"name": "whereami.whereami.predict.Predicter.predict", "code": "def predict(self): aps = self.wifi_scanner.get_access_points() self.predicted_value = self.clf.predict(aps_to_dict(aps))[0] return self.predicted_value"}
{"name": "whereami.whereami.predict.Predicter.refresh", "code": "def refresh(self): self.clf = get_model(self.model) self.wifi_scanner = get_scanner(self.device)"}
