{"name": "Wikipedia-API.wikipediaapi.__init__.namespace2int", "code": "def namespace2int(namespace: WikiNamespace) -> int: \"\"\"Converts namespace into integer\"\"\" if isinstance(namespace, Namespace): return namespace.value  return namespace"}
{"name": "Wikipedia-API.wikipediaapi.__init__.Wikipedia.__init__", "code": "def __init__( self, user_agent: str, language: str = \"en\", extract_format: ExtractFormat = ExtractFormat.WIKI, headers: Optional[Dict[str, Any]] = None, **kwargs, ) -> None: \"\"\" Constructs Wikipedia object for extracting information Wikipedia.  :param user_agent: HTTP User-Agent used in requests https://meta.wikimedia.org/wiki/User-Agent_policy :param language: Language mutation of Wikipedia - http://meta.wikimedia.org/wiki/List_of_Wikipedias :param extract_format: Format used for extractions :class:`ExtractFormat` object. :param headers:  Headers sent as part of HTTP request :param kwargs: Optional parameters used in - http://docs.python-requests.org/en/master/api/#requests.request  Examples:  * Proxy: ``Wikipedia('foo (merlin@example.com)', proxies={'http': 'http://proxy:1234'})`` \"\"\" kwargs.setdefault(\"timeout\", 10.0)  default_headers = {} if headers is None else headers if user_agent: default_headers.setdefault( \"User-Agent\", user_agent, ) used_user_agent = default_headers.get(\"User-Agent\") if not (used_user_agent and len(used_user_agent) > 5): raise AssertionError( \"Please, be nice to Wikipedia and specify user agent - \" + \"https://meta.wikimedia.org/wiki/User-Agent_policy. Current user_agent: '\" + str(used_user_agent) + \"' is not sufficient.\" ) default_headers[\"User-Agent\"] += \" (\" + USER_AGENT + \")\"  self.language = language.strip().lower() if not self.language: raise AssertionError( \"Specify language. Current language: '\" + str(self.language) + \"' is not sufficient.\" ) self.extract_format = extract_format  log.info( \"Wikipedia: language=%s, user_agent: %s, extract_format=%s\", self.language, default_headers[\"User-Agent\"], self.extract_format, )  self._session = requests.Session() self._session.headers.update(default_headers) self._request_kwargs = kwargs"}
{"name": "Wikipedia-API.wikipediaapi.__init__.Wikipedia.__del__", "code": "def __del__(self) -> None: \"\"\"Closes session.\"\"\" if hasattr(self, \"_session\") and self._session: self._session.close()"}
{"name": "Wikipedia-API.wikipediaapi.__init__.Wikipedia.page", "code": "def page( self, title: str, ns: WikiNamespace = Namespace.MAIN, unquote: bool = False, ) -> \"WikipediaPage\": \"\"\" Constructs Wikipedia page with title `title`.  Creating `WikipediaPage` object is always the first step for extracting any information.  Example::  wiki_wiki = wikipediaapi.Wikipedia('en') page_py = wiki_wiki.page('Python_(programming_language)') print(page_py.title) # Python (programming language)  wiki_hi = wikipediaapi.Wikipedia('hi')  page_hi_py = wiki_hi.article( title='%E0%A4%AA%E0%A4%BE%E0%A4%87%E0%A4%A5%E0%A4%A8', unquote=True, ) print(page_hi_py.title) # \u092a\u093e\u0907\u0925\u0928  :param title: page title as used in Wikipedia URL :param ns: :class:`WikiNamespace` :param unquote: if true it will unquote title :return: object representing :class:`WikipediaPage` \"\"\" if unquote: title = parse.unquote(title)  return WikipediaPage(self, title=title, ns=ns, language=self.language)"}
{"name": "Wikipedia-API.wikipediaapi.__init__.Wikipedia.article", "code": "def article( self, title: str, ns: WikiNamespace = Namespace.MAIN, unquote: bool = False ) -> \"WikipediaPage\": \"\"\" Constructs Wikipedia page with title `title`.  This function is an alias for :func:`page`  :param title: page title as used in Wikipedia URL :param ns: :class:`WikiNamespace` :param unquote: if true it will unquote title :return: object representing :class:`WikipediaPage` \"\"\" return self.page( title=title, ns=ns, unquote=unquote, )"}
{"name": "Wikipedia-API.wikipediaapi.__init__.Wikipedia.extracts", "code": "def extracts(self, page: \"WikipediaPage\", **kwargs) -> str: \"\"\" Returns summary of the page with respect to parameters  Parameter `exsectionformat` is taken from `Wikipedia` constructor.  API Calls for parameters:  - https://www.mediawiki.org/w/api.php?action=help&modules=query%2Bextracts - https://www.mediawiki.org/wiki/Extension:TextExtracts#API  Example::  import wikipediaapi wiki = wikipediaapi.Wikipedia('en')  page = wiki.page('Python_(programming_language)') print(wiki.extracts(page, exsentences=1)) print(wiki.extracts(page, exsentences=2))  :param page: :class:`WikipediaPage` :param kwargs: parameters used in API call :return: summary of the page  \"\"\" params = { \"action\": \"query\", \"prop\": \"extracts\", \"titles\": page.title, }  # type: Dict[str, Any]  if self.extract_format == ExtractFormat.HTML: # we do nothing, when format is HTML pass elif self.extract_format == ExtractFormat.WIKI: params[\"explaintext\"] = 1 params[\"exsectionformat\"] = \"wiki\"  used_params = kwargs used_params.update(params)  raw = self._query(page, used_params) self._common_attributes(raw[\"query\"], page) pages = raw[\"query\"][\"pages\"] for k, v in pages.items(): if k == \"-1\": page._attributes[\"pageid\"] = -1 return \"\" return self._build_extracts(v, page) return \"\""}
{"name": "Wikipedia-API.wikipediaapi.__init__.Wikipedia.info", "code": "def info(self, page: \"WikipediaPage\") -> \"WikipediaPage\": \"\"\" https://www.mediawiki.org/w/api.php?action=help&modules=query%2Binfo https://www.mediawiki.org/wiki/API:Info \"\"\" params = { \"action\": \"query\", \"prop\": \"info\", \"titles\": page.title, \"inprop\": \"|\".join( [ \"protection\", \"talkid\", \"watched\", \"watchers\", \"visitingwatchers\", \"notificationtimestamp\", \"subjectid\", \"url\", \"readable\", \"preload\", \"displaytitle\", ] ), } raw = self._query(page, params) self._common_attributes(raw[\"query\"], page) pages = raw[\"query\"][\"pages\"] for k, v in pages.items(): if k == \"-1\": page._attributes[\"pageid\"] = -1 return page  return self._build_info(v, page) return page"}
{"name": "Wikipedia-API.wikipediaapi.__init__.Wikipedia.langlinks", "code": "def langlinks(self, page: \"WikipediaPage\", **kwargs) -> PagesDict: \"\"\" Returns langlinks of the page with respect to parameters  API Calls for parameters:  - https://www.mediawiki.org/w/api.php?action=help&modules=query%2Blanglinks - https://www.mediawiki.org/wiki/API:Langlinks  :param page: :class:`WikipediaPage` :param kwargs: parameters used in API call :return: links to pages in other languages  \"\"\" params = { \"action\": \"query\", \"prop\": \"langlinks\", \"titles\": page.title, \"lllimit\": 500, \"llprop\": \"url\", }  used_params = kwargs used_params.update(params)  raw = self._query(page, used_params) self._common_attributes(raw[\"query\"], page) pages = raw[\"query\"][\"pages\"] for k, v in pages.items(): if k == \"-1\": page._attributes[\"pageid\"] = -1 return {} return self._build_langlinks(v, page) return {}"}
{"name": "Wikipedia-API.wikipediaapi.__init__.Wikipedia.links", "code": "def links(self, page: \"WikipediaPage\", **kwargs) -> PagesDict: \"\"\" Returns links to other pages with respect to parameters  API Calls for parameters:  - https://www.mediawiki.org/w/api.php?action=help&modules=query%2Blinks - https://www.mediawiki.org/wiki/API:Links  :param page: :class:`WikipediaPage` :param kwargs: parameters used in API call :return: links to linked pages  \"\"\" params = { \"action\": \"query\", \"prop\": \"links\", \"titles\": page.title, \"pllimit\": 500, }  used_params = kwargs used_params.update(params)  raw = self._query(page, used_params) self._common_attributes(raw[\"query\"], page) pages = raw[\"query\"][\"pages\"] for k, v in pages.items(): if k == \"-1\": page._attributes[\"pageid\"] = -1 return {}  while \"continue\" in raw: params[\"plcontinue\"] = raw[\"continue\"][\"plcontinue\"] raw = self._query(page, params) v[\"links\"] += raw[\"query\"][\"pages\"][k][\"links\"]  return self._build_links(v, page) return {}"}
{"name": "Wikipedia-API.wikipediaapi.__init__.Wikipedia.backlinks", "code": "def backlinks(self, page: \"WikipediaPage\", **kwargs) -> PagesDict: \"\"\" Returns backlinks from other pages with respect to parameters  API Calls for parameters:  - https://www.mediawiki.org/w/api.php?action=help&modules=query%2Bbacklinks - https://www.mediawiki.org/wiki/API:Backlinks  :param page: :class:`WikipediaPage` :param kwargs: parameters used in API call :return: backlinks from other pages  \"\"\" params = { \"action\": \"query\", \"list\": \"backlinks\", \"bltitle\": page.title, \"bllimit\": 500, }  used_params = kwargs used_params.update(params)  raw = self._query(page, used_params)  self._common_attributes(raw[\"query\"], page) v = raw[\"query\"] while \"continue\" in raw: params[\"blcontinue\"] = raw[\"continue\"][\"blcontinue\"] raw = self._query(page, params) v[\"backlinks\"] += raw[\"query\"][\"backlinks\"] return self._build_backlinks(v, page)"}
{"name": "Wikipedia-API.wikipediaapi.__init__.Wikipedia.categories", "code": "def categories(self, page: \"WikipediaPage\", **kwargs) -> PagesDict: \"\"\" Returns categories for page with respect to parameters  API Calls for parameters:  - https://www.mediawiki.org/w/api.php?action=help&modules=query%2Bcategories - https://www.mediawiki.org/wiki/API:Categories  :param page: :class:`WikipediaPage` :param kwargs: parameters used in API call :return: categories for page \"\"\" params = { \"action\": \"query\", \"prop\": \"categories\", \"titles\": page.title, \"cllimit\": 500, }  used_params = kwargs used_params.update(params)  raw = self._query(page, used_params) self._common_attributes(raw[\"query\"], page) pages = raw[\"query\"][\"pages\"] for k, v in pages.items(): if k == \"-1\": page._attributes[\"pageid\"] = -1 return {} return self._build_categories(v, page) return {}"}
{"name": "Wikipedia-API.wikipediaapi.__init__.Wikipedia.categorymembers", "code": "def categorymembers(self, page: \"WikipediaPage\", **kwargs) -> PagesDict: \"\"\" Returns pages in given category with respect to parameters  API Calls for parameters:  - https://www.mediawiki.org/w/api.php?action=help&modules=query%2Bcategorymembers - https://www.mediawiki.org/wiki/API:Categorymembers  :param page: :class:`WikipediaPage` :param kwargs: parameters used in API call :return: pages in given category \"\"\" params = { \"action\": \"query\", \"list\": \"categorymembers\", \"cmtitle\": page.title, \"cmlimit\": 500, }  used_params = kwargs used_params.update(params)  raw = self._query(page, used_params)  self._common_attributes(raw[\"query\"], page) v = raw[\"query\"] while \"continue\" in raw: params[\"cmcontinue\"] = raw[\"continue\"][\"cmcontinue\"] raw = self._query(page, params) v[\"categorymembers\"] += raw[\"query\"][\"categorymembers\"]  return self._build_categorymembers(v, page)"}
{"name": "Wikipedia-API.wikipediaapi.__init__.Wikipedia._query", "code": "def _query(self, page: \"WikipediaPage\", params: Dict[str, Any]): \"\"\"Queries Wikimedia API to fetch content.\"\"\" base_url = \"https://\" + page.language + \".wikipedia.org/w/api.php\" log.info( \"Request URL: %s\", base_url + \"?\" + \"&\".join([k + \"=\" + str(v) for k, v in params.items()]), ) params[\"format\"] = \"json\" params[\"redirects\"] = 1 r = self._session.get(base_url, params=params, **self._request_kwargs) return r.json()"}
{"name": "Wikipedia-API.wikipediaapi.__init__.Wikipedia._build_extracts", "code": "def _build_extracts(self, extract, page: \"WikipediaPage\") -> str: \"\"\"Constructs summary of given page.\"\"\" page._summary = \"\" page._section_mapping = defaultdict(list)  self._common_attributes(extract, page)  section_stack = [page] section = None prev_pos = 0  for match in re.finditer(RE_SECTION[self.extract_format], extract[\"extract\"]): if len(page._section_mapping) == 0: page._summary = extract[\"extract\"][0 : match.start()].strip() elif section is not None: section._text = (extract[\"extract\"][prev_pos : match.start()]).strip()  section = self._create_section(match) sec_level = section.level + 1  if sec_level > len(section_stack): section_stack.append(section) elif sec_level == len(section_stack): section_stack.pop() section_stack.append(section) else: for _ in range(len(section_stack) - sec_level + 1): section_stack.pop() section_stack.append(section)  section_stack[len(section_stack) - 2]._section.append(section) # section_stack[sec_level - 1]._section.append(section)  prev_pos = match.end() page._section_mapping[section.title].append(section)  # pages without sections have only summary if page._summary == \"\": page._summary = extract[\"extract\"].strip()  if prev_pos > 0 and section is not None: section._text = extract[\"extract\"][prev_pos:]  return page._summary"}
{"name": "Wikipedia-API.wikipediaapi.__init__.Wikipedia._create_section", "code": "def _create_section(self, match): \"\"\"Creates section.\"\"\" sec_title = \"\" sec_level = 2 if self.extract_format == ExtractFormat.WIKI: sec_title = match.group(2).strip() sec_level = len(match.group(1)) elif self.extract_format == ExtractFormat.HTML: sec_title = match.group(5).strip() sec_level = int(match.group(1).strip())  section = WikipediaPageSection(self, sec_title, sec_level - 1) return section"}
{"name": "Wikipedia-API.wikipediaapi.__init__.Wikipedia._build_info", "code": "def _build_info(self, extract, page: \"WikipediaPage\") -> \"WikipediaPage\": \"\"\"Builds page from API call info.\"\"\" self._common_attributes(extract, page) for k, v in extract.items(): page._attributes[k] = v  return page"}
{"name": "Wikipedia-API.wikipediaapi.__init__.Wikipedia._build_langlinks", "code": "def _build_langlinks(self, extract, page) -> PagesDict: \"\"\"Builds page from API call langlinks.\"\"\" page._langlinks = {}  self._common_attributes(extract, page)  for langlink in extract.get(\"langlinks\", []): p = WikipediaPage( wiki=self, title=langlink[\"*\"], ns=Namespace.MAIN, language=langlink[\"lang\"], url=langlink[\"url\"], ) page._langlinks[p.language] = p  return page._langlinks"}
{"name": "Wikipedia-API.wikipediaapi.__init__.Wikipedia._build_links", "code": "def _build_links(self, extract, page) -> PagesDict: \"\"\"Builds page from API call links.\"\"\" page._links = {}  self._common_attributes(extract, page)  for link in extract.get(\"links\", []): page._links[link[\"title\"]] = WikipediaPage( wiki=self, title=link[\"title\"], ns=int(link[\"ns\"]), language=page.language, )  return page._links"}
{"name": "Wikipedia-API.wikipediaapi.__init__.Wikipedia._build_backlinks", "code": "def _build_backlinks(self, extract, page) -> PagesDict: \"\"\"Builds page from API call backlinks.\"\"\" page._backlinks = {}  self._common_attributes(extract, page)  for backlink in extract.get(\"backlinks\", []): page._backlinks[backlink[\"title\"]] = WikipediaPage( wiki=self, title=backlink[\"title\"], ns=int(backlink[\"ns\"]), language=page.language, )  return page._backlinks"}
{"name": "Wikipedia-API.wikipediaapi.__init__.Wikipedia._build_categories", "code": "def _build_categories(self, extract, page) -> PagesDict: \"\"\"Builds page from API call categories.\"\"\" page._categories = {}  self._common_attributes(extract, page)  for category in extract.get(\"categories\", []): page._categories[category[\"title\"]] = WikipediaPage( wiki=self, title=category[\"title\"], ns=int(category[\"ns\"]), language=page.language, )  return page._categories"}
{"name": "Wikipedia-API.wikipediaapi.__init__.Wikipedia._build_categorymembers", "code": "def _build_categorymembers(self, extract, page) -> PagesDict: \"\"\"Builds page from API call categorymembers.\"\"\" page._categorymembers = {}  self._common_attributes(extract, page)  for member in extract.get(\"categorymembers\", []): p = WikipediaPage( wiki=self, title=member[\"title\"], ns=int(member[\"ns\"]), language=page.language, ) p.pageid = member[\"pageid\"]  # type: ignore  page._categorymembers[member[\"title\"]] = p  return page._categorymembers"}
{"name": "Wikipedia-API.wikipediaapi.__init__.Wikipedia._common_attributes", "code": "def _common_attributes(extract, page: \"WikipediaPage\"): \"\"\"Fills in common attributes for page.\"\"\" common_attributes = [\"title\", \"pageid\", \"ns\", \"redirects\"]  for attr in common_attributes: if attr in extract: page._attributes[attr] = extract[attr]"}
{"name": "Wikipedia-API.wikipediaapi.__init__.WikipediaPageSection.__init__", "code": "def __init__( self, wiki: Wikipedia, title: str, level: int = 0, text: str = \"\" ) -> None: \"\"\"Constructs WikipediaPageSection.\"\"\" self.wiki = wiki self._title = title self._level = level self._text = text self._section = []  # type: List['WikipediaPageSection']"}
{"name": "Wikipedia-API.wikipediaapi.__init__.WikipediaPageSection.title", "code": "def title(self) -> str: \"\"\" Returns title of the current section.  :return: title of the current section \"\"\" return self._title"}
{"name": "Wikipedia-API.wikipediaapi.__init__.WikipediaPageSection.level", "code": "def level(self) -> int: \"\"\" Returns indentation level of the current section.  :return: indentation level of the current section \"\"\" return self._level"}
{"name": "Wikipedia-API.wikipediaapi.__init__.WikipediaPageSection.text", "code": "def text(self) -> str: \"\"\" Returns text of the current section.  :return: text of the current section \"\"\" return self._text"}
{"name": "Wikipedia-API.wikipediaapi.__init__.WikipediaPageSection.sections", "code": "def sections(self) -> List[\"WikipediaPageSection\"]: \"\"\" Returns subsections of the current section.  :return: subsections of the current section \"\"\" return self._section"}
{"name": "Wikipedia-API.wikipediaapi.__init__.WikipediaPageSection.section_by_title", "code": "def section_by_title(self, title: str) -> Optional[\"WikipediaPageSection\"]: \"\"\" Returns subsections of the current section with given title.  :param title: title of the subsection :return: subsection if it exists \"\"\" sections = [s for s in self._section if s.title == title] if sections: return sections[-1] return None"}
{"name": "Wikipedia-API.wikipediaapi.__init__.WikipediaPageSection.full_text", "code": "def full_text(self, level: int = 1) -> str: \"\"\" Returns text of the current section as well as all its subsections.  :param level: indentation level :return: text of the current section as well as all its subsections \"\"\" res = \"\" if self.wiki.extract_format == ExtractFormat.WIKI: res += self.title elif self.wiki.extract_format == ExtractFormat.HTML: res += f\"<h{level}>{self.title}</h{level}>\" else: raise NotImplementedError(\"Unknown ExtractFormat type\")  res += \"\\n\" res += self._text if len(self._text) > 0: res += \"\\n\\n\" for sec in self.sections: res += sec.full_text(level + 1) return res"}
{"name": "Wikipedia-API.wikipediaapi.__init__.WikipediaPageSection.__repr__", "code": "def __repr__(self): return \"Section: {} ({}):\\n{}\\nSubsections ({}):\\n{}\".format( self._title, self._level, self._text, len(self._section), \"\\n\".join(map(repr, self._section)), )"}
{"name": "Wikipedia-API.wikipediaapi.__init__.WikipediaPage.__init__", "code": "def __init__( self, wiki: Wikipedia, title: str, ns: WikiNamespace = Namespace.MAIN, language: str = \"en\", url: Optional[str] = None, ) -> None: self.wiki = wiki self._summary = \"\"  # type: str self._section = []  # type: List[WikipediaPageSection] self._section_mapping = {}  # type: Dict[str, List[WikipediaPageSection]] self._langlinks = {}  # type: PagesDict self._links = {}  # type: PagesDict self._backlinks = {}  # type: PagesDict self._categories = {}  # type: PagesDict self._categorymembers = {}  # type: PagesDict  self._called = { \"extracts\": False, \"info\": False, \"langlinks\": False, \"links\": False, \"backlinks\": False, \"categories\": False, \"categorymembers\": False, }  self._attributes = { \"title\": title, \"ns\": namespace2int(ns), \"language\": language, }  # type: Dict[str, Any]  if url is not None: self._attributes[\"fullurl\"] = url"}
{"name": "Wikipedia-API.wikipediaapi.__init__.WikipediaPage.__getattr__", "code": "def __getattr__(self, name): if name not in self.ATTRIBUTES_MAPPING: return self.__getattribute__(name)  if name in self._attributes: return self._attributes[name]  for call in self.ATTRIBUTES_MAPPING[name]: if not self._called[call]: self._fetch(call) return self._attributes[name]"}
{"name": "Wikipedia-API.wikipediaapi.__init__.WikipediaPage.language", "code": "def language(self) -> str: \"\"\" Returns language of the current page.  :return: language \"\"\" return str(self._attributes[\"language\"])"}
{"name": "Wikipedia-API.wikipediaapi.__init__.WikipediaPage.title", "code": "def title(self) -> str: \"\"\" Returns title of the current page.  :return: title \"\"\" return str(self._attributes[\"title\"])"}
{"name": "Wikipedia-API.wikipediaapi.__init__.WikipediaPage.namespace", "code": "def namespace(self) -> int: \"\"\" Returns namespace of the current page.  :return: namespace \"\"\" return int(self._attributes[\"ns\"])"}
{"name": "Wikipedia-API.wikipediaapi.__init__.WikipediaPage.exists", "code": "def exists(self) -> bool: \"\"\" Returns `True` if the current page exists, otherwise `False`.  :return: if current page existst or not \"\"\" return bool(self.pageid != -1)"}
{"name": "Wikipedia-API.wikipediaapi.__init__.WikipediaPage.summary", "code": "def summary(self) -> str: \"\"\" Returns summary of the current page.  :return: summary \"\"\" if not self._called[\"extracts\"]: self._fetch(\"extracts\") return self._summary"}
{"name": "Wikipedia-API.wikipediaapi.__init__.WikipediaPage.sections", "code": "def sections(self) -> List[WikipediaPageSection]: \"\"\" Returns all sections of the curent page.  :return: List of :class:`WikipediaPageSection` \"\"\" if not self._called[\"extracts\"]: self._fetch(\"extracts\") return self._section"}
{"name": "Wikipedia-API.wikipediaapi.__init__.WikipediaPage.section_by_title", "code": "def section_by_title( self, title: str, ) -> Optional[WikipediaPageSection]: \"\"\" Returns last section of the current page with given `title`.  :param title: section title :return: :class:`WikipediaPageSection` \"\"\" if not self._called[\"extracts\"]: self._fetch(\"extracts\") sections = self._section_mapping.get(title) if sections: return sections[-1] return None"}
{"name": "Wikipedia-API.wikipediaapi.__init__.WikipediaPage.sections_by_title", "code": "def sections_by_title( self, title: str, ) -> List[WikipediaPageSection]: \"\"\" Returns all section of the current page with given `title`.  :param title: section title :return: :class:`WikipediaPageSection` \"\"\" if not self._called[\"extracts\"]: self._fetch(\"extracts\") sections = self._section_mapping.get(title) if sections is None: return [] return sections"}
{"name": "Wikipedia-API.wikipediaapi.__init__.WikipediaPage.text", "code": "def text(self) -> str: \"\"\" Returns text of the current page.  :return: text of the current page \"\"\" txt = self.summary if len(txt) > 0: txt += \"\\n\\n\" for sec in self.sections: txt += sec.full_text(level=2) return txt.strip()"}
{"name": "Wikipedia-API.wikipediaapi.__init__.WikipediaPage.langlinks", "code": "def langlinks(self) -> PagesDict: \"\"\" Returns all language links to pages in other languages.  This is wrapper for:  * https://www.mediawiki.org/w/api.php?action=help&modules=query%2Blanglinks * https://www.mediawiki.org/wiki/API:Langlinks  :return: :class:`PagesDict` \"\"\" if not self._called[\"langlinks\"]: self._fetch(\"langlinks\") return self._langlinks"}
{"name": "Wikipedia-API.wikipediaapi.__init__.WikipediaPage.links", "code": "def links(self) -> PagesDict: \"\"\" Returns all pages linked from the current page.  This is wrapper for:  * https://www.mediawiki.org/w/api.php?action=help&modules=query%2Blinks * https://www.mediawiki.org/wiki/API:Links  :return: :class:`PagesDict` \"\"\" if not self._called[\"links\"]: self._fetch(\"links\") return self._links"}
{"name": "Wikipedia-API.wikipediaapi.__init__.WikipediaPage.backlinks", "code": "def backlinks(self) -> PagesDict: \"\"\" Returns all pages linking to the current page.  This is wrapper for:  * https://www.mediawiki.org/w/api.php?action=help&modules=query%2Bbacklinks * https://www.mediawiki.org/wiki/API:Backlinks  :return: :class:`PagesDict` \"\"\" if not self._called[\"backlinks\"]: self._fetch(\"backlinks\") return self._backlinks"}
{"name": "Wikipedia-API.wikipediaapi.__init__.WikipediaPage.categories", "code": "def categories(self) -> PagesDict: \"\"\" Returns categories associated with the current page.  This is wrapper for:  * https://www.mediawiki.org/w/api.php?action=help&modules=query%2Bcategories * https://www.mediawiki.org/wiki/API:Categories  :return: :class:`PagesDict` \"\"\" if not self._called[\"categories\"]: self._fetch(\"categories\") return self._categories"}
{"name": "Wikipedia-API.wikipediaapi.__init__.WikipediaPage.categorymembers", "code": "def categorymembers(self) -> PagesDict: \"\"\" Returns all pages belonging to the current category.  This is wrapper for:  * https://www.mediawiki.org/w/api.php?action=help&modules=query%2Bcategorymembers * https://www.mediawiki.org/wiki/API:Categorymembers  :return: :class:`PagesDict` \"\"\" if not self._called[\"categorymembers\"]: self._fetch(\"categorymembers\") return self._categorymembers"}
{"name": "Wikipedia-API.wikipediaapi.__init__.WikipediaPage._fetch", "code": "def _fetch(self, call) -> \"WikipediaPage\": \"\"\"Fetches some data?.\"\"\" getattr(self.wiki, call)(self) self._called[call] = True return self"}
{"name": "Wikipedia-API.wikipediaapi.__init__.WikipediaPage.__repr__", "code": "def __repr__(self): if any(self._called.values()): return f\"{self.title} (id: {self.pageid}, ns: {self.ns})\" return f\"{self.title} (id: ??, ns: {self.ns})\""}
{"name": "Wikipedia-API.tests.categorymembers_test.TestCategoryMembers.setUp", "code": "def setUp(self): self.wiki = wikipediaapi.Wikipedia(user_agent, \"en\") self.wiki._query = wikipedia_api_request"}
{"name": "Wikipedia-API.tests.categorymembers_test.TestCategoryMembers.test_links_single_page_count", "code": "def test_links_single_page_count(self): page = self.wiki.page(\"Category:C1\") self.assertEqual(len(page.categorymembers), 3)"}
{"name": "Wikipedia-API.tests.categorymembers_test.TestCategoryMembers.test_links_single_page_titles", "code": "def test_links_single_page_titles(self): page = self.wiki.page(\"Category:C1\") self.assertEqual( list(sorted(map(lambda s: s.title, page.categorymembers.values()))), [\"Title - \" + str(i + 1) for i in range(3)], )"}
{"name": "Wikipedia-API.tests.categorymembers_test.TestCategoryMembers.test_links_multi_page_count", "code": "def test_links_multi_page_count(self): page = self.wiki.page(\"Category:C2\") self.assertEqual(len(page.categorymembers), 5)"}
{"name": "Wikipedia-API.tests.categorymembers_test.TestCategoryMembers.test_links_multi_page_titles", "code": "def test_links_multi_page_titles(self): page = self.wiki.page(\"Category:C2\") self.assertEqual( list(sorted(map(lambda s: s.title, page.categorymembers.values()))), [\"Title - \" + str(i + 1) for i in range(5)], )"}
{"name": "Wikipedia-API.tests.extract_wiki_format_test.TestWikiFormatExtracts.setUp", "code": "def setUp(self): self.wiki = wikipediaapi.Wikipedia(user_agent, \"en\") self.wiki._query = wikipedia_api_request"}
{"name": "Wikipedia-API.tests.extract_wiki_format_test.TestWikiFormatExtracts.test_title_before_fetching", "code": "def test_title_before_fetching(self): page = self.wiki.page(\"Test_1\") self.assertEqual(page.title, \"Test_1\")"}
{"name": "Wikipedia-API.tests.extract_wiki_format_test.TestWikiFormatExtracts.test_pageid", "code": "def test_pageid(self): page = self.wiki.page(\"Test_1\") self.assertEqual(page.pageid, 4)"}
{"name": "Wikipedia-API.tests.extract_wiki_format_test.TestWikiFormatExtracts.test_title_after_fetching", "code": "def test_title_after_fetching(self): page = self.wiki.page(\"Test_1\") page._fetch(\"extracts\") self.assertEqual(page.title, \"Test 1\")"}
{"name": "Wikipedia-API.tests.extract_wiki_format_test.TestWikiFormatExtracts.test_summary", "code": "def test_summary(self): page = self.wiki.page(\"Test_1\") self.assertEqual(page.summary, \"Summary text\")"}
{"name": "Wikipedia-API.tests.extract_wiki_format_test.TestWikiFormatExtracts.test_section_count", "code": "def test_section_count(self): page = self.wiki.page(\"Test_1\") self.assertEqual(len(page.sections), 5)"}
{"name": "Wikipedia-API.tests.extract_wiki_format_test.TestWikiFormatExtracts.test_top_level_section_titles", "code": "def test_top_level_section_titles(self): page = self.wiki.page(\"Test_1\") self.assertEqual( list(map(lambda s: s.title, page.sections)), [\"Section \" + str(i + 1) for i in range(5)], )"}
{"name": "Wikipedia-API.tests.extract_wiki_format_test.TestWikiFormatExtracts.test_subsection_by_title", "code": "def test_subsection_by_title(self): page = self.wiki.page(\"Test_1\") section = page.section_by_title(\"Section 4\") self.assertEqual(section.title, \"Section 4\") self.assertEqual(section.level, 1)"}
{"name": "Wikipedia-API.tests.extract_wiki_format_test.TestWikiFormatExtracts.test_subsection", "code": "def test_subsection(self): page = self.wiki.page(\"Test_1\") section = page.section_by_title(\"Section 4\") self.assertEqual(section.title, \"Section 4\") self.assertEqual(section.text, \"\") self.assertEqual(len(section.sections), 2)"}
{"name": "Wikipedia-API.tests.extract_wiki_format_test.TestWikiFormatExtracts.test_subsubsection", "code": "def test_subsubsection(self): page = self.wiki.page(\"Test_1\") section = page.section_by_title(\"Section 4.2.2\") self.assertEqual(section.title, \"Section 4.2.2\") self.assertEqual(section.text, \"Text for section 4.2.2\") self.assertEqual( repr(section), \"Section: Section 4.2.2 (3):\\n\" + \"Text for section 4.2.2\\n\" + \"Subsections (0):\\n\", ) self.assertEqual(len(section.sections), 0)"}
{"name": "Wikipedia-API.tests.extract_wiki_format_test.TestWikiFormatExtracts.test_text", "code": "def test_text(self): page = self.wiki.page(\"Test_1\") self.maxDiff = None self.assertEqual( page.text, ( \"Summary text\\n\\n\" + \"Section 1\\n\" + \"Text for section 1\\n\\n\" + \"Section 1.1\\n\" + \"Text for section 1.1\\n\\n\" + \"Section 1.2\\n\" + \"Text for section 1.2\\n\\n\" + \"Section 2\\n\" + \"Text for section 2\\n\\n\" + \"Section 3\\n\" + \"Text for section 3\\n\\n\" + \"Section 4\\n\" + \"Section 4.1\\n\" + \"Text for section 4.1\\n\\n\" + \"Section 4.2\\n\" + \"Text for section 4.2\\n\\n\" + \"Section 4.2.1\\n\" + \"Text for section 4.2.1\\n\\n\" + \"Section 4.2.2\\n\" + \"Text for section 4.2.2\\n\\n\" + \"Section 5\\n\" + \"Text for section 5\\n\\n\" + \"Section 5.1\\n\" + \"Text for section 5.1\" ), )"}
{"name": "Wikipedia-API.tests.extract_wiki_format_test.TestWikiFormatExtracts.test_text_and_summary_without_sections", "code": "def test_text_and_summary_without_sections(self): page = self.wiki.page(\"No_Sections\") self.maxDiff = None self.assertEqual(page.text, (\"Summary text\")) self.assertEqual(page.summary, (\"Summary text\"))"}
{"name": "Wikipedia-API.tests.extract_errors_test.TestErrorsExtracts.setUp", "code": "def setUp(self): self.wiki = wikipediaapi.Wikipedia(user_agent, \"en\") self.wiki._query = wikipedia_api_request"}
{"name": "Wikipedia-API.tests.extract_errors_test.TestErrorsExtracts.test_title_before_fetching", "code": "def test_title_before_fetching(self): page = self.wiki.page(\"NonExisting\") self.assertEqual(page.title, \"NonExisting\")"}
{"name": "Wikipedia-API.tests.extract_errors_test.TestErrorsExtracts.test_pageid", "code": "def test_pageid(self): page = self.wiki.page(\"NonExisting\") self.assertEqual(page.pageid, -1)"}
{"name": "Wikipedia-API.tests.wikipedia_page_test.TestWikipediaPage.setUp", "code": "def setUp(self): self.wiki = wikipediaapi.Wikipedia(user_agent, \"en\") self.wiki._query = wikipedia_api_request"}
{"name": "Wikipedia-API.tests.wikipedia_page_test.TestWikipediaPage.test_repr_before_fetching", "code": "def test_repr_before_fetching(self): page = self.wiki.page(\"Test_1\") self.assertEqual(repr(page), \"Test_1 (id: ??, ns: 0)\")"}
{"name": "Wikipedia-API.tests.wikipedia_page_test.TestWikipediaPage.test_repr_after_fetching", "code": "def test_repr_after_fetching(self): page = self.wiki.page(\"Test_1\") self.assertEqual(repr(page), \"Test_1 (id: ??, ns: 0)\") self.assertEqual(page.pageid, 4) self.assertEqual(repr(page), \"Test 1 (id: 4, ns: 0)\")"}
{"name": "Wikipedia-API.tests.wikipedia_page_test.TestWikipediaPage.test_extract", "code": "def test_extract(self): page = self.wiki.page(\"Test_1\") self.assertEqual(page.pageid, 4) self.assertEqual(page.title, \"Test 1\") self.assertEqual(page.ns, 0) self.assertEqual(page.contentmodel, \"wikitext\") self.assertEqual(page.pagelanguage, \"en\") self.assertEqual(page.pagelanguagedir, \"ltr\") self.assertEqual(page.fullurl, \"https://en.wikipedia.org/wiki/Test_1\") self.assertEqual( page.editurl, \"https://en.wikipedia.org/w/index.php?title=Test_1&action=edit\", ) self.assertEqual(page.canonicalurl, \"https://en.wikipedia.org/wiki/Test_1\") self.assertEqual(page.displaytitle, \"Test 1\")"}
{"name": "Wikipedia-API.tests.wikipedia_page_test.TestWikipediaPage.test_unknown_property", "code": "def test_unknown_property(self): page = self.wiki.page(\"Test_1\") with self.assertRaises(AttributeError): page.unknown_property"}
{"name": "Wikipedia-API.tests.wikipedia_page_test.TestWikipediaPage.test_nonexisting", "code": "def test_nonexisting(self): page = self.wiki.page(\"NonExisting\") self.assertFalse(page.exists())"}
{"name": "Wikipedia-API.tests.wikipedia_page_test.TestWikipediaPage.test_existing", "code": "def test_existing(self): page = self.wiki.page(\"Test_1\") self.assertTrue(page.exists())"}
{"name": "Wikipedia-API.tests.wikipedia_page_test.TestWikipediaPage.test_article_method", "code": "def test_article_method(self): p = self.wiki.page(\"Test_1\") a = self.wiki.article(\"Test_1\") self.assertEqual(p.pageid, a.pageid)"}
{"name": "Wikipedia-API.tests.wikipedia_page_test.TestWikipediaPage.test_article_title_unquote", "code": "def test_article_title_unquote(self): # https://github.com/goldsmith/Wikipedia/issues/190 w = wikipediaapi.Wikipedia(user_agent, \"hi\") w._query = wikipedia_api_request p_encoded = w.article( \"%E0%A4%AA%E0%A4%BE%E0%A4%87%E0%A4%A5%E0%A4%A8\", unquote=True, ) p_decoded = w.article(\"\u092a\u093e\u0907\u0925\u0928\") self.assertEqual(p_encoded.pageid, p_decoded.pageid)"}
{"name": "Wikipedia-API.tests.wikipedia_page_test.TestWikipediaPage.test_page_title_unquote", "code": "def test_page_title_unquote(self): # https://github.com/goldsmith/Wikipedia/issues/190 w = wikipediaapi.Wikipedia(user_agent, \"hi\") w._query = wikipedia_api_request p_encoded = w.page( \"%E0%A4%AA%E0%A4%BE%E0%A4%87%E0%A4%A5%E0%A4%A8\", unquote=True, ) p_decoded = w.page(\"\u092a\u093e\u0907\u0925\u0928\") self.assertEqual(p_encoded.pageid, p_decoded.pageid)"}
{"name": "Wikipedia-API.tests.wikipedia_page_test.TestWikipediaPage.test_page_with_int_namespace", "code": "def test_page_with_int_namespace(self): page = self.wiki.page(\"NonExisting\", ns=110) self.assertFalse(page.exists()) self.assertEqual(110, page.namespace)"}
{"name": "Wikipedia-API.tests.backlinks_test.TestBackLinks.setUp", "code": "def setUp(self): self.wiki = wikipediaapi.Wikipedia(user_agent, \"en\") self.wiki._query = wikipedia_api_request"}
{"name": "Wikipedia-API.tests.backlinks_test.TestBackLinks.test_backlinks_nonexistent_count", "code": "def test_backlinks_nonexistent_count(self): page = self.wiki.page(\"Non_Existent\") self.assertEqual(len(page.backlinks), 0)"}
{"name": "Wikipedia-API.tests.backlinks_test.TestBackLinks.test_backlinks_single_page_count", "code": "def test_backlinks_single_page_count(self): page = self.wiki.page(\"Test_1\") self.assertEqual(len(page.backlinks), 3)"}
{"name": "Wikipedia-API.tests.backlinks_test.TestBackLinks.test_backlinks_single_page_titles", "code": "def test_backlinks_single_page_titles(self): page = self.wiki.page(\"Test_1\") self.assertEqual( list(sorted(map(lambda s: s.title, page.backlinks.values()))), [\"Title - \" + str(i + 1) for i in range(3)], )"}
{"name": "Wikipedia-API.tests.backlinks_test.TestBackLinks.test_backlinks_multi_page_count", "code": "def test_backlinks_multi_page_count(self): page = self.wiki.page(\"Test_2\") self.assertEqual(len(page.backlinks), 5)"}
{"name": "Wikipedia-API.tests.backlinks_test.TestBackLinks.test_backlinks_multi_page_titles", "code": "def test_backlinks_multi_page_titles(self): page = self.wiki.page(\"Test_2\") self.assertEqual( list(sorted(map(lambda s: s.title, page.backlinks.values()))), [\"Title - \" + str(i + 1) for i in range(5)], )"}
{"name": "Wikipedia-API.tests.langlinks_test.TestLangLinks.setUp", "code": "def setUp(self): self.wiki = wikipediaapi.Wikipedia(user_agent, \"en\") self.wiki._query = wikipedia_api_request"}
{"name": "Wikipedia-API.tests.langlinks_test.TestLangLinks.test_langlinks_count", "code": "def test_langlinks_count(self): page = self.wiki.page(\"Test_1\") self.assertEqual(len(page.langlinks), 3)"}
{"name": "Wikipedia-API.tests.langlinks_test.TestLangLinks.test_langlinks_titles", "code": "def test_langlinks_titles(self): page = self.wiki.page(\"Test_1\") self.assertEqual( list(sorted(map(lambda s: s.title, page.langlinks.values()))), [\"Test 1 - \" + str(i + 1) for i in range(3)], )"}
{"name": "Wikipedia-API.tests.langlinks_test.TestLangLinks.test_langlinks_lang_values", "code": "def test_langlinks_lang_values(self): page = self.wiki.page(\"Test_1\") self.assertEqual( list(sorted(map(lambda s: s.language, page.langlinks.values()))), [\"l\" + str(i + 1) for i in range(3)], )"}
{"name": "Wikipedia-API.tests.langlinks_test.TestLangLinks.test_langlinks_lang_keys", "code": "def test_langlinks_lang_keys(self): page = self.wiki.page(\"Test_1\") self.assertEqual( list(sorted(page.langlinks.keys())), [\"l\" + str(i + 1) for i in range(3)] )"}
{"name": "Wikipedia-API.tests.langlinks_test.TestLangLinks.test_langlinks_urls", "code": "def test_langlinks_urls(self): page = self.wiki.page(\"Test_1\") self.assertEqual( list(sorted(map(lambda s: s.fullurl, page.langlinks.values()))), [ ( \"https://l\" + str(i + 1) + \".wikipedia.org/wiki/Test_1_-_\" + str(i + 1) ) for i in range(3) ], )"}
{"name": "Wikipedia-API.tests.langlinks_test.TestLangLinks.test_jump_between_languages", "code": "def test_jump_between_languages(self): page = self.wiki.page(\"Test_1\") langlinks = page.langlinks p1 = langlinks[\"l1\"] self.assertEqual(p1.language, \"l1\") self.assertEqual(p1.pageid, 10)"}
{"name": "Wikipedia-API.tests.langlinks_test.TestLangLinks.test_langlinks_no_langlink_count", "code": "def test_langlinks_no_langlink_count(self): page = self.wiki.page(\"No_LangLinks\") self.assertEqual(len(page.langlinks), 0)"}
{"name": "Wikipedia-API.tests.links_test.TestLinks.setUp", "code": "def setUp(self): self.wiki = wikipediaapi.Wikipedia(user_agent, \"en\") self.wiki._query = wikipedia_api_request"}
{"name": "Wikipedia-API.tests.links_test.TestLinks.test_links_single_page_count", "code": "def test_links_single_page_count(self): page = self.wiki.page(\"Test_1\") self.assertEqual(len(page.links), 3)"}
{"name": "Wikipedia-API.tests.links_test.TestLinks.test_links_single_page_titles", "code": "def test_links_single_page_titles(self): page = self.wiki.page(\"Test_1\") self.assertEqual( list(sorted(map(lambda s: s.title, page.links.values()))), [\"Title - \" + str(i + 1) for i in range(3)], )"}
{"name": "Wikipedia-API.tests.links_test.TestLinks.test_links_multi_page_count", "code": "def test_links_multi_page_count(self): page = self.wiki.page(\"Test_2\") self.assertEqual(len(page.links), 5)"}
{"name": "Wikipedia-API.tests.links_test.TestLinks.test_links_multi_page_titles", "code": "def test_links_multi_page_titles(self): page = self.wiki.page(\"Test_2\") self.assertEqual( list(sorted(map(lambda s: s.title, page.links.values()))), [\"Title - \" + str(i + 1) for i in range(5)], )"}
{"name": "Wikipedia-API.tests.links_test.TestLinks.test_links_no_links_count", "code": "def test_links_no_links_count(self): page = self.wiki.page(\"No_Links\") self.assertEqual(len(page.links), 0)"}
{"name": "Wikipedia-API.tests.categories_test.TestCategories.setUp", "code": "def setUp(self): self.wiki = wikipediaapi.Wikipedia(user_agent, \"en\") self.wiki._query = wikipedia_api_request"}
{"name": "Wikipedia-API.tests.categories_test.TestCategories.test_categories_count", "code": "def test_categories_count(self): page = self.wiki.page(\"Test_1\") self.assertEqual(len(page.categories), 3)"}
{"name": "Wikipedia-API.tests.categories_test.TestCategories.test_categories_titles", "code": "def test_categories_titles(self): page = self.wiki.page(\"Test_1\") self.assertEqual( list(sorted(map(lambda s: s.title, page.categories.values()))), [\"Category:C\" + str(i + 1) for i in range(3)], )"}
{"name": "Wikipedia-API.tests.categories_test.TestCategories.test_categories_nss", "code": "def test_categories_nss(self): page = self.wiki.page(\"Test_1\") self.assertEqual( list(sorted(map(lambda s: s.ns, page.categories.values()))), [14] * 3 )"}
{"name": "Wikipedia-API.tests.categories_test.TestCategories.test_no_categories_count", "code": "def test_no_categories_count(self): page = self.wiki.page(\"No_Categories\") self.assertEqual(len(page.categories), 0)"}
{"name": "Wikipedia-API.tests.extract_html_format_test.TestHtmlFormatExtracts.setUp", "code": "def setUp(self): self.wiki = wikipediaapi.Wikipedia( user_agent, \"en\", extract_format=wikipediaapi.ExtractFormat.HTML ) self.wiki._query = wikipedia_api_request"}
{"name": "Wikipedia-API.tests.extract_html_format_test.TestHtmlFormatExtracts.test_title_before_fetching", "code": "def test_title_before_fetching(self): page = self.wiki.page(\"Test_1\") self.assertEqual(page.title, \"Test_1\")"}
{"name": "Wikipedia-API.tests.extract_html_format_test.TestHtmlFormatExtracts.test_pageid", "code": "def test_pageid(self): page = self.wiki.page(\"Test_1\") self.assertEqual(page.pageid, 4)"}
{"name": "Wikipedia-API.tests.extract_html_format_test.TestHtmlFormatExtracts.test_title_after_fetching", "code": "def test_title_after_fetching(self): page = self.wiki.page(\"Test_1\") page._fetch(\"extracts\") self.assertEqual(page.title, \"Test 1\")"}
{"name": "Wikipedia-API.tests.extract_html_format_test.TestHtmlFormatExtracts.test_summary", "code": "def test_summary(self): page = self.wiki.page(\"Test_1\") self.assertEqual(page.summary, \"<p><b>Summary</b> text\\n\\n</p>\")"}
{"name": "Wikipedia-API.tests.extract_html_format_test.TestHtmlFormatExtracts.test_section_count", "code": "def test_section_count(self): page = self.wiki.page(\"Test_1\") self.assertEqual(len(page.sections), 5)"}
{"name": "Wikipedia-API.tests.extract_html_format_test.TestHtmlFormatExtracts.test_top_level_section_titles", "code": "def test_top_level_section_titles(self): page = self.wiki.page(\"Test_1\") self.assertEqual( list(map(lambda s: s.title, page.sections)), [\"Section \" + str(i + 1) for i in range(5)], )"}
{"name": "Wikipedia-API.tests.extract_html_format_test.TestHtmlFormatExtracts.test_subsection_by_title", "code": "def test_subsection_by_title(self): page = self.wiki.page(\"Test_1\") section = page.section_by_title(\"Section 4\") self.assertEqual(section.title, \"Section 4\") self.assertEqual(section.level, 1)"}
{"name": "Wikipedia-API.tests.extract_html_format_test.TestHtmlFormatExtracts.test_subsection_by_title_with_multiple_spans", "code": "def test_subsection_by_title_with_multiple_spans(self): page = self.wiki.page(\"Test_1\") section = page.section_by_title(\"Section 5\") self.assertEqual(section.title, \"Section 5\")"}
{"name": "Wikipedia-API.tests.extract_html_format_test.TestHtmlFormatExtracts.test_subsection", "code": "def test_subsection(self): page = self.wiki.page(\"Test_1\") section = page.section_by_title(\"Section 4\") self.assertEqual(section.title, \"Section 4\") self.assertEqual(section.text, \"\") self.assertEqual(len(section.sections), 2)"}
{"name": "Wikipedia-API.tests.extract_html_format_test.TestHtmlFormatExtracts.test_subsubsection", "code": "def test_subsubsection(self): page = self.wiki.page(\"Test_1\") section = page.section_by_title(\"Section 4.2.2\") self.assertEqual(section.title, \"Section 4.2.2\") self.assertEqual(section.text, \"<p><b>Text for section 4.2.2</b>\\n\\n\\n</p>\") self.assertEqual( repr(section), \"Section: Section 4.2.2 (3):\\n\" + \"<p><b>Text for section 4.2.2</b>\\n\\n\\n</p>\\n\" + \"Subsections (0):\\n\", ) self.assertEqual(len(section.sections), 0)"}
{"name": "Wikipedia-API.tests.extract_html_format_test.TestHtmlFormatExtracts.test_subsection_by_title_return_last", "code": "def test_subsection_by_title_return_last(self): page = self.wiki.page(\"Test_Nested\") section = page.section_by_title(\"Subsection B\") self.assertEqual(section.title, \"Subsection B\") self.assertEqual(section.text, \"<p><b>Text for section 3.B</b>\\n\\n\\n</p>\") self.assertEqual(len(section.sections), 0)"}
{"name": "Wikipedia-API.tests.extract_html_format_test.TestHtmlFormatExtracts.test_subsections_by_title", "code": "def test_subsections_by_title(self): page = self.wiki.page(\"Test_Nested\") sections = page.sections_by_title(\"Subsection B\") self.assertEqual(len(sections), 3) self.assertEqual( [s.text for s in sections], [ \"<p><b>Text for section 1.B</b>\\n\\n\\n</p>\", \"<p><b>Text for section 2.B</b>\\n\\n\\n</p>\", \"<p><b>Text for section 3.B</b>\\n\\n\\n</p>\", ], )"}
{"name": "Wikipedia-API.tests.extract_html_format_test.TestHtmlFormatExtracts.test_text", "code": "def test_text(self): page = self.wiki.page(\"Test_1\") self.maxDiff = None self.assertEqual( page.text, ( \"<p><b>Summary</b> text\\n\\n</p>\\n\\n\" + \"<h2>Section 1</h2>\\n\" + \"<p>Text for section 1</p>\\n\\n\" + \"<h3>Section 1.1</h3>\\n\" + \"<p><b>Text for section 1.1</b>\\n\\n\\n</p>\\n\\n\" + \"<h3>Section 1.2</h3>\\n\" + \"<p><b>Text for section 1.2</b>\\n\\n\\n</p>\\n\\n\" + \"<h2>Section 2</h2>\\n\" + \"<p><b>Text for section 2</b>\\n\\n\\n</p>\\n\\n\" + \"<h2>Section 3</h2>\\n\" + \"<p><b>Text for section 3</b>\\n\\n\\n</p>\\n\\n\" + \"<h2>Section 4</h2>\\n\" + \"<h3>Section 4.1</h3>\\n\" + \"<p><b>Text for section 4.1</b>\\n\\n\\n</p>\\n\\n\" + \"<h3>Section 4.2</h3>\\n\" + \"<p><b>Text for section 4.2</b>\\n\\n\\n</p>\\n\\n\" + \"<h4>Section 4.2.1</h4>\\n\" + \"<p><b>Text for section 4.2.1</b>\\n\\n\\n</p>\\n\\n\" + \"<h4>Section 4.2.2</h4>\\n\" + \"<p><b>Text for section 4.2.2</b>\\n\\n\\n</p>\\n\\n\" + \"<h2>Section 5</h2>\\n\" + \"<p><b>Text for section 5</b>\\n\\n\\n</p>\\n\\n\" + \"<h3>Section 5.1</h3>\\n\" + \"<p>Text for section 5.1\\n\\n\\n</p>\" ), )"}
{"name": "Wikipedia-API.tests.extract_html_format_test.TestHtmlFormatExtracts.test_with_erroneous_edit", "code": "def test_with_erroneous_edit(self): page = self.wiki.page(\"Test_Edit\") self.maxDiff = None section = page.section_by_title(\"Section with Edit\") self.assertEqual(section.title, \"Section with Edit\") self.assertEqual( page.text, ( \"<p><b>Summary</b> text\\n\\n</p>\\n\\n\" + \"<h2>Section 1</h2>\\n\" + \"<p>Text for section 1</p>\\n\\n\" \"<h3>Section with Edit</h3>\\n\" + \"<p>Text for section with edit\\n\\n\\n</p>\" ), )"}
{"name": "Wikipedia-API.tests.mock_data.wikipedia_api_request", "code": "def wikipedia_api_request(page, params): query = \"\" for k in sorted(params.keys()): query += k + \"=\" + str(params[k]) + \"&\"  return _MOCK_DATA[page.language + \":\" + query]"}
{"name": "Wikipedia-API.tests.wikipedia_test.TestWikipedia.test_missing_user_agent_should_fail", "code": "def test_missing_user_agent_should_fail(self): with self.assertRaises(AssertionError) as e: wikipediaapi.Wikipedia(\"en\") self.assertEqual( str(e.exception), str( AssertionError( \"Please, be nice to Wikipedia and specify user agent - \" + \"https://meta.wikimedia.org/wiki/User-Agent_policy. \" + \"Current user_agent: 'en' is not sufficient.\" ) ), )"}
{"name": "Wikipedia-API.tests.wikipedia_test.TestWikipedia.test_user_agent_is_used", "code": "def test_user_agent_is_used(self): wiki = wikipediaapi.Wikipedia( user_agent=\"param-user-agent\", ) self.assertIsNotNone(wiki) user_agent = wiki._session.headers.get(\"User-Agent\") self.assertEqual( user_agent, \"param-user-agent (\" + wikipediaapi.USER_AGENT + \")\", )"}
{"name": "Wikipedia-API.tests.wikipedia_test.TestWikipedia.test_user_agent_in_headers_is_fine", "code": "def test_user_agent_in_headers_is_fine(self): wiki = wikipediaapi.Wikipedia( \"en\", headers={\"User-Agent\": \"header-user-agent\"}, ) self.assertIsNotNone(wiki) user_agent = wiki._session.headers.get(\"User-Agent\") self.assertEqual( user_agent, \"header-user-agent (\" + wikipediaapi.USER_AGENT + \")\", )"}
{"name": "Wikipedia-API.tests.wikipedia_test.TestWikipedia.test_user_agent_in_headers_win", "code": "def test_user_agent_in_headers_win(self): wiki = wikipediaapi.Wikipedia( user_agent=\"param-user-agent\", headers={\"User-Agent\": \"header-user-agent\"}, ) self.assertIsNotNone(wiki) user_agent = wiki._session.headers.get(\"User-Agent\") self.assertEqual( user_agent, \"header-user-agent (\" + wikipediaapi.USER_AGENT + \")\", )"}
{"name": "Wikipedia-API.setup.fix_doc", "code": "def fix_doc(txt): \"\"\" Fixes documentation so that it's readable in pypi website. \"\"\" return re.sub(r\"\\.\\. PYPI-BEGIN([\\r\\n]|.)*?PYPI-END\", \"\", txt, re.DOTALL)"}
{"name": "Wikipedia-API.example.print_sections", "code": "def print_sections(sections, level=0): for s in sections: print(\"%s: %s - %s\" % (\"*\" * (level + 1), s.title, s.text[0:40])) print_sections(s.sections, level + 1)"}
{"name": "Wikipedia-API.example.print_langlinks", "code": "def print_langlinks(page): langlinks = page.langlinks for k in sorted(langlinks.keys()): v = langlinks[k] print(\"%s: %s - %s: %s\" % (k, v.language, v.title, v.fullurl))"}
{"name": "Wikipedia-API.example.print_links", "code": "def print_links(page): links = page.links for title in sorted(links.keys()): print(\"%s: %s\" % (title, links[title]))"}
{"name": "Wikipedia-API.example.print_categories", "code": "def print_categories(page): categories = page.categories for title in sorted(categories.keys()): print(\"%s: %s\" % (title, categories[title]))"}
{"name": "Wikipedia-API.example.print_categorymembers", "code": "def print_categorymembers(categorymembers, level=0, max_level=2): for c in categorymembers.values(): print(\"%s %s (ns: %d)\" % (\"*\" * (level + 1), c.title, c.ns)) if c.ns == wikipediaapi.Namespace.CATEGORY and level < max_level: print_categorymembers(c.categorymembers, level + 1, max_level=max_level)"}
