{"name": "xmnlp.xmnlp.utils.bm25.BM25", "code": "class BM25: def __init__(self, docs, k1=1.5, b=0.75): self.N = len(docs) self.avgdl = sum([len(doc) + 0.0 for doc in docs]) / self.N self.docs = docs self.tf = [] self.df = {} self.idf = {} self.k1 = k1 self.b = b self.build()  def build(self): for doc in self.docs: tmp = {} for word in doc: if word not in tmp: tmp[word] = 0 tmp[word] += 1 self.tf.append(tmp) for k, v in tmp.items(): if k not in self.df: self.df[k] = 0 self.df[k] += 1 for k, v in self.df.items(): self.idf[k] = log(self.N - v + 0.5) - log(v + 0.5)  def sim(self, doc, idx): score = 0 for word in doc: if word not in self.tf[idx]: continue d = len(self.docs[idx]) score += (self.idf[word] * self.tf[idx][word] * (self.k1 + 1) / (self.tf[idx][word] + self.k1*(1 - self.b + self.b * d / self.avgdl)))  # NOQA return score  def get_sims(self, doc): scores = [] for idx in range(self.N): score = self.sim(doc, idx) scores.append(score) return scores"}
{"name": "xmnlp.xmnlp.utils.trie.Trie", "code": "class Trie: def __init__(self): self.root = {}  def add(self, key, val): curr = self.root for k in key: if k not in curr: curr[k] = {} curr = curr[k] curr['val'] = val  def find(self, sent, start=0): curr = self.root ret = None for pos in range(start, len(sent)): if sent[pos] in curr: curr = curr[sent[pos]] else: return ret if 'val' in curr: ret = (sent[start: pos + 1], curr['val']) else: lst = list(curr) if lst: cands = {} for c in lst: if 'val' not in curr[c]: continue py = curr[c]['val'][0] if py not in cands: cands[py] = 1 else: cands[py] += 1 cands = sorted(cands.items(), key=lambda x: x[1], reverse=True) if cands: ret = (sent[start: pos + 1], cands[0][0]) return ret  def get(self, sent): ret = [] pos = 0 while pos < len(sent): curr = self.root if sent[pos] in curr: tmp = self.find(sent, pos) if tmp: ret.append(tmp[1]) pos += len(tmp[0]) continue pos += 1 return ret"}
{"name": "xmnlp.xmnlp.trainer.Trainer", "code": "class Trainer: def __init__(self): pass"}
{"name": "xmnlp.xmnlp.trainer.PinyinTrainer", "code": "class PinyinTrainer(Trainer): @staticmethod def pinyin(srcfile, outfile): logger.info('start to train pinyin model...') py = Pinyin() py.train(srcfile) py.save(outfile) logger.info('Done !')"}
{"name": "xmnlp.xmnlp.trainer.RadicalTrainer", "code": "class RadicalTrainer(Trainer): @staticmethod def radical(srcfile, outfile): logger.info('start to train radical model...') ra = Radical() ra.train(srcfile) ra.save(outfile) logger.info('Done !')"}
{"name": "xmnlp.xmnlp.trainer.SysTrainer", "code": "class SysTrainer(Trainer): @staticmethod def all(): logger.info('start to train all model...') # pinyin PinyinTrainer.pinyin(C_PATH.pinyin['corpus']['pinyin'], C_PATH.pinyin['model']['pinyin'])  # radical RadicalTrainer.radical(C_PATH.radical['corpus']['radical'], C_PATH.radical['model']['radical'])  logger.info('All Done !')"}
{"name": "xmnlp.xmnlp.radical.radical.Radical", "code": "class Radical(Module): __notsave__ = [] __onlysave__ = ['dictionary']  def __init__(self): self.dictionary = {}  def train(self, fpath): \"\"\"train model\"\"\"  for fname in self.filelist(fpath): with open(fname, 'r', encoding=\"utf-8\") as f: for line in f: line = line.strip() arr = line.split(',') if len(arr) != 2: continue self.dictionary[arr[0]] = arr[1]  def radical(self, char): \"\"\"get radical of given char\"\"\"  if char in self.dictionary: return self.dictionary[char] return None"}
{"name": "xmnlp.xmnlp.base_model.BaseModel", "code": "class BaseModel(metaclass=ABCMeta):  def __init__(self, model_path: str): self.sess = ort.InferenceSession(model_path, providers=['CPUExecutionProvider'])  @abstractmethod def predict(self): raise NotImplementedError"}
{"name": "xmnlp.xmnlp.sentiment.sentiment_model.SentimentModel", "code": "class SentimentModel(BaseModel): def predict(self, token_ids: np.ndarray, segment_ids: np.ndarray) -> np.ndarray: token_ids = token_ids.astype('float32') segment_ids = segment_ids.astype('float32')  return self.sess.run(['label/Softmax:0'], {'Input-Token:0': token_ids, 'Input-Segment:0': segment_ids})"}
{"name": "xmnlp.xmnlp.sentiment.sentiment_model.Sentiment", "code": "class Sentiment: def __init__(self, model_dir: str): # load session and graph self.sentiment_model = SentimentModel(os.path.join(model_dir, 'sentiment.onnx')) self.tokenizer = BertWordPieceTokenizer(os.path.join(model_dir, 'vocab.txt'), lowercase=True) self.tokenizer.enable_truncation(max_length=MAX_LEN)  def predict(self, text: str) -> Tuple[float, float]: tokenized = self.tokenizer.encode(text) token_ids = tokenized.ids segment_ids = tokenized.type_ids token_ids, segment_ids = np.array([token_ids]), np.array([segment_ids]) probas = self.sentiment_model.predict(token_ids, segment_ids) return tuple(probas[0][0].tolist())"}
{"name": "xmnlp.xmnlp.pinyin.pinyin.Pinyin", "code": "class Pinyin(Module): __notsave__ = [] __onlysave__ = ['trie']  def __init__(self): self.trie = Trie()  def train(self, fpath): \"\"\"train pinyin model\"\"\"  for fname in self.filelist(fpath): with open(fname, 'r', encoding='utf-8') as f: for line in f: words = line.split() self.trie.add(words[0], words[1:])  def translate(self, text): \"\"\"translate chinese charactor to pinyin \"\"\" ret = [] for t in self.trie.get(text): if isinstance(t, (list, tuple)): ret = ret + t else: ret.append(t) return ret"}
{"name": "xmnlp.xmnlp.sv.model.SentenceVectorModel", "code": "class SentenceVectorModel(BaseModel): def predict(self, token_ids: np.ndarray, segment_ids: np.ndarray) -> np.ndarray: token_ids = token_ids.astype('float32') segment_ids = segment_ids.astype('float32')  d = { 'Input-Token': token_ids, 'Input-Segment': segment_ids } return self.sess.run([self.sess.get_outputs()[0].name], d)"}
{"name": "xmnlp.xmnlp.sv.model.SentenceVector", "code": "class SentenceVector: def __init__(self, model_dir: Optional[str] = None, genre: str = '\u901a\u7528', max_length: int = 512): \"\"\" Args: model_dir: Optional[str], model dir, default None genre: str, \u5185\u5bb9\u7c7b\u578b\uff0c\u9ed8\u8ba4\u901a\u7528\uff0c\u76ee\u524d\u652f\u6301 ['\u901a\u7528', '\u91d1\u878d', '\u56fd\u9645'] \u4e09\u79cd max_length: int, \u8f93\u5165\u6587\u672c\u7684\u6700\u5927\u957f\u5ea6\uff0c\u9ed8\u8ba4 512 \"\"\" assert genre in config.ALLOW_SV_GENRES self.genre = genre # load session and graph if model_dir is None: if config.MODEL_DIR is None: raise ValueError(\"Error: \u6a21\u578b\u5730\u5740\u672a\u8bbe\u7f6e\uff0c\u8bf7\u6839\u636e\u6587\u6863\u300c\u5b89\u88c5\u300d -> \u300c\u4e0b\u8f7d\u6a21\u578b\u300d\u6307\u5f15\u4e0b\u8f7d\u5e76\u914d\u7f6e\u6a21\u578b\u3002\") model_dir = os.path.join(config.MODEL_DIR, 'sentence_vector')  self.sv_model = SentenceVectorModel(os.path.join(model_dir, 'model.onnx')) self.tokenizer = BertWordPieceTokenizer(os.path.join(model_dir, 'vocab.txt'), lowercase=True) self.tokenizer.enable_truncation(max_length=max_length)  def transform(self, text: str) -> np.ndarray: text = f'{self.genre}[SEP]{text}' tokenized = self.tokenizer.encode(text) token_ids = tokenized.ids segment_ids = tokenized.type_ids token_ids, segment_ids = np.array([token_ids]), np.array([segment_ids]) probas = self.sv_model.predict(token_ids, segment_ids) return probas[0][0]  def similarity(self, x: Union[str, np.ndarray], y: Union[str, np.ndarray]) -> float: if isinstance(x, str): x = self.transform(x) if isinstance(y, str): y = self.transform(y) return np.dot(x, y) / (np.linalg.norm(x) * np.linalg.norm(y))  def most_similar(self, query: str, docs: List[str], k: int = 1, **kwargs) -> List[Tuple[str, float]]: \"\"\" get most similar docs Args: query: str, query sentence docs: List[str], a bunch of sentences k: int, return size kwargs: other parameters of KDTree \"\"\" # build tree vecs = np.concatenate([np.reshape(self.transform(doc), (1, -1)) for doc in docs], axis=0) tree = KDTree(vecs, **kwargs)  # query vec query = np.reshape(self.transform(query), (1, -1)) distances, indexs = tree.query(query, k=k) ret = [] for idx, dist in zip(indexs[0].tolist(), distances[0].tolist()): ret.append((docs[idx], dist)) return ret"}
{"name": "xmnlp.xmnlp.module.Module", "code": "class Module: __notsave__ = [] __onlysave__ = []  def filelist(self, fpath): \"\"\"get file list from filename\"\"\" if os.path.isdir(fpath): for root, dirs, files in os.walk(fpath): if not dirs: for f in files: yield os.sep.join([root, f]) else: yield fpath  def save(self, fname, iszip=True): \"\"\"save model\"\"\" d = {} for k, v in self.__dict__.items(): if self.__onlysave__: if k not in self.__onlysave__: continue elif k in self.__notsave__: continue  if isinstance(v, set): d[k] = list(v) elif hasattr(v, '__dict__'): d[k] = v.__dict__ else: d[k] = v  if not iszip: with open(fname, 'wb') as wf: pickle.dump(d, wf, True) else: f = bz2.BZ2File(fname, 'wb') f.write(pickle.dumps(d)) f.close()  def load(self, fname, iszip=True): \"\"\"load model\"\"\" if not iszip: d = pickle.load(open(fname, 'rb')) else: try: f = bz2.BZ2File(fname, 'rb') d = pickle.loads(f.read()) except IOError: f = open(fname, 'rb') d = pickle.loads(f.read()) f.close() for k, v in d.items(): if isinstance(self.__dict__[k], set): self.__dict__[k] = set(v) elif hasattr(self.__dict__[k], '__dict__'): self.__dict__[k].__dict__ = v else: self.__dict__[k] = v"}
{"name": "xmnlp.xmnlp.summary.textrank.KeywordTextRank", "code": "class KeywordTextRank: def __init__(self, words, window=5, alpha=0.85, iters=300): self.words = words self.window = window self.d = alpha self.vertex = set(words) self.edge = {} self.iters = iters  self.build_edge() self.build_matrix() self.calc_pr()  def build_edge(self): N = len(self.words) for idx, word in enumerate(self.words): if word not in self.edge.keys(): tmp = set() l = idx - self.window + 1  # left window r = idx + self.window     # right window l = 0 if l < 0 else l r = N if r >= N else r # get window for i in range(l, r): if i == idx: continue tmp.add(self.words[i]) self.edge[word] = tmp  def build_matrix(self): self.matrix = np.zeros([len(self.vertex), len(self.vertex)]) self.word_idx = {}  # \u8bb0\u5f55\u8bcd\u7684idx self.idx_dict = {}  # \u8bb0\u5f55\u8282\u70b9idx\u5bf9\u5e94\u7684\u8bcd for i, v in enumerate(self.vertex): self.word_idx[v] = i self.idx_dict[i] = v for key in self.edge.keys(): for w in self.edge[key]: self.matrix[self.word_idx[key]][self.word_idx[w]] = 1 self.matrix[self.word_idx[w]][self.word_idx[key]] = 1 for j in range(self.matrix.shape[1]): Z = 0 for i in range(self.matrix.shape[0]): Z += self.matrix[i][j] if Z != 0: for i in range(self.matrix.shape[0]): self.matrix[i][j] /= Z  def calc_pr(self): self.PR = np.ones([len(self.vertex), 1]) for _ in range(self.iters): self.PR = (1 - self.d) + self.d * np.dot(self.matrix, self.PR)  def topk(self, k): word_pr = {} for i in range(len(self.PR)): word_pr[self.idx_dict[i]] = self.PR[i][0] res = sorted(word_pr.items(), key=lambda x: x[1], reverse=True) return res[:k]"}
{"name": "xmnlp.xmnlp.summary.textrank.TextRank", "code": "class TextRank: def __init__(self, docs, alpha=0.85, min_diff=1e-2, iters=500): self.docs = docs self.bm25 = BM25(docs) self.N = len(docs) self.d = alpha self.weight = [] self.weight_sum = [] self.vertex = [] self.iters = iters self.min_diff = min_diff  self.build() self.calc_pr()  def build(self): for idx, doc in enumerate(self.docs): scores = self.bm25.get_sims(doc) self.weight.append(scores) self.weight_sum.append(sum(scores) - scores[idx]) self.vertex.append(1.0)  def calc_pr(self): for _ in range(self.iters): m = [] max_diff = 0 for i in range(self.N): m.append(1 - self.d) for j in range(self.N): if j == i or self.weight_sum[j] == 0: continue m[-1] += (self.d * self.weight[j][i] / self.weight_sum[j] * self.vertex[j]) if abs(m[-1] - self.vertex[i]) > max_diff: max_diff = abs(m[-1] - self.vertex[i]) self.vertex = m if max_diff <= self.min_diff: break  def topk(self, k): res = list(enumerate(self.vertex)) res = sorted(res, key=lambda x: x, reverse=True) return list(map(lambda x: x[0], res))[:k]"}
{"name": "xmnlp.xmnlp.lexical.lexical_model.LexicalModel", "code": "class LexicalModel(BaseModel): def predict(self, token_ids: np.ndarray, segment_ids: np.ndarray) -> np.ndarray: token_ids = token_ids.astype('float32') segment_ids = segment_ids.astype('float32') return self.sess.run(['crf/cond_1/Merge'], { 'Input-Token': token_ids, 'Input-Segment': segment_ids })"}
{"name": "xmnlp.xmnlp.lexical.lexical_model.Lexical", "code": "class Lexical: def __init__(self, model_dir: Optional[str] = None): self.tokenizer = BertWordPieceTokenizer(os.path.join(model_dir, 'vocab.txt'), lowercase=True) self.tokenizer.enable_truncation(max_length=MAX_LEN) self.lexical_model = LexicalModel(os.path.join(model_dir, 'lexical.onnx')) with open(os.path.join(model_dir, 'label2id.json'), encoding='utf-8') as reader: label2id = json.load(reader) self.id2label = {int(v): k for k, v in label2id.items()}  def predict_one(self, text: str, base_position: int = 0) -> List[Tuple[str, str, int, int]]: tokenized = self.tokenizer.encode(text) token_ids = tokenized.ids segment_ids = tokenized.type_ids mapping = rematch(tokenized.offsets) token_ids, segment_ids = np.array([token_ids]), np.array([segment_ids]) logits = self.lexical_model.predict(token_ids, segment_ids)[0][0] labels = [self.id2label[i] for i in np.argmax(logits, axis=1)] res = [] for s, e, t in self.bio_decode(labels): s = mapping[s] s = 0 if not s else s[0] e = mapping[e] e = len(text) - 1 if not e else e[-1] res.append((text[s: e + 1], t, base_position + s, base_position + e + 1))  return res  def bio_decode(self, labels: List[str]) -> List[Tuple[int, int, str]]: entities = [] start_tag = None for i, tag in enumerate(labels): tag_capital = tag.split('-')[0] tag_name = tag.split('-')[1] if tag != 'O' else '' if tag_capital in ['B', 'O']: if start_tag is not None: entities.append((start_tag[0], i - 1, start_tag[1])) start_tag = None if tag_capital == 'B': start_tag = (i, tag_name) elif tag_capital == 'I' and start_tag is not None and start_tag[1] != tag_name: entities.append((start_tag[0], i - 1, start_tag[1])) start_tag = (i, tag_name) if start_tag is not None: entities.append((start_tag[0], i, start_tag[1]))  return entities  def transform(self, data: List[Tuple[str, str, int, int]], with_position: bool) -> List[ Union[Tuple[str, str], Tuple[str, str, int, int]] ]: if with_position: return data return [(w, t) for w, t, _, _ in data]  def predict(self, text: str, with_position: bool = False) -> List[ Union[Tuple[str, str], Tuple[str, str, int, int]] ]: if len(text) < MAX_LEN: return self.transform(self.predict_one(text), with_position)  logging.warn('xmnlp: \u5904\u7406\u7684\u6587\u672c\u8fc7\u957f\uff08>512\uff09\uff0c\u53ef\u80fd\u4f1a\u5f97\u5230\u610f\u6599\u4e4b\u5916\u7684\u7ed3\u679c') sentences = re_split.findall(text) if not sentences: return self.transform(self.predict_one(text), with_position)  result = [] prev, base_position = 0, 0 for i in range(1, len(sentences)): current_text = ''.join(sentences[prev: i]) next_text = ''.join(sentences[prev: i + 1]) if len(current_text) <= MAX_LEN and len(next_text) > MAX_LEN: result += self.predict_one(current_text, base_position=base_position) prev = i base_position += len(current_text) result += self.predict_one(''.join(sentences[prev:]), base_position=base_position) return self.transform(result, with_position)"}
{"name": "xmnlp.xmnlp.lexical.tokenization.Tokenization", "code": "class Tokenization: def __init__(self, user_vocab_path: Optional[str] = None, detect_new_word: bool = True): \"\"\" Tokenization Arguments: user_vocab_path: str, \u7528\u6237\u81ea\u5b9a\u4e49\u5b57\u5178, \u9ed8\u8ba4 None detect_new_word: bool, \u662f\u5426\u8bc6\u522b\u65b0\u8bcd, \u9ed8\u8ba4 True \"\"\" # dict.big.txt \u662f\u7cfb\u7edf\u8bcd\u5e93 vocab_paths = [os.path.join(ROOT, 'dict.big.txt')] if user_vocab_path is not None: vocab_paths.append(user_vocab_path) self.word2tag, self.max_word_length = self.load_vocab(vocab_paths) self.new_word_kernel = deep_tag if detect_new_word else None  def seg(self, doc: str) -> List[str]: \"\"\" seg document Args: doc: str, input document \"\"\" return [w[0] for w in self.tag(doc)]  def tag(self, doc: str) -> List[Tuple[str, str]]: \"\"\" tag doc Args: doc: str, input doc \"\"\" words = [] word_length = len(doc) while word_length > 0: N = min(self.max_word_length, word_length) word = doc[-N:] while N > 0: if word in self.word2tag or N == 1: words.append(word) break N -= 1 word = word[-N:] doc = doc[:-N] word_length -= N  # \u5408\u5e76\u82f1\u6587\u548c\u6570\u5b57 combine_words = [] tmp = '' for w in words[::-1]: if w.encode('utf-8').isalpha() or w.isdigit(): tmp += w else: if tmp: combine_words.append((tmp, 'eng')) if w.strip(): combine_words.append((w, self.word2tag.get(w, 'x'))) tmp = '' if tmp: combine_words.append((tmp, 'eng')) words = combine_words  if self.new_word_kernel is None: return words  # new words detect final_words = [] N = len(words) i, j = 0, 0 while i < N: if len(words[i][0]) > 1: final_words.append(words[i]) i += 1 continue for k in range(i + 1, N): j = k if len(words[k][0]) > 1: break if i + 1 == j: final_words.append(words[i]) elif i + 1 == N: final_words.append(words[i]) break else: sequence = ''.join([t[0] for t in words[i:j]]) final_words += self.new_word_kernel(sequence) i = j return final_words  def load_vocab(self, fpaths: List[str]) -> dict: word2tag = {} max_word_length = 0 for fpath in fpaths: with open(fpath, 'r', encoding='utf-8') as reader: for line in reader: line = line.strip() if not line: continue arr = line.split() assert len(arr) in [2, 3], 'supported vocabulary formats: 1)word tag 2)word frequency tag.' if len(arr) == 2: word, tag = arr else: word, _, tag = arr word2tag[word] = tag max_word_length = max(max_word_length, len(word)) return word2tag, max_word_length"}
{"name": "xmnlp.xmnlp.checker.checker.DetectorModel", "code": "class DetectorModel(BaseModel): def predict(self, token_ids: np.ndarray, segment_ids: np.ndarray) -> np.ndarray: token_ids = token_ids.astype('float32') segment_ids = segment_ids.astype('float32')  return self.sess.run(['labels/Sigmoid:0'], {'Input-Token:0': token_ids, 'Input-Segment:0': segment_ids})"}
{"name": "xmnlp.xmnlp.checker.checker.CorrectorModel", "code": "class CorrectorModel(BaseModel): def predict(self, token_ids: np.ndarray, segment_ids: np.ndarray) -> np.ndarray: token_ids = token_ids.astype('float32') segment_ids = segment_ids.astype('float32') return self.sess.run(['MLM-Activation/truediv:0'], {'Input-Token:0': token_ids, 'Input-Segment:0': segment_ids})"}
{"name": "xmnlp.xmnlp.checker.checker.CheckerDecoder", "code": "class CheckerDecoder: def __init__(self, model_dir): self.detector = DetectorModel(os.path.join(model_dir, 'detector.onnx')) self.corrector = CorrectorModel(os.path.join(model_dir, 'corrector.onnx')) self.tokenizer = BertWordPieceTokenizer(os.path.join(model_dir, 'vocab.txt'), lowercase=True) mask_id = self.tokenizer.encode('[MASK]').ids[1:-1] assert len(mask_id) == 1 self.mask_id = mask_id[0]  def predict(self, text, suggest=False, k=5, max_k=200): tokenized = self.tokenizer.encode(text) if len(tokenized.tokens) > MAX_LEN: raise ValueError('The text is too long (>512) to process') token_ids = tokenized.ids segment_ids = tokenized.type_ids mapping = rematch(tokenized.offsets) token_ids, segment_ids = np.array([token_ids]), np.array([segment_ids]) probas = self.detector.predict(token_ids, segment_ids)[0][0] incorrect_ids = np.where(probas > 0.5)[0] token_ids[0, incorrect_ids] = self.mask_id  if not suggest: ret = [] for i in incorrect_ids: ret.append((i - 1, tokenized.tokens[i])) return ret  probas = self.corrector.predict(token_ids, segment_ids)[0][0] sorted_probas, sort_indexs = topK(probas, max_k) ret = {} for i in incorrect_ids: if i == 0 or i == len(tokenized.tokens) - 1: continue current_token = text[mapping[i][0]: mapping[i][-1] + 1] current_pinyin = ' '.join(xmnlp.pinyin(current_token)) cands = [] for proba, token in zip(sorted_probas[i], self.tokenizer.decode(sort_indexs[i]).split()): pinyin = ' '.join(xmnlp.pinyin(token)) score = 0 if current_pinyin == pinyin: score = 1 cands.append((token, proba + score)) cands.sort(key=lambda x: x[1], reverse=True) ret[(i - 1, current_token)] = cands[:k] return dict(ret)"}
