{"name": "ydata-profiling.src.ydata_profiling.profile_report.ProfileReport.__init__", "code": "def __init__( self, df: Optional[Union[pd.DataFrame, sDataFrame]] = None, minimal: bool = False, tsmode: bool = False, sortby: Optional[str] = None, sensitive: bool = False, explorative: bool = False, dark_mode: bool = False, orange_mode: bool = False, sample: Optional[dict] = None, config_file: Optional[Union[Path, str]] = None, lazy: bool = True, typeset: Optional[VisionsTypeset] = None, summarizer: Optional[BaseSummarizer] = None, config: Optional[Settings] = None, type_schema: Optional[dict] = None, **kwargs, ): \"\"\"Generate a ProfileReport based on a pandas or spark.sql DataFrame  Config processing order (in case of duplicate entries, entries later in the order are retained): - config presets (e.g. `config_file`, `minimal` arguments) - config groups (e.g. `explorative` and `sensitive` arguments) - custom settings (e.g. `config` argument) - custom settings **kwargs (e.g. `title`)  Args: df: a pandas or spark.sql DataFrame minimal: minimal mode is a default configuration with minimal computation ts_mode: activates time-series analysis for all the numerical variables from the dataset. Only available for pd.DataFrame sort_by: ignored if ts_mode=False. Order the dataset by a provided column. sensitive: hides the values for categorical and text variables for report privacy config_file: a config file (.yml), mutually exclusive with `minimal` lazy: compute when needed sample: optional dict(name=\"Sample title\", caption=\"Caption\", data=pd.DataFrame()) typeset: optional user typeset to use for type inference summarizer: optional user summarizer to generate custom summary output type_schema: optional dict containing pairs of `column name`: `type` **kwargs: other arguments, for valid arguments, check the default configuration file. \"\"\" self.__validate_inputs(df, minimal, tsmode, config_file, lazy)  if config_file or minimal: if not config_file: config_file = get_config(\"config_minimal.yaml\")  report_config = Settings().from_file(config_file) elif config is not None: report_config = config else: if isinstance(df, pd.DataFrame): report_config = Settings() else: report_config = SparkSettings()  groups = [ (explorative, \"explorative\"), (sensitive, \"sensitive\"), (dark_mode, \"dark_mode\"), (orange_mode, \"orange_mode\"), ]  if any(condition for condition, _ in groups): cfg = Settings() for condition, key in groups: if condition: cfg = cfg.update(Config.get_arg_groups(key)) report_config = cfg.update(report_config.dict(exclude_defaults=True))  if len(kwargs) > 0: shorthands, kwargs = Config.shorthands(kwargs) report_config = ( Settings() .update(shorthands) .update(report_config.dict(exclude_defaults=True)) )  if kwargs: report_config = report_config.update(kwargs)  report_config.vars.timeseries.active = tsmode if tsmode and sortby: report_config.vars.timeseries.sortby = sortby  self.df = self.__initialize_dataframe(df, report_config) self.config = report_config self._df_hash = None self._sample = sample self._type_schema = type_schema self._typeset = typeset self._summarizer = summarizer  if not lazy: # Trigger building the report structure _ = self.report"}
{"name": "ydata-profiling.src.ydata_profiling.profile_report.ProfileReport.__validate_inputs", "code": "def __validate_inputs( df: Optional[Union[pd.DataFrame, sDataFrame]], minimal: bool, tsmode: bool, config_file: Optional[Union[Path, str]], lazy: bool, ) -> None: # Lazy profile cannot be set if no DataFrame is provided if df is None and not lazy: raise ValueError(\"Can init a not-lazy ProfileReport with no DataFrame\")  if config_file is not None and minimal: raise ValueError( \"Arguments `config_file` and `minimal` are mutually exclusive.\" )  # Spark Dataframe validations if isinstance(df, pd.DataFrame): if df is not None and df.empty: raise ValueError( \"DataFrame is empty. Please\" \"provide a non-empty DataFrame.\" ) else: if tsmode: raise NotImplementedError( \"Time-Series dataset analysis is not yet supported for Spark DataFrames\" )  if ( df is not None and df.rdd.isEmpty() ):  # df.isEmpty is only support by 3.3.0 pyspark version raise ValueError( \"DataFrame is empty. Please\" \"provide a non-empty DataFrame.\" )"}
{"name": "ydata-profiling.src.ydata_profiling.profile_report.ProfileReport.__initialize_dataframe", "code": "def __initialize_dataframe( df: Optional[Union[pd.DataFrame, sDataFrame]], report_config: Settings ) -> Optional[Union[pd.DataFrame, sDataFrame]]: if ( df is not None and isinstance(df, pd.DataFrame) and report_config.vars.timeseries.active ): if report_config.vars.timeseries.sortby: df = df.sort_values(by=report_config.vars.timeseries.sortby) df = df.set_index(report_config.vars.timeseries.sortby, drop=False) df.index.name = None else: df = df.sort_index()  return df"}
{"name": "ydata-profiling.src.ydata_profiling.profile_report.ProfileReport.invalidate_cache", "code": "def invalidate_cache(self, subset: Optional[str] = None) -> None: \"\"\"Invalidate report cache. Useful after changing setting.  Args: subset: - \"rendering\" to invalidate the html, json and widget report rendering - \"report\" to remove the caching of the report structure - None (default) to invalidate all caches  Returns: None \"\"\" if subset is not None and subset not in [\"rendering\", \"report\"]: raise ValueError( \"'subset' parameter should be None, 'rendering' or 'report'\" )  if subset is None or subset in [\"rendering\", \"report\"]: self._widgets = None self._json = None self._html = None  if subset is None or subset == \"report\": self._report = None  if subset is None: self._description_set = None"}
{"name": "ydata-profiling.src.ydata_profiling.profile_report.ProfileReport.typeset", "code": "def typeset(self) -> Optional[VisionsTypeset]: if self._typeset is None: self._typeset = ProfilingTypeSet(self.config, self._type_schema) return self._typeset"}
{"name": "ydata-profiling.src.ydata_profiling.profile_report.ProfileReport.summarizer", "code": "def summarizer(self) -> BaseSummarizer: if self._summarizer is None: self._summarizer = PandasProfilingSummarizer(self.typeset) return self._summarizer"}
{"name": "ydata-profiling.src.ydata_profiling.profile_report.ProfileReport.description_set", "code": "def description_set(self) -> BaseDescription: if self._description_set is None: self._description_set = describe_df( self.config, self.df, self.summarizer, self.typeset, self._sample, ) return self._description_set"}
{"name": "ydata-profiling.src.ydata_profiling.profile_report.ProfileReport.df_hash", "code": "def df_hash(self) -> Optional[str]: if self._df_hash is None and self.df is not None: self._df_hash = hash_dataframe(self.df) return self._df_hash"}
{"name": "ydata-profiling.src.ydata_profiling.profile_report.ProfileReport.report", "code": "def report(self) -> Root: if self._report is None: self._report = get_report_structure(self.config, self.description_set) return self._report"}
{"name": "ydata-profiling.src.ydata_profiling.profile_report.ProfileReport.html", "code": "def html(self) -> str: if self._html is None: self._html = self._render_html() return self._html"}
{"name": "ydata-profiling.src.ydata_profiling.profile_report.ProfileReport.json", "code": "def json(self) -> str: if self._json is None: self._json = self._render_json() return self._json"}
{"name": "ydata-profiling.src.ydata_profiling.profile_report.ProfileReport.widgets", "code": "def widgets(self) -> Any: if ( isinstance(self.description_set.table[\"n\"], list) and len(self.description_set.table[\"n\"]) > 1 ): raise RuntimeError( \"Widgets interface not (yet) supported for comparing reports, please use the HTML rendering.\" )  if self._widgets is None: self._widgets = self._render_widgets() return self._widgets"}
{"name": "ydata-profiling.src.ydata_profiling.profile_report.ProfileReport.get_duplicates", "code": "def get_duplicates(self) -> Optional[pd.DataFrame]: \"\"\"Get duplicate rows and counts based on the configuration  Returns: A DataFrame with the duplicate rows and their counts. \"\"\" return self.description_set.duplicates"}
{"name": "ydata-profiling.src.ydata_profiling.profile_report.ProfileReport.get_sample", "code": "def get_sample(self) -> dict: \"\"\"Get head/tail samples based on the configuration  Returns: A dict with the head and tail samples. \"\"\" return self.description_set.sample"}
{"name": "ydata-profiling.src.ydata_profiling.profile_report.ProfileReport.get_description", "code": "def get_description(self) -> BaseDescription: \"\"\"Return the description (a raw statistical summary) of the dataset.  Returns: Dict containing a description for each variable in the DataFrame. \"\"\" return self.description_set"}
{"name": "ydata-profiling.src.ydata_profiling.profile_report.ProfileReport.get_rejected_variables", "code": "def get_rejected_variables(self) -> set: \"\"\"Get variables that are rejected for analysis (e.g. constant, mixed data types)  Returns: a set of column names that are unsupported \"\"\" return { alert.column_name for alert in self.description_set.alerts if alert.alert_type == AlertType.REJECTED }"}
{"name": "ydata-profiling.src.ydata_profiling.profile_report.ProfileReport.to_file", "code": "def to_file(self, output_file: Union[str, Path], silent: bool = True) -> None: \"\"\"Write the report to a file.  Args: output_file: The name or the path of the file to generate including the extension (.html, .json). silent: if False, opens the file in the default browser or download it in a Google Colab environment \"\"\" if not isinstance(output_file, Path): output_file = Path(str(output_file))  if output_file.suffix == \".json\": data = self.to_json() else: if not self.config.html.inline: self.config.html.assets_path = str(output_file.parent) if self.config.html.assets_prefix is None: self.config.html.assets_prefix = str(output_file.stem) + \"_assets\" create_html_assets(self.config, output_file)  data = self.to_html()  if output_file.suffix != \".html\": suffix = output_file.suffix output_file = output_file.with_suffix(\".html\") warnings.warn( f\"Extension {suffix} not supported. For now we assume .html was intended. \" f\"To remove this warning, please use .html or .json.\" )  disable_progress_bar = not self.config.progress_bar with tqdm( total=1, desc=\"Export report to file\", disable=disable_progress_bar ) as pbar: output_file.write_text(data, encoding=\"utf-8\") pbar.update()  if not silent: try: from google.colab import files  # noqa: F401  files.download(output_file.absolute().as_uri()) except ModuleNotFoundError: import webbrowser  webbrowser.open_new_tab(output_file.absolute().as_uri())"}
{"name": "ydata-profiling.src.ydata_profiling.profile_report.ProfileReport._render_html", "code": "def _render_html(self) -> str: from ydata_profiling.report.presentation.flavours import HTMLReport  report = self.report  with tqdm( total=1, desc=\"Render HTML\", disable=not self.config.progress_bar ) as pbar: html = HTMLReport(copy.deepcopy(report)).render( nav=self.config.html.navbar_show, offline=self.config.html.use_local_assets, inline=self.config.html.inline, assets_prefix=self.config.html.assets_prefix, primary_color=self.config.html.style.primary_colors[0], logo=self.config.html.style.logo, theme=self.config.html.style.theme, title=self.description_set.analysis.title, date=self.description_set.analysis.date_start, version=self.description_set.package[\"ydata_profiling_version\"], )  if self.config.html.minify_html: from htmlmin.main import minify  html = minify(html, remove_all_empty_space=True, remove_comments=True) pbar.update() return html"}
{"name": "ydata-profiling.src.ydata_profiling.profile_report.ProfileReport._render_widgets", "code": "def _render_widgets(self) -> Any: from ydata_profiling.report.presentation.flavours import WidgetReport  report = self.report  with tqdm( total=1, desc=\"Render widgets\", disable=not self.config.progress_bar, leave=False, ) as pbar: widgets = WidgetReport(copy.deepcopy(report)).render() pbar.update() return widgets"}
{"name": "ydata-profiling.src.ydata_profiling.profile_report.ProfileReport._render_json", "code": "def _render_json(self) -> str: def encode_it(o: Any) -> Any: if is_dataclass(o): o = asdict(o) if isinstance(o, dict): return {encode_it(k): encode_it(v) for k, v in o.items()} else: if isinstance(o, (bool, int, float, str)): return o elif isinstance(o, list): return [encode_it(v) for v in o] elif isinstance(o, set): return {encode_it(v) for v in o} elif isinstance(o, (pd.DataFrame, pd.Series)): return encode_it(o.to_dict(orient=\"records\")) elif isinstance(o, np.ndarray): return encode_it(o.tolist()) elif isinstance(o, Sample): return encode_it(o.dict()) elif isinstance(o, np.generic): return o.item() else: return str(o)  description = self.description_set  with tqdm( total=1, desc=\"Render JSON\", disable=not self.config.progress_bar ) as pbar: description_dict = format_summary(description) description_dict = encode_it(description_dict) description_dict = redact_summary(description_dict, self.config)  data = json.dumps(description_dict, indent=4) pbar.update() return data"}
{"name": "ydata-profiling.src.ydata_profiling.profile_report.ProfileReport.to_html", "code": "def to_html(self) -> str: \"\"\"Generate and return complete template as lengthy string for using with frameworks.  Returns: Profiling report html including wrapper.  \"\"\" return self.html"}
{"name": "ydata-profiling.src.ydata_profiling.profile_report.ProfileReport.to_json", "code": "def to_json(self) -> str: \"\"\"Represent the ProfileReport as a JSON string  Returns: JSON string \"\"\"  return self.json"}
{"name": "ydata-profiling.src.ydata_profiling.profile_report.ProfileReport.to_notebook_iframe", "code": "def to_notebook_iframe(self) -> None: \"\"\"Used to output the HTML representation to a Jupyter notebook. When config.notebook.iframe.attribute is \"src\", this function creates a temporary HTML file in `./tmp/profile_[hash].html` and returns an Iframe pointing to that contents. When config.notebook.iframe.attribute is \"srcdoc\", the same HTML is injected in the \"srcdoc\" attribute of the Iframe.  Notes: This constructions solves problems with conflicting stylesheets and navigation links. \"\"\" from IPython.core.display import display  from ydata_profiling.report.presentation.flavours.widget.notebook import ( get_notebook_iframe, )  # Ignore warning: https://github.com/ipython/ipython/pull/11350/files with warnings.catch_warnings(): warnings.simplefilter(\"ignore\") display(get_notebook_iframe(self.config, self))"}
{"name": "ydata-profiling.src.ydata_profiling.profile_report.ProfileReport.to_widgets", "code": "def to_widgets(self) -> None: \"\"\"The ipython notebook widgets user interface.\"\"\" try: from google.colab import files  # noqa: F401  warnings.warn( \"Ipywidgets is not yet fully supported on Google Colab (https://github.com/googlecolab/colabtools/issues/60).\" \"As an alternative, you can use the HTML report. See the documentation for more information.\" ) except ModuleNotFoundError: pass  from IPython.core.display import display  display(self.widgets)"}
{"name": "ydata-profiling.src.ydata_profiling.profile_report.ProfileReport._repr_html_", "code": "def _repr_html_(self) -> None: \"\"\"The ipython notebook widgets user interface gets called by the jupyter notebook.\"\"\" self.to_notebook_iframe()"}
{"name": "ydata-profiling.src.ydata_profiling.profile_report.ProfileReport.__repr__", "code": "def __repr__(self) -> str: \"\"\"Override so that Jupyter Notebook does not print the object.\"\"\" return \"\""}
{"name": "ydata-profiling.src.ydata_profiling.profile_report.ProfileReport.compare", "code": "def compare( self, other: \"ProfileReport\", config: Optional[Settings] = None ) -> \"ProfileReport\": \"\"\"Compare this report with another ProfileReport Alias for: ``` ydata_profiling.compare([report1, report2], config=config) ``` See `ydata_profiling.compare` for details.  Args: other: the ProfileReport to compare to config: the settings object for the merged ProfileReport. If `None`, uses the caller's config  Returns: Comparison ProfileReport \"\"\" from ydata_profiling.compare_reports import compare  return compare([self, other], config if config is not None else self.config)"}
{"name": "ydata-profiling.src.ydata_profiling.report.presentation.core.image.Image.__init__", "code": "def __init__( self, image: str, image_format: ImageType, alt: str, caption: Optional[str] = None, **kwargs, ): if image is None: raise ValueError(f\"Image may not be None (alt={alt}, caption={caption})\")  super().__init__( \"image\", { \"image\": image, \"image_format\": image_format, \"alt\": alt, \"caption\": caption, }, **kwargs, )"}
{"name": "ydata-profiling.src.ydata_profiling.report.presentation.core.image.Image.__repr__", "code": "def __repr__(self) -> str: return \"Image\""}
{"name": "ydata-profiling.src.ydata_profiling.report.presentation.core.image.Image.render", "code": "def render(self) -> Any: raise NotImplementedError()"}
{"name": "ydata-profiling.src.ydata_profiling.report.presentation.core.correlation_table.CorrelationTable.__init__", "code": "def __init__(self, name: str, correlation_matrix: pd.DataFrame, **kwargs): super().__init__( \"correlation_table\", {\"correlation_matrix\": correlation_matrix}, name=name, **kwargs )"}
{"name": "ydata-profiling.src.ydata_profiling.report.presentation.core.correlation_table.CorrelationTable.__repr__", "code": "def __repr__(self) -> str: return \"CorrelationTable\""}
{"name": "ydata-profiling.src.ydata_profiling.report.presentation.core.correlation_table.CorrelationTable.render", "code": "def render(self) -> Any: raise NotImplementedError()"}
{"name": "ydata-profiling.src.ydata_profiling.report.presentation.core.collapse.Collapse.__init__", "code": "def __init__(self, button: ToggleButton, item: Renderable, **kwargs): super().__init__(\"collapse\", {\"button\": button, \"item\": item}, **kwargs)"}
{"name": "ydata-profiling.src.ydata_profiling.report.presentation.core.collapse.Collapse.__repr__", "code": "def __repr__(self) -> str: return \"Collapse\""}
{"name": "ydata-profiling.src.ydata_profiling.report.presentation.core.collapse.Collapse.render", "code": "def render(self) -> Any: raise NotImplementedError()"}
{"name": "ydata-profiling.src.ydata_profiling.report.presentation.core.collapse.Collapse.convert_to_class", "code": "def convert_to_class(cls, obj: Renderable, flv: Callable) -> None: obj.__class__ = cls if \"button\" in obj.content: flv(obj.content[\"button\"]) if \"item\" in obj.content: flv(obj.content[\"item\"])"}
{"name": "ydata-profiling.src.ydata_profiling.report.presentation.core.dropdown.Dropdown.__init__", "code": "def __init__( self, name: str, id: str, items: list, item: Container, anchor_id: str, classes: list, is_row: bool, **kwargs ): super().__init__( \"dropdown\", { \"name\": name, \"id\": id, \"items\": items, \"item\": item, \"anchor_id\": anchor_id, \"classes\": \" \".join(classes), \"is_row\": is_row, }, **kwargs )"}
{"name": "ydata-profiling.src.ydata_profiling.report.presentation.core.dropdown.Dropdown.__repr__", "code": "def __repr__(self) -> str: return \"Dropdown\""}
{"name": "ydata-profiling.src.ydata_profiling.report.presentation.core.dropdown.Dropdown.render", "code": "def render(self) -> Any: raise NotImplementedError()"}
{"name": "ydata-profiling.src.ydata_profiling.report.presentation.core.dropdown.Dropdown.convert_to_class", "code": "def convert_to_class(cls, obj: Renderable, flv: Callable) -> None: obj.__class__ = cls if \"item\" in obj.content: flv(obj.content[\"item\"])"}
{"name": "ydata-profiling.src.ydata_profiling.report.presentation.core.alerts.Alerts.__init__", "code": "def __init__( self, alerts: Union[List[Alert], Dict[str, List[Alert]]], style: Style, **kwargs ): super().__init__(\"alerts\", {\"alerts\": alerts, \"style\": style}, **kwargs)"}
{"name": "ydata-profiling.src.ydata_profiling.report.presentation.core.alerts.Alerts.__repr__", "code": "def __repr__(self): return \"Alerts\""}
{"name": "ydata-profiling.src.ydata_profiling.report.presentation.core.alerts.Alerts.render", "code": "def render(self) -> Any: raise NotImplementedError()"}
{"name": "ydata-profiling.src.ydata_profiling.report.presentation.core.variable.Variable.__init__", "code": "def __init__( self, top: Renderable, bottom: Optional[Renderable] = None, ignore: bool = False, **kwargs, ): super().__init__( \"variable\", {\"top\": top, \"bottom\": bottom, \"ignore\": ignore}, **kwargs )"}
{"name": "ydata-profiling.src.ydata_profiling.report.presentation.core.variable.Variable.__str__", "code": "def __str__(self): top_text = str(self.content[\"top\"]).replace(\"\\n\", \"\\n\\t\") bottom_text = str(self.content[\"bottom\"]).replace(\"\\n\", \"\\n\\t\")  text = \"Variable\\n\" text += f\"- top: {top_text}\" text += f\"- bottom: {bottom_text}\" return text"}
{"name": "ydata-profiling.src.ydata_profiling.report.presentation.core.variable.Variable.__repr__", "code": "def __repr__(self): return \"Variable\""}
{"name": "ydata-profiling.src.ydata_profiling.report.presentation.core.variable.Variable.render", "code": "def render(self) -> Any: raise NotImplementedError()"}
{"name": "ydata-profiling.src.ydata_profiling.report.presentation.core.variable.Variable.convert_to_class", "code": "def convert_to_class(cls, obj: Renderable, flv: Callable) -> None: obj.__class__ = cls if \"top\" in obj.content and obj.content[\"top\"] is not None: flv(obj.content[\"top\"]) if \"bottom\" in obj.content and obj.content[\"bottom\"] is not None: flv(obj.content[\"bottom\"])"}
{"name": "ydata-profiling.src.ydata_profiling.report.presentation.core.sample.Sample.__init__", "code": "def __init__( self, name: str, sample: pd.DataFrame, caption: Optional[str] = None, **kwargs ): super().__init__( \"sample\", {\"sample\": sample, \"caption\": caption}, name=name, **kwargs )"}
{"name": "ydata-profiling.src.ydata_profiling.report.presentation.core.sample.Sample.__repr__", "code": "def __repr__(self) -> str: return \"Sample\""}
{"name": "ydata-profiling.src.ydata_profiling.report.presentation.core.sample.Sample.render", "code": "def render(self) -> Any: raise NotImplementedError()"}
{"name": "ydata-profiling.src.ydata_profiling.report.presentation.core.duplicate.Duplicate.__init__", "code": "def __init__(self, name: str, duplicate: pd.DataFrame, **kwargs): super().__init__(\"duplicate\", {\"duplicate\": duplicate}, name=name, **kwargs)"}
{"name": "ydata-profiling.src.ydata_profiling.report.presentation.core.duplicate.Duplicate.__repr__", "code": "def __repr__(self) -> str: return \"Duplicate\""}
{"name": "ydata-profiling.src.ydata_profiling.report.presentation.core.duplicate.Duplicate.render", "code": "def render(self) -> Any: raise NotImplementedError()"}
{"name": "ydata-profiling.src.ydata_profiling.report.presentation.core.table.Table.__init__", "code": "def __init__( self, rows: Sequence, style: Style, name: Optional[str] = None, caption: Optional[str] = None, **kwargs ): super().__init__( \"table\", {\"rows\": rows, \"name\": name, \"caption\": caption, \"style\": style}, **kwargs )"}
{"name": "ydata-profiling.src.ydata_profiling.report.presentation.core.table.Table.__repr__", "code": "def __repr__(self) -> str: return \"Table\""}
{"name": "ydata-profiling.src.ydata_profiling.report.presentation.core.table.Table.render", "code": "def render(self) -> Any: raise NotImplementedError()"}
{"name": "ydata-profiling.src.ydata_profiling.report.presentation.core.variable_info.VariableInfo.__init__", "code": "def __init__( self, anchor_id: str, var_name: str, var_type: str, alerts: List[Alert], description: str, style: Style, **kwargs ): super().__init__( \"variable_info\", { \"anchor_id\": anchor_id, \"var_name\": var_name, \"description\": description, \"var_type\": var_type, \"alerts\": alerts, \"style\": style, }, **kwargs )"}
{"name": "ydata-profiling.src.ydata_profiling.report.presentation.core.variable_info.VariableInfo.__repr__", "code": "def __repr__(self) -> str: return \"VariableInfo\""}
{"name": "ydata-profiling.src.ydata_profiling.report.presentation.core.variable_info.VariableInfo.render", "code": "def render(self) -> Any: raise NotImplementedError()"}
{"name": "ydata-profiling.src.ydata_profiling.report.presentation.core.html.HTML.__init__", "code": "def __init__(self, content: str, **kwargs): super().__init__(\"html\", {\"html\": content}, **kwargs)"}
{"name": "ydata-profiling.src.ydata_profiling.report.presentation.core.html.HTML.__repr__", "code": "def __repr__(self) -> str: return \"HTML\""}
{"name": "ydata-profiling.src.ydata_profiling.report.presentation.core.html.HTML.render", "code": "def render(self) -> Any: raise NotImplementedError()"}
{"name": "ydata-profiling.src.ydata_profiling.report.presentation.core.frequency_table_small.FrequencyTableSmall.__init__", "code": "def __init__(self, rows: List[Any], redact: bool, **kwargs): super().__init__( \"frequency_table_small\", {\"rows\": rows, \"redact\": redact}, **kwargs )"}
{"name": "ydata-profiling.src.ydata_profiling.report.presentation.core.frequency_table_small.FrequencyTableSmall.__repr__", "code": "def __repr__(self) -> str: return \"FrequencyTableSmall\""}
{"name": "ydata-profiling.src.ydata_profiling.report.presentation.core.frequency_table_small.FrequencyTableSmall.render", "code": "def render(self) -> Any: raise NotImplementedError()"}
{"name": "ydata-profiling.src.ydata_profiling.report.presentation.core.container.Container.__init__", "code": "def __init__( self, items: Sequence[Renderable], sequence_type: str, nested: bool = False, name: Optional[str] = None, anchor_id: Optional[str] = None, classes: Optional[str] = None, **kwargs, ): args = {\"items\": items, \"nested\": nested} args.update(**kwargs) super().__init__(args, name, anchor_id, classes) self.sequence_type = sequence_type"}
{"name": "ydata-profiling.src.ydata_profiling.report.presentation.core.container.Container.__str__", "code": "def __str__(self) -> str: text = \"Container\\n\" if \"items\" in self.content: for id, item in enumerate(self.content[\"items\"]): name = str(item).replace(\"\\n\", \"\\n\\t\") text += f\"- {id}: {name}\\n\" return text"}
{"name": "ydata-profiling.src.ydata_profiling.report.presentation.core.container.Container.__repr__", "code": "def __repr__(self) -> str: if \"name\" in self.content: name = self.content[\"name\"] return f\"Container(name={name})\" else: return \"Container\""}
{"name": "ydata-profiling.src.ydata_profiling.report.presentation.core.container.Container.render", "code": "def render(self) -> Any: raise NotImplementedError()"}
{"name": "ydata-profiling.src.ydata_profiling.report.presentation.core.container.Container.convert_to_class", "code": "def convert_to_class(cls, obj: Renderable, flv: Callable) -> None: obj.__class__ = cls if \"items\" in obj.content: for item in obj.content[\"items\"]: flv(item)"}
{"name": "ydata-profiling.src.ydata_profiling.report.presentation.core.root.Root.__init__", "code": "def __init__( self, name: str, body: Renderable, footer: Renderable, style: Style, **kwargs ): super().__init__( \"report\", {\"body\": body, \"footer\": footer, \"style\": style}, name=name, **kwargs )"}
{"name": "ydata-profiling.src.ydata_profiling.report.presentation.core.root.Root.__repr__", "code": "def __repr__(self) -> str: return \"Root\""}
{"name": "ydata-profiling.src.ydata_profiling.report.presentation.core.root.Root.render", "code": "def render(self, **kwargs) -> Any: raise NotImplementedError()"}
{"name": "ydata-profiling.src.ydata_profiling.report.presentation.core.root.Root.convert_to_class", "code": "def convert_to_class(cls, obj: Renderable, flv: Callable) -> None: obj.__class__ = cls if \"body\" in obj.content: flv(obj.content[\"body\"]) if \"footer\" in obj.content: flv(obj.content[\"footer\"])"}
{"name": "ydata-profiling.src.ydata_profiling.report.presentation.core.frequency_table.FrequencyTable.__init__", "code": "def __init__(self, rows: list, redact: bool, **kwargs): super().__init__(\"frequency_table\", {\"rows\": rows, \"redact\": redact}, **kwargs)"}
{"name": "ydata-profiling.src.ydata_profiling.report.presentation.core.frequency_table.FrequencyTable.__repr__", "code": "def __repr__(self) -> str: return \"FrequencyTable\""}
{"name": "ydata-profiling.src.ydata_profiling.report.presentation.core.frequency_table.FrequencyTable.render", "code": "def render(self) -> Any: raise NotImplementedError()"}
{"name": "ydata-profiling.src.ydata_profiling.report.presentation.core.renderable.Renderable.__init__", "code": "def __init__( self, content: Dict[str, Any], name: Optional[str] = None, anchor_id: Optional[str] = None, classes: Optional[str] = None, ): self.content = content if name is not None: self.content[\"name\"] = name if anchor_id is not None: self.content[\"anchor_id\"] = anchor_id if classes is not None: self.content[\"classes\"] = classes"}
{"name": "ydata-profiling.src.ydata_profiling.report.presentation.core.renderable.Renderable.name", "code": "def name(self) -> str: return self.content[\"name\"]"}
{"name": "ydata-profiling.src.ydata_profiling.report.presentation.core.renderable.Renderable.anchor_id", "code": "def anchor_id(self) -> str: return self.content[\"anchor_id\"]"}
{"name": "ydata-profiling.src.ydata_profiling.report.presentation.core.renderable.Renderable.classes", "code": "def classes(self) -> str: return self.content[\"classes\"]"}
{"name": "ydata-profiling.src.ydata_profiling.report.presentation.core.renderable.Renderable.render", "code": "def render(self) -> Any: pass"}
{"name": "ydata-profiling.src.ydata_profiling.report.presentation.core.renderable.Renderable.__str__", "code": "def __str__(self): return self.__class__.__name__"}
{"name": "ydata-profiling.src.ydata_profiling.report.presentation.core.renderable.Renderable.convert_to_class", "code": "def convert_to_class(cls, obj: \"Renderable\", flv: Callable) -> None: obj.__class__ = cls"}
{"name": "ydata-profiling.src.ydata_profiling.report.presentation.core.toggle_button.ToggleButton.__init__", "code": "def __init__(self, text: str, **kwargs): super().__init__(\"toggle_button\", {\"text\": text}, **kwargs)"}
{"name": "ydata-profiling.src.ydata_profiling.report.presentation.core.toggle_button.ToggleButton.__repr__", "code": "def __repr__(self) -> str: return \"ToggleButton\""}
{"name": "ydata-profiling.src.ydata_profiling.report.presentation.core.toggle_button.ToggleButton.render", "code": "def render(self) -> Any: raise NotImplementedError()"}
{"name": "ydata-profiling.src.ydata_profiling.report.presentation.core.item_renderer.ItemRenderer.__init__", "code": "def __init__( self, item_type: str, content: dict, name: Optional[str] = None, anchor_id: Optional[str] = None, classes: Optional[str] = None, ): super().__init__(content, name, anchor_id, classes) self.item_type = item_type"}
{"name": "ydata-profiling.src.ydata_profiling.report.presentation.flavours.widget.image.WidgetImage.render", "code": "def render(self) -> widgets.Widget: image = self.content[\"image\"] if self.content[\"image_format\"] == ImageType.svg: image = image.replace(\"svg \", 'svg style=\"max-width: 100%\" ')  image = re.sub('height=\"[\\\\d]+pt\"', \"\", image) else: alt = self.content[\"alt\"] image = f'<img src=\"{image}\" alt=\"{alt}\" />'  widget = widgets.HTML(image) if \"caption\" in self.content and self.content[\"caption\"] is not None: caption = self.content[\"caption\"] caption = widgets.HTML(f'<p style=\"color: #999\"><em>{caption}</em></p>') return widgets.VBox([widget, caption]) else: return widget"}
{"name": "ydata-profiling.src.ydata_profiling.report.presentation.flavours.widget.correlation_table.WidgetCorrelationTable.render", "code": "def render(self) -> widgets.VBox: out = Output() with out: display(self.content[\"correlation_matrix\"])  name = widgets.HTML(f\"<h4>{self.content['name']}</h4>\") return widgets.VBox([name, out])"}
{"name": "ydata-profiling.src.ydata_profiling.report.presentation.flavours.widget.collapse.WidgetCollapse.render", "code": "def render(self) -> widgets.VBox: if self.content[\"button\"].anchor_id == \"toggle-correlation-description\": collapse = \"correlation\" else: collapse = \"variable\"  toggle = self.content[\"button\"].render() item = self.content[\"item\"].render()  if collapse == \"correlation\":  def toggle_func(widg: dict) -> None: if widg[\"new\"]: display = \"\" grid = \"50% 50%\" else: display = \"none\" grid = \"\"  for c in item.children: if isinstance(c, Box): c.children[1].layout.display = display c.layout.grid_template_columns = grid  else:  def toggle_func(widg: dict) -> None: if widg[\"new\"]: display = \"\" else: display = \"none\" item.layout.display = display  toggle_func({\"new\": False}) toggle.children[0].observe(toggle_func, names=[\"value\"])  return widgets.VBox([toggle, item])"}
{"name": "ydata-profiling.src.ydata_profiling.report.presentation.flavours.widget.dropdown.WidgetDropdown.render", "code": "def render(self) -> widgets.VBox: dropdown = widgets.Dropdown( options=self.content[\"items\"], description=self.content[\"name\"] ) titles = [] item = self.content[\"item\"].content[\"items\"] for i in item: titles.append(i.name) item = self.content[\"item\"].render()  def change_view(widg: dict) -> None: if dropdown.value == \"\": item.selected_index = None else: for i in range(len(titles)): if titles[i] == dropdown.value: item.selected_index = i break  dropdown.observe(change_view, names=[\"value\"])  if self.content[\"item\"] is not None: return widgets.VBox([dropdown, item]) else: return widgets.Vbox([dropdown])"}
{"name": "ydata-profiling.src.ydata_profiling.report.presentation.flavours.widget.alerts.WidgetAlerts.render", "code": "def render(self) -> widgets.GridBox: styles = { \"constant\": \"warning\", \"unsupported\": \"warning\", \"type_date\": \"warning\", \"high_cardinality\": \"danger\", \"unique\": \"danger\", \"uniform\": \"danger\", \"infinite\": \"info\", \"zeros\": \"info\", \"truncated\": \"info\", \"missing\": \"info\", \"skewed\": \"info\", \"imbalance\": \"info\", \"high_correlation\": \"\", \"duplicates\": \"\", \"empty\": \"\", \"non_stationary\": \"\", \"seasonal\": \"\", }  items = [] for alert in self.content[\"alerts\"]: type_name = alert.alert_type.name.lower() if type_name == \"rejected\": continue  items.append( HTML( templates.template(f\"alerts/alert_{type_name}.html\").render( alert=alert ) ) ) items.append( Button( description=type_name.replace(\"_\", \" \").capitalize(), button_style=styles[type_name], disabled=True, ) )  return get_row(items)"}
{"name": "ydata-profiling.src.ydata_profiling.report.presentation.flavours.widget.variable.WidgetVariable.render", "code": "def render(self) -> widgets.VBox: items = [self.content[\"top\"].render()] if self.content[\"bottom\"] is not None: items.append(self.content[\"bottom\"].render())  return widgets.VBox(items)"}
{"name": "ydata-profiling.src.ydata_profiling.report.presentation.flavours.widget.sample.WidgetSample.render", "code": "def render(self) -> widgets.VBox: out = Output() with out: display(self.content[\"sample\"])  name = widgets.HTML(f\"<h4>{self.content['name']}</h4>\") return widgets.VBox([name, out])"}
{"name": "ydata-profiling.src.ydata_profiling.report.presentation.flavours.widget.duplicate.WidgetDuplicate.render", "code": "def render(self) -> widgets.VBox: out = Output() with out: display(self.content[\"duplicate\"])  name = widgets.HTML(f\"<h4>{self.content['name']}</h4>\") return widgets.VBox([name, out])"}
{"name": "ydata-profiling.src.ydata_profiling.report.presentation.flavours.widget.table.WidgetTable.render", "code": "def render(self) -> VBox: items = [get_table(self.content[\"rows\"])] if self.content[\"caption\"] is not None: items.append(widgets.HTML(f'<em>{self.content[\"caption\"]}</em>'))  return VBox(items)"}
{"name": "ydata-profiling.src.ydata_profiling.report.presentation.flavours.widget.variable_info.WidgetVariableInfo.render", "code": "def render(self) -> widgets.HTML: return widgets.HTML( templates.template(\"variable_info.html\").render(**self.content) )"}
{"name": "ydata-profiling.src.ydata_profiling.report.presentation.flavours.widget.html.WidgetHTML.render", "code": "def render(self) -> widgets.HTML: if type(self.content[\"html\"]) != str: return self.content[\"html\"] else: return widgets.HTML(self.content[\"html\"])"}
{"name": "ydata-profiling.src.ydata_profiling.report.presentation.flavours.widget.frequency_table_small.WidgetFrequencyTableSmall.render", "code": "def render(self) -> widgets.VBox: return frequency_table_nb(self.content[\"rows\"])"}
{"name": "ydata-profiling.src.ydata_profiling.report.presentation.flavours.widget.container.WidgetContainer.render", "code": "def render(self) -> widgets.Widget: if self.sequence_type == \"list\": widget = get_list(self.content[\"items\"]) elif self.sequence_type == \"named_list\": widget = get_named_list(self.content[\"items\"]) elif self.sequence_type in [\"tabs\", \"sections\", \"select\"]: widget = get_tabs(self.content[\"items\"]) elif self.sequence_type == \"accordion\": widget = get_accordion(self.content[\"items\"]) elif self.sequence_type == \"grid\": widget = get_row(self.content[\"items\"]) elif self.sequence_type == \"batch_grid\": widget = get_batch_grid( self.content[\"items\"], self.content[\"batch_size\"], self.content.get(\"titles\", True), self.content.get(\"subtitles\", False), ) else: raise ValueError(\"widget type not understood\", self.sequence_type)  return widget"}
{"name": "ydata-profiling.src.ydata_profiling.report.presentation.flavours.widget.root.WidgetRoot.render", "code": "def render(self, **kwargs) -> widgets.VBox: return widgets.VBox( [self.content[\"body\"].render(), self.content[\"footer\"].render()] )"}
{"name": "ydata-profiling.src.ydata_profiling.report.presentation.flavours.widget.frequency_table.WidgetFrequencyTable.render", "code": "def render(self) -> VBox: items = []  rows = self.content[\"rows\"][0] for row in rows: if row[\"extra_class\"] == \"missing\": items.append( ( widgets.Label(str(row[\"label\"])), widgets.FloatProgress( value=row[\"count\"], min=0, max=row[\"n\"], bar_style=\"danger\" ), widgets.Label(str(row[\"count\"])), ) ) elif row[\"extra_class\"] == \"other\": items.append( ( widgets.Label(str(row[\"label\"])), widgets.FloatProgress( value=row[\"count\"], min=0, max=row[\"n\"], bar_style=\"info\" ), widgets.Label(str(row[\"count\"])), ) ) else: items.append( ( widgets.Label(str(row[\"label\"])), widgets.FloatProgress( value=row[\"count\"], min=0, max=row[\"n\"], bar_style=\"\" ), widgets.Label(str(row[\"count\"])), ) )  return get_table(items)"}
{"name": "ydata-profiling.src.ydata_profiling.report.presentation.flavours.widget.toggle_button.WidgetToggleButton.render", "code": "def render(self) -> widgets.HBox: toggle = widgets.ToggleButton(description=self.content[\"text\"]) toggle.layout.width = \"fit-content\"  toggle_box = widgets.HBox([toggle]) toggle_box.layout.align_items = \"flex-end\" toggle_box.layout.display = \"flex\" toggle_box.layout.flex_flow = \"column\" toggle_box.layout.width = \"100%\"  return toggle_box"}
{"name": "ydata-profiling.src.ydata_profiling.report.presentation.flavours.html.image.HTMLImage.render", "code": "def render(self) -> str: return templates.template(\"diagram.html\").render(**self.content)"}
{"name": "ydata-profiling.src.ydata_profiling.report.presentation.flavours.html.correlation_table.HTMLCorrelationTable.render", "code": "def render(self) -> str: correlation_matrix_html = self.content[\"correlation_matrix\"].to_html( classes=\"correlation-table table table-striped\", float_format=\"{:.3f}\".format, ) return templates.template(\"correlation_table.html\").render( **self.content, correlation_matrix_html=correlation_matrix_html )"}
{"name": "ydata-profiling.src.ydata_profiling.report.presentation.flavours.html.collapse.HTMLCollapse.render", "code": "def render(self) -> str: return templates.template(\"collapse.html\").render(**self.content)"}
{"name": "ydata-profiling.src.ydata_profiling.report.presentation.flavours.html.dropdown.HTMLDropdown.render", "code": "def render(self) -> str: return templates.template(\"dropdown.html\").render(**self.content)"}
{"name": "ydata-profiling.src.ydata_profiling.report.presentation.flavours.html.alerts.HTMLAlerts.render", "code": "def render(self) -> str: styles = { \"constant\": \"warning\", \"unsupported\": \"warning\", \"type_date\": \"warning\", \"constant_length\": \"primary\", \"high_cardinality\": \"primary\", \"imbalance\": \"primary\", \"unique\": \"primary\", \"uniform\": \"primary\", \"infinite\": \"info\", \"zeros\": \"info\", \"truncated\": \"info\", \"missing\": \"info\", \"skewed\": \"info\", \"high_correlation\": \"default\", \"duplicates\": \"default\", \"non_stationary\": \"default\", \"seasonal\": \"default\", }  return templates.template(\"alerts.html\").render(**self.content, styles=styles)"}
{"name": "ydata-profiling.src.ydata_profiling.report.presentation.flavours.html.variable.HTMLVariable.render", "code": "def render(self) -> str: return templates.template(\"variable.html\").render(**self.content)"}
{"name": "ydata-profiling.src.ydata_profiling.report.presentation.flavours.html.sample.HTMLSample.render", "code": "def render(self) -> str: sample_html = self.content[\"sample\"].to_html( classes=\"sample table table-striped\" ) return templates.template(\"sample.html\").render( **self.content, sample_html=sample_html )"}
{"name": "ydata-profiling.src.ydata_profiling.report.presentation.flavours.html.duplicate.HTMLDuplicate.render", "code": "def render(self) -> str: duplicate_html = to_html(self.content[\"duplicate\"]) return templates.template(\"duplicate.html\").render( **self.content, duplicate_html=duplicate_html )"}
{"name": "ydata-profiling.src.ydata_profiling.report.presentation.flavours.html.table.HTMLTable.render", "code": "def render(self) -> str: return templates.template(\"table.html\").render(**self.content)"}
{"name": "ydata-profiling.src.ydata_profiling.report.presentation.flavours.html.variable_info.HTMLVariableInfo.render", "code": "def render(self) -> str: return templates.template(\"variable_info.html\").render(**self.content)"}
{"name": "ydata-profiling.src.ydata_profiling.report.presentation.flavours.html.html.HTMLHTML.render", "code": "def render(self) -> str: return self.content[\"html\"]"}
{"name": "ydata-profiling.src.ydata_profiling.report.presentation.flavours.html.frequency_table_small.HTMLFrequencyTableSmall.render", "code": "def render(self) -> str: html = \"\" kwargs = self.content.copy() del kwargs[\"rows\"]  for idx, rows in enumerate(self.content[\"rows\"]): html += templates.template(\"frequency_table_small.html\").render( rows=rows, idx=idx, **kwargs ) return html"}
{"name": "ydata-profiling.src.ydata_profiling.report.presentation.flavours.html.container.HTMLContainer.render", "code": "def render(self) -> str: if self.sequence_type in [\"list\", \"accordion\"]: return templates.template(\"sequence/list.html\").render( anchor_id=self.content[\"anchor_id\"], items=self.content[\"items\"] ) elif self.sequence_type == \"named_list\": return templates.template(\"sequence/named_list.html\").render( anchor_id=self.content[\"anchor_id\"], items=self.content[\"items\"] ) elif self.sequence_type == \"tabs\": return templates.template(\"sequence/tabs.html\").render( tabs=self.content[\"items\"], anchor_id=self.content[\"anchor_id\"], nested=self.content[\"nested\"], ) elif self.sequence_type == \"select\": return templates.template(\"sequence/select.html\").render( tabs=self.content[\"items\"], anchor_id=self.content[\"anchor_id\"], nested=self.content[\"nested\"], ) elif self.sequence_type == \"sections\": return templates.template(\"sequence/sections.html\").render( sections=self.content[\"items\"], full_width=self.content[\"full_width\"], ) elif self.sequence_type == \"grid\": return templates.template(\"sequence/grid.html\").render( items=self.content[\"items\"] ) elif self.sequence_type == \"batch_grid\": return templates.template(\"sequence/batch_grid.html\").render( items=self.content[\"items\"], batch_size=self.content[\"batch_size\"], titles=self.content.get(\"titles\", True), subtitles=self.content.get(\"subtitles\", False), ) else: raise ValueError(\"Template not understood\", self.sequence_type)"}
{"name": "ydata-profiling.src.ydata_profiling.report.presentation.flavours.html.root.HTMLRoot.render", "code": "def render(self, **kwargs) -> str: nav_items = [ (section.name, section.anchor_id) for section in self.content[\"body\"].content[\"items\"] ]  return templates.template(\"report.html\").render( **self.content, nav_items=nav_items, **kwargs )"}
{"name": "ydata-profiling.src.ydata_profiling.report.presentation.flavours.html.frequency_table.HTMLFrequencyTable.render", "code": "def render(self) -> str: if isinstance(self.content[\"rows\"][0], list): html = \"\"  kwargs = self.content.copy() del kwargs[\"rows\"] for idx, rows in enumerate(self.content[\"rows\"]): html += templates.template(\"frequency_table.html\").render( rows=rows, idx=idx, **kwargs ) return html else: return templates.template(\"frequency_table.html\").render( **self.content, idx=0 )"}
{"name": "ydata-profiling.src.ydata_profiling.report.presentation.flavours.html.toggle_button.HTMLToggleButton.render", "code": "def render(self) -> str: return templates.template(\"toggle_button.html\").render(**self.content)"}
{"name": "ydata-profiling.src.ydata_profiling.config.Style.primary_color", "code": "def primary_color(self) -> str: # This attribute may be deprecated in the future, please use primary_colors[0] return self.primary_colors[0]"}
{"name": "ydata-profiling.src.ydata_profiling.config.Settings.update", "code": "def update(self, updates: dict) -> \"Settings\": update = _merge_dictionaries(self.dict(), updates) return self.parse_obj(self.copy(update=update))"}
{"name": "ydata-profiling.src.ydata_profiling.config.Settings.from_file", "code": "def from_file(config_file: Union[Path, str]) -> \"Settings\": \"\"\"Create a Settings object from a yaml file.  Args: config_file: yaml file path Returns: Settings \"\"\" with open(config_file) as f: data = yaml.safe_load(f)  return Settings.parse_obj(data)"}
{"name": "ydata-profiling.src.ydata_profiling.config.Config.get_arg_groups", "code": "def get_arg_groups(key: str) -> dict: kwargs = Config.arg_groups[key] shorthand_args, _ = Config.shorthands(kwargs, split=False) return shorthand_args"}
{"name": "ydata-profiling.src.ydata_profiling.config.Config.shorthands", "code": "def shorthands(kwargs: dict, split: bool = True) -> Tuple[dict, dict]: shorthand_args = {} if not split: shorthand_args = kwargs for key, value in list(kwargs.items()): if value is None and key in Config._shorthands: shorthand_args[key] = Config._shorthands[key] if split: del kwargs[key]  if split: return shorthand_args, kwargs else: return shorthand_args, {}"}
{"name": "ydata-profiling.src.ydata_profiling.model.alerts.Alert.__init__", "code": "def __init__( self, alert_type: AlertType, values: Optional[Dict] = None, column_name: Optional[str] = None, fields: Optional[Set] = None, is_empty: bool = False, ): self.fields = fields or set() self.alert_type = alert_type self.values = values or {} self.column_name = column_name self._is_empty = is_empty"}
{"name": "ydata-profiling.src.ydata_profiling.model.alerts.Alert.alert_type_name", "code": "def alert_type_name(self) -> str: return self.alert_type.name.replace(\"_\", \" \").lower().title()"}
{"name": "ydata-profiling.src.ydata_profiling.model.alerts.Alert.anchor_id", "code": "def anchor_id(self) -> Optional[str]: if self._anchor_id is None: self._anchor_id = str(hash(self.column_name)) return self._anchor_id"}
{"name": "ydata-profiling.src.ydata_profiling.model.alerts.Alert.fmt", "code": "def fmt(self) -> str: # TODO: render in template name = self.alert_type.name.replace(\"_\", \" \") if name == \"HIGH CORRELATION\" and self.values is not None: num = len(self.values[\"fields\"]) title = \", \".join(self.values[\"fields\"]) corr = self.values[\"corr\"] name = f'<abbr title=\"This variable has a high {corr} correlation with {num} fields: {title}\">HIGH CORRELATION</abbr>' return name"}
{"name": "ydata-profiling.src.ydata_profiling.model.alerts.Alert._get_description", "code": "def _get_description(self) -> str: \"\"\"Return a human level description of the alert.  Returns: str: alert description \"\"\" alert_type = self.alert_type.name column = self.column_name return f\"[{alert_type}] alert on column {column}\""}
{"name": "ydata-profiling.src.ydata_profiling.model.alerts.Alert.__repr__", "code": "def __repr__(self): return self._get_description()"}
{"name": "ydata-profiling.src.ydata_profiling.model.alerts.ConstantLengthAlert.__init__", "code": "def __init__( self, values: Optional[Dict] = None, column_name: Optional[str] = None, is_empty: bool = False, ): super().__init__( alert_type=AlertType.CONSTANT_LENGTH, values=values, column_name=column_name, fields={\"composition_min_length\", \"composition_max_length\"}, is_empty=is_empty, )"}
{"name": "ydata-profiling.src.ydata_profiling.model.alerts.ConstantLengthAlert._get_description", "code": "def _get_description(self) -> str: return f\"[{self.column_name}] has a constant length\""}
{"name": "ydata-profiling.src.ydata_profiling.model.alerts.ConstantAlert.__init__", "code": "def __init__( self, values: Optional[Dict] = None, column_name: Optional[str] = None, is_empty: bool = False, ): super().__init__( alert_type=AlertType.CONSTANT, values=values, column_name=column_name, fields={\"n_distinct\"}, is_empty=is_empty, )"}
{"name": "ydata-profiling.src.ydata_profiling.model.alerts.ConstantAlert._get_description", "code": "def _get_description(self) -> str: return f\"[{self.column_name}] has a constant value\""}
{"name": "ydata-profiling.src.ydata_profiling.model.alerts.DuplicatesAlert.__init__", "code": "def __init__( self, values: Optional[Dict] = None, column_name: Optional[str] = None, is_empty: bool = False, ): super().__init__( alert_type=AlertType.DUPLICATES, values=values, column_name=column_name, fields={\"n_duplicates\"}, is_empty=is_empty, )"}
{"name": "ydata-profiling.src.ydata_profiling.model.alerts.DuplicatesAlert._get_description", "code": "def _get_description(self) -> str: if self.values is not None: return f\"Dataset has {self.values['n_duplicates']} ({fmt_percent(self.values['p_duplicates'])}) duplicate rows\" else: return \"Dataset has duplicated values\""}
{"name": "ydata-profiling.src.ydata_profiling.model.alerts.EmptyAlert.__init__", "code": "def __init__( self, values: Optional[Dict] = None, column_name: Optional[str] = None, is_empty: bool = False, ): super().__init__( alert_type=AlertType.EMPTY, values=values, column_name=column_name, fields={\"n\"}, is_empty=is_empty, )"}
{"name": "ydata-profiling.src.ydata_profiling.model.alerts.EmptyAlert._get_description", "code": "def _get_description(self) -> str: return \"Dataset is empty\""}
{"name": "ydata-profiling.src.ydata_profiling.model.alerts.HighCardinalityAlert.__init__", "code": "def __init__( self, values: Optional[Dict] = None, column_name: Optional[str] = None, is_empty: bool = False, ): super().__init__( alert_type=AlertType.HIGH_CARDINALITY, values=values, column_name=column_name, fields={\"n_distinct\"}, is_empty=is_empty, )"}
{"name": "ydata-profiling.src.ydata_profiling.model.alerts.HighCardinalityAlert._get_description", "code": "def _get_description(self) -> str: if self.values is not None: return f\"[{self.column_name}] has {self.values['n_distinct']:} ({fmt_percent(self.values['p_distinct'])}) distinct values\" else: return f\"[{self.column_name}] has a high cardinality\""}
{"name": "ydata-profiling.src.ydata_profiling.model.alerts.HighCorrelationAlert.__init__", "code": "def __init__( self, values: Optional[Dict] = None, column_name: Optional[str] = None, is_empty: bool = False, ): super().__init__( alert_type=AlertType.HIGH_CORRELATION, values=values, column_name=column_name, is_empty=is_empty, )"}
{"name": "ydata-profiling.src.ydata_profiling.model.alerts.HighCorrelationAlert._get_description", "code": "def _get_description(self) -> str: if self.values is not None: description = f\"[{self.column_name}] is highly {self.values['corr']} correlated with [{self.values['fields'][0]}]\" if len(self.values[\"fields\"]) > 1: description += f\" and {len(self.values['fields']) - 1} other fields\" else: return ( f\"[{self.column_name}] has a high correlation with one or more colums\" ) return description"}
{"name": "ydata-profiling.src.ydata_profiling.model.alerts.ImbalanceAlert.__init__", "code": "def __init__( self, values: Optional[Dict] = None, column_name: Optional[str] = None, is_empty: bool = False, ): super().__init__( alert_type=AlertType.IMBALANCE, values=values, column_name=column_name, fields={\"imbalance\"}, is_empty=is_empty, )"}
{"name": "ydata-profiling.src.ydata_profiling.model.alerts.ImbalanceAlert._get_description", "code": "def _get_description(self) -> str: description = f\"[{self.column_name}] is highly imbalanced\" if self.values is not None: return description + f\" ({self.values['imbalance']})\" else: return description"}
{"name": "ydata-profiling.src.ydata_profiling.model.alerts.InfiniteAlert.__init__", "code": "def __init__( self, values: Optional[Dict] = None, column_name: Optional[str] = None, is_empty: bool = False, ): super().__init__( alert_type=AlertType.INFINITE, values=values, column_name=column_name, fields={\"p_infinite\", \"n_infinite\"}, is_empty=is_empty, )"}
{"name": "ydata-profiling.src.ydata_profiling.model.alerts.InfiniteAlert._get_description", "code": "def _get_description(self) -> str: if self.values is not None: return f\"[{self.column_name}] has {self.values['n_infinite']} ({fmt_percent(self.values['p_infinite'])}) infinite values\" else: return f\"[{self.column_name}] has infinite values\""}
{"name": "ydata-profiling.src.ydata_profiling.model.alerts.MissingAlert.__init__", "code": "def __init__( self, values: Optional[Dict] = None, column_name: Optional[str] = None, is_empty: bool = False, ): super().__init__( alert_type=AlertType.MISSING, values=values, column_name=column_name, fields={\"p_missing\", \"n_missing\"}, is_empty=is_empty, )"}
{"name": "ydata-profiling.src.ydata_profiling.model.alerts.MissingAlert._get_description", "code": "def _get_description(self) -> str: if self.values is not None: return f\"[{self.column_name}] {self.values['n_missing']} ({fmt_percent(self.values['p_missing'])}) missing values\" else: return f\"[{self.column_name}] has missing values\""}
{"name": "ydata-profiling.src.ydata_profiling.model.alerts.NonStationaryAlert.__init__", "code": "def __init__( self, values: Optional[Dict] = None, column_name: Optional[str] = None, is_empty: bool = False, ): super().__init__( alert_type=AlertType.NON_STATIONARY, values=values, column_name=column_name, is_empty=is_empty, )"}
{"name": "ydata-profiling.src.ydata_profiling.model.alerts.NonStationaryAlert._get_description", "code": "def _get_description(self) -> str: return f\"[{self.column_name}] is non stationary\""}
{"name": "ydata-profiling.src.ydata_profiling.model.alerts.SeasonalAlert.__init__", "code": "def __init__( self, values: Optional[Dict] = None, column_name: Optional[str] = None, is_empty: bool = False, ): super().__init__( alert_type=AlertType.SEASONAL, values=values, column_name=column_name, is_empty=is_empty, )"}
{"name": "ydata-profiling.src.ydata_profiling.model.alerts.SeasonalAlert._get_description", "code": "def _get_description(self) -> str: return f\"[{self.column_name}] is seasonal\""}
{"name": "ydata-profiling.src.ydata_profiling.model.alerts.SkewedAlert.__init__", "code": "def __init__( self, values: Optional[Dict] = None, column_name: Optional[str] = None, is_empty: bool = False, ): super().__init__( alert_type=AlertType.SKEWED, values=values, column_name=column_name, fields={\"skewness\"}, is_empty=is_empty, )"}
{"name": "ydata-profiling.src.ydata_profiling.model.alerts.SkewedAlert._get_description", "code": "def _get_description(self) -> str: description = f\"[{self.column_name}] is highly skewed\" if self.values is not None: return description + f\"(\\u03b31 = {self.values['skewness']})\" else: return description"}
{"name": "ydata-profiling.src.ydata_profiling.model.alerts.TypeDateAlert.__init__", "code": "def __init__( self, values: Optional[Dict] = None, column_name: Optional[str] = None, is_empty: bool = False, ): super().__init__( alert_type=AlertType.TYPE_DATE, values=values, column_name=column_name, is_empty=is_empty, )"}
{"name": "ydata-profiling.src.ydata_profiling.model.alerts.TypeDateAlert._get_description", "code": "def _get_description(self) -> str: return f\"[{self.column_name}] only contains datetime values, but is categorical. Consider applying `pd.to_datetime()`\""}
{"name": "ydata-profiling.src.ydata_profiling.model.alerts.UniformAlert.__init__", "code": "def __init__( self, values: Optional[Dict] = None, column_name: Optional[str] = None, is_empty: bool = False, ): super().__init__( alert_type=AlertType.UNIFORM, values=values, column_name=column_name, is_empty=is_empty, )"}
{"name": "ydata-profiling.src.ydata_profiling.model.alerts.UniformAlert._get_description", "code": "def _get_description(self) -> str: return f\"[{self.column_name}] is uniformly distributed\""}
{"name": "ydata-profiling.src.ydata_profiling.model.alerts.UniqueAlert.__init__", "code": "def __init__( self, values: Optional[Dict] = None, column_name: Optional[str] = None, is_empty: bool = False, ): super().__init__( alert_type=AlertType.UNIQUE, values=values, column_name=column_name, fields={\"n_distinct\", \"p_distinct\", \"n_unique\", \"p_unique\"}, is_empty=is_empty, )"}
{"name": "ydata-profiling.src.ydata_profiling.model.alerts.UniqueAlert._get_description", "code": "def _get_description(self) -> str: return f\"[{self.column_name}] has unique values\""}
{"name": "ydata-profiling.src.ydata_profiling.model.alerts.UnsupportedAlert.__init__", "code": "def __init__( self, values: Optional[Dict] = None, column_name: Optional[str] = None, is_empty: bool = False, ): super().__init__( alert_type=AlertType.UNSUPPORTED, values=values, column_name=column_name, is_empty=is_empty, )"}
{"name": "ydata-profiling.src.ydata_profiling.model.alerts.UnsupportedAlert._get_description", "code": "def _get_description(self) -> str: return f\"[{self.column_name}] is an unsupported type, check if it needs cleaning or further analysis\""}
{"name": "ydata-profiling.src.ydata_profiling.model.alerts.ZerosAlert.__init__", "code": "def __init__( self, values: Optional[Dict] = None, column_name: Optional[str] = None, is_empty: bool = False, ): super().__init__( alert_type=AlertType.ZEROS, values=values, column_name=column_name, fields={\"n_zeros\", \"p_zeros\"}, is_empty=is_empty, )"}
{"name": "ydata-profiling.src.ydata_profiling.model.alerts.ZerosAlert._get_description", "code": "def _get_description(self) -> str: if self.values is not None: return f\"[{self.column_name}] has {self.values['n_zeros']} ({fmt_percent(self.values['p_zeros'])}) zeros\" else: return f\"[{self.column_name}] has predominantly zeros\""}
{"name": "ydata-profiling.src.ydata_profiling.model.alerts.RejectedAlert.__init__", "code": "def __init__( self, values: Optional[Dict] = None, column_name: Optional[str] = None, is_empty: bool = False, ): super().__init__( alert_type=AlertType.REJECTED, values=values, column_name=column_name, is_empty=is_empty, )"}
{"name": "ydata-profiling.src.ydata_profiling.model.alerts.RejectedAlert._get_description", "code": "def _get_description(self) -> str: return f\"[{self.column_name}] was rejected\""}
{"name": "ydata-profiling.src.ydata_profiling.model.spark.missing_spark.MissingnoBarSparkPatch.__init__", "code": "def __init__( self, df: DataFrame, columns: List[str] = None, original_df_size: int = None ): self.df = df self.columns = columns self.original_df_size = original_df_size"}
{"name": "ydata-profiling.src.ydata_profiling.model.spark.missing_spark.MissingnoBarSparkPatch.isnull", "code": "def isnull(self) -> Any: \"\"\" This patches the .isnull().sum() function called by missingno library \"\"\" return self  # return self to patch .sum() function"}
{"name": "ydata-profiling.src.ydata_profiling.model.spark.missing_spark.MissingnoBarSparkPatch.sum", "code": "def sum(self) -> DataFrame: \"\"\" This patches the .sum() function called by missingno library \"\"\" return self.df  # return unwrapped dataframe"}
{"name": "ydata-profiling.src.ydata_profiling.model.spark.missing_spark.MissingnoBarSparkPatch.__len__", "code": "def __len__(self) -> Optional[int]: \"\"\" This patches the len(df) function called by missingno library \"\"\" return self.original_df_size"}
{"name": "ydata-profiling.src.ydata_profiling.model.correlations.Correlation.compute", "code": "def compute(config: Settings, df: Sized, summary: dict) -> Optional[Sized]: raise NotImplementedError()"}
{"name": "ydata-profiling.src.ydata_profiling.model.correlations.Auto.compute", "code": "def compute(config: Settings, df: Sized, summary: dict) -> Optional[Sized]: raise NotImplementedError()"}
{"name": "ydata-profiling.src.ydata_profiling.model.correlations.Spearman.compute", "code": "def compute(config: Settings, df: Sized, summary: dict) -> Optional[Sized]: raise NotImplementedError()"}
{"name": "ydata-profiling.src.ydata_profiling.model.correlations.Pearson.compute", "code": "def compute(config: Settings, df: Sized, summary: dict) -> Optional[Sized]: raise NotImplementedError()"}
{"name": "ydata-profiling.src.ydata_profiling.model.correlations.Kendall.compute", "code": "def compute(config: Settings, df: Sized, summary: dict) -> Optional[Sized]: raise NotImplementedError()"}
{"name": "ydata-profiling.src.ydata_profiling.model.correlations.Cramers.compute", "code": "def compute(config: Settings, df: Sized, summary: dict) -> Optional[Sized]: raise NotImplementedError()"}
{"name": "ydata-profiling.src.ydata_profiling.model.correlations.PhiK.compute", "code": "def compute(config: Settings, df: Sized, summary: dict) -> Optional[Sized]: raise NotImplementedError()"}
{"name": "ydata-profiling.src.ydata_profiling.model.handler.Handler.__init__", "code": "def __init__( self, mapping: Dict[str, List[Callable]], typeset: VisionsTypeset, *args, **kwargs ): self.mapping = mapping self.typeset = typeset  self._complete_dag()"}
{"name": "ydata-profiling.src.ydata_profiling.model.handler.Handler._complete_dag", "code": "def _complete_dag(self) -> None: for from_type, to_type in nx.topological_sort( nx.line_graph(self.typeset.base_graph) ): self.mapping[str(to_type)] = ( self.mapping[str(from_type)] + self.mapping[str(to_type)] )"}
{"name": "ydata-profiling.src.ydata_profiling.model.handler.Handler.handle", "code": "def handle(self, dtype: str, *args, **kwargs) -> dict: \"\"\"  Returns: object: \"\"\" funcs = self.mapping.get(dtype, []) op = compose(funcs) return op(*args)"}
{"name": "ydata-profiling.src.ydata_profiling.model.summarizer.BaseSummarizer.summarize", "code": "def summarize( self, config: Settings, series: pd.Series, dtype: Type[VisionsBaseType] ) -> dict: \"\"\"  Returns: object: \"\"\" _, _, summary = self.handle(str(dtype), config, series, {\"type\": str(dtype)}) return summary"}
{"name": "ydata-profiling.src.ydata_profiling.model.summarizer.PandasProfilingSummarizer.__init__", "code": "def __init__(self, typeset: VisionsTypeset, *args, **kwargs): summary_map: Dict[str, List[Callable]] = { \"Unsupported\": [ describe_counts, describe_generic, describe_supported, ], \"Numeric\": [ describe_numeric_1d, ], \"DateTime\": [ describe_date_1d, ], \"Text\": [ describe_text_1d, ], \"Categorical\": [ describe_categorical_1d, ], \"Boolean\": [ describe_boolean_1d, ], \"URL\": [ describe_url_1d, ], \"Path\": [ describe_path_1d, ], \"File\": [ describe_file_1d, ], \"Image\": [ describe_image_1d, ], \"TimeSeries\": [ describe_timeseries_1d, ], } super().__init__(summary_map, typeset, *args, **kwargs)"}
{"name": "ydata-profiling.src.ydata_profiling.model.description.BaseAnalysis.__init__", "code": "def __init__(self, title: str, date_start: datetime, date_end: datetime) -> None: self.title = title self.date_start = date_start self.date_end = date_end"}
{"name": "ydata-profiling.src.ydata_profiling.model.description.BaseAnalysis.duration", "code": "def duration(self) -> Union[timedelta, List[timedelta]]: if isinstance(self.date_start, datetime) and isinstance( self.date_end, datetime ): return self.date_end - self.date_start if isinstance(self.date_start, list) and isinstance(self.date_end, list): return [ self.date_end[i] - self.date_start[i] for i in range(len(self.date_start)) ] else: raise ValueError()"}
{"name": "ydata-profiling.src.ydata_profiling.model.description.TimeIndexAnalysis.__init__", "code": "def __init__( self, n_series: int, length: int, start: Any, end: Any, period: float, frequency: Optional[str] = None, ) -> None: self.n_series = n_series self.length = length self.start = start self.end = end self.period = period self.frequency = frequency"}
{"name": "ydata-profiling.src.ydata_profiling.model.pandas.discretize_pandas.Discretizer.__init__", "code": "def __init__( self, method: DiscretizationType, n_bins: int = 10, reset_index: bool = False ) -> None: self.discretization_type = method self.n_bins = n_bins self.reset_index = reset_index"}
{"name": "ydata-profiling.src.ydata_profiling.model.pandas.discretize_pandas.Discretizer.discretize_dataframe", "code": "def discretize_dataframe(self, dataframe: pd.DataFrame) -> pd.DataFrame: \"\"\"_summary_  Args: dataframe (pd.DataFrame): pandas dataframe  Returns: pd.DataFrame: discretized dataframe \"\"\"  discretized_df = dataframe.copy() all_columns = dataframe.columns num_columns = self._get_numerical_columns(dataframe) for column in num_columns: discretized_df.loc[:, column] = self._discretize_column( discretized_df[column] )  discretized_df = discretized_df[all_columns] return ( discretized_df.reset_index(drop=True) if self.reset_index else discretized_df )"}
{"name": "ydata-profiling.src.ydata_profiling.model.pandas.discretize_pandas.Discretizer._discretize_column", "code": "def _discretize_column(self, column: pd.Series) -> pd.Series: if self.discretization_type == DiscretizationType.QUANTILE: return self._descritize_quantile(column)  elif self.discretization_type == DiscretizationType.UNIFORM: return self._descritize_uniform(column)"}
{"name": "ydata-profiling.src.ydata_profiling.model.pandas.discretize_pandas.Discretizer._descritize_quantile", "code": "def _descritize_quantile(self, column: pd.Series) -> pd.Series: return pd.qcut( column, q=self.n_bins, labels=False, retbins=False, duplicates=\"drop\" ).values"}
{"name": "ydata-profiling.src.ydata_profiling.model.pandas.discretize_pandas.Discretizer._descritize_uniform", "code": "def _descritize_uniform(self, column: pd.Series) -> pd.Series: return pd.cut( column, bins=self.n_bins, labels=False, retbins=True, duplicates=\"drop\" )[0].values"}
{"name": "ydata-profiling.src.ydata_profiling.model.pandas.discretize_pandas.Discretizer._get_numerical_columns", "code": "def _get_numerical_columns(self, dataframe: pd.DataFrame) -> List[str]: return dataframe.select_dtypes(include=np.number).columns.tolist()"}
{"name": "ydata-profiling.src.ydata_profiling.model.typeset.typeset_types.Numeric.get_relations", "code": "def get_relations() -> Sequence[TypeRelation]: return [ IdentityRelation(Unsupported), InferenceRelation( Text, relationship=lambda x, y: partial(string_is_numeric, k=config)( x, y ), transformer=string_to_numeric, ), ]"}
{"name": "ydata-profiling.src.ydata_profiling.model.typeset.typeset_types.Numeric.contains_op", "code": "def contains_op(series: pd.Series, state: dict) -> bool: return pdt.is_numeric_dtype(series) and not pdt.is_bool_dtype(series)"}
{"name": "ydata-profiling.src.ydata_profiling.model.typeset.typeset_types.Text.get_relations", "code": "def get_relations() -> Sequence[TypeRelation]: return [ IdentityRelation(Unsupported), ]"}
{"name": "ydata-profiling.src.ydata_profiling.model.typeset.typeset_types.Text.contains_op", "code": "def contains_op(series: pd.Series, state: dict) -> bool: return ( not pdt.is_categorical_dtype(series) and pdt.is_string_dtype(series) and series_is_string(series, state) )"}
{"name": "ydata-profiling.src.ydata_profiling.model.typeset.typeset_types.DateTime.get_relations", "code": "def get_relations() -> Sequence[TypeRelation]: return [ IdentityRelation(Unsupported), InferenceRelation( Text, relationship=lambda x, y: partial(string_is_datetime)(x, y), transformer=string_to_datetime, ), ]"}
{"name": "ydata-profiling.src.ydata_profiling.model.typeset.typeset_types.DateTime.contains_op", "code": "def contains_op(series: pd.Series, state: dict) -> bool: is_datetime = pdt.is_datetime64_any_dtype(series) if is_datetime: return True has_builtin_datetime = ( series.dropna() .apply(type) .isin([datetime.date, datetime.datetime]) .all() ) return has_builtin_datetime"}
{"name": "ydata-profiling.src.ydata_profiling.model.typeset.typeset_types.Categorical.get_relations", "code": "def get_relations() -> Sequence[TypeRelation]: return [ IdentityRelation(Unsupported), InferenceRelation( Numeric, relationship=lambda x, y: partial(numeric_is_category, k=config)( x, y ), transformer=to_category, ), InferenceRelation( Text, relationship=lambda x, y: partial(string_is_category, k=config)( x, y ), transformer=to_category, ), ]"}
{"name": "ydata-profiling.src.ydata_profiling.model.typeset.typeset_types.Categorical.contains_op", "code": "def contains_op(series: pd.Series, state: dict) -> bool: is_valid_dtype = pdt.is_categorical_dtype(series) and not pdt.is_bool_dtype( series ) if is_valid_dtype: return True return False"}
{"name": "ydata-profiling.src.ydata_profiling.model.typeset.typeset_types.Boolean.get_relations", "code": "def get_relations() -> Sequence[TypeRelation]: # Numeric [0, 1] goes via Categorical with distinct_count_without_nan <= 2 mapping = config.vars.bool.mappings  return [ IdentityRelation(Unsupported), InferenceRelation( Text, relationship=lambda x, y: partial(string_is_bool, k=mapping)(x, y), transformer=lambda s, st: to_bool( partial(string_to_bool, k=mapping)(s, st) ), ), ]"}
{"name": "ydata-profiling.src.ydata_profiling.model.typeset.typeset_types.Boolean.contains_op", "code": "def contains_op(series: pd.Series, state: dict) -> bool: if pdt.is_object_dtype(series): try: return series.isin({True, False}).all() except:  # noqa: E722 return False  return pdt.is_bool_dtype(series)"}
{"name": "ydata-profiling.src.ydata_profiling.model.typeset.typeset_types.URL.get_relations", "code": "def get_relations() -> Sequence[TypeRelation]: return [IdentityRelation(Text)]"}
{"name": "ydata-profiling.src.ydata_profiling.model.typeset.typeset_types.URL.contains_op", "code": "def contains_op(series: pd.Series, state: dict) -> bool: # TODO: use coercion utils try: url_gen = (urlparse(x) for x in series) return all(x.netloc and x.scheme for x in url_gen)  # noqa: TC300 except AttributeError: return False"}
{"name": "ydata-profiling.src.ydata_profiling.model.typeset.typeset_types.Path.get_relations", "code": "def get_relations() -> Sequence[TypeRelation]: return [IdentityRelation(Text)]"}
{"name": "ydata-profiling.src.ydata_profiling.model.typeset.typeset_types.Path.contains_op", "code": "def contains_op(series: pd.Series, state: dict) -> bool: # TODO: use coercion utils try: return all(os.path.isabs(p) for p in series) except TypeError: return False"}
{"name": "ydata-profiling.src.ydata_profiling.model.typeset.typeset_types.File.get_relations", "code": "def get_relations() -> Sequence[TypeRelation]: return [IdentityRelation(Path)]"}
{"name": "ydata-profiling.src.ydata_profiling.model.typeset.typeset_types.File.contains_op", "code": "def contains_op(series: pd.Series, state: dict) -> bool: return all(os.path.exists(p) for p in series)"}
{"name": "ydata-profiling.src.ydata_profiling.model.typeset.typeset_types.Image.get_relations", "code": "def get_relations() -> Sequence[TypeRelation]: return [IdentityRelation(File)]"}
{"name": "ydata-profiling.src.ydata_profiling.model.typeset.typeset_types.Image.contains_op", "code": "def contains_op(series: pd.Series, state: dict) -> bool: return all(imghdr.what(p) for p in series)"}
{"name": "ydata-profiling.src.ydata_profiling.model.typeset.typeset_types.TimeSeries.get_relations", "code": "def get_relations() -> Sequence[TypeRelation]: return [IdentityRelation(Numeric)]"}
{"name": "ydata-profiling.src.ydata_profiling.model.typeset.typeset_types.TimeSeries.contains_op", "code": "def contains_op(series: pd.Series, state: dict) -> bool: def is_timedependent(series: pd.Series) -> bool: autocorrelation_threshold = config.vars.timeseries.autocorrelation lags = config.vars.timeseries.lags with warnings.catch_warnings(): warnings.simplefilter(\"ignore\", RuntimeWarning) for lag in lags: autcorr = series.autocorr(lag=lag) if autcorr >= autocorrelation_threshold: return True  return False  is_numeric = pdt.is_numeric_dtype(series) and not pdt.is_bool_dtype(series) return is_numeric and is_timedependent(series)"}
{"name": "ydata-profiling.src.ydata_profiling.model.typeset.ProfilingTypeSet.__init__", "code": "def __init__(self, config: Settings, type_schema: dict = None): self.config = config  types = typeset_types(config)  with warnings.catch_warnings(): warnings.filterwarnings(\"ignore\", category=UserWarning) super().__init__(types)  self.type_schema = self._init_type_schema(type_schema or {})"}
{"name": "ydata-profiling.src.ydata_profiling.model.typeset.ProfilingTypeSet._init_type_schema", "code": "def _init_type_schema(self, type_schema: dict) -> dict: return {k: self._get_type(v) for k, v in type_schema.items()}"}
{"name": "ydata-profiling.src.ydata_profiling.model.typeset.ProfilingTypeSet._get_type", "code": "def _get_type(self, type_name: str) -> visions.VisionsBaseType: for t in self.types: if t.__name__.lower() == type_name.lower(): return t raise ValueError(f\"Type [{type_name}] not found.\")"}
{"name": "ydata-profiling.src.ydata_profiling.expectations_report.ExpectationHandler.__init__", "code": "def __init__(self, typeset: VisionsTypeset, *args, **kwargs): mapping = { \"Unsupported\": [expectation_algorithms.generic_expectations], \"Text\": [expectation_algorithms.categorical_expectations], \"Categorical\": [expectation_algorithms.categorical_expectations], \"Boolean\": [expectation_algorithms.categorical_expectations], \"Numeric\": [expectation_algorithms.numeric_expectations], \"URL\": [expectation_algorithms.url_expectations], \"File\": [expectation_algorithms.file_expectations], \"Path\": [expectation_algorithms.path_expectations], \"DateTime\": [expectation_algorithms.datetime_expectations], \"Image\": [expectation_algorithms.image_expectations], } super().__init__(mapping, typeset, *args, **kwargs)"}
{"name": "ydata-profiling.src.ydata_profiling.expectations_report.ExpectationsReport.typeset", "code": "def typeset(self) -> Optional[VisionsTypeset]: return None"}
{"name": "ydata-profiling.src.ydata_profiling.expectations_report.ExpectationsReport.to_expectation_suite", "code": "def to_expectation_suite( self, suite_name: Optional[str] = None, data_context: Optional[Any] = None, save_suite: bool = True, run_validation: bool = True, build_data_docs: bool = True, handler: Optional[Handler] = None, ) -> Any: \"\"\" All parameters default to True to make it easier to access the full functionality of Great Expectations out of the box. Args: suite_name: The name of your expectation suite data_context: A user-specified data context save_suite: Boolean to determine whether to save the suite to .json as part of the method run_validation: Boolean to determine whether to run validation as part of the method build_data_docs: Boolean to determine whether to build data docs, save the .html file, and open data docs in your browser handler: The handler to use for building expectation  Returns: An ExpectationSuite \"\"\" try: import great_expectations as ge except ImportError as ex: raise ImportError( \"Please install great expectations before using the expectation functionality\" ) from ex  # Use report title if suite is empty if suite_name is None: suite_name = slugify(self.config.title)  # Use the default handler if none if handler is None: handler = ExpectationHandler(self.typeset)  # Obtain the ge context and create the expectation suite if not data_context: data_context = ge.data_context.DataContext()  suite = data_context.create_expectation_suite( suite_name, overwrite_existing=True )  # Instantiate an in-memory pandas dataset batch = ge.dataset.PandasDataset(self.df, expectation_suite=suite)  # Obtain the profiling summary summary: BaseDescription = self.get_description()  # type: ignore  # Dispatch to expectations per semantic variable type for name, variable_summary in summary.variables.items(): handler.handle(variable_summary[\"type\"], name, variable_summary, batch)  # We don't actually update the suite object on the batch in place, so need # to get the populated suite from the batch suite = batch.get_expectation_suite()  validation_result_identifier = None if run_validation: batch = ge.dataset.PandasDataset(self.df, expectation_suite=suite)  results = data_context.run_validation_operator( \"action_list_operator\", assets_to_validate=[batch] ) validation_result_identifier = results.list_validation_result_identifiers()[ 0 ]  # Write expectations and open data docs if save_suite or build_data_docs: data_context.save_expectation_suite(suite)  if build_data_docs: data_context.build_data_docs() data_context.open_data_docs(validation_result_identifier)  return batch.get_expectation_suite()"}
{"name": "ydata-profiling.src.ydata_profiling.serialize_report.SerializeReport.df_hash", "code": "def df_hash(self) -> Optional[str]: return None"}
{"name": "ydata-profiling.src.ydata_profiling.serialize_report.SerializeReport.dumps", "code": "def dumps(self) -> bytes: \"\"\" Serialize ProfileReport and return bytes for reproducing ProfileReport or Caching.  Returns: Bytes which contains hash of DataFrame, config, _description_set and _report \"\"\" import pickle  # Note: _description_set and _report may are None if they haven't been computed return pickle.dumps( [ self.df_hash, self.config, self._description_set, self._report, ] )"}
{"name": "ydata-profiling.src.ydata_profiling.serialize_report.SerializeReport.loads", "code": "def loads(self, data: bytes) -> Union[\"ProfileReport\", \"SerializeReport\"]: \"\"\" Deserialize the serialized report  Args: data: The bytes of a serialize ProfileReport object.  Raises: ValueError: if ignore_config is set to False and the configs do not match.  Returns: self \"\"\" import pickle  try: ( df_hash, loaded_config, loaded_description_set, loaded_report, ) = pickle.loads(data) except Exception as e: raise ValueError(\"Failed to load data\") from e  if not all( ( df_hash is None or isinstance(df_hash, str), isinstance(loaded_config, Settings), loaded_description_set is None or isinstance(loaded_description_set, BaseDescription), loaded_report is None or isinstance(loaded_report, Root), ) ): raise ValueError( \"Failed to load data: file may be damaged or from an incompatible version\" ) if (df_hash == self.df_hash) or (self.df is None): # load to an empty ProfileReport # Set description_set, report, sample if they are None\uff0cor raise an warning. if self._description_set is None: self._description_set = loaded_description_set else: warnings.warn( \"The description set of current ProfileReport is not None. It won't be loaded.\" ) if self._report is None: self._report = loaded_report else: warnings.warn( \"The report of current ProfileReport is not None. It won't be loaded.\" )  # overwrite config self.config = loaded_config  # warn if version not equal if ( loaded_description_set is not None and loaded_description_set.package[\"ydata_profiling_version\"] != __version__ ): warnings.warn( f\"The package version specified in the loaded data is not equal to the version installed. \" f\"Currently running on ydata-profiling {__version__} , while loaded data is generated by ydata_profiling, {loaded_description_set.package['ydata_profiling_version']}.\" )  # set df_hash self._df_hash = df_hash  else: raise ValueError(\"DataFrame does not match with the current ProfileReport.\") return self"}
{"name": "ydata-profiling.src.ydata_profiling.serialize_report.SerializeReport.dump", "code": "def dump(self, output_file: Union[Path, str]) -> None: \"\"\" Dump ProfileReport to file \"\"\" if not isinstance(output_file, Path): output_file = Path(str(output_file))  output_file = output_file.with_suffix(\".pp\") output_file.write_bytes(self.dumps())"}
{"name": "ydata-profiling.src.ydata_profiling.serialize_report.SerializeReport.load", "code": "def load( self, load_file: Union[Path, str] ) -> Union[\"ProfileReport\", \"SerializeReport\"]: \"\"\" Load ProfileReport from file  Raises: ValueError: if the DataFrame or Config do not match with the current ProfileReport \"\"\" if not isinstance(load_file, Path): load_file = Path(str(load_file))  self.loads(load_file.read_bytes()) return self"}
